كود,إسم الصنف
90874,***GREEN TEA
87648,**IMP panadol night 20 TAB
84773,.CALCIMA 30 PICS
oly,`OLYSRE 20 TAB
71475,+*** IMP BIOTIN 10000 MCG 100 TAB
ANAF,+***IMP ANAFRANIL 25MG 30 TAB
53804,+***IMP FEROGLOBIN B12 30 CAP
18646,+***imp NEO MERCAZOLE 5 MG 100 TAB
55748,+***IMP OSTEOCARE SYRUP 200ML
54473,+***IMP OSTEOCARE ORIGINAL 30 TAB
17155,+***imp PANADOL BLUE TAB
30547,+***imp PANADOL COLD AND FLU TAB
65174,+***imp PANADOL EXTRA 24 TAB IMP
59828,+***imp PANADOL JOINT 18 TAB
25723,+***imp PANADOL SINUS 24 TAB
29384,+***IMP PERFECTIL TRIPLE ACTIVE 30TAB IMP
27942,+***IMP PREGNACARE original folic acid 30 cap
56431,+***imp TRIPLE OMEGA 3-6-9 120 CAP(PURITANS
68671,+***imp VEGA HONEY 10 PATCH
68674,+***IMP VITAMIN D3 5000 IU 100 TAB
55765,+***IMPGlUCOSAMINE CHONDROTN MSM 120CAP
77608,+***spanish fly imp
73073,456+4456.4
26866,45645841635
28792,520414785
87805,535454
46352,54234553
81312,564356345254
81217,64564164
46285,65465163
35435435,7585485463546350
79111,876763
29189,ABILIFY 10 MG 10 TAB
29188,ABILIFY 15 MG 10 TAB
74571,ABILIFY 5 MG 10 TAB
21728,ABIMOL 500 MG 20 TAB
45413,ABIMOL EXTRA 20 TAB.
45178,ABIMOL SUPP
745822,acanthaprop eye 10ml
91689,ACDISTERON 25 MG 20 TAB
86478,ACELIOFINAZ 100 MG 20 F.C. TAB
90841,ACETOLYTIC 600 MG 10 CAPS
91756,ACETYL-C CORCEPT 20CAPS
74075,ACETYLCISTEINE 200 MG 10 SACHETS
73854,ACETYLCISTEINE 600 MG 10 SACHETS
91666,ACETYLCYSTEINE VITA C 10 SACHETS
85839,ACHTENON 30 TABS
21489,ACICONE S SUSP 120ML
81700,ACIVIRAX 400 MG 30 TAB
55704,ACIVIRAX 800 MG 20 TAB
74783,ACNE-STOP CREAM 30 GM
56828,ACNESCAVE GEL 30 GM
79378,ACNIACT GEL 15 GM
78592,ACNITAZ GEL 15 GM
26476,ACRETIN 0.025% CREAM 30 GM
26475,ACRETIN 0.05% CREAM
81251,ACTI-COLLA ADVANCE 10 SACHET
86436,ACTI-COLLA ADVANCE 30 SACHETS
78714,ACTI-COLLA C 10 SACHETS
81013,ACTI-COLLA C 30SACHETS
84051,ACTI-FOLIC 30 TABS.
91980,ACTI-MASS MASSAGE CREAM 50GM
91082,ACTI 20 MG FLIM TAB 20
59238,ACTIFAST 50 MG 30TAB
88910,ACTIFAST 50 MG 30 SACHETS
79728,ACTIFAST 6 SACHETS
3718,ACTIMAR 30 CAPS
91243,ACTITRUE CALAMINE LOTION 100ml
91242,ACTITRUE INTIMATE FEMININE WASH 200ml
91210,ACTITRUE MOUTH WASH
58283,ACTIVE HAIR OIL 120 ML
58284,ACTIVE SHAMPOO 250 ML
77065,ACTOS 30 MG 30TAB
28089,ACTRAPID HM 100 I.U./ML 5*3ML PENFILLS
25153,ACTRAPID HM 100 I.U./ML 10 ML VIAL
74896,ACYCLOVIR 10 GM CREAM
74041,ACYCLOVIR 400 MG 35 TAB
21481,ACYCLOVIR 800 MG 35 TAB
29154,ADAPALENE GEL 30 GM
48222,ADENOSINE FORT 3 AMP
89285,ADMLASE SYRUP 120 ML
74621,ADOL 500 MG 24 TAB
74549,ADOL EXTRA 24 TAB
48087,ADOL SINUS 24 TAB
59464,ADOLOR 10 MG 20 TAB
77042,ADOLOR 15 MG AMP
81141,ADOLOR 30 MG 3 AMP
88144,ADPORT 1 MG IMP++++++
80215,ADRENOCORTINE 1MG/ML I.M. AMP.
59694,ADVANCE SOAP BAR 100 G
77290,ADVANCE SOAP 100gm
60097,ADVANCRIB 400 MG 5 TAB
65510,ADVOCHOL 10 MG 28 TAB
87239,ADWIFLAM 50 MG SACHETS
46283,ADWIFLAM 50.ER. 20CAP
adw,ADWIFLAM 6 AMP
79751,ADWIFLAM GEL 50 GM
87065,ADWIFLOXACEN 400 MG 7 TABS
90822,ADWISTADINE 5MG 30TAB
78750,ADWITINE 30 MG 30 CAP
78751,ADWITINE 60MG 30 CAPS
73298,AERIUS 5 MG 20 TAB
87033,AFROMED 30 CAPS
67288,AFTER MEALS 20 CAPS.
92368,AGAR ORAL DROP
59477,AGERA AHA CREAM 50 ML
63136,AGGREX 75 MG 60 TAB
12522,AGIOLAX 12 SACHETS
74541,AGNUCASTON 30 TAB
78296,AIG ESOMEPRAZOLE 40MG 21-CAP
88372,aig esomeprprazole 40ml 28capsules
65727,AIG MINOXIDIL 5 % LOTION 100 ML
5953,AIRONYL 2.5 MG 20 TAB
6544,AIRONYL SYRUP 120 ML
60514,AKANZA SPRAY 15 ML
67678,AKREN CLEANSER FACIAL WASH 250 ML
91643,ALAFLIC 20 CAPS
90086,ALBENDAZOLE 30 ML
79177,ALBENDAZOLE 30ML SYRUP
67444,ALBENDAZOLE 400 MG 6 TAB
83734,ALBIDERM CREAM 50GM
74105,ALBOTHYL 8 SUPP
91457,ALBUNORM 20% I.V.INFUSION
86283,ALBUSTIX 16 MG 30 TABS.
75262,ALBUSTIX 16\12.5 MG 30 TAB
90988,ALBUSTIX 32 MG 30 TABS.
62068,ALBUSTIX 8 MG 30 TAB
79993,ALBUSTIX D 32/12.5MG 30TAB
84212,ALC WHITE FEILD T
18109,ALDOMET 250 MG30 TAB
91674,ALDOSPIRA 50 MG 20 TABS
90888,ALEAVIA 15ML
88292,ALEJON FACIAL MOIST GEL 75 MG
88205,ALEJON OFFER (SUN GEL + SUN GEL)1+1
75076,ALERGOLIBER 10 MG 20 TAB
81240,ALERGOLIBER 120 ML SYRUP
85157,ALERID 10 MG 30 TABS
79175,ALERID 120ML SYRUP
47269,ALERTAM 120 MG 10 TAB
28481,ALERTAM 180 MG 10 TAB
88397,ALEXOLYTE 360ML BANANA FLAVOR
83144,ALEXOLYTE 360ML ORANGE FLAVOR SYRUP
83145,ALEXOLYTE 360ML PINEAPPLE FLAVOR
86358,ALEXOLYTE 360ML STRAWBERRY FLAVOR
77044,ALFACALCIDOL 2MCG/ML 10 ML DROPS
74143,ALFACARENO 2MCG/ML ORAL DROPS. 10 ML
29155,ALFACEF 750 MG 5TAB
89531,ALFAMASH 30 E.C. TABS
82005,ALFASPECT 750 MG 7 TABS
89714,ALFATHROMB 5 MCG 20 TABS.
81419,ALGANOUO MASSAGE SPRAY 125ML
18992,ALGASON CREAM 40 GM
73563,ALGESAL CREAM 40 GM
91644,ALGIAFREE MASSAGE CREAM 100GM
73284,ALKA MISR POWDER 10 SACHETS
75736,ALKAPRESS PLUS 10/160 mg 20 tab
58980,ALKAPRESS PLUS 5/160 mg 14 tab
46307,ALKAPRESS 10 MG 30 TAB
73855,ALKAPRESS 5 MG 20 TAB
85177,ALKAPRESS TRIO 10/320/25MG 14 F.C. TABS.
85176,ALKAPRESS TRIO 5/160/12.5MG 14 F.C. TABS.
85175,ALKAPRESS TRIO 5/160/25MG 14 F.C. TABS.
74650,ALKAPRIDE 50 MG 30 TAB
73232,ALL- VENT SYRUP 125 ML
74978,ALLEAR 5 MG 20 TAB
47841,ALLEAR SYRUP 120ML
10473,ALLERBAN S.R 2 MG 20 TAB
10478,ALLERBAN SYRUP 120ML
66026,ALLERDEP NASAL SPRAY 60ML
62367,ALLERFEN 180 MG 20 TAB
73772,ALLERFEN 60MG TAB
82095,ALLERGETONE 10 MG 20 TABS.
1027,ALLERGEX CAFFEINE 20 TAB
2428,ALLERGEX CREAM 20 GM
81200,ALLERGICASONE NASAL SPRAY
64313,ALLERGYL 4 MG 20 TAB
22684,ALLERGYL SYRUP 120 ML
79379,ALLERZONE 0.1% CREAM 25 GM
58706,ALLEVO TAB 5 MG 20 TAB
86078,ALLINPHI ADULT 30 TABS
85583,ALLISON 50 GM CREAM
83860,ALOEKITA ANTI DANDRUFF SHAMPOO
67530,ALOEKITA CAFFEINE RICH ds da SHAMPOO 250 ML
55266,ALOEKITA CAFFEINE SHAMPOO 200 ML
84512,ALOEKITA HAIR GROWTH SPRAY 200 ML
92260,ALOEKITA LEAVE IN CREAM 120GM
4422,ALPHA CHYMOTRYPSIN AMP
87091,ALPHABRINZIMA EYE DROPS
89532,ALPHAFEN 600MG 30 TAB
90013,alphalipo 600 20tab
64098,ALPHANOVA OPHTALMIC SOLUTION 5 ML
61831,ALPHANOVA PLUS OPHTALMIC SOLUTION 5 ML
87956,ALPHAVIM 300 - 20 CAPS
86156,ALPHAVIM 600 MG 20 TAB
alp,ALPHINTERN 30 F.C. TABS.
78407,ALTIAZEM 60MG 40-TAB
22510,ALVEOLIN P SYRUP
22509,ALVEOLIN SYRUP
84635,ALVERINSPASM 24 CAPS
76789,ALZENTAL 200 MG 6 TAB
18450,ALZENTAL SUSP
65958,ALZEPIZIL 10 MG 14 TAB
65956,ALZEPIZIL 5 MG 14 TAB
58927,ALZMENDA 10 MG 21 TAB
60587,ALZMENDA 10 MG ORAL DROPS
65695,ALZMENDA 20 MG 21 TAB
58926,ALZMENDA 5 MG 14TAB
63923,AMAGLUST 30/2 MG 30 TAB
74141,AMAGLUST 30/4 MG 30TAB
58142,AMARYL 1 MG 30 TAB
58141,AMARYL 2 MG 30 TAB
60308,AMARYL 3 MG 30 TAB
60162,AMARYL 4 MG 30 TAB
60370,AMARYL M 2M/500MG 30TAB
91349,amavarol 300.000 iu ampoule
77049,AMBEZIM-G 30 TAB
89632,AMBROPRO 20MG 20LOZENGES
79274,AMBROXOL ORAL DROPS
73363,AMEBAZOLE 1 GM 2 TAB
67286,AMIGRAINE ADCO 30TAB
55050,AMIGRAWEST 2.5 MG 4 TAB
47637,AMIKACIN 500MG VIAL
46395,AMIKACIN SPRAY 100ML
47251,AMILO 5MG 30TAB
17822,AMINOLEBAN INFUSION 500 ML
85683,AMINORENOCARE 100TABS
83750,AMIPRIDE 200MG 30TAB
83503,AMIPRIDE 400MG 20 TABS
86381,AMIPRIDE 50 MG 30 TABS
82545,AMIPROSTONE 24MCG 30CAP
72529,AMIPROSTONE 8MG 20CAP
60323,AMITRIPTINE 50 MG 30 TAB
58187,AMLODIPINE 10 MG 20 TAB
61862,AMLODIPINE 5MG 30 TAB
81573,AMLOSAZIDE 5/12.5/40MG 30 TAB
89384,AMLOSAZIDE 5/25/40MG 30 TABS
81059,AMLOSAZIDE5/12.5/20 MG 30TAB
81060,AMLOSAZIEDE 10/25/40 MG 30 TAB
73833,AMLOVERAN 10/10 MG 30 TAB
73834,AMLOVERAN 5/5 MG 30 TAB
60697,AMOCEREBRAL PLUS 30 TAB
57847,AMOSAR 50 MG 30 TAB
58001,AMOSAR 100 MG 30 TAB
57625,AMOSAR FORET 100/25 MG 30 TAB
83369,AMPIAVA 750MG 30TABLETS
86818,AMPOFER 20MG/ML 5 AMPS. I.V. INJ./INF
21763,AMRI K 5 AMP
5714,AMRIZOLE 120ML SUSP
4980,AMRIZOLE 250MG TAB
4985,AMRIZOLE 500 MG 20 TAB
73268,AMRIZOLE INJECTION 500 MG VIAL
16763,AMRIZOLE N SUPP
83816,ANA SYLLIUM 30 SACHETS
85465,anadar 20 cap
82827,ANAFORTEN HAIR SHAMPOO 200ML
47543,ANAFRONIL 25MG 30TAB
ANA,ANAFRONIL SR 75 MG 20 TAB
19132,ANALLERGE 100ML SYRUP
672810,ANALLERGE 60TAB
88580,ANALPAN MOUTH WASH
81294,ANASTRAZOL SANDOZ 1MG 30TAB
85262,ANASTROZOL SYNTHON 1 MG 28 TABS
82795,ANDAGRA 100MG 12TABS
81574,ANDOCANDOXIN 200 VAGINAL CAP
84405,ANDOCANDOXIN 600 VAGINAL CAP
81590,ANDOCEPTIVE 30/75 MG 21 TAB
67354,ANDODERMA GEL 50 ML
86923,ANDODERMA SKIN WHITENING CREAM 50 GM
91691,ANDOFLOZIN XR 25MG*100 MG
85211,andomatoid 2mg 28tab
80507,ANDOPENTENE 300MG 20TABS
90235,ANDOPENTENE 300MG 30TAB
80508,ANDOPENTENE 600MG 20TABS
91276,ANDOPENTENE 600MG 30 TABS
65902,ANDOPOXETINE 60 MG 3 TAB
87790,ANDOPOXETINE 60 MG 6 FILM COATED TABLETS
65955,ANDORIVABAN 10 MG 20 TAB
81405,ANDORIVABAN 20 MG 20 TAB
79988,ANDOURISTAT 80MG 20 TAB
81589,ANDOVIMPAMIDE 100 MG 30 TABS
83082,ANDOVIMPAMIDE 50MG 30TABS
88158,ANDOVIT IRON PLUS 100 ML SYRUP
87786,ANDOVIT NEURO 20 F.C. TABS
90950,ANDRACTIM GEL
84775,ANGIFLASH SPRAY 20 ML
84321,angiofox 20m
79863,ANGIOFOX 25MG 30 CAPS
78252,ANGIOFOX 50 MG 20 TAB
63134,ANGIOSARTAN 40MG 28 TAB
64211,ANGIOSARTAN PLUS 20/12.5 MG 28 TAB
63140,ANGIOSARTAN PLUS 20/25 MG 28TAB
63135,ANGIOSARTAN PLUS 40/12.5MG 28 TAB
63141,ANGIOSARTAN PLUS 40/25 MG 28TAB
87088,ANORO ELLIPTA 62.5/25
54198,ANOXICAM 20 MG 20 TAB
86375,ANSELACOX 120MG 10TABS
79811,ANSELACOX 60MG 30TAB
79810,ANSELACOX 90MG 30TAB
83819,ANTI-COX II 15MG 10 SUPP.
79994,ANTI-COX II 15MG 30 TAB.
73905,ANTI-COX II 15MG 6 AMP
66284,ANTI COX II 7.5 MG 20 CAP
76426,ANTIDIAZOX SYRUP 60 ML
74327,ANTIFLAM 50MG 20TAB
74255,ANTIFLU 20 CAP
73269,ANTINAL 24 CAP
73215,ANTINAL SUSP 60 ML
21710,ANTIVER 6TAB
74696,ANTODINE 20 MG 3 AMP
73423,ANTODINE 20 MG 30 TAB
73141,ANTODINE 40MG 30TAB
89426,ANTODINE 6 AMPOULES * 2 ML
74246,ANTOPRAL 20 MG 14 TAB
73857,ANTOPRAL 40 MG 14 TAB
18573,ANTOX 30 TAB
73527,ANUVA 10TAB
83081,APERITIF SYRUP 120ML
27372,APETOID 20 MG 30 TAB
73460,APEXIDONE 0.5 MG 30 TAB
73762,APEXIDONE 1 MG 20 TAB
73557,APEXIDONE 2 MG 20 TAB
73683,APEXIDONE 3 MG 30 TAB
74822,APEXIDONE 4MG 30TAB
74330,APEXIDONE SYRUP 100 ML
73266,APIDONE SYRUP 125 ML
73246,APIDRA 5 CARTRIDGES
73159,APIDRA SOLOSTAR 5 PENS
8710,APIFORTYL 30 CAP
67321,APILIPEX 10MG 30TAB
67320,APILIPEX 30MG 30TAB
68712,APILIPEX 5 MG 30TAB
84268,APITIZER SYRUP
80327,APIXATRACK 2.5 MG 30 TAB
81310,APIXATRACK 5 MG 30 TAB
49838,APPE-RAISE SYRUP 120 ML
11824,APPLE LITE 30 TAB
47425,APROVEL 150 MG 14 TAB
47424,APROVEL 300 MG 14 TAB
32040,APTAMIL COMFORT MILK 400 GM
80499,APTAMIL 1 MILK 400 GM
90840,APTAMIL 2 ADVANCE PREMIUM+ MILK 400 GM
45043,APTAMIL 2 MILK 400 GM
84360,APTAMIL NUTRIPREM PDF 400GM MILK
80977,APTAMIL PROSYNEO MILK 400 GM
89149,AQUA COLLO SYRUP 120 ML
73820,AQUA PLUS 100 ML SYRUP
89428,AQUACARE GEL 15 GM
82701,ARBATEG 2% 100MG SYRP
84944,ARCOXIA 120 MG 7 TABS
73802,ARCOXIA 60 MG 14 TAB
73617,ARCOXIA 90 MG 14 TAB
89470,ARDOXIMAG 40 MG 14 TABS
87240,ARGENTO NIGHT CREAM 60GM
87657,ARGENTO PROFIT SUNSCREEN GEL 60ML
88163,arginine+citrulline 1000 60 tab
56829,ARICEPT 10 MG 14 TAB
27601,ARICEPT 5MG 14TAB
36476,ARICEPT 5MG 7TAB
47929,ARIMIDEX 1 MG 28 TAB
55949,ARIPIPRAZOLE 10 MG 20 TAB
55948,ARIPIPRAZOLE 15 MG 20 TAB
86755,ARIPIPRAZOLE 1MG/ML ORAL SUSP 120 ML
74895,ARIPIPRAZOLE 20 MG 20 TAB
74405,ARIPIPRAZOLE 30 MG 20 TAB
82054,ARIPIPRAZOLE 5 MG 30 TAB
83172,ARIPIPREX 10MG 30TAB
87177,aripiprex 20mg tab
82232,ARIPIPREX 30 MG 30 TAB
48116,ARIXTRA 2.5MG/0.5ML 10 S.C. PREFILLED SYRINGES
81586,ARMODACURE 150 MG 30 TAB
79865,ARMOWAKE 50MG 20TAB
89018,AROMALOCK 2.5 MG 30 F.C TABLETS
91931,Aromega Massage Gel
21472,ARTELAC EYE DROPS
58295,ARTH FREE 20 MG 30 TAB
55722,ARTHINEUR 10 CAP
90772,arthojo30tab
73510,ARTHROFAST 150 MG 14 TAB
90398,arthrohold 400 mg 30tab
79319,ARTICAVOL 3 AMP
74102,ARTICU-SAFE 30 CAP
89628,ARTISOY 30CAPS
81672,ARTIXIBAN 2.5 MG 30 TAB
81579M,ARTIXIBAN 5 MG 30 TAB
82039,ARTROHELP 60 CAP
56184,ARYTHREX 200 MG 20 CAP
78565,ASCIZADEX-N GEL 40GM
91022,ascocitrin-c 20 cap
84229,ASCORPIC ACID ORAL DROP
87335,ASENADIA 10 MG 10 TAB
91183,ASHWAGANDHA 500 MG 30 CAPSULES
81464,ASMAKAST 10 MG 30 TAB
65951,ASMAKAST 5 MG 30 TAB
83460,ASMATROPIM 500MCG/2ML 20 NEBULIZER VIAL SOLN
89235,ASMAZON SPRAY 60ML
88301,ASPIRIN-CHEMIPHARM 75 MG 30 CHEW.TABS.
82821,ASPIRIN PROTECT 100 MG 30 TAB
85755,ASPOCID 75MG 30 TAB
74649,ASPOCID INF 30TAB
77877,ASPRICARLO 81 MG 30 TAB
51770,ASPROTECT 100MG 30TAB
81897,ASTIN 10 MG 20 TAB
47762,ASTIN 20 MG 20 TAB
74078,ATACAND 16MG 14TAB
73844,ATACAND 4 MG 14 TAB
73801,ATACAND 8 MG 14 TAB
73729,ATACAND PLUS 16/12.5MG 14TAB
75063,ATACAND PLUS 32/25 MG 14 TAB
90184,ATCOCOXIB 60 MG 30 TABS
90183,ATCOCOXIB 90MG 30TAB
85453,ATCOGLIFLOZIN 10 30 TAB
84041,ATCOGLIFLOZIN 25 MG 30 F.C. TABS.
81057,ATCORELIVO 10 SACHETS
90359,ATCOVILDUMET 50MG_1000MG
1262,ATENO 100 MG 20 TAB
1311,ATENO 50 MG 20 TAB
74683,ATENORETIC 30CAP
91764,ATLA DK D3+K2 ORAL DROPS 15 ML
80344,ATLATEX CREAM 50GM
91884,Atobegron 50 mg xr 30 tab
79174,ATOMORELAX 100ML SYRUP
56105,ATOMOX APEX 10 MG 30 CAP
59167,ATOMOX APEX 18 MG 30 TAB
56044,ATOMOX APEX 25 MG 30 CAP
56042,ATOMOX APEX 40 MG 30 CAP
56041,ATOMOX APEX 60 MG 30 CAP
86619,ATOMOXAPEX ORL SOLUTION 40 MG 100 ML
73282,ATOR 10 MG 7 TAB
73638,ATOR 20 MG 10 TAB
73643,ATOR 40 MG 10 TAB
91428,ATOR 80 MG 10 F.C.TABS
77040,ATOREZA 10/10 28 TABS
77041,ATOREZA 10/40 28 TAB
61830,ATOREZA 10MG/20MG 21 TAB
89206,ATOREZA 80/10MG 28 F.C. TAB
58377,ATORSTAT 10 MG 14 TAB
58442,ATORSTAT 20 MG 14 TAB
59076,ATORSTAT 40 MG 14 TAB
47434,ATORSTAT 80 MG 10 TAB
78681,ATRAKTA RE/FORCE HAIR 12-AMP
58966,ATROPINE SULPHATE 6 AMP
AT25,ATROVENT 250 MCG VIAL
AT50,ATROVENT 500 MCG VIAL
79858,ATROZEMB 10/10 MG 30 TABS
15645446,ATROZEMB 20/10 30 TABS
85569,ATROZEMB 40/10MG 30 F.C. TAB.
73536,ATSHI 10 F.C. TABS
86783,AUG-DERMA PANTHENOL CREAM 30 GM
AUG,AUGMENTIN 1 GM 14 TAB
20506,AUGMENTIN 156MG SYRP
51802,AUGMENTIN 20ML DROPS 62.5MG
20555,AUGMENTIN 312MG SYRP
74823,AUGMENTIN 457MG SYP
75043,AUGMENTIN 625MG 10 TABS
68944,AUGMENTIN DUO 200/28 MG/5 ML SUSP 70 ML
75223,AUGMENTIN DUO 228 /5 MG SUSP 70 ML
73895,AUGMENTIN ES 600 MG 75ML SYP
82690,AUGRAM 1 GM 14 TAB
79472,AUGRAM 1 GM 7 TABS
79530,AUGRAM 228.5 60ML SYRUP
79503,AUGRAM 457MG 60ML SYP
79500,AUGRAM 642.9 MG 60ML
73920,AVAMYS 120 SPRAYS
19170,AVARA 10 MG 30 TAB
21296,AVARA 20 MG 30 TAB
82198,AVAZIR 0.03% OPHTHALMIC OINT
60687,AVAZIR DROPS 10 ML
79498,AVEROBIOS 642.9MG 60ML SYRUP
79499,AVEROBIOS 642.9MG 75ML
84727,AVEROCOXIB 90MG -20TAB
83212,AVEROFAGE 15/500MG 30 F.C. TABS.
80495,AVEROFAGE 15/850 MG 30TABLETS
83889,AVEROFEROZ 30 TABS
73317,AVEROMILAN 50 MG 30 TAB
79861,AVEROTHIAZIDE 10/40/12.5 MG 30 F.C. TABS.
86545,AVEROTHIAZIDE 40/5/25 MG 30 TAB
79859,AVEROTHIAZIDE 5/12.5/40 MG 30 TABS
79860,AVEROTHIAZIDE 5/20/12.5 MG 30 F.C. TABS.
74657,AVEROZOLID 100 MG 150 ML SUSP
77526,AVEROZOLID 100MG/5ML SUSP. 60 ML
75384,AVEROZOLID 300 ML IV INFUSION
54940,AVEROZOLID 600 10 TAB
68096,AVEROZOLID I.V INFUSION 300 ML
74870,AVETRIX GEL 100 G
73396,AVIL 6 AMP
67315,AVIVAVASC 10/160MG 28TAB
79696,AVIVAVASC 5/160 MG 28TABLETS
AVO,AVOBEANO 10CAP
77106,AVODART .5MG 30-CAP
88085,AVOREXAL 30 CAPSULES
54754,AVOSOYA 30CAP GELATIN
88571,awadilevo 500 10 tab
91823,Awadist 1000 mg Tab
86087,AWADIST PLUS 20 TABS
91839,AXICA 20 Tab
90266,AXOMYELIN ULLTRA 30TAB 600MG
89070,AYAPENAM 500/500MG VIAL FOR I.V. INF
21829,AZADERM CREAM 30g
79187,AZALIDE 500MG 3 CAPS.
58044,AZARGA EYE DROPS 5 ML
86249,AZATHIOPRINE-EVAPHARMA 100 MG 30 F.C TABS.
86370,AZATHIOPRINE-EVAPHARMA 50 MG 30 F.C TABS
79505,AZELAST PLUS SPRAY
81341,AZGOFLOX 400 MG 10 FC TAB
59056,AZGOVANCE 20 MG 7 CAP
59055,AZGOVANCE 40 MG 7 CAP
88079,AZHA MED CONCEALER 2*1 12 ML CREAM
62015,AZI-ONCE 250 MG 6 CAP
89504,AZITANAD 500MG TAB
90833,AZITHROMASH 500 MG 3 F.C. TABS
84546,AZITHROMYCIN-AUG 500 MG 6 F.C.TABS
91759,AZOTEC MIX MASSAGE SPRAY 200 ML
81696,azrolid 200 syrup 30 ml
81697,AZROLID 200MG/5ML 15 ML SUSP
83805,AZROLID 200MG/5ML PD. FOR ORAL SUSP. 22.5ML
5101,AZROLID 500 MG 3 TAB
81233,AZROLID 500 MG 6 TAB
73321,B-COM I.M./I.V. 6 AMP.
79237,B-FRESH 0.05% MOUTHWASH 250 ML CLOVE
60591,B-FRESH MOUTHWASH MINT 250MLاخضر
90204,B-MELT 30 INSTANT DISSOLVE TABS
4300,B B C SPRAY
79693,B_FRESH BLUE MOUTHWASH 250ML
84842,b12 sano pharma 30 s tab
73085,BABETONE SUGAR FREE SYRUP 120 ML
73084,BABETONE SYRUP 120 ML
27326,BABY CALM 15 FILTERS
19369,BABY CREAM 30GM
80509,BABY CREAM 60GM
88348,BABY RELIEF 25 MG 10 SUPP.
22797,BABY RELIEF 25MG SUPP
88234,BABY RELIFE 12.5 2 STRIPS SUPP
85814,BABY WAY SOOTHING BABY CREAM 75GM
91074,BACLOFEN 10MG TAP
73823,BACLOFEN 10MG TAB
73824,BACLOFEN 25MG TAB
75396,BACTICLOR 125MG SUSP
74409,BACTICLOR 250 MG 60 ML SUSP
91765,BACTOBLIS 10 SACHETS
58661,BACTROFORM 15 G OINT
91651,BALOXDOT 20MG 2 TAB
19167,BALSAM SYRUP FOR ADULT
73543,BALSAM SYRUP FOR CHILDREN
74997,BAMBEDIL 30 TAB
73657,BAMBEDIL SYRUP 120 ML
90560,BARCIMIANT 4MG 28TAB
92142,BARICTOMAP 4MG 30 F.C TABS
342944,BARITAVA 2MG 28TAB
23287,BE ACTIVE CAP
BC20,BE CALME
82870,BEBEJUNIOR 3 MILK 250 GM
37464,BEBELAC 1 MILK 400 GM
31872,BEBELAC 2 MILK
59235,BEBELAC 2 MILK 900 GR
28406,BEBELAC AR MILK
83725,BEBELAC BEBEJUNIOR 3 MILK 400 GM
30088,BEBELAC EC MILK 400 GM
30089,BEBELAC LF MILK
16817,BEBELAC PREMATURE MILK 400 GM
92074,BECEZ 30 TABS
29317,BECLO NASAL SPRAY
61745,BECLOSONE FORTE 200 METERED
22892,BECLOSONE INHALER
74901,BECOZYME I.M./I.V. 12 AMP.
81846,bedremine 100 mg 30 tab
75735,BEDREMINE 50MG 30TAB
81231,BEDREVIDA 500 MG XL 14 F.C. TAB
49424,BEE CARE CREAM 30 GM
90869,BEESLINE ROLL ON INSTANT WHITE VITAMIN C
87396,BEESLINE TONER 200 ML + WHITINING FACIAL 150 ML
91287,BELLAVIE CHILDREN 15 CAPS.
91282,BELLAVIE IMMUNO 15 CAPS.
91701,BELLAVIE WOMAN 15 CAPS.
47271,BENDAX 100MG/5ML SUSP. 60ML
10445,BENDAX TAB
79515,BENGIRIDE 0.5 MG 30 CAPS.
82530,BENOGEN 10 SACHET
2305,BENOX 0.4% EYE DROPS 10 ML
85676,BENPHORA 30 TABS
18387,BENZANIL EMULGEL
48304,BEPANTHENE CREAM 30 GM
73537,BEPRA 20 MG 14 TAB
88551,BEPRA 20MG 21 TAB
91943,BEPRA 20MG 28 TAB
11722,BETACLOTRI CREAM 15 GM
3516,BETACOR 80mg 30TAB
73931,BETADERM 0.1% TOPICAL OINT. 15 GM
79374,BETADERM 30GM CREAM
73314,BETADERM CREAM 15 GM
92647,BETADINE 10% PRONTO 120 ML
92648,BETADINE 10% PRONTO 60 ML
77493,BETADINE ANTISEPTIC 120 ML SOLN. 10%
74821,BETADINE ANTISEPTIC 60 ML SOLN. 10%
92496,BETADINE ANTISEPTIC SOLUTION 120 ml inova
78115,betadine dry powder spray
73530,BETADINE MOUTH WASH 120 ML
17028,BETADINE SHAMPOO 120ml
81275,BETADINE SHAMPOO 60ML
73328,BETADINE VAG DOUCHE 120 ML
55138,BETAFOS 1 AMP. 2ML
46487,BETAFUCIN CREAM 15 gm
76971,BETALLERGE 30 TAB
26421,BETAMETHASONE CREAM 20GM
80486,BETAPRONATE PLUS CREAM 30GM
73897,BETASERC 16 MG 60 TAB
40433,BETASERC 24 MG 40 TAB
73452,BETASERC 8 MG 100 TAB
75501,BETATHALMIC EYE DROP 10 ML
29440,BETAVAL 15 GM OINT
46495,BETAVAL CREAM 20 GM
89498,BETAVAL CREAM 30 GM
72727,BETMIGA 50 MG 30 TAB
73139,BETOLVEX 2 AMP
78142,BETOLVEX 2 pre-filled AMP
91981,BEUTIGEN DRINKABLE COLLAGEN 10 AMPOULES
84667,bezdartix consultaion lotion
B,BI-ALCOFAN 150 MG 30 TABS
BI,BI-KETOGESIC 150 MG 30 TAB.
74176,BI-PROFENID 20 TAB
40018,BIAPHINE CREAM 40MG
20781,BIDALKINE POWDER
56609,BIENADOL 30 TAB
84220,BIG PENIS 12 TAB
90553,BILASTIGEC ORAL SOLUTON
83249,bilastigec 20 20 tab
7231,BILICHOL 24 CAP
79726,BILINO 10 SACHETS
84007,BILINO 15 ML DROPS
56551,BILIVER 450 MG 20 CAP
74857,BILTRICIDE TAB
80506,BIO-GAINERS VANILLA 510 GRAM POWDER
10512,BIO GAINERS CHOCOLATE 330 GM*10 SACHETS
18683,BIO GAINERS CHOCOLATE 510 GM
BLG,BIO LEGAM 100/60 MG 4 F.C TABLETS
88750,BIO LEGAM 100/60 MG 8 F.C TABLETS
84626,BIO SOFT CURLY CREAM
74772,BIO STRONG 21 CAP
81913,BIOFILM 100GM GEL
90518,BIOFILM GEL 60
60311,BIOFREEZE GEL 59 ML
83190,BIOGLITA PLUS 15/850MG 30 F.C. TABS.
6432,BIOMOX 500MG CAP
73972,BIONAL 30 CAP
88541,BIOPREX 10 MG 30 F.C.TABS
86368,BIOPREX 2.5 MG 30 F.C. TABS.
88685,BIOPREX 5 MG 30 F.C.TABS
76321,BIOPREX 7.5 MG 30 TAB
81228,BIORAZO 40 MG 14 CAPS
90633,BIOREFAMIN 550 20 TAB
88480,BIOSERTAZOL 2% TOP. CREAM 30 GM
21520,BIOTIN 10.000 mcg 100 softgels (puritans pride)
91810,BIOTIN 5000MG مستورد
47335,BIOTIN FORTE 60 CAP
88514,BIOTIN PLUS 4 30CAP
57093,BIOTINE 0.5MG+BEPANTHEN 500MG 6+6AMP / IMP
73531,BIOVIT 12 DEPOT 2 AMP
90358,BIOVITA 30 GUMMIES
80919,BIOVITA 60 GUMMIES
91625,biovita gummies 60+30 offer
88572,bioworld 500 10 tab
87054,BIOWORLD 500 5 TAB
63396,BIPERIDEN 2 MG 30 TABS
85055,BISMUTH OXIDE 120 MG 56 COATED TABLETS
28662,BISOCARD 10MG 30 TAB
84226,BISOCARD 2.5MG 30 TABS
27691,BISOCARD 5MG 30 TAB
48207,BISOCARD PLUS 5MG 30 TAB
82589,Bisolock 10mg 20 tab
84518,BISOLOCK 2.5 MG 30 F.C. TABS.
80542,BISOLOCK_D 20 TABLETS
84375,BISOLOCK5MG TABIETS
80992,BISOLVON 8 MG 20 TABS
74239,BISOLVON ELIXIR 115 ML SYRUP
90791,BISPYLLER 120 H.G. CAPS
54991,BISTOL 10 MG 20 TAB
58414,BISTOL 5 MG 20 TAB
55825,BISTOL PLUS 2.5/6.25 mg 20 TAB
90001,BISTOL PLUS 5/12.5 MG 20 FILM
73894,BIVATRACIN SPRAY
83939,BLADOGRA 25MG 30TABLETS
79517,BLADOGRA 50MG 30TABLETS
47891,BLANKA CREAM
80296,BLEMIL PLUS 1 MILK 400 GM
90140,BLENDIBONE 30TAB
89028,BLENDIBONE 30TABS
80860,BLEPHADEXOLINE EYE DROP 10ML
88285,BLESS SHAMPOO WITH COCONUT OIL 500 ML
87149,BLINCOREST 125 MG 30 CHEWABLE TABS
87151,BLINCOREST PLUS 125/500MG 30 CHEWABLE TABS
64438,BLINK TEARS EYE DROPS 10 ML
54519,BLOCK ALPHA 0.4 MR 30 CAP
88122,blockadipine 20mg 20tab
82975,BLOCKOPECIA 5% TOPICAL SOLN. 60 ML
58899,BLOKATENS 10/160 MG 28 TAB
58854,BLOKATENS 5/160 MG 28 TAB
87235,blokatens 5/80 mg CAP
92348,BLOKATENS HCT 5/160/12.5MG 28 TAB
91953,Blokatens HCT 10/160/25 Tab
20764,BLOKIUM DIU 15 TAB
87780,BLOOM VILLE 30 TAB
91449,BLOOM VILLE IRON 28 MG 30 CAP
90814,BLOXIMIN 30 CAP
88635,blue bird lenire ointment
87726,BLUE LINE FORCE SHOWER GEL
87722,BLUEKANZA PLUS 75 ML SPRAY
92377,BLUEKANZA 75 ML SPRAY
83417,BOBAI SUNSCREEN EXTRA LIGHTENING GEL SPF 50 - 50 G
84817,BOBAI SUNSCREEN GEL ANTI SHINE 50GM
87789,BODY SPLASH JASMINE BLOOM 217 ML
87895,BODYLICIOUS COCONUT BREEZE DEODORANT 50ML
87563,BODYLICIOUS GOOD ONLY BODY SPLASH 100 ML
87897,BODYLICIOUS WHITE MUSK DEODORANT 50ML
26590,BONAPEX 70MG TAB
85332,BONDIGA 120 ML SYRUP
88636,BONDIGA 30TABLETS
76974,BONE CARE 0.25 30 CAP
77465,BONE CARE 0.5 MCG 30 TABS
74245,BONE CARE 1 MCG 30 TAB
75070,BONE ONE 0.25MCG TAB
74190,BONE ONE 0.5MCG TAB
74189,BONE ONE 1MCG TAB
91217,BONEDIVITON 50.000 I.U. SYRUP 2.5 ML 4 DOSES
90835,BONEFIT 5000 I.U. 30 TABS
75719,BONKIDY NO RASH CREAM 20 SACHETS
84595,bonofit 10000 20 tab
84769,BONOFIT 5000 TABS
91867,BONOSOME R-DNA (20MCG/80MCL) 7 PRE-FILLED SYRINGES
60320,BONPROVE 150MG 3TAB
40020,BORGASONE CREAM 20 GM
46700,BORGASONE LOTION
40019,BORGASONE OINT
83838,BORGASONE PLUS OINT. 30 GM
88872,BORGASONE TRIO CREAM 15 GM
90180,BORGASTATIN 20MG 10 TAB.
67334,BORGAVIX 75MG 30TAB
27571,BORIC ACID LOTION 2%
18793,BORIC ACID LOTION 4%
91837,BOTKEEL 60 CAPS
81194,BOWELOCARE ORAL DROPS 15 ML
73992,BRADIPECT 5 MG 28 TAB
68746,BRADIPECT 7.5 MG 28 TAB
90751,BRADOZEN 0.5MG 20 LOZENGES
47804,BRAIN-OX 20 CAP
46494,BRAN CAP
86385,BRAND BRONCHILOSE SYRUP 120 ML
90749,BRAND CAP PLUS
81308,BRAND COUGH 120 ML SYRUP
66270,BRAVAMAX 200 MG 10 TAB
92495,Braytocal 30 tabs
90761,BRAYTOFLEX 30 TAB
90165,BREATHOVANCE NEBULIZER SOLN. 20 AMP. 2.5ML
75545,BRESTTO 20 PIECES
76525,BRETT VAG WASH 250ML
84367,BREVA D3 10000 IU 30TAB
82956,BREVY 2.5MG/5ML SYRUP 100 ML
83356,BREVY 5 MG 10 F.C. TABS
47452,BREXIN 10 SACHETS
73877,BREXIN 10 TAB
86993,BREXPIPRAZOLE CLAVITA PHARMA 2MG 30TAB
87715,BREZTRI AEROSPHERE 160/9/4.8 MCG 120 DOSES
90386,BRIGHT VISION
81066,BRILIQUE 60MG 56TABS
68723,BRILIQUE 90 MG 56 TAB
84289,BRIMILERGY EYE DROPS
86814,BRIMODROPS SOLUTION 5 ML
82763,BRIMONDALOUS TOPICAL GEL 30GM
56052,BRIMONIDINE EYE DROPS
61303,BRIMONOCOND 0.2 % EYE DROPS
29320,BRINGO LOTION 120 ML
89093,BRINOMEGA SYRUP 120 ML
74142,BRISTAFLAM 20TAB
18891,BRISTAFLAM CREAM
88981,BRIVAFUTAL 100 MG 30 F.C.TABS
85328,BRIVAFUTAL 50 MG 30 TABS
74333,BROMOFLAM EYE DROPS
79171,BRONCARE SYRUP 120 ML
81877,BRONCHICUM 20 LOZENGES
45039,BRONCHICUM ELIXIR SYRUP 100 ML
85428,BRONCHO-N 120 ML SYRUP
75080,BRONCHO-VAXOM ADULT10 CAP
75081,BRONCHO-VAXOM INFANT CAP
47526,BRONCHO-VAXOM SACHETS
87386,broncholin s 240 doses
82073,broncholin s 30 ml
2066,BRONCHOPHANE SYRUP
17936,BRONCHOPRO DROPS
75340,BRONCHOPRO RETARD CAP
74406,BRONCHOPRO SYRUP 100 ML
83577,BRONCHOPYONAIR PLUS 30 CAPS
91730,BRONCHOSIRA SYRUP 100 ML
23288,BRONKING SYRUP
87087,BROOKE 50 GM GEL
79172,BROSS-COUGH SYRUP 120 ML
74752,BROTHER CARE 100gm
87787,BROVITACAN COMPLEX 30 F.C. CAPS
88045,BRUCARE 15 GM CREAM
85454,BRUFEN 10 SACHETS
73885,BRUFEN 200MG 30TAB
BR,BRUFEN 400MG 30TAB
73662,BRUFEN 600 MG 30TAB
83796,BRUFEN COLD 20 TABS
47550,BRUFEN FLU 10TAB
73539,BRUFEN SYRUP 150
89443,BSWIFT 1000 MCG 30 SUBLINGUAL DISP. TABS
84243,BTWELVE 30 TABS
87509,BUBBLES CLASSIC NIPPLE 4 MONTHES
88305,BUBBLES DIAPER AREA CREAM 100 ML
87893,BUBBLES HAIR CREAM 100 ML
61806,BUDELIZER 400MCG 60 INH. CAPS. +INHALER DEVICE
BU25,BUDEXAN 0.5 MG/2ML 20 AMP. FOR INH.
81313,BUDEXAN 1 MG/2ML 20 AMP. FOR INH.
92097,BUPROFUTAL 150 MG 30 TAB
74891,BURNASORES 30GM CREAM
81090,BURNASORES OINTMENT 15g
74904,BUSCOPAN 10 MG 20TAB
12277,BUSCOPAN AMP
16822,BUSPAR 10 MG 20 TAB
65968,BUTAXIMARK 15GM CREAM
91767,BUTAZORELLA 150 MG 14 H.G. CAPS
79973,C-RETARD + ZINC 20 CAPS
75694,C-RETARD 500MG 10 CAPS.
22400,C-VIT DROPS
79719,C ZINC 30 HARD GELATIN CAPSULES
47832,CABELLA SYRUP 125 ML
73279,CABERGAMOUN 0.5 MG 2 TAB
66316,CAFA CAFFEINE RICH CREAM 120 G
59809,CAFA HAIR CREAM 50 GM
83849,CAFIX CALCIUM 30TABLETS
90413,CAFTOHIST 0.25 EYE DROPS 3 ML
89267,CAL-MAG-D 30 CAPS
88634,cal dar tablet
74096,CAL MAG 30TAB
83142,CAL MAG FORTE SYRUP
84407,CAL MAG JOINT 30TAB
19375,CAL PREG 30 TABS
75415,CAL PREG D 30 TAB
90596,CALAMINE-GO LOTION
84807,CALAMINE 100 ML LOTION
51522,CALAMINE 80 MI LOTION
83220,CALAMYL LOTION 100ML MUP
90699,CALCAO 20TAB
74505,CALCI- MAX 600 mg 30 tab
79750,CALCI-MASH 30 F.C. TABS.
73653,CALCI MAX PLUS TAB
90426,CALCICOLAGE
89983,calcicolage 20tab
81307,CALCIDOL CALCIUM
91927,CALCIMA Plus 30 PICS
74605,CALCIMATE 500 MG 12CAP
88451,CALCIOGAM 20 TABS
34328,CALCIONATE AMP
85407,calcisome D 60 caps
22403,CALCITONUIM 100IU AMP
22402,CALCITONUIM 50IU 5 AMP
79523,CALCITRIX 30 TABLETS
73528,CALCITRON 30 CAP
84941,CALCIUM 3 20 TABS
73469,CALCIUM D3F 30 TAB
91809,CALCIUM MAGNESIUM VITAMIN D3 120 CAP
73479,CALDIN-C 30 TAB
89664,CALDIN CK 30TAB
77702,CALDIN ZINC SUSP
73754,CALHEPARINE 5000IU 3AMP
86274,CALI IBM 120ML SYRUP
81817,CALM SKIN CREAM 40GM
23290,CALMA KING SYRUP
79163,CALMINAL SYRUP 120 ML
84079,CALTERA PLUS 30 TABS
91510,CALTONEX 20 TABS
81952,can mouth CLOVE 120ml
79236,CAN MOUTH WASH 120 ML
82649,CAN MOUTH WASH 250 ML MINT
74058,CANDALKAN 16 MG 14 TAB
58358,CANDALKAN 4 MG 14 TAB
74059,CANDALKAN 8 MG 14 TAB
74733,CANDALKAN PLUS 16/12.50 MG 14 TAB
75045,CANDALKAN PLUS 32/12.50 MG 14TAB
88368,CANDEBLOCK- D 16/12.5MG 20 TAB
64054,CANDICURE - D CREAM 15 GM
74038,CANDICURE CREAM 30 GM
74057,CANDICURE1 3 VAG OVULES
82816,CANDISTAN TOPICAL CREAM 40GM
83808,CANDY HONEY LEMON FLAVOR
90182,CANOLIFE 10 CAPSULES
92373,Cantrizone syrup 120 ml
90803,CAPECITABINE PHARMACARE 500 MG 120 F.C. TABS
91594,CAPECITAGIT 500 MG 120 TABS
90729,CAPIXY HAIR CONDITIONER SULFATE FREEE
84030,CAPIXY HAIR FERTILIZER CREAM 120ML
85934,CAPIXY HAIR FERTILIZER SHAMPOO 250ML
88270,CAPIXY HAIR LASHES SERUM 10 ML
85551,CAPIXY INTENSE TONIC SPRAY 250 ML
85935,CAPIXY SPRAY TONIQUE 250 ML
91626,CAPOMEGA 20SACH
6854,CAPOTEN 25MG 20TAB
7598,CAPOTEN 50MG 10 TAB
21621,CAPOTRIL 25MG TAB
3715,CAPOTRIL 50MG TAB
23146,CAPOZIDE 50/25MG 30 TAB.
83554,CAPRY TOP SOAP 80 GM
90922,CAPTOLINK 100ML
83092,CARBAMIDE MEMPHIS 30GM CREAM
60000,CARBIMAZOLE 50 TAB
82853,CARBOTIN 20 F.C. TABS.
92139,CARCEMIA 400 TAB
63948,CARDILOL 6.25 MG 30 TAB
63947,CARDILOL CS 25 MG 30 TAB
19470,CARDIOMEP TAB
63936,CARDIOTIMIDE 20 MG 20 TAB
9226,CARDIOTON TAB
65697,CARDIVO-CARE 30 TAB
18314,CARDIXIN AMP
32797,CARDIXIN TAB
73886,CARDURA 1 MG 21 TAB
19891,CARDURA 4 MG 14 TAB
73515,CARDURA 4MG XL 28 TAB
87160,CARE & MORE SHOWER GEL WATERMELON & ALOE VERA
87829,CARE AND MORE SHOWER GEL BERRIES
87831,CARE AND MORE SHOWER GEL VELVET PETALS
91250,CARE BY CARE BABY SOAP 100 GM.
54665,CARE BY CARE CREAM 100 GM
78156,CARE BY CARE PLUS 100GM
59086,CARE DIPINE 10 MG 20 TAB
88084,CARE DIPINE 10 MG 30 F.C TABLETS
88818,CARE DIPINE 20MG 20 F.C.TABS
84258,caresens*s 50strips
90750,CARETOFAIR CALAMYL 120 ML LOTION
73816,CARFALONE 25 MG 20TAB
74530,CARFALONE 50 MG 20 TAB
12190,CARMINEX EFF 6 PACKETS
92510,CARNITI Q10-B5 120 ML SYRUP
74734,CARNITOL 30% SYRUP 60ML
75227,CARNITOL 5 AMP NEW 2018
75500,CARNITOL 500 MG 30 CAP
80524,CARNITOL PLUS 20 TABLETS
81056,CARNIVITA ADVANCE MEN 30 SACHETS
81123,CARNIVITA ADVANCE WOMEN 30 SACHETS
73347,CARNIVITA FORTE 30 CAP
92379,CAROGIX 30 TAB
91994,cartino plus 20 cap
88283,CARTIOJO 30CAPS
89979,CARTIZAD 10 TABS
84159,CARTIZAD 30 TABLETS 3 STRIPS
74249,CARVID 25 MG 20 TAB
88266,CARVID 25 MG 30 TABLETS
27164,CARVID 6.25 MG 20 TAB
87740,CARVID 6.25 MG TABS
26572,carvipress 12.5 mg 20 TAB
91163,CARVMED 10 SACHETS
91161,CARVMED SACH
47898,CASODEX 28TAB
51535,CASTELLANI PAINT
CAT,CATAFAST SACHETS
74619,CATAFLAM 25MG 20TAB
74197,CATAFLAM 50 MG 20 TABS
CATP6,CATAFLAM 6AMP
59706,CAVALPHA 30 CAPSULES
82855,CAVENTOL 120ML SYRUP
74764,CECLOR 125MG SUSP
73579,CECLOR 250MG SUSP 75 ML
67482,CEFATHIRD 125MG/5ML PD. FOR ORAL SUSP. 60 ML
28921,CEFAXONE 1GM VIAL IM
39951,CEFAXONE 250MG VIAL IM
73405,CEFAXONE 500MG VIAL IM
25054,CEFAZONE 0.5 G 1 VIAL
74103,CEFAZONE 1 GM VIALS
82547,CEFAZONE PLUS 1.5GM VIAL
88279,CEFEPIME-EVA PHARMA 1 GM I.M/I.V VIAL
62123,CEFEPIME 1 G 1 VIAL
57379,CEFEPIME 500MG I.M/I.V VIAL
49853,CEFIDIME 1 GM VIAL
54426,CEFIXIME 100MG SUSP 30 ML
54425,CEFIXIME 100MG SUSP 60ML
75012,CEFOBID 1GM VIAL
36710,CEFOBID 500MG VIAL
17859,CEFORAN 0.5GM VIAL
25079,CEFORAN 1GM VIAL
81325,CEFOTAX-up pharma 1 GM VIAL
73598,CEFOTAX 1 GM VIAL
55525,CEFOTAX 2 GM VIAL
73599,CEFOTAX 500MG VIAL
22084,CEFOTRIX 1GM VIAL IM
46986,CEFOZON 0.5GM VIAL
21284,CEFOZON 1GM VIAL
47007,CEFRONE 1GM VIAL
47008,CEFRONE 2GM VIAL
87892,CEFTRIAXON 1 GM IM سيديكو
87058,CEFTRIAXONE-EVA 1 GM I.M. VIAL
74073,CEFTRIAXONE 0.5GM VIAL IM
23598,CEFTRIAXONE 0.5GM VIAL IV
73777,CEFTRIAXONE 1GM VIAL IM
74680,CEFTRIAXONE 1GM VIAL IV
90846,CEFTRIAXONE FOR INJECTION 1GM I.V
56092,CEFTRIAXONE I.M SODIUM 1GM VIAL
28713,CEFZIM 1GM VIAL
28711,CEFZIM 500MG VIAL
67339,CELEBORG 100 MG 10 CAP
65947,CELEBORG 200 MG 20 CAP
74101,CELEBREX 100MG CAP
74850,CELEBREX 200MG 10CAP
74100,CELEBREX 200MG 15CAP
56327,CELECOX 10 CAP 200 MG
65645,CELLCEPT 500MG 50 TAB
88765,CEMPION 10 SACHETS
84132,censol solution
92358,CENTELLA AMP 100 ML
90834,CENTRAVITA COLIN 30 ML SYRUP
89150,CENTRAVITA GINKO 20 CAPS
92545,CENTRAVITA GINKO 30 CAPS
91208,CENTRAVITA MAGNESIUM 240mg 20 F.C. TABS.
90490,CENTRAVITA PALMI 20 CAP
90501,CENTRAVITA PEA 20 TABS
91170,CENTRAVITA TRI OMEGA 30 CAPS
91113,CENTRAVITA VITAMIN B12
92149,CENTRAVITA ZYMATROL 20 F.C. TABS.
86247,CENTRONERVE 14TAB
90335,CENTRONERVE VIT B12/B6 20 TAB
90303,CENTRUM FOR MEN 30 TAB
91213,CENTRUM LUTIN 120 TAB CHINI
90352,CENTRUM MEN 100TAB
90270,centrum men 30tab
83804,centrum silver 100 tab
83803,CENTRUM SILVER WITH LUTEN 30 TABS
83802,CENTRUM WITH LUTEIN 30 TABS.
84049,CENTRUM WITH LUTEIN ADULTS 100 TABS
91865,CENTRUM WITH LUTEIN ADULTS 30TABS
90353,CENTRUM WOMEN 100TAB
90354,CENTRUM WOMEN 30TAB
74128,CEPOREX 1GM TAB
73847,CEPOREX 500MG 12 TAB
59722,CERAZETTE 28 TAB
47194,CEREBRO 400MG 30CAP
22359,CEREBRO FORTE SYRUP
59681,CEREBROCETAM 1MG 6 AMP
84806,CEREBROFORTE 1200 MG 30 TAB
79170,CEREBROFORTE 20% SYRUP 120ML
40320,CEREBROFORTE 800 MG 30 TAB
36804,CEREBROLYSIN AMP 1ML
37493,CEREBROLYSIN AMP 5ML
56135,CEREBROMAP 200 MG 30 CAP
88452,Cerebronal 45 capsules
78552,CEREBROPROVE ORAL SOLU 30ML
72845,CERELAC 3 FRUITS WHEAT & MILK 250 GM
26977,CERELAC 3 FRUITS&WHEAT WITH MILK 125 GM
74953,CERELAC NESTLE DATES & WHEAT 125 GM
20586,CERELAC NESTLE RICE 125 GM
59760,CERELAC RICE WITH MILK 250GM
81127,CERELAC RISE WITH OUT MILK 125GM
56934,CERELAC WHEAT 125 GM
72885,CERELAC WHEAT AND MILK 125 GM
79025,CERELAC ارز وخضار
88482,CERVETOLKA-CO 60ML SYP
86456,CERVETOLKA 1000 15 SACH
87785,CERVETOLKA 250 MG 60 ML ORAL SOLUTION
86996,CERVETOLKA 500 MG 20 CAPS
88063,CERVETOLKA ADVANCE 20 CAPS.
88113,CERVETOLKA FORTE 500MG SYRUP 30ML
87734,cervetolka plus 500/50 20tab
23001,CERVITAM 20 CAP
80127,CESANA 30 SACHETS
30311,CETAFEN-N SYRUP 120 ML
47274,CETAFEN 30 TAB
81040,CETAFEN PLUS 30 TAB.
83962,CETAL 1000MG 15 TABS.
73312,CETAL 120 MG 5 INFANTILE SUPP.
73311,CETAL 250MG/5ML SUSP. 60ML
74364,CETAL 500 MG 20 TAB
61820,CETAL COLD & FLU 20 CAP
73597,CETAL DROPS 100 MG
77760,CETAL EXTRA 20-TAB
60749,CETAL SINUS 20TAB
22485,CETRAK SYRUP
49750,CETROTIDE 0.25 MG 1 SYRING
91639,CETROTIDE 0.25 MG 7 SYRING
2771,CEVAMOL EFF TAB
86373,CEVANDRA SYRUP 120 ML
1385,CEVITIL EFF TAB
57745,CH ALPHA 10 SACHETS
75392,CH ALPHA PLUS 10 SACHETS
91249,CHANCY 30 SUBLINGUAL TABLETS
90272,char charcoal cap
90258,CHARCLONE 1000MG 30 TABS.
88505,CHARCLONE 250MG
89640,CHARCLONE ADVANCE 30CAPS
90461,CHARCOAL 20CAP
91120,charcodoll 30 caps
88072,CHARNOZAM 30CAPS
89605,chartoreg 40mg 28tab
87920,CHARTOREG 80 MG 28 TABLETS
89318,CHARTOREG CO 40 / 10 MG 28 TABS
91244,CHARTOREG CO 80 / 10 MG 28 TABS
91423,CHARTOREG CO 80 / 5 MG 28 TABS
88095,CHARTOREG PLUS 40/12.5 28TAB
86906,CHARTOREG PLUS 80/12.5 28TAB
88908,CHARTOREG PLUS 80/25MG 28 TABLETS
91026,CHARTOREG TRIO 5 / 12.5 / 80 MG 28 TABS.
91733,CHEMICETRIZINE 5 MG20 TAB
90129,CHEWMEUP MA GUMMY/60
91057,CHICKS BREATH FOR KIDS 120ML
90199,CHICKS GROWEE SYRUP 250ML
91353,CHICKS IMMUNE FOR KIDS SYRUP 250 ML
91315,CHICKS OMEGA D3 FOR KIDS SYRUP 120 ML
91314,CHICKS OMEGA D3 FOR KIDS SYRUP 250 ML
90735,CHICKS VIT 250ML SYP
60745,CHITO 500 60 CAP
73906,CHITOCAL 60 CAP
90681,CHITOSEAL CREAM 50GM
80104,CHOCO LOVE CHOCO
85975,CHOCO MONSTER 10 SACHETS
65698,CHOLEROSE 10MG 21 TAB
67344,CHOLEROSE 20 MG 21 TAB
56250,CHOLEROSE 5 MG 14 TAB
83656,CHOLEROSE PLUS 10/10 MG 28 F.C TABS
83794,CHOLEROSE PLUS 20/10MG 28 TABS
86542,CHOLEROSE PLUS 40/10 MG 28 TABS
87957,CHOLETRIX-D3 1000 IU ORAL DROPS 20ML
83067,CHOLETRIX-D3 400 IU ORAL DROPS 20ML
82723,CHOLETRIX D3 1000 I.U 20TABS
81797,CHOLETRIX D3 ORAL DROPS 10ML
55537,CHONDROGEN 20 TAB
60563,CHORIONIC GONADOTROPHIN 5000 AMP
74177,CHROMAX 60 CAP
74228,CHROMITRON 30 CAP
74805,CHROMIUM MEPACO CAP
59839,CHROMIUM PICOLINATE 800 MCG 90 CAP (puritans)
54547,CIALIS 20 MG 2 TAB
73655,CIALIS 20 MG 4TAB
74994,CIALIS 30 TAB IMP
80372,CIALONG 20MG 4TABS
85003,CIALONG 5 MG 30 TABS
81297,CICASILVER SPRAY
44159,CIDAMEX 250 MG 20 TABS.
28674,CIDODIAN AMP
75011,CIDOLUT DEPOT 250 MG AMP
74598,CIDOLUT NOR 20 TAB
91448,CIDOLUT NOR 5MG 30TABS
49675,CIDOPHAGE 1000 MG 20 TAB
85757,CIDOPHAGE 1000 MG 30 TAB
CID,CIDOPHAGE 500 MG 500 TAB
2041,CIDOPHAGE 850MG 60 F.C. TABS
26597,CIDOTESTONE 250MG AMP
67340,CILOSORT 100 MG 30 TAB
74942,CINACALCET 30 MG 10 TAB
88501,CINACALCET 60 MG 10 F.C. TAB
21604,CINNARIZINE 25MG TAB
22585,CINNARIZINE 75MG CAP
79190,CINOFLOKEEN 500 MG 5 F.C.TABS.
ASDFSAF,CIPALAFIL 20 MG 12 TABS
82592,CIPALAFIL 5MG 30TABS
77354,CIPAZOLE FORTE 2-TAB
90460,CIPOROFLOXACIN 500MG 10TAB
85293,CIPRA-PRO 10MG 30 TABLETS
27941,CIPRALEX 10 MG 28 CAP
26634,CIPRAM 20mg 28 TAB
46979,CIPRAMAX 40 MG 10 TAB
60650,CIPRO 500 MG 10 TAB
8635,CIPRO OTIC DROPS 10 ML
1224,CIPROCIN 250MG TAB
73494,CIPROCIN 500MG 10TAB
74287,CIPROCIN 750 MG 10 TAB
18670,CIPROCIN DROPS
21246,CIPROCIN EYE OINTMENT 5 GM
59904,CIPRODIAZOLE 20 TAB
73649,CIPROFAR 500MG TAB
73780,CIPROFAR 750MG 10 TAB
17108,CIPROFAR DROPS
4839,CIPROFLOXACIN 250MG TAB
61876,CIPROFLOXACIN 500MG 10TAB (organo)
4852,CIPROFLOXACIN 500MG TAB
62124,CIPROFLOXACIN 750 MG 10 TAB
5284,CIPROFLOXACIN VIAL
88399,CIPROFLOXMET 500/500MG 20 F.C.TABS.
87464,CIPROFLXACIN 500 MG HP 10 F.C. TABS
73915,CIPROMEGA 1 GM XL 14 TAB
73292,CIPROMEGA 500 MG XL 10 TAB
47926,CIPROQUIN 5O0 MG 10 TABS
79189,CIPROQUIN 750MG 10 F.C. TAB.
67462,CIPROXASON DROPS
88982,CIPROXASON OTIC SUSP. 15 ML DROPS
47559,CIPROXIL XL 500MG 10 TAB
84424,CIRA PANTHENOL 30GM CREAM
87384,CIRA PANTHENOL HAIR CREAM 100 GM
89194,CISTAPRONT C SYRUP 120 ML
73245,CITALO 20 MG 14 TAB
28732,CITALO 40 MG 30 TABS
74922,CITALO SYP 120ML.
55899,CITALOMEP 20 MG 7 TAB
59172,CITAPRONEX 10 MG 14 TAB
59171,CITAPRONEX 20 MG 14 TAB
59173,CITAPRONEX 5MG 14 TAB
89845,CITOVILA 250 MG DROPS
61292,CITRA FORTE GRANULES 280 GM
19994,CITROPANTHEN CREAM
75305,CLAFORAN 0.5GM VIAL
63256,CLARIKAN SR 500 MG 14TAB
79188,CLARITHRO 250MG 14 F.C. TAB.
77489,CLARITHRO 500 MG 14 TABS
74291,CLARITINE 20 TAB
91669,CLARITINE ALLERGY 10 MG 30 CHEWABLE TAB
91670,CLARITINE ALLERGY 5MG 30 CHEWABLE TAB
73231,CLARITINE SYRUP 100 ML
86459,CLARY CONDITIONER 300 ML
84411,CLARY HAIR MIST 200 ML
67298,CLATEX 75 MG 30 TAB
85703,CLAUDIA ACETONE 500ML
81095,CLAVIMOX 1 GM 12 TABS
75753,CLAVIMOX 228.5 MG/5 ML SUSP 75 ML
68945,CLAVIMOX 457 MG/5 ML SUSP 75 ML
75840,CLAVIMOX 625 GM 12 TAB
83084,CLAVIMOX 642.9 SUSP
46821,CLAWASH LOTION
55772,CLEAR AIR 10MG 14 TAB
52021,CLEAR AIR 4MG 14 TAB
81078,clear air 7 sachets 4mg
78777,CLEAR SHAMPOO ANTI DANDRUFF SOFT AND SHINY 180ML
73564,CLEAREST 14 CAP
87393,CLEO GLOW VITAMIN C CLEANSER 150 ML
90195,CLEO ULTRA MOISTURE CREAM 130ML
81129,CLEOCIN MOISTURING CREAM 50 gm
73625,CLEXANE 20MG 2 SYRINGE
73477,CLEXANE 40 MG 2 SYRINGE
73938,CLEXANE 60MG 2 S AMP
73470,CLEXANE 80MG 2 SYRINGE
87162,CLINDACIN300MG 12 CAPSULSE
63274,CLINDACINE 300 MG 16 CAP
74986,CLINDAGRAM GEL 30 MG
10458,CLINDAM 300 MG 16 CAP
29160,CLINDASOL 0.3GM/30ML TOP. SOLN. 30 ML
61390,CLINDASOL TOPICAL GEL 20 GM
75876,CLINDAVERT 2% VAGINAL CREAM 20 GM
86726,clinso gel 50 gm
76432,CLINSO VAGINAL WASH 200ML
55812,CLINVEX SKIN LOTION 60 ML
47864,CLOBUTRA CREAM
87705,CLOPACIRC 30 TAB
47555,CLOPEX 75 MG 30 TAB
83061,CLOSOL 50 ML SPRAY
37355,CLOVACORT CREAM
10466,CLOZAPEX 100MG TAB
10467,CLOZAPEX 25MG TAB
85054,CLOZAPINE 100 MG 30 TABS
47856,CLOZAPINE 100MG 20TAB
46637,CLOZAPINE 25MG 30TAB
19548,CO-DIOVAN 160/25 MG 10 TAB
57061,CO-DIOVAN 160/25 MG 15 TAB
74008,CO-TAREG 160/12.5 MG 14 TAB
74180,CO-TAREG 160/12.5 MG 28 TAB
90738,CO-TRIMOXAZOLE TAB 20
61910,CO-VASOTEC 160 MG\12.5 MG 14 TAB
73853,CO - AVAZIR EYE DROPS 5 ML
58340,CO TAREG 320/12.5 MG 14 TAB
73626,CO TAREG 80/12.5MG 14 tab
64048,CO TRIAMOXAZOLE SYRUP 120 ML
80838,CO_AVAZIR 5GM EYE OINTMENT
59242,COAPROVAL 150\12.5 MG 14 TAB
55151,COAPROVAL 150\12.5 MG 28 TAB
87612,COBAFOLIC 30 TAB
90222,COBAFOLIC PLUS 30 GCALP
1803,COBAL 500 MG 30TAB
52033,COBAL F 30 TAB
COB,COBALAMIN DEPOT 5AMP
89980,cobalamoun 30 tab 1000 mcg
92610,COCO INTENSIVE COLORING 7
92609,COCO INTENSIVE COLORING 8.1
19631,CODAPHENE-N SYRUP
76209,CODERM CREAM 60GM.
26404,CODILAR SYRUP 120 ML
12167,COENZYME Q10 20 CAP
79534,COENZYME Q10 FORTE 20CAPSULES
85900,COFFEE ZINC ANTI HAIR FALL HAIR TONIC 250ML
83096,COFFEEZINC 200ML SHAMPOO
84300,COGEX 10 SACHS
87517,COGICINE 30 TABS
74025,COGINTOL 20TAB
13256,COLCHICINE 0.5GM 100TAB
86369,colchicine 1 Mg 20 tabs (mayoly spindler)
80082,Colchicine 1mg 30tab
60060,COLD CONTROL 20 TAB
COL,COLD FREE 20 TAB
88015,COLD STOP-N 30 F.C TABLETS
81578,COLDATREXY TAB
35026,COLI-URINAL EFF. GR. 60 GM
80292,COLLACOGEN 30 SACHETS 55MG + 10GM
91856,COLLAGEN FRESH C 30TAB
81355,COLLAGIX 15 SACHETS
90319,COLLAROW 10 SACHETS
90587,COLLDGE ZINC OLIVE CREAM 75 GM
73251,COLLOMACK SOLUTION 10 ML
31433,COLMEDITEN 100TAB
57909,COLONA 30 TAB
91450,COLONXIR 10 TABLETS
74232,COLOSALAZINE-EC 20 TAB 500GM
1335,COLOSPASMIN FORTE 20 TAB
74940,COLOVATIL 25 MG HCL 100 MG 30 TAB
77112,COLOVERIN 135MG 30-TAB
48185,COLOVERIN A 30 TAB
73366,COLOVERIN D 30 TAB
75030,COLOVERIN SR 200 MG CAP
91877,ComFase Cap
61226,COMFORT GEL 50 GM
91272,COMPLAVIN 75/100MG 30 TAB
46644,COMPLETE HAIR OIL 120ML
57522,COMPLETE HAIR OIL 60 ML
75159,CONA-ADIONE 30TAB
88157,CONAFUTAL 20 F.C TABLETS
91371,CONAMEDIZEN CREAM 1% 30 GM
73382,CONCOR 10 PLUS 30TAB
73682,CONCOR 10MG 30TAB
73061,CONCOR 5 MG 30 TAB
73173,CONCOR 5 PLUS 30TAB
79535,CONCOR AMLO 5/5 30TABLETS
73165,CONCOR COR 2.5MG 30 TAB
89276,CONGDOSIN 8 MG 20 CAPS
CONG,CONGESTAL 20 TAB
17423,CONGESTAL SYRUP
85359,CONISTOVA 2 MG 28 TAB
22862,CONISTOVA 2 MG TAB
58975,CONJYCLEAR 5 ML
89533,CONJYCLEAR FORTE 0.2% EYE DROPS 30 X 0.4 ML SDU
66019,CONJYCLEAR FORTE 0.2% SOLUTION 5 ML
84014,CONNUBIAL WOMEN DROPS
81527,constipride 1 mg tab
79533,CONSTIPRIDE 2 MG 28 TABLETS
48121,CONTAFEVER N SYRUP 120 ML
68824,CONTOUR PLUS 50 STRIP
73580,CONTRACTUBEX GEL 20 GM
88492,CONTRAHISTADIN 20MG 30TABS
80911,CONTRAPLAN 4 TABS
86351,CONTRASTROKE 75 MG 30 TABS
82757,CONTROLEPSY 100MG 30 TABS
58241,CONTROLEPSY 50 MG 30 TAB
27940,CONTROLOC 20 MG TAB
74272,CONTROLOC 40MG POWDER FOR I.V. INF. VIAL
CON,CONTROLOC 40MG TAB
67292,CONVAGRAN 100 MG 30 CAP
57302,CONVENTIN 100 MG 30 CAP
57423,CONVENTIN 300 MG 30 CAP
57104,CONVENTIN 400 MG 30 CAP
85013,CONVENTIN 600mg 30 tab
85012,CONVENTIN 800mg 30 tab
87486,CONVENTIN XR 300 MG 30 TABS
86780,CONVENTIN XR 600 MG 30 TABS
61814,CONVIBAN 100 MG 20 TAB
61813,CONVIBAN 25 MG 30 TAB
81534,CONVIBAN 50 TAB
82666,COPAD 10000 IU VIT D3 30 CAPS
88477,COPAD 4.000 I.U. 30 CAPS
85354,COPAD TRI OMEGA SYRUP
2833,CORASORE-N 150MG/ML ORAL DROPS 15 ML
3110,CORASORE 20 TAB
74064,CORDARONE 200 MG 30 TAB
56369,CORDO SPRAY 60 ML
55146,CORNETEARS EYE GEL10 GM
3306,CORTILON TAB
74183,CORTIPLEX B6 3AMP PAEDIATRIC
75224,CORTIPLEX B6 adults 3AMP
76531,CORTOPECT 30 CAP
91537,CORTOPECT 300 MG 30 CAPS
86811,CORTOPECT ADVANCE 20 TAB
88018,CORTOPECT PLUS 20 CAPSULES
46636,CORVAST 80MG 7TAB
89131,CORVIBEAK 20 CAPS
82093,COSAMINE CREAM
75528,COSANTOX 30 TAB
90889,COSIMPREL 5/10MG 15 FLIM
87914,COSIMPREL 5MG/ 5MG 15 F.C TABLETS
21672,COSMOFER AMP
73654,COSOPT EYE DROPS 5 ML
80294,COSTAREB 30 TABLETS
4281,COUGH CUT 7.5 MG/5 ML SYRUP 100ML
58452,COUGH REST-N 120 ML
73160,COUGHSED CHILDREN 12 SUPP
14366,COUGHSED P INF SUPP
75230,COVAPRENDO 10/10 MG 30 TAB
73153,COVERAM 10 MG/ 10 MG 15 TAB
74001,COVERAM 10 MG/ 5 MG 15 TAB
57197,COVERAM 5 MG/ 10 MG 15 TAB
57200,COVERAM 5 MG/ 5 MG 15 TAB
65643,COVERAM 5 MG/ 5 MG 30 TAB
47512,COVERSYL 5 MG 30 TAB
72203,COVERSYL PLUS 10/2.5 MG 15 TAB
60894,COVERSYL PLUS 5 MG/1.25MG 15 TAB
85049,COXINORIN 90 MG 30 TABS
88829,COXRITOR 120 MG 10 F.C.TABS
88160,COXRITOR 60 MG 14 F.C TABLETS
87816,COXRITOR 60 MG 30 F.C TABLETS
82749,COXRITOR 90MG 30 TABS
COX,COXTORI 60MG 14TAB
33027,COZAAR 100MG TAB
16184,COZAAR 50MG TAB
90800,CRANBERRY 30 CAPS
85128,CRANBY 20 CAP
90586,CREATINE POWDER MONOHYDRATE 60SERVINGS
67293,CRESTATIN 10 MG 30 TAB
55968,CRESTOLIP 10 MG 30 TAB
55967,CRESTOLIP 20 MG 30 TAB
73926,CRESTOR 10 MG 28 TAB
73639,CRESTOR 20 MG 14 TAB
86371,CRESTOR 20 MG 28 TABS
88932,CRESTOR 5 MG 28 TABS
85278,CRYOVERD MASSAGE EMULGEL
90673,CRYOVERD MASSAGE EMULGEL 50GM
60207,CRYPTONAZ 12 TAB
46822,CRYPTONAZ SUSP
66003,CRYPTOPER SUSP 60 ML
90318,CUIDADO 30 TABS
73490,CURAM 1GM TAB 12 tab
74845,CURAM 312.5MG SUSP 75 ml
48289,CURAM 457MG/5ML 70 ML
74281,CURAM 625MG 12TAB
90221,CURAM 642.9MG/5ML SANDOZ
62125,CURISAFE 1 GM 8 F.C. TABS.
7783,CURISAFE 250MG SUSP
74531,CURISAFE 500MG 8 CAP
63198,CURISAFE 500MG SUSP60ML
79732,CUSHION 10 SACHETS
74106,CYANARO 1% OPHTHALMIC SOLUTION 2.5 ML
92248,CYANARO PLUS EYE DROPS 5 ML
86317,CYANOHEPTAN 6 I.M. AMP. 2 ML
80949,CYBREAK MASSAGE SPRAY 100 ML
CYC,CYCLO-PROGYNOVA 21 F.C. TAB. (BIPHASIC)
81701,CYCLOFLEX 5 MG 20 F.C. TAB.
79285,CYCLOGEST 400MG
32955,CYCLOPHRINE DROPS
73656,CYMBALTA 30 MG 28 CAP
74035,CYMBALTA 60 MG 28 CAP
64446,CYMBATEX 20MG 30CAP
73223,CYMBATEX 30MG 30 CAP
74522,CYMBATEX 60MG 30CAP
12120,CYNCHOLINE 20 CAP
81843n,cypentola e drop
48092,CYSTINOL CAP
12260,CYSTONE 60TAB
20482,CYTEAL ANTISEPTIC FOAMING SOLN. 250 ML
CYTO,CYTOTEC 200 MG 14 TABS +++IMP
86018,CYTOTEC 200 MG 42 TABS ++++IMP
81524,D DEP 1.000 I.U 30 CAPS 2 STRIP
85477,D DEP 10.000 I.U 30 CAPS 2 STRIP
80998,D DEP 5.000 I.U 30 CAPS 2 STRIP
89686,D.DEP ORAL DROPS 15 ML
90575,D.K DUO D3*K2 10ML
84833,D3 TAG DROP
88230,DABUR MISWAK ORIGINAL
89953,DAFLOFIX 20TAB
91542,DAFLOFIX 30 F.C TABS
83776,DAFLON 1000MG 30 F.C. TABS.
83776,daflon 1000mg 30tab
73206,DAFLON 500 MG 30 TAB
73640,DAFREX 15 F.C. TABS.
88058,DAGO ANTI DANDRUFF SHAMPOO 250 ML
82388,DAGO PLUS 250ML SHAMPOO
92241,DAILYVIT D3 4000 IU 30 CAPS
12396,DAKTACORT CREAM 15 GM
74091,DAKTARIN CREAM
27753,DALACIN C 300MG 10 CAPS.
34340,DALACIN C 600MG AMP
18108,DALACIN VAGINAL CREAM
82815,DALFAROSIS 10MG TAB
88698,DALOLIFE 10 SACHETS
60750,DAN OFF HAIR SHAMPOO 250ML
46758,DANDEL ANTI DANDRUF SHAMPOO 250 ML
76222,DANDEL CREAM INTENSIVE REPAIR&COND 100GM
73934,DANSET 4 MG 3 AMP/2 ML
75645,DANSET 4MG/2ML 1 AMP.
75638,DANSET 8MG 1 AMP
75077,DANSET 8MG 3AMP
dan,DANSHIRO MOUTH SPRAY 30ML
73851,DANTRELAX 30 CAP
73818,DANTRELAX COMPOUND 30CAP
58297,DAONIL 30 TAB
83674,DAPABLIX 10 MG 30 TABS
87718,DAPABLIX 5 MG 30 TABLETS
84382,DAPABLIX MET XR 10 /1000 MG 30 TABS
80517,DAPAGLIF 10MG 14TABLETS
83266,DAPAGLIF PLUS 10/1000MG XR 14TABS
88210,DAPAGLIFLOZIN-EVA 10 MG 30 F.C. TABS.
90989,DAPAGLIFLOZIN-EVA 5 MG 30 F.C. TABS.
81526,DAPAVELDACTIN 10 MG 30 TABS
81525,dapaveldactin 5 mg tab
81316,DAPAVELDACTIN 5/850 PLUS 28 TABS
79537,DAPAVELDACTIN PLUS 5/1000
65950,DAPOXTARD 60 MG 3 TAB
84560,DAPOXTARD 60 MG 6 TAB
90767,DAPSOCYRL 30G TOPICAL GEL
67310,DAPSON 100 MG 20 TAB
edarfpoi,darjaer4mta
77496,DAVALINDI 1000IU 100 TABS
87614,DAVALINDI 200.000 IU/ML 2 AMPOULES
516112,DAVALINDI 5000MG 30 TABS
83768,DAVALINDI VIT D3 10.000 I.U 30 TABS
85572,DECAFORTIS 1000MG/4ML AMP.
5372,DECAL B12 SYRUP
63919,DECANCIT S.R 20 F.C. TAB
77466,DECAPEPTYL 0.1MG/ML 7 SYRINGES
82653,DECAPRENO 200.00 I.U/1ML 2 AMP
6934,DECLOPHEN 100mg 5 SUPPS
62707,DECLOPHEN 12.5 MG SUPP
57420,DECLOPHEN 25 MG SUPP
74656,DECLOPHEN 3AMP
56906,DECLOPHEN 6 AMP
75865,DECLOPHEN GEL30GM.
76986,deconadal 10mg
85489,DECONADAL 20 MG 21 F.C. TABS.
74145,DECONGESTYL SUPP
78498,deep freeze gel 100gm
83685,DEEP FREEZE PAIN RELIEF COLD SPRAY 125 ML
78495,DEEP FREEZE PAIN RELIEF COLD SPRAY 150 ML
82457,deepfreeze cold gel
85229,DEGREASIAN 1 GM 28 S.G. CAPS.
89356,DEKADEL 200MG/5ML ORAL SOLUTION 125 ML
61877,DEKADEL CHRONO 500 MG 30 TAB
88024,DELAREX 5MG 30 TAB
75748,DELAREX syrup
90198,DELECAR CREAM 50 GM
75064,DELEPE 30 MG 3 TAB
64292,DELEPE 60 MG 3 TAB
88114,DELEPE 60 MG 6 TABS
61322,DELMOXA 400 MG 5 TAB
91405,DELOITTE BONE 30 CAPS
91863,DELOITTE MAG 20 TABS
91685,DELOITTE ROSE 20 CAPS
86975,DELPANTO 40MG 14 E.C.TABS
48075,DELPIRAMATE 100MG 30TAB
88423,DELTACLAV 1 GM 14 F.C.TAB
39921,DELTACLAV 457 MG SUSP 80 ML
83896,DELTACLAV 642.9MG/5ML PD. FOR ORAL SUSP. 75ML
73534,DELTARHINO NASAL SPRAY
74565,DELTASONE 0.75 MG 30 TAB
26993,DELTASONE SYRUP
73133,DELTAVIT B12 TAB
85137,DELZOSIN 500MG 6TAB
89911,DELZOSIN 600MG 6 F.C. TAB
75334,DEMAFIGHT 5 MG 30 TAB
82428,demancortil 2 mg amp
58285,DEMARK CREAM 100 GM
86113,DEMAS D3 10.000 I.U 30 TABS
90626,DENDRA 30TAB
73973,DENSITIN 30 CAP
73262,DENTINOX INFANT COLIC DROPS 30 ML
79162,depa calcium 120ml SYRUP
90167,depa dolls massage cream
73901,DEPAKINE 200 MG 40 TAB
81108,DEPAKINE CHRONO 500MG TABS
73660,DEPAKINE DROPS
73838,DEPAKINE SYRUP 125 ML
75393,DEPO-PEN 1.2 MIU VIAL.
91049,DEPO LUTIN 30 CAP
79315,DEPOFORT B12 1MG/ML 5 AMP.
47683,DEPOVIT B12 3AMP
DT,DEPOVIT B12 5 AMP
92300,DEPOVIT PLUS 30 LOZENGES
46782,DEPRAM 20MG TAB
82842,DEPRAM 40MG 20TAB
90529,DEPRATIOX 10 MG 20 F.C. TABS
5219,DEPREBAN CAP
74613,DERILGY 60MG 3CAP
86472,DERILGY 60MG 6CAP
50767,DERMA-TULLE 10-20
87948,DERMA ACTIVE ACTI-CLEAR FOAMING GEL 250 ML
87939,DERMA ACTIVE ACTI-REPAIR GEL 200 ML
87940,DERMA ACTIVE ACTI-SOLAIRE +50MELATING CREAM 50 ML
87801,DERMA ACTIVE ACTI-WHITE DEPIGMENTING CREAM 50 ML
88066,DERMA ACTIVE ACTI REPAIR EMOLLIENT EXTREME 200 ML
90864,DERMA ACTIVE ACTI REPAIR FOOT CREAM 60ML
87773,DERMA ACTIVE ANTI HAIR LOSS SHAMPOO 200 ML
87339,DERMA ACTIVE BODY MILK 2*1 200ML
88201,DERMA ACTIVE GLOBAL CREAM GEL 50 ML
87342,DERMA ACTIVE HYDRA CREAM GEL 50 ML
87905,DERMA ACTIVE SUN PROTECT FLURIED + 50 ML
77910,DERMA SOFT CREAM
89512,DERMA SOFT PLUS CREAM 100 GM
75710,DERMA SOFT PLUS CREAM 60 GM
28288,DERMA WHITE CREAM 30gm.
90172,dermactive tricho-act HAIR SKIN&NAILS 60 GUMMIES
10489,DERMATIN CREAM
22373,DERMOCALM LOTION 120 ML
19142,DERMOFIX CREAM
73585,DERMOVATE CREAM 25 GM
74098,DERMOVATE OINT
74125,DESA 5 MG 20TAB
74408,DESA SYRUP 100 ML
81884,DESIO SOLUTION 100ML
81356,DESLORASTAMINE SYRUP
91705,DESMODJUST 0.1 30TAB
91857,DESMODJUST 0.2 30TAB
47273,DEVAROL-S-200.000 I.U 1 AMP
83855,DEVART D3 1000 I.U 30 TABS
76161,DEVIT-3 1 AMP IMP
46850,DEXAFLOX 5 ML EYE DROPS
73955,DEXAGLOBE 1AMP
dex,DEXAMETHASONE-AMRIYA 8MG/2ML 3 AMP
dxi,DEXAMETHASONE-INAD 8MG/2ML 3AMP
61463,DEXAMETHASONE 8 MG 5AMP
DX,DEXAMETHAZONE 5 AMP MUP
78553,DEXAMETHSONE 5-AMP EPICO
79316,DEXANOCORTEN 8MG/2ML 3 AMP
29252,DEXAPHEN SYRUP
84410,DEXATHALM 3ML20 UNIT SOLUTION
84409,DEXATHALM 5ML SOLUTION
75348,DEXATOBRIN DROPS
48068,DEXATOBRIN EYE OINT. 5 GM
2354,DEXATROL DROPS
75153,DEXATROL EYE OINT. 5 GM
84925,dexawest 60 mg 14 cap
82928,DEXAZONE 60 TAB
89692,DEXIGLOFOZIN 10 MG 30 F.C. TABS
89658,DEXIGLOFOZIN PLUS 10/1000
75410,DEXKETO CARE 25 MG 30 TAB
59027,DEXTRAFAST 25 MG 20 TAB
46771,DG-CARE MOUTHWASH CLOVE 125 ML
78334,DG Care M.W Flourid
64792,DHEA 50 MG 100 TAB Puritans
46774,DIABENOR 2MG 30TAB
80021,DIABENOR 3MG 30TABS
80027,DIABETIN 15MG 30TABS
46766,DIABETIN 30MG 30TAB
47545,DIABETONORM 45 MG 15 TAB
63225,DIACALDERM TOPICAL OINT. 20 GM
73394,DIACEREIN 30 CAP
81072,DIACURIMAP 10 MG
80023,DIACURIMAP 25MG 30TABS
86972,DIACURIMAP PLUS 10/5 MG 30 TAB
86971,DIACURIMAP PLUS 25/5 MG 30 TAB
80017,DIAFLOZIMET 10/1000MG 30TABS
81670,diaflozimet 10/500 tab
80018,DIAFLOZIMET 5/1000MG 30TABS
80016,DIAFLOZIMET 5/500MG 30TAB
54994,DIAMEDIZEN 60 MR 30 TAB
DI30,DIAMICRON 30 MR 30 TAB
DI60,DIAMICRON 60 MR 30 TAB
74620,DIAMONRECTA 20MG 2 CAP
77711,DIAMONRECTA 20MG 4 TABS
90941,DIAMONRECTA 20MG 5 FLIM
78597,DIAMONRECTA 5MG 30-TAB
81172,Diane imp
48016,DIAPER CREAM
DI,diaper oint
56744,DIASMECT 10 SACHETS
56791,DIASMECT 60 ML SUSP
79165,DIASTOP SUSP. 60ML
29211,DIAVANCE 5MG TAB
74816,DIAX 200 MG 12 CAP
73406,DIAX 220MG/5ML 60ML SUSP.
78599,DIBAVALLY 50MG 28TABS
80026,DIBAVALLY PLUS 50/1000MG 28TABS
67326,DICETEL 100MG 20TAB
74286,DICLAC-N 4% GEL 30 GM
88545,DICLAC-N 4% GEL 50 GM
81032,DICLAC 150 ID 20 TABS
89834,DICLAC 75 MG 20TAB
89059,DICLAC 75 MG 30 TABS
74704,DICLAC 75 MG 5 AMP
88328,DICLAC 75 MG 6 AMPOULE
59103,DICLASIUM 50 MG 10 TAB
91890,DICLOFLAM 50MG 10 SUGAR COATED TAB
63927,DICLONATRIUM 75 MG SR 20 TAB
87575,DICLOPRO 150 MG ID 20 TABS
95543,DICLOPRO 50 GM GEL
83884,DICLOPRO K 50 MG 10 SACHET
89297,DICLOSP S.R. 75MG 30 F.C. TABS
74129,DICYNONE 250 MG 3 AMP
22959,DICYNONE 500MG TAB
80325,DiCytotec 200MCG 28TABS
90290,dicytotec 28 tabs
87371,DIDDER CREAM 75 MG
86718,DIENODIVA 2/0.03 MG 21 TAB
4772,DIET SWEET 100TAB
4760,DIET SWEET 350TAB
4785,DIET SWEET 50TAB
73907,DIFLUCAN 150MG CAP
36783,DIFLUCAN 2mg VIAL 50ML
74720,DIFLUCAN 50 MG 7
58989,DIFLUCAN VIAL 2 MG 100 CM3
47619,DIFLUSTERO 0.5% OPHTHALMIC EMULSION 5 ML
90631,DIGEASIA CAPS
47748,DIGENORM 120 ML SYRUP
74758,DIGEST EZE 20 CAPS.
74236,DIGESTIN 20 TAB
81523,DIGESTOZYME 20 COATED TABLETS 250MG
91484,DIGICOMAG CHEWABLE 20 TAB
79921,DIGLIFLOZ 10MG 30 TABS
81533,DIGLIFLOZ 5 MG 30 TABS
85158,diglifloz 5/850 plus tab
80025,DIGLIFLOZ PLUS 5/1000MG 30TABS
90668,diglifloz plus xr 10/1000
64212,DILATROL 25 MG 30 TAB
64210,DILATROL 6.25 MG 30 TAB
DILLENGO,DILLENGO 120 ML SYRUP
92038,DILTIARECT 2% RECTAL CREAM
88333,DIMAKLARIC 0.15/0.03MG 21 TAB.
73132,DIMRA 20 TAB
1051,DINITRA 10MG TAB
18850,DIOSED C TAB
63126,DIOSMIN PLUS 30 TAB
56190,DIPROCORTIN 1 AMP 2 ML
90933,DIPROSALIC 30G OINTMENT
73237,DIPROSALIC LOTION 30 ml
73062,DIPROSALIC OINT 15 GM
86953,DIPROSONE 0.05% CREAM 30 GM
74817,DIPROSONE CREAM 10 GM
34157,DIPROSONE OINT
52408,DISAAR CLEANSING FOAM WITH VIT-C 200 ML بفرشاة
87119,DISAAR COLLAGEN 12ML
87907,DISAAR FACIAL WADH VITAMIN C 100 ML
83442,DISAAR VITAMIN C SERUM
87485,DISPATIGRA 10 MG 4 ORODISPERSIBLE TABS.
17224,DISPERCAM 10MG 20TAB
21009,DISPERCAM 20MG TAB
55986,DISPERCAM 30 GM GEL
56538,DISPERCAM 6 AMP
75364,DISPRELON-D 20 MG 20 TAB
91100,DISPRELONE-OD 20 MG 30 TABS
83060,DISPRELONE-OD 5 MG 30 TABS
W50,DISTILLED WATER SYRUP
87170,DITTO SPRAY FOR WOMEN 200ML
47184,DIVAKOTE ER 250MG TAB
74336,DIVAKOTE ER 500 MG 20 TABS
54472,DIVIDO 75 MG 30 TAB
79843,DIVITON_D 200 I.U. 10ML
79844,DIVITON_D FORTE 4000 IU 20ML
65729,DIVOZINE CREAM
87307,DIXVIT 10.000 I.U. 20 TABS.
90627,DOCOV 30PIECES
89314,DODGE HAIR TONIC LOTION 120 ML
88989,DODGE LEAVE IN WITH ARGAN OIL 250 GM
92393,DODGE LEAVE IN WITH ARGAN OIL 450 GM
92392,DODGE LEAVE IN WITH SHEA BUTTER CREAM 450 GM
74582,DOGMATIL 50mg. 30CAP
32906,DOGMATIL FORTE TAB
74847,DOLABACTIN 400MG 5TAB
57850,DOLCYL 2 MG 30 TAB
57605,DOLCYL 3 MG 30 TAB
65949,DOLCYL 4MG 30 TAB
65557,DOLCYL 6 MG 30 TAB
76561,dolcyl m 2/500mg 20 tab
57851,DOLCYL1 MG 30 TAB
87693,DOLIAN 120 ML SYRUP
89771,DOLIPRANE 1 GM 20 TABS
80131,DOLIPRANE 1000 MG 15 TABS
80626,DOLIPRANE 8 TABLETS
91015,dollar white 10 % 30 gm
76782,DOLO-D PLUS 115ML SYRUP
81229,DOLO-D PLUS 20 TABS.
73329,DOLO D 200MG 20 TAB
84749,DOLO D 60 ML SYRP
46744,DOLO D SUSPENSION 115 ML
46762,DOLPHIN - K 75MG 6 AMP
74107,DOLPHIN -K 75 MG SUPP
78120,DOLPHIN 12.5 MG 10-SUPP
77646,DOLPHIN 25MG 10 SUPP
76704,DOLPHIN 50 MG 10 SUPP
64082,DOLPHIN 75 MG/3ML 3AMP
49525,DOLPHIN GEL 3% 30 GM
91277,DOLPHIN GEL 3% 60 GM
47565,DOLPHIN K 50 MG 20 TAB
89446,DOM VIT ORAL DROPS 30 ML
18859,DOMPERIDONE TAB
88511,DONAZEPINE 28/10 MG 20 CAPS
68749,DONAZIL 5 MG 30 TAB
49486,DONEPEZIL 10 MG 14TAB
52027,DONHIMER 5 MG 30 TAB
81510,DONIFOXATE 40 TAB
74234,DONIFOXATE 80 MG 30 F.C. TABLETS
12094,DORMIVAL CAP
73416,DOROFEN 30 CAPS
91751,DOSH HAND WASH RELAXING FLORAL 450 ML
19144,DOSIN 1MG TAB
19121,DOSIN 4MG 20 TABS
79540,DOSTILACT 2 TABLETS
452534,DOSTINEX .5 MG 2TAB
92011,doumega 30/50mg 8 tab
91367,doumega 60/100 mg 8 tab
74280,DOWNOPRAZOL 20 MG 14 TAB
78375,DOWNOPRAZOL 20/1680MG PD. 7 SACHETS
74225,DOWNOPRAZOL 40 MG 14 TAB
DN,DOWNOPRAZOL 40/1680MG PD. 7 SACHETS
73962,DOWNSTEROLIN 10/20 MG 28 TAB
73946,DOWNSTEROLIN 10/40 MG 28 TAB
64061,DOXIPROCT OINT
48294,DOXIPROCT PLUS OINTMENT
74557,DOXIRAZOL 30 MG 14 TAB
74358,DOXIRAZOL 60 MG 14 TAB
74146,DOXIUM 500MG 30 CAPS
60075,DOXYCOST 200 MG 10 TAB
81346,DOXYCOST 50MG 30 TABS
68748,DOXYDOX 100 MG 10 CAP
88007,DOZOVA ASHWAGANDHA 300 MG 60 CAPS
92049,DR OXYGEN CALCIUM 30 TABLETS
91745,DR OXYGEN IMMUNITY KIDS 120 ML SYRUP
92426,dr oxygen vitamin d drops
88272,DRAKON WHITENING FACIAL WASH 200 ML
74179,DRAMENEX 50 MG 20 TAB
89759,DRAVIRON 20 TABLETS
89760,DRAVOCAL 120 ML
87189,DRINKING 100G POWDER
79023,DRINKING 10SACHETS
79278,DROPIFLOX EAR DROP
80779,DROSPADIOL 0.03/3MG 21 F.C.TABS
82803,DROSPIFEM 3/0.03MG 21TABS
83984,DROSPINETTA 4 MG 28 F.C. TABS
91882,DugoFem Cap
90696,dugofertin 20tab
92245,DUGOFOLA 20 TABS
91414,DUGONER 20 CAPSULES
73988,DULAGEN 10 PACKETS.
88088,DULOXEPRIN 20 MG 28 CAPSULES
76985,DULOXEPRIN 30 MG 28 CAPS
79542,DULOXEPRIN 60MG 28CAPSULES
88704,DULOXIFUTAL 30 MG 30 CAPS
72335,DUODART 0.5/0.4 MG 30 CAP (GSK)
76522,DUOEFFECTUM EYE DROPS 10 ML
47699,DUOTRAV EYE DROPS. 2.5 ML
79164,DUPHALAC 667GM/L SYRUP 200ML
73609,DUPHASTON 10 MG 60 TAB
46795,DURAZAC WEEKLY 90MG 4 DELAYED RELEASE CAPS.
66795,DUREX MUTUAL PLEASURE 3 CONDOMS
87802,DUREX PERFECT GLIDE 50 ML
87804,DUREX REAL FEEL 50 ML
87803,DUREX WARMING 50 ML
60182,DUREX. FETHERLITE ULTRA 3 CONDOMS
8554,DURICEF 1 GM 6 DISPTAB
73495,DURICEF 1 GM 8 TAB
74518,DURICEF 125MG SUSP
74604,DURICEF 250MG SUSP
8975,DURICEF 500 MG 12 CAP
6121,DURICEF 500MG SUSP
64430,DURJOY 60 MG 3 TAB
88202,DURY 10 SACHETS
75013,DUSPATALIN RETARD 200 MG 30 CAP
30289,E-MOX 125MG SUSP
30290,E-MOX 250MG SUSP
1587,E-MOX 500MG CAP
74741,E-MOXCLAV 156MG SUSP
73959,E-MOXCLAV 1GM TAB
61436,E-MOXCLAV 228.5GM
74324,E-MOXCLAV 312MG SUSP
74203,E-MOXCLAV 625MG TAB
82955,E-MOXCLAV 642.9MG/5ML SUSP. 75 ML
74423,E-MOXCLAV SYP 457 MG 70 ML
49636,E-YEAST 20 TAB
92684,eadbaz c 125 ml
58906,EASY SLIM ORLISTAT 120 MG 10 CAPS
79277,EASYCOL BABY ORAL DROPS 15 ML
86860,EAU DE MER ISTONIC NASAL CLEANING 100 ML
154651,EAZEX-LINE GEL 30 GM
88582,EAZEX-LINE GEL 50 GM
88983,EBA-ACT +HB 5 AMPOULES
67534,EBA-ACT HAIR LOTION 120ML
74715,EBAFIX HAIR SERUM 120ML
66311,EBAFIX HAIR SHAMPO 200 ML
90550,EBAMYLASE OR 100ML SYRUP
86924,EBASTINE-BORG 0.1% SYRUP 60 ML
81914,EBASTINE-BORG 10MG 10TABS
47560,EBIXA 10MG 28TAB
88004,ECLATREM 120 GM CR
79218,ECONOPRED PLUS 1% EYE DROPS 5ML
91464,ECOTO 20 PIECES
83684,ECTOHYLO EYE DROPS 20AMP
30100,ECTOMETHRIN 5%EMULSION
73458,ECTOMETHRIN 5%LOTION 50 ML
75329,ECTONEX NASAL SPRAY ADULT
75127,ECTONEX NASAL SPRAY KIDS
33005,EDEMEX 1 MG 20 TAB
90839,EDICIN 1 GM PD. FOR I.V. INF. VIAL
79543,EDUROPAN 20TABLETS
74899,EFALEX 30 CAP
81502,EFECTINIX 5 MG TAB
67464,EFEMYO DROPS 10 ML
37108,EFEXOR XR 75 MG CAP
26676,EFEXOR XR150 MG 14 CAP
82730,EFFEGAD 75 14 CAP
59993,EFLOTISM CREAM 15 GM
90714,EFUCISAN 1% 5GM
66008,EGY-TRON 10 SACHETS
55223,EGY DRONATE 2 TAB
83504,EGY PEDICAL PLUS SYRUP 100ML
81254,EGYCOFER 10SACHET
83146,EGYCUSATE PLUS 30TABS
63217,EGYCUSATE SYRUP 100ML
79161,EGYGASTREAZ 100MG 60ML SUSP
66047,EGYNIR 125 MG SUSP 60 ML
65954,EGYPRO 5 MG 30 TAB
90254,ekiroz 40 mg 14 tab
80037,EKMASONID 9 MG 10 TABS
81512,ELARPIC 20 MG TABS
91003,ELAY 70ML SPRAY
85912,ELBALLERGE 30 MG 100 ML SYRUP
87719,ELBALURAN 20 MG 30 TABLETS
86540,ELBALURAN 80 MG 30 TAB
23031,ELBAVIT SYP 60 ML
73839,ELBAVIT SYP W/IRON 60 ML
47094,ELICA M CREAM 3OM
59702,ELICASAL OINTMENT 15GM
52053,ELICASAL OINTMENT 30GM
23595,ELIDEL CREAM 15 GM
79367,ELIMASSAGE GEL 50GM
79545,ELIMBOSIS 2.5MG
80000,ELIMBOSIS 5MG 30TABS
83330,ELIMOLIVAN 5/160MG 28TAB
68753,ELIQUIS 2.5 MG 20 TAB
68754,ELIQUIS 5 MG 20 TAB
57101,ELITAC CREAM 50 GM
91181,ELIXOZOLID 2MG/ML IV SOL. 300 ML
80385,ELIXOZOLID 600MG 10TABS
92017,ELMODOXACIN 750MG 10 TAB
73684,ELONDA 0.5MG 2 TAB
84465,ELONE KERATIN CREAM 120ML
89315,ELPRO 20 TABS
90462,ELTROXIN-50MCG 100 TAB IMP
89889,eltroxin 100
37837,ELTROXIN 100 MG 100 TAB (ASPEN) IMP
45461,ELTROXIN 50MG TAB
23300,EM-EX 1 MG 1 ML 3AMP
37404,EM-EX 3 MG 3 ML 1AMP
81661B,EMAITOPRIDE 30 TAB
89071,EMANA CHOCOLATE FLAVOR 10 SACHETS
82697,EMBANODEX 5MG ODT
82562,EMBANODEX SYRUP100 ML
91086,EMBROSITOL 1:6.3 FORTE 30 FLIM
90762,EMBROSITOL 40/1-30 TAB
90489,EMBROSITOL 40:1 60 TAB
61970,EMEND 125 GM & 80 MG HARD CAP
66010,EMEREST 4 MG 5 AMP
86533,EMEREST 8 MG 10 TAB
90766,EMEREST 8MG 3 AMP
74602,EMETREX-N AMP
28685,EMETREX 20TAB
88219,EMILIA HAIR OIL ROSEMARY 250 ML
87462,EMILIA LASH SERUM
87975,EMILIA LOTION HAND BODY 212 RED
54312,EMLA CREAM 7.5% 30 GM
63290,EMMYROSA HAIR LOTION 120ML
74968,EMO SOFT CREAM 15GM
30592,EMO SOFT CREAM 30GM
90527,EMPACOMBMET XR 25/1000MG 30 TAB
79549,EMPACOZA 10 MG 30 F.C TABS
78692,EMPACOZA 25 MG 30 TABS
83694,EMPACOZA PLUS 10/5 MG 30 F.C TABS.
84936,EMPACOZA PLUS 25\5MG 30TAB
88411,EMPACOZA TRIO XR 10/5/1000 MG 30 F.C TABLETS
88410,EMPACOZA TRIO XR 25/5/1000 MG 30 F.C TABLETS
91793,EMPACYRL 5/10 30 TABS
92532,EMPACYRL 5/25 30 tab
82622,empagliform 12.5/1000 tab
80060,EMPAGLIFORM 12.5/500 30 TABS
81509,EMPAGLIMAX 10 TAB
89777,ENAROFERTY 30 CAPS
87366,ENCHANTTEUR ALLWRING PERFUM 236 ML
87367,ENCHANTTEUR ENTICING PERFUM 236 ML
87368,ENCHANTTEUR ROMANTIC BODY SPLASH 236 ML
79548,ENDLIXABAN 2.5 20TABLETS
81507,ENDLIXABAN 5 MG TAB
85205,ENDODRAVA 2MG 28 TABS
20458,ENEMACORT
2944,ENEMAX 120ML VIAL
82971,ENERA COLLAGEN 10SACHETS
86565,ENERA SHOTS DRINKABLE AMPOULE
87888,ENERGY HAIR FOOD COCONUT CREAM 200 ML
81886,ENHANTIN 400MG 30CAPS
75190,ENNERVITA 14 CAP
91595,ENNERVITA KIDS 30 CHEW. TABS
90980,ENNERVITA RICH 30CAP
73455,ENRICH ORAL DROPS 30 ML
73541,ENRICH SYRUP 100 ML
47253,ENSURE VANILIA MILK GM
80163,ENTEROGERMINA 2 BILLION 10 VIALS
87445,ENTEROGERMINA 4 BILLION/5ML ORAL SUSP. 10 MINI BOT
92127,ENTRADA SYP 120 ML
74928,ENTRESTO 100 MG 28 TAB
74927,ENTRESTO 200 MG 56 TAB
74991,ENTRESTO 50 MG 28 TAB
91382,ENZYMAX DUOBIOTICS 10 DOUBLE CAPS
59429,EPANUTIN 100MG 100 CAP IMP
20109,EPHEDRINE AMP
90695,epi-dinetra 10 tab
1361,EPI-DINITRA 5MG 30 TAB
46356,EPIAO 4000IU VIAL
59966,EPICEPHIN 1 GM I.M VIAL
73601,EPICEPHIN 1 GM I.V VIAL
64469,EPICEPHIN 2 GM I.V VIAL
74532,EPICEPHIN 500 GM I.M VIAL
1611,EPICOCILLIN 500MG CAP
2797,EPICOGEL SUSP. 180ML
84565,EPICOMB CREAM 15 GM
86835,EPICOPENTIN 300 MG 30 CAPS
88722,EPICOPENTIN 400 MG 30 CAPS
2090,EPICOPHYLLINE PHENOBARBITONE SYRUP
2042,EPICOPHYLLINE SYRUP
79553,EPICOPRED 20MG 20 TABLETS
78730,EPICOPRED 5 MG 30 TAB
19101,EPICOTIL 20 MG 10 TAB
73313,EPICOTIL 20 MG 3 VIAL
779,EPICOTIL SUPP
75835,EPIDERM SOOTHING CREAM 50 GM
81247,epidexone eye oint
23823,EPIDEXONE PLUS 1MG/ML EYE/EAR DROPS 5 ML
73600,EPIDRON 4 MG VIAL
49747,EPIFASI 5000 IU 1 AMP
75737,EPIFENAC 100 MG 20 TAB
47688,EPIFENAC 100MG SUPP
47535,EPIFENAC 25MG SUPP
74705,EPIFENAC 50 MG 20 TAB
83833,EPIFENAC 75 MG S.R. 10 TABS.
75678,EPIFENAC AMP
2243,EPIFENAC DROPS
57849,EPIGONAL75 MG AMP
1416,EPILAT CAP
916,EPILAT RETARD 20 TAB
18103,EPIMAG EFF SACHETS
79550,EPIMIRAFLU 10 CAPSULES
36211,EPINEPHRINE 25 AMP
EPI,EPINEPHRINE AMPOULE ADRINALINE 1MG
18583,EPINOR 400 MG 14 TAB
1576,EPIRAZOLE CAP
30371,EPIRIZINE 10 MG 10 TAB
72576,EPIROVASTIN 10 MG 7 TAB (EPICO)
90390,EPIROVASTIN 10MG 14TAB
72577,EPIROVASTIN 20 MG 7 TAB (EPICO)
89176,EPIROVASTIN20 MG 14 F.C TABS
61119,EPISOPT EYE DROPS 5 ML
1076,EPITENS 30 TAB
87278,EPIZITHRO 200MG/5ML 30ML SUSP.
78596,EPIZITHRO 500MG 3-CAP
76501,EPIZOLONE-DEPOT VAIL
27457,EPOETIN 4000 IU VIAL
92053,EQUITHERA 75MG 50TAB
67316,ERALONER 25MG 20TAB
67308,ERALONER 50MG 20TAB
55579,ERASTAPEX 20 MG 30 TAB
55564,ERASTAPEX 40 MG 30 TAB
75852,ERASTAPEX CO 20\5 30 TAB.
75738,ERASTAPEX CO 40M/5M 30 TABS
75853,ERASTAPEX CO 40M\10M 30TAB.
56173,ERASTAPEX PLUS 20/12.5 MG 30 TAB
56158,ERASTAPEX PLUS 40/12.5 MG 30 TAB
75245,ERASTAPEX TRIO 10/40/25MG 30 TABS
82410,ERASTAPEX TRIO 20M/5M/12.5M 30FILM TALETS
83513,ERASTAPEX TRIO 40/5/12.5
79551,ERDOLYTIC 20 CAPSULES
81592,ERDOSOLVINE 300 MG 10 CAPS
E,EREC 100 MG 12 TAB
72947,ERECTALIS 20 MG 2 F.C. TABS.
91313,ERECTALIS 20 MG 4 F.C.TABS
91807,ERECTALIS 5MG 30TABS
84612,ERECTAMAX 20 2 TAB
89606,erectamax 20mg 4tab
87964,ERECTOBACK 20 MG 2 F.C TABLETS
86781,ERGOPRENO 600.000 I.U./1.5ML 3 I.M./ORAL AMP
89613,ERRICOVAN 20 TABS
85294,ESCANOR VIT 20 TABS
61239,ESCITALOBORG 20 MG 10 TAB
82998,escitapram 20m
87397,esctikana10 mg 28 tab
75322,ESLIZEPINE 400 MG 20 TAB
68763,ESLIZEPINE 800 MG 20 TAB
65942,ESMATAC 20 MG 14 CAP
81679,ESMATAC 40 MG 28 GELATIN CAPS
64443,ESMOPUMP 20 MG 14 TAB
57674,ESMOPUMP 40 MG 14 TAB
6562266,ESMORAP 10 MG
75039,ESMORAP 20 MG 14 CAP
74048,ESMORAP 40 MG 14 CAP
86400,ESMORAP 40 MG POWDER FOR SOLUTION
68762,ESOGERDAZOLE 40 MG MG DR 14 CAP
85284,ESOMEPRAZOLE-EVA 40MG 20 E.C. TABS.
85698,ESOMEPRAZOLE 20 MG 20 TAB
81146,ESOMIUM 40MG 14 S.R. CAPS.
90441,ESOVAXOLE 40MG 28TAB
83129,ESSENTIALE 300MG 30CAPS
84772,ESTERO-MAP 20 MG 30 TABS
83016,ESTERO - MAP 10 MG 30 TAb
47769,ESTIKAN 10MG TAB
47770,ESTIKAN 20MG 14 TAB
73351,ESTOHALT 40 MG 14 CAP
82927,ESTRACEPTIVE 21 TABS
91261,ESTRAVODOSE 2 MG 28 F.C. TABS
55700,ETHOXA 120 ML 250 MG SYRUP
82791,ETICOXIA 90MG 14TABS
81504,ETORICOX-HEXAL 60 MG 30TABS
81505,ETORICOX-HEXAL 90 MG 30TABS
76487,EUCAL CREAM 30 GM
74690,EUCAL CREAM 50 GM
73542,EUCAL GEL 50 GM
91067,EUCAL GEL MASSAGE 30 GM
62131,EUCAL HERBAL MASSAGE GEL 30 GM
88697,EUCAL HERBAL OIL 75 ML
73522,EUCARBON 30 TABS.
90923,EUCERIN SERUM
384,EUMOVATE CREAM
19100,EUROCOX 200MG TAB
63273,EURONEMIA 5 AMP
84911,EUTHROX50MG TAB50
91461,EUTHYROX 100MCG 100TAB
91462,EUTHYROX 100MCG 50TAB
81702,euthyrox 25 ug 100 tab
67312,EUTHYROX 25MG 50TAB
91403,EUTHYROX 50MCG 100 TAB
91460,EUTHYROX 50MCG 50 TABS
91459,EUTHYROX 75 MCG 100 TABS
87456,EVA BEBE LOTION 200 ML
87378,EVA BODY SPLASH 240 ML MYSTIC ORCHID
87560,EVA MEDIUM HEALYHY
74753,EVACULAX 500MG 20 TABS
58219,EVAGRO PURE NATURAL HONEY 250 GM
90785,EVANEOTRIM 120 EXT. F.C. TABS.
47557,EVASTINE 10MG 20TAB
20249,EVASTINE SYRUP 100 ML
73236,EXAMIDE 10 MG 30 TAB
82497,examide 100mg 20tab
73511,EXAMIDE 20 MG 20 TAB
73459,EXAMIDE 5 MG 30 TAB
79558,EXARETIC 10 MG 30TABLETS
79557,EXARETIC 20 MG 30 TABLETS
91050,EXCELSA 20MG 14TAB
90715,EXCEPTION 20 CAP
82570,EXEEDOGAST 40 M TAB
45111,EXELON 3 MG 28 CAP
90551,EXELON 4.6MG
73909,EXFORGE 10/160 MG 14 TAB
73630,EXFORGE 5/160 MG 14 TAB
74304,EXFORGE HCT 5/160 /12.5 MG MG 14 TAB
73463,EXFORGE HCT 10 /160 /25 MG MG 14 TAB
88450,EXIBION 30 TAB
88302,EXOSIRYLIC 250 MG 20 F.C TABLETS
89218,EXOSIRYLIC 500 MG 20 F.C. TABS
90716,EXOSPAST 100MG 30 TAB
47320,EXTRA CREAM
59550,EXTRAGESIC 400 MG 20 TAB
88261,EXTRAUMA DNA 40GCREAM
66835,EXTRAUMA DNA CREAM 25 GM
73334,EXTRAUMA FORTE GEL 25 GM
75185,EXTRAUMA FORTE GEL 40 GM
56785,EXTREME 20 PIECES
30510,EXUPAR 15 MG 20 TAB
92557,EYE DAILY VIT 30 CAP
86382,EZACARD 100 MG 30 TABS
18192,EZACARD 75MG 30 TAB
46465,EZAMOL C 20TAB
87348,EZAPRIL-CO 20/12.5MG 30 TABS
88332,EZAPRIL 10 MG 30 TABLETS
73249,EZAPRIL 20 MG 20 TAB
88259,EZAPRIL 20 MG 30 TABS
58633,EZOGAST 20 MG 14 CAP
87843,ezogast 40 28 capsules
76716,EZOGAST 40 MG 14 CAP
91695,EZOKO 100/60 MG 8 F.C. TABS
82772,FAGLOZINO 10MG TAB
82820,faglozino 25mg 30 tab
73875,FAKTU 8 SUPP
73631,FAKTU OINTMENT 30 GM
90081,fam 10mg 30tab
88087,FAMICHEW 30 CHEEWABLE TAB
18856,FAMOTAK 20MG TAB
23141,FAMOTAK 40MG 20TAB
33094,FAMOTIN 40MG TAB
84748,FANGRARE SHOWER GEL 200 ML
19009,FARCOCIN CREAM 20 GM
19011,FARCOCIN OINT
7623,FARCOLIN SOLUTION
73094,FARCOLIN SYRUP 120 ML
16584,FARCOTILIUM SYRUP
81224,FARCOVIT B12 30 TABS
75140,FARMACTIVE SILVER SPRAY 125 ML
81222,FAROVIGA 100MG 12 F.C. TAB
50396,FAST CARE D ANTIDANdruff SHAMPOO 150 ML
50394,FAST CARE P SHAMPOO 250 ML
81832,FAST FREEZE GEL 100 GM
83182,FAST FREEZE SPRAY
18942,FAST SYRUP
56686,FASTCURE 40 MG 14 CAP
47546,FASTCURE 20 MG 14 CAP
80996,FASTEL 120 MG 20 F.C TABS.
80963,FASTEL 180 MG 20 TAB
77087,FASTER GEL 80GM
87044,FASTER HAIR BACK BLACK GARLIC OILEX OIL 100 ML
87505,FASTER HAIR BACK OILEX OIL CAFFEINE
77089,FASTUM GEL 15GM
74290,FASTUM GEL 60 GM
91757,FAT BOM 30 CAP
75173,FATTACHE GUIDE 30 TAB
46839,FAVERIN 100 MG 30 TAB
1684315,FAVERIN 50MG 60 TAB
fa,FAWAR FRUIT 6 SACHETS
78358,FAYCID HAIR OIL 60 ML
63146,FEBURIC 120MG 10TAB
81451,feburic 40 mg tab
65945,FEBURIC 80MG 30TAB
74202,FELDENE 20 MG DISPERSIBLE 10 CAP
74757,FELDENE 20 MG DISPERSIBLE 10 TAB.
78175,FELDENE 20MG/ML I.M. 3 AMP
74127,FELDENE 20MG/ML I.M. 6 AMP.
6773,FELDORAL AMP
80691,FEMAPENT 2.5MG 14 TABS
91463,FEMAPENT 2.5MG 30 TABS
32365656,FEMARA 2.5
41034,FEMARA 2.5 MG 30 TAB
87105,FEMI LIQUID CLEANSER
fem,FEMOGESAL 0.03/0.075MG 21 F.C.TABS
91368,femoston2/10mg 28 tap
86023,FEMTONEX FOR WOMAN 30 TABS
11253,FENISTIL DROPS
79234,FENTEX MOUTH SPRAY 60 ML
91984,FENUPOLYEN 30 CAP
90781,FERLAGE 20 CAPS
89006,FERMED 100MG/5ML 5 AMP
59738,FERNILAR 20 TAB
59336,FERNILAR SYRUP
90620,feroglobi b12 liquid syrp
74187,FEROGLOBIN 30 CAP
87820,feroglobin 30 cap مستورد
74574,FEROGLOBIN SYRUP 120 ML
91446,FEROJUST 30 CAPS
11737,FEROSAC 100MG/5ML 5 AMP.
79555,FERRINO 30 TABLETS
66077,FERROBELLA LIQUID CHOCOLATE 350 GM
82514,FERRODEP 150 ML SYP
81972,FERRODEP 30 CAP
78139,FERRODUONAL 30-CAP
47691,FERROFOL CAP
82909,FERROHEALTHY 120ML SYRUP
85545,FERRONEX PLUS 20CAPS
83752,FERROPOLYN 30 CAPS
84408,FERROSWAB ORAL SOLUTION 20 UNIT
92000,FERROTRON 30 CAP
92452,FERROTRON FORTE 30 CAPS
85142,FERTINA BONAVIDEA 30 HARD CAPSULES
83020,FERTITONEX 30 CAP
84661,FETTARM DROPS
89244,FEVONOXOL 1 GM 20 TABLETS
17820,FEWMIG CAP
47270,FEXON 120MG TAB
40551,FEXON 180MG TAB
91427,FEXOSTADINE 120 MG 20 TABS
88213,FIANCEE ANION & CASTOR 240 ML CREAM
88214,FIANCEE LEMON & ALOE 240 ML CREAM
61994,FINASTURA 5 MG 30 TAB
83600,FINE DERM CREAM 30GM
83601,FINE DERM CREAM 50GM
91624,FINOXLAB 20 MG 20 F.C.TABS
86214,FIRSTVOC HAIR LOTION 120 ML
88767,FIRSTVOC SHAMPOO&COONDITIONER FRIZZ CONTROL 200 ML
88504,FISH TOOTHBRUSH SILICONE
84958,FITAMART CREAM 50GM
86089,FITMOTUS 30 F.C. TABS.
79387,FITO CREAM
57416,FITT-BAR SOAP
40055,FLABU DROPS
83319,FLACORT 30 MG 20 TABS.
82923,FLACORT 6 MG 20 TABS.
3220,FLADAZOLE 500 MG 4 TAB
46667,FLAGELLAT FORTE 200 MG SUSP
90253,flagoshown 20 tab
73371,FLAGYL 500 MG 20 TAB
73296,FLAGYL SUSP 125 MG 100 ML
81452,flamifast 50 mg tab
63147,FLAMIFAST 50MG 30 TAB
91016,FLAMOFENAC 5ML EYE DROP
75036,FLAMOGEN 30 TAB
86315,FLAMOGEST 30 TABS
63999,FLAMOTAL 400MG 30TAB
63152,FLAMOTAL 600MG 20TAB
57836,FLAMOTAL 800 MG 10 TAB
79736,FLASH ACT 9 SACHETS
32190,FLATIDYL 30 CHEWABLE TAB
84307,FLAVICEF 100/5ML 30ML SUSP
81695,FLAVICEF 100/5ML 60 ML SUSP
57324,FLAVICEF ORAL SUSP 60 ML
75187,FLAZACOR 30 MG 10 TAB
43854,FLAZACOR 6 MG 10 TAB
55989,FLEBOTON 3 AMP
73208,FLECTOR 50 MG 30 CAP
73142,FLECTOR GEL 25 GM
79364,FLEXEZE MASSAGE GEL 50GM
65946,FLEXILAX 50/500 MG 30 TAB
18209,FLEXOFAN 20 CAP
85083,FLEXOLYTE 240 ML CALASIC
82449,flexolyte 240 ml orange
82450,FLEXOLYTE STRAW. ORAL REHYDRATION SOL. 240 ML
55141,FLEXPRO EXTRA 20 TAB
64094,FLIX NASAL SPRAY 50 MCG/METERED SPRAY DOSE
73840,FLIXONASE SPRAY
249,FLIXOTIDE EVOHALER 125 MG
74404,FLIXOTIDE DISKUS 250MCG
75114,FLIXOTIDE EVOHALER 50MCG
65934,FLOPADEX 4 MG 20 CAP
75515,FLOPADEX 8 MG 30 CAP
87004,FLORAX 20 CAP
82481,FLORAX 24PIECES 2STRIPS
74566,FLOTAC 75 MG 20 CAP
85444,flowadjust 25 30 tab
73709,FLOXAMO 1 GM 16 TAB
79195,FLOXEPCI 10 TABLETS
90615,FLOZIGLIPTIN 10/5 MG 30 F.C. TABS
49613,FLU-C EFF 6 SACHETS
23033,FLUB SUSP
53784,FLUCA DROPS 5 ML
30350,FLUCAMOX 1GM VIAL
18842,FLUCORAL 2CAPS
92298,FLUCORAL 4 CAPS
74308,FLUGENIL 600 MG 10 VAG OVULES
74906,FLUGENIL VAGINAL GEL
64363,FLUIMUCIL 600 MG 10 EFF TAB
73785,FLUMOX 1 GM I.M/I.V. VIAL
73486,FLUMOX 1000MG 15CAP
73496,FLUMOX 250MG CAP
73310,FLUMOX 500 MG 16 CAP
81458,flunzapine 12/50 cap
81456,flunzapine 6/25 cap
91137,FLUOROCARE ORAL GEL
34952,FLUOXETINE CAP
FLU,FLUREST 20 TAB
84597,FLUROFLOX 400 mg 10 TAB
59476,FLUROQUINOMOX 05% 5 ML
20148,FLUTIN CAP
17360,FLUVER SUSPENSION
20149,FLUVER TAB
48174,FLUXOPRIDE 5 MG 30 TAB
89261,FOCUSTIN 250MG/5ML SYRUP 60 ML
89184,FOCUSTIN 500 MG 20 CAPS
87828,FOGG OSSUM FANTASY 120 ML
86136,fogg spray fizzy dew 120 ml
89941,FOLAFLIC 20 CAPS
77091,FOLDEX CREAM 50ML
86930,FOLEX 30 CHEW. TABS
73297,FOLIC ACID (MEPACO) 500 MCG 20 TABS.
77759,FOLIC ACID 5 MG 20-TAB EPICO
78323,FOLIC ACID 5 MG 30 TABS
89663,FOLIC B COMPLEX 20 TABS
77086,FOLICAP 2.5MG 24-CAP
92100,FOLIPLEX LOZENGES
86777,FOLLIGANT SHAMPOO 250 ML
46674,FOLLITONE HAIR OIL 120ML
38776,FOLLITONE HAIR SPRAY
87927,FONDACLAV 1 GM 12 F.C TABLETS
78381,FOOT SMART CREAM 60 GM
89363,FOR KIDS D3 400 I.U./DROP ORAL DROPS 15 ML
91854,For Kids Parrot Syurp
81337,FORACT MASSAGE CREAM 50GM
89600,FORADIL 60CAPS
78342,FORBUDES 400/12MCG 60 INH. CAPS.+INHALER
81449,FORFLOZIN 10 MG 30 F.C.TABS
86535,FORFLOZIN 5 MG 30 TABS
83846,FORMAMY 30 TABS
87880,FORMAMY NIPPLE CREAM 50 GM
91794,FORMAMY SCAR GEL 30 ML
75614,FORMOHALE 12 UGM 30 CAP
74243,FORTAMIND 100MG/ML ORAL DROPS 30 ML
77090,FORTAMIND 1GRAM 5-AMP
77295,fortazedim 1g vial
66326,FORTIBIOTIC 1500 MG VIAL
81938,fortibone 10 sachet
82800,FORTIFERRUM 14 SACHET
67408,FORTRUSTEP 60 MG 6 TABS
73417,FORTUM 1 GM VIAL
73538,FORTUM 500MG VIAL
59478,FORTYMOX 0.5% 10 ML
79215,FORTYMOX PLUS EYE DROPS
3954,FORXIGA 10 MG 28 TAB (ASTRAZENECA)
77107,FORXIGA 5MG 28-TAB
18268,FOSAMAX 70MG TAB
46832,FOSAVANCE 70MG/2800UI 2TAB
59560,FOSTIMON 150 i u VIAL
10409,FOSTIMON 75 I.U VIAL
90676,FOSTINEOCORT 20GM
92130,FOSTMON 150 I.U
98259,FOUR VENT SYRUP 125ML
88400,FOWGO 30 SOFT GELATIN CAPSULES
80105,FOX-125MG 10TABS
92036,FOXILAGE 30 ML ORAL DROPS
32130,FOXIME 1 GM IM VIAL
77093,FOXIME 500MG VAIL
39916,FREE BABY SYP
91165,FREE SYRUP
83353,FREE VIT 20 TABLETS
85525,FRESH BREATH STRAWBEERY SPRAY 30ML
87469,FRIOMED MASSAGE GEL
87468,FROST MAX TOPICAL SPRAY 200 ML
55841,FROST SPRAY 100 ML
66043,FROST TOPICAL GEL 100 GM
84169,FUCI-TOP-C CREAM 15 GM
65503,FUCICORT 20 GM CREAM
56040,FUCICORT 30 GM CREAM
77303,FUCICORT CREAM 15GM
74691,FUCIDEL CREAM 15 GM
77095,FUCIDIN 20GM CREAM
74240,FUCIDIN CREAM 15 GM
73290,FUCIDIN CREAM 30 GM
10745,FUCIDIN OINT 15 GM
74692,FUCIDIN OINTMENT 20 GM
73548,FUCIDIN OINTMENT 30 GM
90995,FULPRAZAL 40 MG 14 CAPS.
83006,FULPRAZAL 40MG 20 TABS
74767,FUNGIBACID NAIL SOLUTION 5 ML
81735,FUNGICAN 150 MG 2 CAP
19691,FUNGICARE SOAP 80 GM
86086,FUNGICLEAR 200 MG 4 CAPS
89423,FUNGILIMIT 200 MG 10 F.C.TABS
1088,FURAZOL TAB
83361,fusamic 10 mg
89701,FUSI-ZON CREAM 30 GM
91390,FUSI 2% OINT. 30 GM
83120,FUSI 30GM CREAM
74268,FUSI CREAM 15 GM
83258,FUSI CREAM 30GM
76429,FUSI OINT 15 GM
73764,FUSI ZONE CREAM 15 GM
10971,FUSIDERM CREAM
10975,FUSIDERM OINT
84259,FUTACOXIB 60 MG 30 TABS
91458,FUTACOXIB 90 MG 30 TABS
81196,FUTAPAN 40 MG 1 VIAL
85556,FUTAPAN 40 MG 28 TABS
81834,futapan 40mg 28 tablets
92489,FUTAPRAMIN 20 MG 30 TAB
72848,FUTATREAT 500 MG 20 TAB
79605,FUTAVILDIX 50/1000 MG 30 F.C. TABS.
79606,futavildix 50/850mg 30tablets
90406,g l mama check
81833,g*t*n mega star
GC,G.C.MOL 250ML 6 SACH
80360,g.t.n. cream
63151,GABALEPSY 300 MG 20 CAP
89465,GABAPENTIN 100MG 30CAPS
81219,GABAPENTIN 300MG 30 TABS
87402,gabapentin 800 20 tab
90859,GABAVERONA 300 MG 30 H.G. CAPS
90259,GABAVERONA 400 MG 30 H.G. CAPS
67208,gabimash 300mg 30 tab
84225,GABIMASH 800MG 30 CAPS
73341,GALVUS 50 MG 28 TAB
gal850,GALVUS MET 50 MG 850 MG 30 TAB
gal500,GALVUS MET 50 MG /500 MG 30 TAB
gal1000,GALVUS MET 50/1000 MG 30 TAB
84935,gamabion tab
84330,GAMAFER 20TAB
85207,GAMAGEN GEL 60 GM
89062,GAMASTEINE 10 SACHETS
90022,GAMATERN 20 TABS
88919,GAMPYRCETAL 1 GM/100ML VIAL FOR I.V. INF
87161,GAMRENO 20CAPSULES
27539,GANATON 50 MG 30 TAB
79608,GANTOLIEF 50 MG 30 F.C.TABS.
67457,GANVIR EYE GEL 10 GM
73275,GAPTIN 100MG 30CAP
46714,GAPTIN 300MG 20CAP
47574,GAPTIN 300MG 30CAP
47575,GAPTIN 400MG 30CAP
18479,GARAMYCIN 20MG 6 AMP
18199,GARAMYCIN 40MG AMP
73878,GARAMYCIN 80MG 3 AMP
75635,GARAMYCIN CREAM 15gm
92238,Garamycin cream 30gm
77101,GARAMYCIN OINT 15GM
83811,GARIPE WATER SMILE 120ML
87806,GARNIER SKIN ACTIVE FAST CLEAN 2% 150 ML
87999,GARNIER SKIN ACTIVE FAST CLEAN 50 ML
55592,GAROPRIDE 50 MG 30 TAB
73608,GASIFLATYL 40 MG 30 CHEWABLE TABS
54779,GASMOVAC 30 TABS
84967,GASMOVAC 5 MG 30 TAB
73848,GAST-REG 100MG 30 TAB
73357,GAST-REG 200 MG 30 TAB
40049,GAST-REG 50MG 3AMP
73214,GAST-REG SYRUP 125 ML
64009,GASTORELIVE 50 MG 30 TAB
75083,GASTROBIOTIC 200 MG 20 TAB
82482,GASTROBIOTIC 200 MG 30 F.C. TAB
73902,GASTROBIOTIC 550 MG 30 TAB
89672,GASTROBIOTIC 550 MG 20 F.C. TAB
17389,GASTRODOMINA 20MG 20 TAB
20665,GASTRODOMINA 40MG 30TAB
941,GASTROFAIT 1GM TAB
47644,GASTROLOC 40 mg 20CAP
17702,GASTROMOTIL SUSP
90220,GASTROPEXY 10 MG 28 TAB
88421,GASTROPEXY 20 MG 28 TABS
79400,GASTROTIDIN 3 AMPULES
91926,GASTROTIDIN 6 AMP
90628,GATAREXIB 90MG 30TAB
74578,GATISTAR 0.5 % EYE DROPS 5 ML
86852,GATZA SEA WATER 60ML
74227,GAVISCON ADVANCE 150 ML SYRUP
GND,GAVISCON DOUBLE ACTION 24 SACHETS
GN,GAVISCON LIQUID 24 SACHETS*10 ML
92018,GEENBEST MASSAGE CREAM 75GM
82078,GELINOSE GEL 20 GM
88124,gelogar agar drops
64461,GENGIGEL GENGIVAL GEL 20 ML
68952,GENGIGEL HYDROGEL 150ML MOUTH RINSE
72019,GENGIGEL TEETHING GEL 20 ML
92643,GENICN MOIST LIP BALM 15 GM
9300,GENTIAN VIOLET 1% 15 GM
80912,GENUPHIL 10 sachets
83621,GENUPHIL 30 SACHETS
73205,GENUPHIL ORIGINAL 50 TAB
77083,GENUPHIL SYRUP 250ML
89019,GENUPHIL WOMAN 10 SACHETS
88371,GEO ALIN 20 tablets
74762,GEO POTA-K 600 SR 30 SUGAR TAB
60425,GEOCAND PLUS 16.0MG 21 TAB
86627,GEOPROST 30 TABS
81463,GERDCARE 5mg 30tab
83918,germa 30ml
83094,GERON 20 PIECES
84901,GESOMEZOL 40 14 TAB
85120,GESTAFEMIN 21 tab
28026,GESTONE AMP
79869,GESTRANIL 21TABS
91101,GIFLOG 10 MG 30 F.C. TABS.
88938,GIFLOG 25 MG 30 F.C. TABS
54602,GINCOSTAZEN 30 CAP
11848,GINGER TAB
91366,GINIPIN 60 CAPS
82864,GINIPIN WITH VITAMINS C-E
73457,GINKGO BILOBA 30 CAP
65733,GINKO ORAL DROPS 30 ML
73687,GINKO PLUS 20 CAP
86762,GINKOFIT 30 CAPS
90726,GINKONORO PLUS 30 CAP
89790,GINKORAVIA 80MG 20CAPSULES
61738,GINSENG COMPLEX 75 CAP
91734,GINSO MAX 30 CAPSULE
63232,GIRLY CREAM 100G
55448,GIRLY HAIR OIL 120 ML
80128,GIRLY SHAMPOO 250ML
23302,GIT 20 CAP
64010,GLAPTIVIA 100 MG 30 TAB
85346,GLAPTIVIA PLUS 50/1000 MG 30 TABS
84636,GLAPTIVIA PLUS 50/500 MG 30 TABS
91811,GLARGIVIN 100 I.U./ML 5 CARTRIDGES
60885,GLARYL 2 MG 30 TAB
56433,GLARYL 3 MG 30 TAB
56432,GLARYL 4 MG 30 TAB
90782,GLASBIFLU 20 TABLETS
85026,glasbylong 60 mg 3 tab
83829,GLEAM MIX 50gm CREAM
83828,GLEAM MIX FOR ACNE PRONE FACIAL WASH 150 ML
90992,GLEAM MIX SUNSCREEN CREAM 50MG
55515,GLEMAX 4 MG 30 CAP
77293,glenosalic 15gm oint
86833,GLEPTOMET 50/1000MG 30 F.C.TABS
197345,GLEPTOMET 50/500MG 30 F.C.TABS
82752,gliflozamet 12.5/1000 xr t
81362,gliflozamet 25mg/1000mg xr
81097,GLIFLOZINO 10MG 30TAB
82509,GLIFLOZINO 5MG 30TAB
46707,GLIMADEL 1MG 20TAB
76301,glimadel 3mg 30tab
82852,GLIMADEL 4 MG 30 TAB
68783,GLIMEPIRIDE-PLUS 4/30 MG 30 TAB
47556,GLIMET 30TAB
53461,GLIMET FORTE 800/5 MG 30 TAB
81218,GLIMPACARE 10 MG 30 TABS
80322,GLIMPACARE 25MG 21TABS
91141,GLIMPACARE PLUS 10MG/5MG 30 TAB
88071,GLIMPACARE PLUS 5/25 30TAB
86858,GLIPTALINA 2.5/1000MG 30 F.C. TABS
89756,GLIPTALINA 2.5/500MG 30 F.C. TABS
92147,GLIPTALINA XR 5/1000MG 30 F.C. TABS
84962,gliptopack 25mg 30tab
73140,GLIPTUS 50 MG 30 TAB
73910,GLIPTUS PLUS 50/1000 MG 30 TAB
88409,GLIPTUS PLUS 50/500MG 30 TABS.
74152,GLIPTUS PLUS 50/850 MG 30 TAB
89313,GLOBA 20 PCS
79160,globaprop 120ml syrup
80123,glomethasone 3 ampules
88764,GLOSSY CONDITIONER CREAM WITH KERATIN 200 GM
92637,GLOWELIXIR GEL 50 GM
91297,GLUCOADJUST 12.5/500 MG 30 F.C. TABS
75110,GLUCOLIGHT XR 1000 MG 30 TAB
91675,GLUCOLIPTIN M XR 5/1000MG 30 F.C.TABS
92564,GLUCOLIPTIN M XR 5/1000MG 30 TABS
33062,GLUCOPHAGE 1000 MG TAB
20202,GLUCOPHAGE 500 MG TAB
75601,GLUCOPHAGE XR 1000 MG 30 TAB
87234,GLUCOPHAGE XR 500MG
64428,GLUCOSE 10% 500 ML
21993,GLUCOSE 5% 500 ML
71802,GLUCOSE 5% 500 ML FIPCO
GLU,GLUCOSE 5% 500CC
77919,GLUCOVANCE 1000/5MG 30 F.C TAB.
73228,GLUCOVANCE 500/2.5 MG 30 TAB
73508,GLUCOVANCE 500/5MG 30TAB
89630,GLUTANA 30 CAPS
85473,glybofen 2.5\500mg 30tab
73766,GLYBOFEN 5/1000 MG 30 TAB
82957,GLYBOFEN 5/500MG 30 F.C TABS
45203,GLYCERIN ADULT SUPP GALAXO
73987,GLYCERIN ADULT SUPP PHARCO
19027,GLYCERIN INF SUPP (GALAXO)
6884,GLYCERIN INFANTILE 5 SUPP. (PHARCO)
74446,GLYCODAL 30 TAB
91720,GOLD EXTEND 120ML
79405,GOLD FEM FOAM 150ML
73588,GOLD PLUS VAG.DOUCHE 250 ML
91389,GOLDEN FER-F 30 CHEW. TABS
82395,GOLDEN FER 100ML SYRUP
67211,GOLINO TECH 0.5 MG 2 TAB
91364,GONABE 20 CAPSULES
84329,GONAPURE 150 I.U 10 VIALS
67539,GONAPURE 150 I.U./ML I.M./S.C. 1 VIAL
67543,GONAPURE 75IU
79643,gonatestone amp
90480,GONE -SHAMPOO
83630,gotal whiteing lotion 75ml
87125,GOURYST 0.5 MG 100 TABS
65940,GOUTIFADE 40 MG 30 TABS
81326,GOUTIFADE 80 MG 30 TAB
76298,goutyless 30tab
75741,GOUUTYLESS 30 TAB
79602,GRALIPENTIN XR 300 MG TABS
79603,GRALIPENTIN XR 600 MG 30 TABS
30188,GRAND VIT IRON SYP
88089,GRANITRYL 1 MG/1 ML 6 AMPOULES
79601,granitryl 2mg 5tablets
55726,GRANITRYL3 MG 6 AMP
68785,GRAPEXON 30 CAP
88264,GRAPEXON ADVANCE 30 CAPSULES
27699,GREEN TEA WITH MINT 12 FILTER
92680,GREENTAL 30 CAPS
39937,GREENY CAP
27200,GRIPE WATER BAMBINO SYRUP 120 ML
80961,GRIPEWATER SMILE 120ML
18115,GROWTH FORMULA ADULT CHOCOLATE
78559,GROWTH FORMULA BANANA WG 400 GM POWDER
69392,GROWTH FORMULA CHOCOLATE 10 SACHETS 330 GM
91696,GROWTH FORMULA FOR KIDS STRAWBERRY 10 SACHETS
76239,GROWTH FORMULA FOR PREGNANT WOMAN CHOCOLATE
12182,GROWTH FORMULA KIDS BANANA
40648,GROWTH FORMULA KIDS CHOCOLATE 400GM
18671,GROWTH FORMULA KIDS STRAWBERRY 400GM
18122,GROWTH FORMULA KIDS VANILIA
81925,GROWTH FORMULA PREGNANT WOMAN 250 GM VANILIA
87658,GROWTH FORMULA SILVER 50 + CHOCLATE
78560,GROWTH FORMULA STRAWBERRY WG 400 GM POWDER
77100,GROWTH FORMULA WG ADULT VANILLA
86845,GROZA 20 TABS
90875,GROZAX 3000 SYRUP 70ML
76519,GTN cr 50gr
GTN,GTN CREAM
22363,GUAFLEX SYRUP
87769,GUAIADESCA SYRUP 120 ML
11706,GUAVA SYRUP 120 ML
91110,GYBENASH 400 MG 30 CAPS.
88329,GYBENASH 600 MG 30 CAPSULES
GYN,GYNERA 21 C. TABS
47342,GYNOCONAZOLE 0.4% VAG CREAM
74172,GYNOCONAZOLE 0.8% VAG CREAM
47931,GYNOCONAZOLE 80 MG VAG 3 SUPPS
74137,GYNODAKTARIN VAGINAL CREAM
89698,GYNOMONIX 80 MG 3 VAG. OVULES
88017,GYNOMONIX VAGINAL CREAM 30 GM
82206,gynoprogest 2mg tabs
73661,GYNOTRAZONAGEN 600 MG 3 VAGINAL OVULES
77084,GYNOZOL 200MG 6-V.CAP
73309,GYNOZOL 400MG 3VAGINAL SUPP
75203,GYNOZOL VAGINAL CREAM
90427,GYPOLIN 120MG SYRP
88703,GYPRAVASTIN 20 MG 7 F.C. TABS
48228,HAEMACTIN 20 CAP
74603,HAEMOJET AMP.
55115,HAEMOJET SYRUP 100 ML
4497,HAEMOKION 10 MG 3 AMP
4546,HAEMOSTOP AMP
87594,HAHYAH CICA LAB GEL APPAISANTE 50 ML
87578,HAIR BACK OILEX OIL FOUR 100ML
10735,HAIR BACK PLUS 2% LOTION
51530,HAIR PLUS BACK 5% TOPICAL FOAM 100 ML
27692,HAIR PLUS BACK 5% LOTION
61210,HAIRODEX HAIR SERUM 120 ML
88298,HAIROOTS CREAM 100 ML
88300,HAIROOTS HAIR MASK 150 ML
88297,HAIROOTS SHAMPOO 200 ML
80434,HAIRTONIC FOR HEALTHY HAIR 60CAPS
90025,HAIRVOGINE 30 TABS.
12402,HALDOL DECANOAS 50 MG/ML AMP.
83897,halnide 400mg 60tab
58090,HALONACE 1.5 MG 10 TAB
58248,HALONACE 5 MG 10 TAB
40048,HALOPERIDOL 5 AMP
29244,HALOPERIDOL RETARD 1AMP
81343,halopredol 5 mg amp
21225,HALORANGE SYRUP 60 ML
90603,HAMMER OF THOR 30 CAP
81022,hanzo 10 sachets
88054,HAPPINESS BABY DREAMS SHAMPOO 400 ML
HO,HARD-ON 130MG 6TABS IMP
61014,HARVY SPRAY SOLUTION 120 ML
43820,HAYAH UREPAR 10% UREA FOOT CREAM 75 ML
89197,healiorptic 100mg 20tablets
49703,HEALOSOL SPRAY 150 ML
73846,HEALSEC 10 MG 14 CAP
73507,HEALSEC 20 MG 14 CAP
57726,HEALSEC 40 MG 14 CAP
92711,HEALTHFEROL 30 TABS
85214,healthy B C
47154,HEBITAXIME 1000MG VIAL
47155,HEBITAXIME 500MG VIAL
61790,HELARIUM CREAM 15 GM
46418,HELARIUM CREAM 30 GM
66038,HELERTEX CREAM 30 GM
49578,HELERTEX CREAM 50 GM
23006,HELI-CURE 500/20/500 MG 14 E.C. TAB
87109,helpa 20 tablet
73319,HEMOCLAR CREAM 30 GM
87401,HEPACHAIN 30 TAB
18895,HEPAMARIN 140MG 30 CAPS
58993,HEPARIN SODIUM 3 AMP
23122,HEPATICUM 30CAP
17106,HEPATICUM SYRUP
65523,HEPATO-FORTE 30 CAP
90894,HEPTA CARBAMIDE BODY LOTION 120 ML
91916,HEPTA CARBAMIDE BODY WASH 4*1 BODY WASH 300ML
85097,HEPTA CARBAMIDE CREAM 50 GM
91997,HEPTA CARBAMIDE TWENTY WITH 20% UREA 50GM
83228,HEPTA PANTHENOL 50mg CREAM
90351,HEPTA PANTHENOL CREAM MAX FOR FACE AND BODY
91326,hepta panthenol cream pink 50 gm
83306,HEPTA PANTHENOL HAIR CREAM 100GM
91327,hepta panthenol hair mask 300 gm
89124,HEPTA PANTHENOL HAIR OIL 120 ML
85210,HEPTA PANTHENOL KIDS HAIR CREAM 100 GM
90349,HEPTA PANTHENOL PLUS CARBAMIDE
91827,HEPTA PANTHENOL PLUS CARBAMIDE BODY LOTION 120 ML
89138,HEPTA PANTHENOL RICH BODY LOTION 100 ML
88238,HEPTA PANTHENOL RICH BODY LOTION 250 ML
81091,herba trend 10 bags
91647,HERBA TREND 25 BAGS
87135,HERBAL SENSATION HAIR MASK WITH ARGAN OIL 600ML
64115,HERBAMIX PLUS SERUM 120 ML
22319,HERBAMIX SHAMPOO 200ML
87627,HERBANA 30 CAPS
67234,HERMPRO 10 MG 20 TAB
80369,HERO 8CEREALS &APPLE WITH MILK 150GM
90837,hero baba potato 120gm
90496,HERO BABY 8-CERALS VEGETABLES+MILK
47798,HERO BABY APPLE COMPOTE 120GM JAR
75263,HERO BABY AR MILK
80500,HERO BABY DIGEST MILK 400G
80664,HERO BABY FEH 400 GM
75431,HERO BABY HA MILK
66292,HERO BABY LF MILK
47796,HERO BABY MILK 1
47797,HERO BABY MILK 2
47781,HERO BABY MIXED FRUITS JAR
82606,HERO BABY NUTRADEFENSE 1 PLUS MILK 400 GM
58236,HERO BABY Nutradefense 2 MILK
58237,HERO BABY Nutradefense PLUS 3 MILK
79566,HERO BABY NUTRASENSE 1 MILK
80227,HERO baby NUTRASENSE 2 400GM MILK
81296,HERO BABY NUTRASENSE 3
64572,HERO BABY PRUNES
52222,HERO BABY WHEAT& OAt FOLLOW ON MILK 150 ML
57401,HERO BABY YOGHURT PEAR JAR
89743,HERO ORS STRAWBERRY
87814,hero ors محلول جفاف
89491,HERO PRO DROP 7.5 ML
90415,HERO VI D3 15ML DROPS
89684,HERO VITAMIN D3 + K2 DROPS 10 ML
90799,HERORASH CREAM 60 GM
85884,HEROXACIN 500MG 10 TABS
73250,HEXITOL MOUTHWASH 100 ML
89247,HEYA A2Z FEMININE WASH 250 ML
21441,HI-CAL SYRUP
28429,HI-GLITAZONE 15MG TAB
81441,hi-glitazone 30 mg tab
3676,HI POTENCY FORMULA30 CAP
79365,HI_COOL MASSAGE CREAM 100 GM
73234,HIBIOTIC 1000 MG 16 TAB
3454,HIBIOTIC 375 MG 20 TAB
73798,HIBIOTIC 625 MG 16 TAB ANTI_B
77113,HIBIOTIC N 228.5 SUSP
73646,HIBIOTIC N 457 MG SUSP 60 ML
73989,HIBIOTIC N 600 MG SUSP
75445,HIDERM CREAM 50 GM
28428,HIDERM LOTION 100 ML
61237,HIDERM SOAP 75 GM
75854,HIDRASEC 100MG. 10CAPS
28957,HIGH SEAS SYP
73385,HIHAEM IRON 1000 MG 30 CAP
60912,HIMAX SPRAY 100 ML
47994,HIMAX CREAM 30 GM
88578,HIMAX VIT SYRUP
19410,HIPAMAX 20CAP
23264,HIPAMAX PLUS 20CAP
60792,HIPANTHEN PLUS CREAM 60 GM
62382,HIPANTHEN PLUS SKIN LOTION 120ML
76486,HISATRUP 10MG 30TAB
16853,HISTAFREE TAB
90223,HISTAMEDIZEN 30MG/ML
80361,HISTAZINE1 20 TABS
40004,HISTAZINE1 DROPS
73501,HISTAZINE1 SYRUP 100 ML
48178,HISTOTEC 16 MG 20 TAB
90642,HOFFLASE ORAL DROPS 20ML
86438,HOSTI REST SYRUP 120 ML
89198,HPG GINKGO 40 MG 20 F.C. TABS
74688,HUMALOG 100 U/ MI KWIKPEN
77255,HUMALOG 100U/ML 5-CARTRIDGES
65508,HUMAN ALBUMIN 20% 1 VIAL 50 ML
91924,HUMAXIN MIX 70/30 100 I.U./ML 5*3ML PENFILLS
72337,HUMIRA 40MG/0.8ML 2 AMP
10660,HUMULIN 70/30 5 CARTRIDGES ممنوع التجزئة
85152,HUNTER CREAM 50MG
85850,HYACARENOL 10ML EYE DROPS
79356,HYALO 4 100GM CREAM
68861,HYALO4 CONTROL CREAM 25 GM
84114,hyalo4 skin cream
68860,HYALO4 SKIN GEL 30 GM
90597,HYALONE 60MG
91658,HYALONE 60MG 4ML INTRA-ARTICULAR PREFILLED SYRINGE
90802,HYCYANARO 1.5 % EYE DROPS 5 ML
88915,HYDRABACK 4SACH
35860,HYDRAFEET CREAM 60 GM
89629,HYDRATEARS EYE DROPS 10 ML
73956,HYDRO-SAFE 10 SACHETS
62016,HYDROCORT TOPICAL CREAM 20 GM
78253,Hydrocortisone 100mg VIAL
73558,HYDROFERRIN DROPS 30 ML
90265,HYDROFERRIN SYR 50MG/5ML
85043,HYDROFUSIDIC CREAM
10702,HYDROQUINE 200 MG 20 TAB
28532,HYFRESH 0.2% EYE DROPS 10 ML
79613,HYGI-TADINE 5MG TABS
81445,hygirxal 120 30 cap
90925,HYPEROIL 50ML
92688,HYPOTHYRONOR 50 MG 100
92505,HYRIMOZ 40 MG/ 0.8 ML 2 PREF SYRINGES
76411,HYSTROGEST 200 MG 30 CAPS
77265,HYZAAR 100/12.5
74651,HYZAAR 100/12.5 MG TAB
74343,HYZAAR 50/12.5 MG 14 TAB
91156,IBANDROCARE 150MG 2 F.C.TAB.
90737,IBANDROCARE 150MG 2 TAB
59088,IBANDROCARE 2 TAB
46331,IBIAMOX 400MG SUSP
3717,IBIAMOX 500MG CAP
73821,IBIDROXIL 1 GM 8 TAB
112,IBIDROXIL 250MG SUSP
74199,IBIDROXIL 500 MG CAP
85321,IBUMENTOL 100 GM GEL
79351,IBUMENTOL 50GM GEL
78185,ICANDRA PLUS 50/1000 30-TAB
82877,ICOSALIP 1GM 20CAPS
80521,IDELOX 5 ML EYE DPS
89490,IDOMALTOL 30 MG 56 CAPS
92052,IGEA MARINE COLLAGEN 60CAPS
77520,iksaront 2.5mg tab
79592,IKSARONT 5 MG 30 F.C. TABS
88625,ILEX YEAST 20TAB
91782,IMATINIB 400 MG
90945,IMEGLISPIRE 500MG 30 TAB
19004,IMIGRAN 50MG TAB
57415,IMIPRAMINE 25 MG 50 TAB
81201,immuguard colostrum SACHS
67381,IMMUGUARD14 SACHETS
73728,IMMULANT 20 CAP
26932,IMMULANT PLUS CAP
73509,IMMULANT SYRUP
91983,IMMUNE BCG-T 90MG 3ML VIAL
82663,IMMUNIPHAR 30 TABS
89069,IMMUNIZZARE KIDS SYRUP 120 ML
40138,IMMUNO-MASH 30 F.C.TABS.
85206,IMMUNO-MASH D (D3) 10.000 I.U. 30 F.C.TABS.
85655,IMMUNO-MASH D VITAMIN D3 5000 TAB
22222222,IMMUNO-MASH KIDS SYRUP 100 ML
78588,IMMUNO-MASH VITAMIN C & ZINC
12382,IMODIUM 6CAP IMPORTED
81003,imoflora 10 tab
92707,IMP ARENCIA CREAM 30 ML
57268,IMP B COMPLEX Puritans Pride 90tab
31254,imp BEPANTHENE 250 MG 6 AMP
54185,IMP BIOTINE 5000 MG 60TAB / IMP
68678,imp CO Q 10 100 MG 60 TAB
85260,IMP CYTOTIC 42 TAB
54168,imp DHEA 50 MG 60 TAB (NATROL)
20998,imp DIANE 35 TAB
22552,IMP DOOZ 14000 DELAY SPRAY F/MEN WITH VIT.E
92571,IMP FERRARI CHOCALATE FOR WOMEN
19670,IMP FOLIC ACID 400MG 250 TAB (PURITANS PRIDE)$$$
57612,imp FOLIC ACID 800 MCG 250 TAB PURITANS PRIDE
91800,IMP GONAPURE 150 مستورد
91864,IMP GONAPURE 75 I.U./ML I.M./S.C. VIAL
48177,IMP HYDREA CAPSULES 500 MG 100 CAP
29049,imp HYDROCORTISONE -POS N 2.5% EYE OINTMENT
91350,imp iron tab
56079,IMP KENACORT-A ORABASE 5 G ORAL
58976,imp LASILIX SPECIAL 500 MG 30 CAP
90,IMP LAVEZONE ONE TAB
59931,IMP LIPO 6 BLACK ULTRA CONCENTRATE 60 CAP رجالى
58805,IMP METHYCOBAL INJECTION 500 MG 10 AMP
90530,imp mfs plus
59305,imp MOOV RAPID RELIFE 100 G
57482,imp MOOV SPRAY RAPID RELIFE 150 ML
56875,IMP MOVE FREE ADVANCED PLUS 1500MGMSM 120TAB GREEN
60441,IMP PANADOL ADVANCE 24 TAB
68673,imp PERFECTIL MAX 28 TAB
72475,IMP PERFECTIL PLUS hair EXTRA SUPPORT 60 TAB
92728,IMP PRIMARIN - E VAGINAL CREAM 14 MG
75247,imp PROGYNOVA 2MG BAYER
37933,imp SOLPADEIN EFF 20 TAB
92129,IMP SOLU-MEDROL 500MG VIAL
71786,IMP STEROGYL 15 H 600000 IU
68683,imp wfs+la-180 cap
88962,IMP+++++CENTRUM FOR WOMEN
85289,impacta massage gel
19371,IMURAN 50 MG 100 TAB
86091,IMUTREXATE 10 MG 10 TABS.
87319,IMUTREXATE 15 MG 10 TABS
87582,IMUTREXATE 2.5 10 TAB
89508,IMUTREXATE 5 MG 10 TABS
88003,IMUTREXATE 7.5 MG 10 TABS
91806,IN & OUT SHOWER GEL 200ML
84809,IN&OUT HAIR OIL 120 ML
89319,INCAN-D 30 TABS
55698,INCONT L.A. 30 TAB 4 MG
47723,INDERAL 10 MG 50TAB
47724,INDERAL 40 MG 50 TAB
73418,INDOMETACIN 100 MG 10 SUPPS
34534,INDOMETHACIN SUPP MISR
86437,INESTAFENAC 50 MG 10 SACHETS
63345,INFATRINI FOR INFANTS 400 G MILK
82602,INFECTOCURE 125MG
86825,INFECTOCURE 250 MG
82381,INFECTOCURE 250MG 14TABS
82380,INFECTOCURE 500MG 14TABS
64005,INFECTOMYCIN 500 MG 6 TAB
91880,INFINITY BUNNY VITA D DROPS 15ML
83279,infinity care sunscreen lotion offer1+1
87066,INFINITY HYALU COLLAGEN CREAM 2% 50 GM
87085,INFINITY LASCAR GEL 60GM
87987,INFINITY MOISTURIZINC CREAM 120 ML
87667,INFINITY PROTECT &GLOW KIT SUNSCREEN + SERUM OFFER
88974,INFINITY PURIFYING CLEANSING GEL 200ML
87884,INFINITY SOOTHING WASH + INFINITY SOOTHING GEL 1+1
81361,infinity top hair shampo250 ml
87883,INFINITY TREATO HAIR PROTECTION SERUM 80 ML
88271,INFINITY VITAMIN C CLEANSER + SERUM OFFER 1+1
88192,INFINITY WHITENING CREAM 60 GM 1 + 1
82434,INFINIY TOP HAIR CONDITIONER
83770,INFINTY CARE SUNSCREAN MIST 50
87157,INFINTY HAYAN COLLAGEN SERUM
83675,INFINTY VIT C SERUM 1&1
91742,INFLAMOFEN 3% FOAM 50 GM
87231,influprop spray
40564,INFLUVAC TETRA 1 PREF.SYRINGE SUSP. FOR I.M. S.C.
79593,INHALEX 18MCG 30 INH. CAPS.+ INH. DEVICE
91398,INJECTAFER 50MG/1ML 1 VIAL FOR I.V
59134,INJECTMOL 1 GM/100ML VIAL FOR I.V. INF.
79884,INLETAIR 10MG 10TABS
88456,INNOFER SACHET10
90951,INODEP CAPSULES 30
84834,INOFOLIC 30 CAPS
91144,INOFOLIC COMBI HP SOFT GELATIN CAP 30
91143,INOFOLIC HP SOFT GELATIN CAP 30
92308,INSTANOM 20 CAPS
85101,INSTOLAB 20CAPS
79401,INSULATARD 10ML 100 IU/ML
79397,insulatard penfill 100 IU/ML
23139,INSULIN H MIX 100UNIT
74674,INSULINAGYPT 70/30 100 UNITS 10 ML
85389,INSULINAGYPT 70/30 5 CARTRIDGES
66765,INSULINAGYPT N 100 UNITS 10 ML
66760,INSULINAGYPT R 100 UNITS 10 ML
68847,INSUPEN 4 MM 100 PCS شكاكات انسولين
79594,integrol 10 mg 30tablets
90879,INTIROSE FEMININE WASH 250ML
61247,INTRAFER 30 TAB
82081,INTRAFER B FOR ADULTS 30 TABS
57052,INVANZ 1GM Vial
89248,INVESTA HAIR SERUM 120 ML
92254,INVESTA OIL REPLACEMENT 120 GM
77257,INZAD 1GM VIAL
48119,IOPROST DROPS
77501,IPANTEN 100MG 50 CAPS
90958,IPANTEN 30MG/5ML ORAL SUSP
74983,IPANTEN 50MG CAP
58348,IPRAVENT - S INHALATION
84659,IQ PLUS SYRUP
81353,IRNO 15 SACHET
80166,IROFERIN 30CAPS
90878,IROKINZO 30 CAPSULES
78227,irolamin 30caps
86384,IROLIVATAL 30 CAPS
87057,iromoon 30 cap
90504,IRON-LIPOSOMAL
79562,ironoglor_max 30capsules
87654,IROSPECT 20 CAPSULS
88624,IROSPECT SYRUP 120ML
82862,IROVAST TABS
23126,IRUXOL OINT 15 GM
77258,ISILIN SYRUP
37636,ISIS ANISE 12 BAGS
21386,ISIS ANISE 20BAGS
21389,ISIS CARAWAY 20BAGS
48000,ISIS CHAMOMILE 12FILTERS
21385,ISIS CHAMOMILE 20BAGSكاموميل
91306,ISIS CINNAMON apple 20 FILTER BAGS
40098,ISIS CINNAMON WITH GINGER
58580,ISIS CINNAMON WITH GINGER 20 BAG
91232,ISIS GREEN COFFEE PLUS 20 PACKET.
28627,ISIS GREEN TEA 12FILTERS
37632,ISIS HIBISCUS 12FILTERSكركدية
21391,ISIS HIBISCUS 20 BAGS كركدية
28495,ISIS PEPPERMINT 20FILTER
21384,ISIS TILIO 12 BAGS
83072,ISO ACNETIN 20MG 30CAPS
88379,ISOCA 10 SACHET
21453,ISOPRINOSINE SYRUP
40163,ISOPTIN 80MG 30TAB
86832,ISOPTIN RETARD 240 MG 30 F.C.TABS
13257,ISOPTO MAXITROL DROPS
67402,ISOROMYDERM GEL 30 GM
92065,isotretam 20mg 20 cap
87016,ISOTRETINOIN 20MG 30 SOFT GELATIN CAPS
87217,ISOTRETONINE 10MG 30 CAP
88233,ISTIKREMA CREAM
30373,ITEM SHAMPOO 60ML
84768,ITOFERROSE 5 AMP
59246,itomash 50 mg 30 tab
67256,ITOPRIDE 50 MG 30 TAB
26602,ITRACON 100 MG 14 CAP
26601,ITRACON 4CAP
64018,ITRAFUNGEX 15 CAP
59817,ITRAFUNGEX 4 CAP
9387,ITRANOX 15 CAPS
68793,ITRANOX 5 CAPS
10474,ITRAPEX 100 MG 15CAP
10477,ITRAPEX 100MG 4 CAPS.
79531,iverzine 30gm topical cream
79926,IVERZINE 6MG 24TAB
26979,IVERZINE LOTION 6O ML
79668,ivoreen 10 sachets
89506,ivoreen 30cap 3strips
83753,IVY ZAD SYRUP
85548,IVYBRONCH SYRUP 120ML
81243,IVYCAN 120ML SYRUP
91645,IVYMEDIUM 120 ML SYRUP
73387,IVYPRONT COUGH 100 ML SYRUP
IVY,IVYPTO 120 ML SYRUP
89375,IVYRONC SYRUP 100 ML
73063,IVYROSPAN SYRUP 100 ML
90914,J&J SLEEP TIME BATH 500ML
79350,J.B.C cream 50gm
90683,JACKODAN FACIAL WASH 150ML
75836,JACKODAN GEL 60 ML
80298,JAKARANDA 0.5MG 4TABS
75256,JAKMESTON 500/25 MG 20 TAB
86925,JANAGLIP 100MG 28TAB
88026,JANAGLIP PLUS 50/1000 28 F.C TABLETS
74116,JANUMET 50 MG /1000 MG 56 TAB
74340,JANUMET 50 MG /500 MG 56 TAB
74117,JANUVIA 100 MG 28 TAB
75435,JANUVIA 50 MG 28 TAB
74186,JARDIANCE 25 MG 30 TAB
90956,JAXOLIC 30 CHEWABLE TABS
80690,JENONAL 20 TABS
89883,JEPARILON 10 MG 10 CHEW. TABS
79614,JEPARILON 20 TABS
91099,JOCADO 300 MG 20 CAPSULE
73581,JOFLEX 30 CAP
88199,JOHNSON OIL GEL 200 ML ALOVERA
90724,JOINT GUARD PLUS 30CAP
88107,JOINT GUARD ULTRA 30 CAPSULES
83715,JOINT PLUS 60 TABS
82323,JOINTA 30 TABS
86919,JOINTGUARD 30 CAPS
87919,jointinal 30 tablets
81431,jointone x tab
88000,JOJOBA OIL ARA 100 ML
74342,JONMERA 10 SACHETS WITH VITAMIN C
86846,JONMERA ROSEHIP SACHET
91778,joviapram 20 mg 30 Film Coated Tablets
89571,JOYDROPS GEL STRAWMERRY 100 ML
J,JOYPOX 60 MG 6TAB
82766,JUNEL CARE VAG FOAMING SOLUTION 250 ML
78360,JUSPRIN 81MG 60 TAB
74398,JUSTECHOL 10 MG 14 TAB
84561,JUSTECHOL 10 MG 28 F.C. TABS.
75038,JUSTECHOL 20 MG 14 TAB
74311,JUSTECHOL 20 MG 28 TAB
80248,JUSTIN BLUE 175ML SHAMPOO
91299,JUSTIN BLUE HAIR SHAMPOO 80 ML
54193,K-uyLE LUBRICATING JELLY 85 GMeco
31245,K VITON TAB
14120,K Y JELLY 82 GM
88822,KABRI CARE SOAP 75 GM
91264,KALEMAPEX 10 MEQ (1080 MG) 30 XR TABS
89200,KALEMAPEX 15 MEQ (1620 MG) 30 XR TABS
19886,KALOBIN DROPS
61010,KANSARTAN PLUS 150/12.5 MG 30 TAB
61309,KANSARTAN PLUS 300/12.5 30 TAB
30308,KAPECT COMP SUSP
73922,KAPRON 5 M 6AMP
73478,KAPRON 500 MG 20 F.C. TABS
80297,KARBALTA 30 MG 28 CAP
67252,KARBALTA 60 MG 30 CAP
88802,karinoba 25/20mg tabs
51781,KAST 10MG 10TAB
53470,KAST 5 MG 14TAB
88666,KATIVAROX 10 MG/ML 100 ML SYRUP
88185,KATIVAROX 100 MG 30 F.C TABLETS
87287,KATIVAROX 50 MG 30 F.C.TABS
KA,KATREX 30-TAB
17200,KATREX SYRUP
88597,KAVEDA ORAL DROPS 30ML
81840,keelac gel
74061,KEFADIM 1GM VIAL
48041,KEFENTECH 30 MG 7 PLASTER SHEET.
81238,keflex 1000mg 16tabs
90053,KEFLEX 1000NG 16 TAB
10667,KEFLEX 250MG SUSP
81236,keflex 500gm 12 taps
85110,KELATOP CREAM 50GM
21474,KELLAGON 10 SACHETS
73336,KELLAGON 20 CAP
86486,KEMAGEL SILICONE 15 GM
61012,KEMAGRA 100MG 4 TAB
85058,kemiforge 5/160 tab 20
79314,KEMPOPIM 1 GM VIAL
85384,KEMPORIC 20 MG 1 TAB
79572,KEMPORIC 20 MG 2 TABS
79313,KEMPOXONE 1 GM VIAL
58202,KEMPROST SR 4 MG 20 CAP
73368,KENACOMB CREAM 15 GM
73961,KENACOMB OINTMENT 30 GM #NEW2017
74230,KENACORT-A AMPOULE IMP
17434,KENACORT 100TAB
73403,KEPPRA 1000MG 30 F.C. TAB
74087,KEPPRA 500 MG 30 TAB
67213,KEPRADIL 500 MG 30 TAB
88515,KEPRADIL XR 500MG 30 EXTENDED F.C. TABS.
78991,KEPRADIL XR 750 MG TABS
75837,KERAQOUZ HAIR SHAMPOO 250 ML
89137,KERATOHYL 30 CAPS
29319,KERELLA LOTION 30 ML
29272,KERELLA OINTMENT 15 GM
15907,KEROVIT 15 S.G CAPS
87680,KESH KING SCALP AND HAIR MEDICINE 200ML
79563,KETOFAN 100 SR 30 CAPSULES
5248,KETOFAN 200 SR 14 CAP
79564,KETOFAN 25MG 30TABLETS
k50,KETOFAN 50 MG 30 .CAPS
18275,KETOFAN AMP
5479,KETOFAN GEL 40GM
73332,KETOLAC 20 TAB
ket,KETOLAC 30MG/2ML 5 AMP. FOR I.M./I.V. INF.
3430,KETOLGIN 200SR CAP
60213,KETOLGIN 50MG 30TAB
4522,KETOLGIN AMP
77689,KETOPREK 75 MG 20 CAPS
80775,ketoprek sup
54543413,KETORAL PLUS SHAMPOO
KETO,KETOROLIN 30MG/2ML 5 AMPS
49912,KETOSTERIL 100 TAB
59101,kevork 500 mg 10 tab
66013,kevork 750 mg 5 tab
85753,KIDDO D3 ORAL DROPS 10ML
91433,KIDI MARCAL SYRUP 120 ML
74800,KIDMIN SOL 250 ML
91744,KIDS APPETITE SYRUP 125 ML
92722,KIDS SLEEP (KIDS DAILY VIT SLEEP ) SYRUP 60 ML
88579,KIDSOMEAL SYRUP
86510,KIDZONA OMEGA ORAL DROP
87574,KIN-D CAL 30 TAB
61703,KINGOSAN 30 TAB
83645,kinomoxi 400mg 10tab
90892,KIROMIX PRO 10 SACHETS
77233,KITADAN ANTI-DANDRUFF SHAMPOO 200ML
77543,KITADAN HAIR SPRAY 120 ML
74023,KLACID 250 MG 14 F.C. TABS
74722,KLACID 500 MG 14 TABS
75066,KLACID 500MG XL 14 TAB
21866,KLARIMIX 500MG 14TAB
47886,KLENVA SOLUTION 250 ML V.WASH
44459,KLIMADYNON 30 TABS
74889,KLY JELLY 82 G
58406,KLY JELLY42 G
63176,KOKAST 10MG 10 TAB
39969,KOKAST 4MG 7TAB
87500,KOLAGRA ROLL ON 2 PIECES WHITENING
91166,KOLAGRA SUNSCREEN GEL CREAM SPF 50 1+1
88067,KOLAGRA SUNSCREEN+KOLAGRA ROLL ON
87944,KOLAGRA VITAMIN C SERUM 1 + 1 30 ML
91543,KREON 25000 100CAP IMP
87922,KUZA INDIAN HEMP HAIR 113 GM
91648,L-ARGININE MARVEL 1000 MG 30 TABS
86907,L-ARGININE MEPACO 60 TABS
75598,L-CARNITINE 20 CAP
75199,L-CARNITINE 5 AMP
73500,L-CARNITINE PLUS 20 TAB
73350,L-CARNITINE SYRUP 30 ML
87709,l-omega 3 30 cap
87376,LABELLO CARING SCRUB 5.5 ML
80928,LABIPRESS 30 TAB 100 MG
86423,LACOSAMET 100 MG 20 F.C. TABS
88191,LACOSAMET 100 MG 30 F.C. TABS
92679,LACOSAMET 200 MG 30 F.C. TABS
87334,LACOSAMET 50 MG 30 TAB
87077,LACOSAMET ORAL SOLUTION 200 ML
81073,Lacovimp 100 mg 30 tab
86480,LACOVIMP 50 30 TAB
81076,Lacovimp 50 mg 30 tab
91862,LACRICARMIN 4MG/0.4ML EYE DROPS 30 SDU
75047,LACRITEARS 0.5% 15 ML E DROPS
80576,LACTAGYN 10 VAGINAL OVULIS
90845,LACTASE 750 DROPS 15ML
89499,LACTASE ORAL DROPS 15 ML
10502,LACTEOL FORTE CAP
10483,LACTEOL FORTE SACHET
74556,LACTEVENOR 0.03MG 35 COATED TAB.
87741,LACTO-APEX 5 - 20 CAPS
80994,LACTO-mash 30 CAP
90109,LACTO 1 400G MILK
46621,LACTO 1 ADVANCED MILK 400 GM
90492,LACTO 400 GM 2 MILK
3025,LACTODEL 20 TAB
85046,lactogemikan tap
76334,LACTOMAX 10 SACHETS
19472,LACTOMAX 20 CAP
91118,LACTOPRESS 30CAP
88186,LADY SPEED STICK SHOWER FRESH 39.6 G
90632,LAFERMAX TABS
17901,LAMICTAL 100 MG 30 TAB
18724,LAMICTAL 25 MG 30 TAB
18110,LAMICTAL 50 MG 30 TAB
58679,LAMIDINE 100 MG 30 TAB
59446,LAMIDINE 150 mg 10 TAB
46602,LAMIFEN 125MG TAB
37142,LAMIFEN 250MG TAB
46601,LAMIFEN CREAM 15 GM
27888,LAMISIL 250MG 14TAB
23184,LAMOTRINE 100MG TAB
23216,LAMOTRINE 25MG 30 TAB
29158,LAMOTRINE 50 MG 30 TAB
87923,LANEIGE LIP MASK 15 GM
21483,LANTANON CAP
79575,LANTOPEP 30 MG 14 CAPS
78677,lantopep 60mg 14 tab
73733,LANTUS 100 UNITS 5 CARTIDGES
73843,LANTUS SOLOSTAR 5 PENS 100UNITS/ML
58361,LANZOFUTAL 15 MG 10 CAP
89492,LANZOFUTAL 30 MG 14 CAPS
23124,LARIVEX 500 MG 5 TABS
88267,LAROSUZET 10/10 MG 30 F . C TABLETS
88268,LAROSUZET 20/10 MG 30 F . C TABLETS
88269,LAROSUZET 40/10 MG 30 F . C TABLETS
lary,LARYPRO 20 TAB
60210,LASILACTONE 100 MG / 20 MG 30 TAB
60073,LASILACTONE 50MG 30 TAB
59862,LASIX 20 mg 3 AMP
73295,LASIX 40 MG 24 TAB
50480,LASIX 500 MG مستورد
75742,lastlerge 10 mg 14 tab
10950,LAXEOL-PI TAB 25 STRIPS
75098,LAXEOL PI 20 TAB
21371,LAXOLAC SYRUP 120ML
87471,LEANOZA 30 CAP
74223,LEE FLOX 500MG TAB
47742,LEE FLOX 750MG TAB
92297,LEGATONEXX SPRAY 30 ML
59705,LELIPEL 10 MG 20 TAB
73154,LELIPEL 4 MG 14 SACHETS
76436,lelipel 5 mg 20 tab
89775,LENEX FOOT CREAM 50 GM
81766,LENTOJESTON 250MG AMP
79746,LENTRA 10 GM SACHET
81170,LEPOZENE 30 CAP IMP
88823,LEPSIRAMP 4 MG 14 F.C.TABS
86248,LERGEBLOCK
60061,LERGICARE 120 ML
79576,LERGICARE 5 MG 30 F.C. TABS.
90849,LETRACITOLIN SYRUP 120ML
68784,LETROZOLE 2.5MG 30 TAB
63260,LEVANIC 500MG 7TAB
46589,LEVANIC 750MG 5TAB
79577,levanox N 20 capsules
73464,LEVCET 5MG 20 TAB
82480,LEVCET ORAL DROPS
73080,LEVCET SYRUP 120 ML
82977,LEVECTAM 1000 MG 20 TABS
89447,LEVECTAM 100MG/ML SYRUP 120 ML
56104,LEVEPEX 100 MG ORAL SOLUTION
53662,LEVEPEX 500 MG 30TAB
53661,LEVEPEX 750 MG 30TAB
lev,LEVIASILLS SOOTHING EFFECTIVE RELIEF
81133,Levocar tablets 250/25
90921,LEVOCITRONE 5 MG 10 F.C.TABS.
61956,LEVOCTIVAN 5 MG 30 TAB
79144,LEVOCTIVAN SYRUP 120ML
62096,LEVODEL 500 MG 5 TAB
62097,LEVODEL 750 MG 5 TAB
91455,LEVOFLOTANET 750 MG 5 TAB
879044,LEVOFLOTANET 750MG/30ML CONCENTRATE VIAL FOR I.V
88189,LEVOFLOXACIN-EVA 500 MG 10 F.C.TABS.
79202,LEVOFLOXACIN 750 5 TABLETS
89624,LEVOFOXAT 500 MG 5 TABS
74635,LEVOHISTAM 120 ML SYRUP
72496,LEVOHISTAM 5 MG 30 TAB
75718,LEVOHISTAM 5MG/ML ORAL DROPS 20 ML
91175,LEVOPHRINE 4MG/4ML I.V 5 AMP.
79198,LEVOTAVIN 500 7 TABLET
79197,LEVOTAVIN 750 MG 7 TABS
74934,LEVOXIN 250MG TAB
73163,LEVOXIN 500 MG 5 TAB
87454,LEYLAK CREAM 50 ML
91912,LEYLAK HYALU NIACINAMID SERUM 30ML
88809,LEYLAK HYALU CICA SERUM 30ML
81421,lezberg-amlo 5/20 mg 30tab
79582,LEZBERG-AMLO 5/40 MG 30 TABS
81420,LEZBERG 20 MG 30 TABS
79581,LEZBERG PLUS 20/12.5 MG 30 TABS
79579,lezberg plus 40/12.5mg 30 tablets
79580,lezberg plus 40/25mg 30 tablets
90334,LEZBERG TRIO 20/5/12.5 30TAB
92374,LEZBERG TRIO 40/5/12.5MG
79578,lezbreg 40mg 30 tablets
81841,libosense gel 30
61578,LIBOSENSE GEL 30 GM
83227,LIBRADICLAN 140 MG 7 PLASTER
73595,LIBRAX 30 TAB
21561,LICID LOTION 30 ML
91072,LICTRILIT 360ML
92361,LICTRILIT APPLE FLAVOUR 360ML ELECTROLYTE SOLUTION
92360,LICTRILIT BANANA 360ML ELECTROLYTE SOLUTION
92363,LICTRILIT ORANGE FLAVOUR 360ML ELECTROLYTE SOLUTIO
92362,LICTRILIT PINEAPPLE FLAVOUR 360ML ELECTROLYTE SOLU
84614,LIDEMTZIL 5MG -30TAB
26492,LIDOCAINE 1% 1 AMP 2 ML
75228,LIDOCAINE 10% 15 ML SPRAY
85524,LIDOCAINE 2% AMP
77640,lidocaine 2% vial 50ml
89068,LIDOCAINE HCL 20MG/ML VIAL IM IV SC 20 ML (NET PRI
88132,LIFE V BODY CLEANSER
21563,LIGNOCAINE SPRAY
74244,LIGNOCAINE 5% GEL 20 GM
73904,LIGNOCAINE 5%CREAM
79407,LILI FEMININE WASH 250ML
91444,LILO MULTIGUMMIES 60 PCS
81423,LIMITLESS ALLZYME MAX 20 TABS
89527,LIMITLESS B-COMPLEX ODF 30 FILMS
85677,LIMITLESS BABY D DROPS 15ML
933245,LIMITLESS BALANCE SYNBIOTIC 20 HARD GELATIN CAP
78556,LIMITLESS C-ZINC ORIGINAL 30-LOZENGES
90946,LIMITLESS C-ZINC PLUS 20 TAB
92346,LIMITLESS CAFFEINE 20 ODF
91938,LIMITLESS CHARCOAL PLUS 30 CAPSULES
82796,LIMITLESS CHROMAX CUT 30SACHETS
85756,LIMITLESS CONCEIVE Q 30 CHEW. TABS.
89371,LIMITLESS COQ10 100 MG 30 CAPS
91972,LIMITLESS DIGEST NOW ORIGINAL
92345,LIMITLESS DIOSMIN COMPLEX 30 F.C. TABS
92476,LIMITLESS FEMBOOST 30 TAB
82789,LIMITLESS FORTALASE ORIGINAL SYRUP
85613,limitless glow hair 30 tab
90959,LIMITLESS HYDRATE
90798,LIMITLESS JOINT AVOPLUS 30 F.C. TABS
85183,LIMITLESS KIDS 250 ML SYRUP
89321,LIMITLESS KIDS MULTIGUMMIES 90 GUMMIES
84406,LIMITLESS KIDS MULTIVITAMINS SYRUP 140 ML
86020,LIMITLESS LACTOFERRIN 100MCG 14 SACHETS
86815,LIMITLESS LIPOFERREX 40 MG 30 TABS
89320,LIMITLESS MAGNESIUM 150 MG 30 TABS
84435,LIMITLESS MAN MAX 100TAB
90437,LIMITLESS MAN GUMS 90 GUMMIES
81424,LIMITLESS MAN MAX 30 TABS.
90589,LIMITLESS METHYL FOLATE 1000 MG 30TAB
82959,LIMITLESS MILGA MAX 30 TABS
90797,LIMITLESS OMEGA-3 2000 MG 60 CAPS
81427,LIMITLESS OMEGA-3 2000 MG 30 CAPS
86778,LIMITLESS OSSOFORTIN D3 (2000 I.U.) 30 TABS
85838,LIMITLESS OSSOFORTIN D3 5000 I.U 30 TABS
88820,LIMITLESS OSTEODENSE ORIGINAL 30 TABS
90924,LIMITLESS PEA PLUS 20 F.C. TABS.
88224,LIMITLESS POWER MAX 30 TAB
83362,LIMITLESS PRENATAL MAX 30 CAPS
90672,LIMITLESS PRENATAL ORG 30CAP
82586,LIMITLESS PROSTANORM 30TAB
90960,LIMITLESS SLEEP AID 30 FILM
86754,LIMITLESS SLEEP AID DUAL 30 TABLETS
91300,LIMITLESS TURMERIC 500 MG 60 CAPS
84170,LIMITLESS WOMAN MAX 100TAB
81425,LIMITLESS WOMAN MAX 30 TABS
91078,LIMITLESS WOMAN MULTIGUMMIES 90 GUM
80002,LIMITLESS ZINC 25MG 30TABS
92236,linagliflozin 10/5 mg 30 tab
89801,LINAGLIFLOZIN 25/5MG 30TAB
90706,LINAJENTA PLUS 25/5 MG 30TAB
75709,LINDO HAIR SPRAY 120 ML
56287,LINDO HAIR SPRAY 250 ML
82234,LINEX 10 SACHET
82944,LINEX ADULT 14 CAPS
87971,LINEX BABY DROPS 8 ML
81239,LINEZ 600MG 10 TABS
80837,LINEZOLID 600MG 14TABS
90801,LINGALABS PLUS 25/5/1000 MG 30 F.C. TABS
88800,LINOROSE 1000 MG 30 CAPS
91230,LIOPATH 600 MG 30 TAB
91229,LIOPATH COMP 30 F.C. TABS
81432,LIPANTHYL 145 MG 20 TABS
46604,LIPANTHYL 300MG 30CAP
60764,LIPANTHYL SUPRA 160 MG 30 TAB
19286,LIPICOLE 10MG 10 TAB
89042,LIPICONTROL 10/10MG 20 F.C. TABS
92371,LIPICONTROL 10/20MG 20 F.C. TABS.
74915,LIPITOR 10MG 28TAB
74299,LIPITOR 20 MG 28 TAB
57376,LIPITOR 40 MG 14 TAB
75221,LIPITOR 40 MG 7 TABS
58701,LIPITOR 80 MG 14 TAB
62370,LIPITRIN 10/10 14 TAB
61564,LIPITRIN 20/10 14 TAB
83891,lipocomb 10/10 cap
90528,LIPOFERRIC FOLIC 30 CAPS
82443,LIPOFERRIC FOLIC 30 SACH
19444,LIPONA 10MG TAB
39971,LIPONA 20MG TAB
57517,LIPONA 40 MG TAB
85895,LIPOPENT 600 MG 20 TABS
81532,LIPOSOM-B CAP
83482,LIPOSOM-B12 1000 M 20 CAP
80778,LIPOSOM-D3 10000IU 30 TABS
91154,LIPOSOM-D3 400 DROPS
92151,LIPOSOMAL VITAMIN D3
91973,LIPTITAM 1000 MG 20 TAB
91872,Liquid Chlorophyll Syrup 120 mil
57480,LISTERINE ADVANCED TARTAR CONTROL MOUTHWASH 250 ML
63032,LISTERINE FRESH BURST MOUTHWASH 250 ML
71215,LISTERINE GREEN TEA MOUTHWASH 250 ML
85521,LISTERINE MOUTH WASH ADVANCED WHITE 250 ML
27051,LISTERMIX MOUTHWASH
59673,LIT UP SOAP 100gm
78912,LIT UP CLEANSER 200ML
66040,LIT UP WHITENING CREAM 50 GM
90436,LITHIOMOD 400MG 30 TAB
73647,LIVABION 6 AMP
73862,LIVAGOAL 450 MG 20 CAP
77099,LIVER ALBUMIN PLUS 20-CAP
74958,LIVERIN CAP
89160,LIVIACOOL MASSAGE GEL 59 GM
21439,LIVIAL 2.5 MG 28 TABS
78143,LIVIDEMIA 2 MG 10 F.C. TABS.
92638,LIXORA SK LOTION 150 ML
47900,LOGIMAX30TAB
80532,LOGUSGYN 10 SUPPOSITORIES
56186,LOHYDRAN 10 SCAHETS
88106,LOLA WEST 5 AMPOULES
74581,LOLA WEST 6 SACHETS
90623,LONGAGEN 30 CAP
82958,LOPRANEST 2 MG 20 ORODISPERSIBLE FILMS
77607,LOPRECOUGH SYRUP 100ML
LOR,LORAFAST 100 ML SYRUP
21845,LORATADINE TAB
32961,LORAZ 50/12.5MG 14 TAB.
83419,lornicam 8mg 30tab
64021,LORNOXICAM 4 MG 20 TAB
73975,LORNOXICAM 8 MG 20 TAB
91783,LORNOXICAM 8 MG 30 TAB
74077,LORNOXICAM 8 MG AMP
91466,LOSAR 50MG 28 TAB
63967,LOSAR PLUS 8 TAB
88458,LOSAZIDE 50/12.50 30TAB
90050,LOTERANOL 0.5% EYE DROP
87929,LOTERANOL 0.5% EYE GEL
87963,LOTERANOL COMP 5 ML DROP
LOV,LOVEZONE MAJESTIC
LOVW,LOVEZONE SEXUAL WOMEN 10 TAB IMP
73874,LOVIR 400 MG 10 TAB
85851,LOVIR 800MG 35 ORAL DISPERSIBLE TABS
90942,LOVITROD ORAL DROPS 30ML
86675,LOXYMUNE JUNIOR SYRUP 200 ML
81422,LUBICONT 24 MCG 28 CAPS.
81005,LUBICONT 8MCG 10CAPS
89227,LUBRISTIRA 15 ML EYE DROPS
74229,LUBRIVISC DROPS 0.1% 10 ML
10682,LUCIDRIL 250MG 20 TAB
52073,LUCIDRIL 500MG 20 TAB
10570,LUCOCID R OINT 30 GM
86458,LUCOFUN-R CREAM 30 GM
87856,LUNA SOAP GLYCRIN SHEA BUTTER
l50,LUNGOCORT 0.25 MG/2ML 20 SUSP. AMP. FOR INH.
91298,LUNGOCORT 0.5 MG/2ML 20 SUSP. AMP. FOR INH
91422,LUNGOCORT 1 MG/2ML 20 SUSP. AMP. FOR INH
81867,lunner lighting cream
lus10,LUSTRAL 50 MG 10 F.C.TABS
LUS20,LUSTRAL 50 MG 20 TAB
36114,LUTOFOLONE AMP
36128,LUTONE AMP
22785,LYSE DROPS
74594,MAALOX FRUITS 20 SACHET
ma,MAALOX LEMON 20 SACHET
79694,MAALOX PLUS FAST 180ML SYRUP
86544,MAALOX SUSP 250 ML
79940,MACRO Carbamide CREAM 50GM
75231,MACRO PANTHENOL 2% CREAM 50 GM
MPL,MACRO PANTHENOL LOTION100ML
18941,MACROFURAN 100MG CAP
31823,MACROFURAN 50MG CAP
89290,MACSEN CREAM 75 GM
79833,MADDOVIT B12 - 10 X 7 ML DRINKABLE AMPS.
80850,MAFO 100MG/5ML SYRUP 100 ML
79621,MAFO 200 MG 30 TAB
80056,MAFO 400MG 30TABS
91480,MAG WHITES 500 MG 60 TABS
23093,MAGIC CREAM 100 ML
22365,MAGIC OIL 60 ML
81739,MAGIC OIL120M
85883,MAGNESIUM GLYCINATE 120 VEGCAPS
46895,MAGNESIUM PLUS TAB
60171,MAGNISOL 6 AMP
87053,MAINTAIN MASSAGE SPRAY
86021,MALINDA CREAM ULTRA LIGHT MOISTURIZER 120 GM
84299,MALINDA GEL 200 ML
76159,MALINDA SKIN CLEANSER GEL 200ML
40450,MALVA SOLUTION 120ML
83271,MAMI MILK 20 CAPS
89860,MANIPULEPSY 400 MG 30 CAPS
79571,MANOVIPERCAINE PLUS 15ML
59611,MANTINE 10 MG 30 TAB
90697,MAPI PLUS 20CAP
90943,MARCAL PLUS 30 F.C. TABS.
14711,MARCAL TAB
91417,MARCRISA 2% TOPICAL OINT. 30 GM
83906,MAREVAN 1MG 102TABLETS
83905,MAREVAN 3MG 102 TABLETS
83907,MAREVAN 5MG 102TABLETS
83931,MARIVO MASSAGE GEL 50 GM
47089,MARK FAST 30 CAP
83097,MARNYS NOBILETIL10*11
80951,MARNYS omega 3 120ml syrup
82053,MARNYS PROTECT SYRUP
89552,MARONAL 30 TABLETS
52060,MARPALENE 0.1% CREAM 30 GM
75861,marsalaz 500mg 30 cap
92082,marshmallow whitening cream
80384,MARTAVIVA 2MG/0.03MG 21TABS
75641,MARVEL 100GM CREAM
9925,MARVIT CAP
59816,MARVIT SYRUP FOR CHILDREN 100 ML
81036,MARVITENSE 20/5/12.5 30 TABS
76759,MARVITENSE 40/10/25 MG 30 TAB
79585,MARVITENSE 40/5/12.5 mg 30 TABS
87694,MARVY D 15 ML DROP
82175,MASA CREAM MASSAGE 50GM
88005,MASSERA NASSAGE CREAM 50 GM
91416,MASTERKEEN 30 ML DROPS
MAT,MATRIX 20 CAPS.
79586,MATUJAC 60 MG 3 F.C. TABS
87778,MAVALA EYE CARE DOUBLE-LASH 10 ML
84729,MAVILOR 10MG 30 TAB.
86216,MAVILOR 2.5 MG 30 TAB.
73318,MAVILOR 5MG 30 TAB.
87653,MAVILOR PLUS 5/12.5 30 TAB
86782,MAVILOR PLUS 5/25 MG 30 TABS
91529,MAX EXTEND CAP
77464,MAXDINIR 125MG/5ML 60 ML SUSP
67375,MAXDINIR 250 MG SUSP
63258,MAXDINIR 300MG 10CAP
91197,MAXI-MUM 200MG 30 CAP
79997,MAXI CARE MASSAGE CREAM 75GM
79156,maxical 120ml syrup
74083,MAXICAL 30 TAB
22843,MAXICAL D SYRUP 120 ML
88105,MAXICAL PLUS 30 TABLETS
74213,MAXILASE 100ML SYRUP
90624,MAXILASE SYRUP 200 ML الحجم الكبيير
17161,MAXIPIME 1GM VIAL
75446,MAXIPIME 500MG VIAL
67268,MAXOPHAGE XR 1000MG 30 EXT. REL. TABS.
49448,MAXRONE MASSAGE CREAM 50 GM
87847,maxwell gel massage gel
92029,MAYOCELLA 150ML SYRUP
86819,MDICORVAL 100MCG/6MCG 120 METERED ACTUATION
80589,MDICORVAL 200/6MCG 120 DOSE
26545,MEBACO SLIM 20 TAB
65975,MEBEFAC 200 MG 30 TAB
MB15,MEBO OINT 15 GM
MB30,MEBO OINT 30 GM
89135,MEBO SEA VITAMIN C CREAM 25 GM
87381,MEBOLIVIA CREAM
79627,MECLIZIGO 20 FILM
86955,MEDALGESIC 1 GM VIAL I.V. INF. 100 ML
79286,MEDEXAFLAM 12 SUPPOSITORIES
75154,MEDEXAFLAM 15 MG 20 TAB
79311,medexaflam 3 ampules
59217,MEDEXAFLAM 7.5 MG 20 TAB
91247,MEDICLAVE 457MG SUSP
91037,medicolon tab
81268,MEDIHYALO 30G CREAM
91036,MEDIOSTEO TAB
81641,medmylezen syrup
79626,MEFAC 20 TAB
73306,MEGAFEN-N SYRUP 120ML
46584,MEGAFEN 200MG 20 TAB
80323,MEGAFEN 200MG 30 TAB
91974,MEGAFLOW GEL
81315,MEGALASE 30 TAB
39973,MEGALASE SYRUP 125 ML
74099,MEGAMOX 1GM 14 TAB*2 STRIP
74884,MEGAMOX 228MG SUSP. 70ML
74766,MEGAMOX 457MG SUSP
74888,MEGAMOX 625 MG 14 TAB
83661,MEGAMOX ES 642MG SYRUP
82905,MEGAPRAZOLE 40MG I.V VIAL
27170,MEKI AH SYRUP
85044,MELAAKNE CREAM 30 GM
84520,MELACAINE 5% CREAM 15GM
86512,MELACRYST 1.5 MG 20 FILMS
80978,MELACRYST 3 MG 20 ORO-DISPERSIBLE FILMS
25,MELADODO 3 MG 30 TABLETS
82588,MELANO CREAM MSSAG
86857,MELANOFREE LOTION 200 ML
61777,MELANOFREE TOPICAL CREAM 30 GM
84957,MELANTHENOL CREAM 40GM
86546,MELANTHENOL GEL 40 GM
89736,MELANTHENOL LOTION 250 ML
90218,MELATEX LIGHTENING MASK 50ML
85930,MELATEX LIGHTENING ROLL-ON
83425,melatex lightening roll OFFER
88221,MELATIME SUNSCREEN SPF+50 CREAM GEL 120 ML
15345484,MELATONIN 3 MG 30 CAPS
84805,MELATONIN COPAD 30 TAB
89984,melatonin dissolvable strips 20
81064,MELLITOFIX 10 MG 30 TABS
80851,mellitofix 25 mg 30 tablets
78114,MELLITOFIX MET 12.5/1000 MG 30 F.C. TABS
78332,MELLITOFIX MET 12.5/500 MG 30 F.C. TABS
87848,MELLITOFIX TRIO 10/5/1000 30 F.C. TABLETS
87891,MELLITOFIX TRIO 25/5/1000 MG 30 TABLET
90927,MELO OINT. 30 GM
62113,MELOCAM 15 MG 30 TAB
75235,MELOCAM 7.5 MG 20 TAB
80152,MELOFLAM 30 TABLETS
74011,MELOQUIN CREAM
47536,MELOXICAM 15MG TAB
49809,MELOXICAM 3 AMP
60917,MEMEXA 15 ML ORAL DROPS
86888,MEMEXA 10 MG 30 F.C.TABS
78042,MEMEXA 10MG 20 TABS
90619,MEMOCITO plus cap
90531,MEMOCITO SYRP
92677,MEMONDO 150 ML SYRUP
84802,MEMONTIX 60 CAPS
92686,MEMOPURA 120 ML SYRUP
87437,memphis panthenol cream 30mg
91465,MENOPACE 30 TAB
73359,MENOPACE PLUS TAB(VITABIOTIC)
67216,MENTOPLEX20CAPS
90601,menzofolic 30tab
75875,MEPACO GREEN TEA 20 TABS
19578,MEPAFURAN 100MG CAP
19506,MEPAFURAN 50MG CAP
68781,MEPAPHAGE 500 MG 30 TAB
84233,MEPAPHAGE XR 1000MG 30 TAB
36237,MEPASIL TAB
89661,MERALGO 20 CAPS
89115,MERCAVA 30 SAC
92092,MERCAVA SACHET
59940,MERIOFERT 150 IU AMP
90130,MERONEM 1000MG 10 VIAL.
23026,MERONEM 500MG 1VIAL
90758,MEROPENEM-EVA PHARMA 1 GM I.V. VIAL
30931,MERTI 30 CAPS
84455,MERVA-D3 30 TABS
32033,MESOCEPT 50/5MG I.M. AMP.
meso,MESOESTETIC IMP++++
61038,MESPORIN 1 GM عضل
79348,MESTAL MASSAGE GEL 80GM
56113,MESTINON 60 MG 150 TAB
60243,METACARDIA MR 30 TAB
55786,METACARDIA 30 TAB
87877,METAPSIN 10 TABLETS
92651,METAPSIN PLUS 10 TABLETS
89041,METFORMIN-EVA XR 500 MG 30 TABS.
86699,METFORMIN XR EVA PHARMA 1000 MG 30 TAB
81086,METHABIOGEN 8MG TABS
2779,METHERGIN 30TAB
90350,METHOBAMOL 20TAB
85591,METHOQUICK 500/50 MG 30 TABS
75282,METHORELAX 30 TABS
77492,METHYCOBAL 500UG 10-AMP
92588,Methyl Folate 1000 mcg 90 Tablets
83164,METHYL FOLATE 30 CAP ORA
83165,METHYL FOLATE 30 CAP ORCHIDIA
89026,methylfolate 30 capsules centravita
meth,METHYLTECHNO 1000 MCG O.D.F
78515,METHYLTECHNO 20-O.D.F
85427,METIANORMIN 1000 MG 30 EXT. REL. F.C.TABS.
73285,METROHALER 12 MCG 30 ORAL CAP
82563,METVILDAZONE 50/1000MG 30TABLETS
46295,MEXICAM 15MG 20TAB
86126,MEXTRA 20 TABS
83017,MEXTRA 30 CAP
89890,MIACALCIC 100 I.U/ML 5 AMPS. FOR I.M./I.V./S.C INJ
3901,MIACALCIC 100IU AMP
55938,MICARDIS 40 MG 28 TABLETS
79113,micky vital syrup
21745,MICONAZ 2% CREAM 20 GM
21239,MICONAZ 2% LIQUID SPRAY 60 ML
74755,MICONAZ 2% ORAL GEL 20 GM
67467,MICONAZ 2% POWDER SPRAY 60 ML
35676,MICORT CREAM
83148,MICROGENEST 21TABS 0.03/0.15MG
44807,MICROLUT TAB
57472,MICROSERC 16 MG 20 TAB
56927,MICROSERC 24 MG 24 TAB
4997,MICROSERC TAB
73616,MICTONORM 15 MG 28 TAB
21058,MIDODRINE 2.5 mg 20 TAB
17515,MIDODRINE DROPS
87827,MIELLE ROSEMARY HAIR SERUM ORIGINAL 59 ML
74147,MIFLONIDE 60 CAP
34756,MIFOXIN 500MG TAB
88126,mikids hair lotion
78513,MILGA 40 F.C. TABS
79695,MILGA ADVANCE 30 TABLETS
92558,MILGA MAX 30 TABS
73241,MINALAX 10 TAB
85081,MINI GUAVA 15ML ORAL DRPS
55273,MINIRIN MELT 120 MG 30TAB
55272,MINIRIN MELT 60 MG 30TAB
87861,MINK CONDITIONER COCONUT 700 ML
21244,MINOPHYLLINE N AMP
75075,MINOPHYLLINE SR TAB
57980,MINOXIDIL FORTE 5 % TOPICAL GEL
86735,MINOXIDIL MUP 5% 150 ML
75606,MINOXILOOK 5% SOLUTION
91052,MINVITROS 30 CAP
23128,MIOPAN SYRUP
48930,MIRACLE ABDOMINAL SUPPORT(XL)
43798,MIRAGE 1 GM I.V. VIAL
59667,MIRAGE CREAM 50 GM
37317,MIRENA LEVONORGESTREL 20MG
91737,MIRFENACIN MR 5/25 MG
88840,MIRFENACIN MR 5/50 MG 30 TAB
77249,MIRTIMASH 30MG 30-TAB
81428,mirtofutal 30 mg tab
89422,MISHA MULTIVITAMIN SYRUP
10463,MIXDERM CREAM 15 GM
80155,MIXDERM CREAM 30G
90491,MIXMAZIL 10/28 28 CAP
91934,Mixmazil cap
83075,MIXORA 20 caps
89719,MIXTANE 30TABS
mixv,MIXTARD 30 HM 100 I.U./ML 10ML VIAL
mixp,MIXTARD 30 HM 100 I.U./ML 5*3ML PENFILLS
90166,mnr skin bonetab
90187,MNROMEGA 30 CAPS
73879,MOBIC 15MG 30 TAB
61988,MOBIEASE MASSAGE GEL 60 GM
82216,MOBILEX 10 SACHETS
49443,MOBINORM MASSAGE CREAM 60 GM
74760,MOBITIL 15 MG 10 TAB
73632,MOBITIL 15 MG 3 AMP
74313,MOBITIL 15 MG SUPP
75297,MOBITIL 7.5 MG 10 TAB
79648,MODASOMIL 200 MG 30 TABS.
28707,MODAZAR 8 TAB
11346,MODERN CRANBERRY CAP
92012,MODERN SAW PALMETTO 30 CAPSULES
90792,MODIFREE 200 MG 20 TABS
31257,MODURETIC 30 TAB
58156,MOFLOX 400 MG 10 TAB
63289,MOHAIR OIL 120ML
75239,MOIST-1 CREAM 100 ML
92159,MOIST-1 HAND CREAM 60 ML
89971,MOIST-1 TONER 200 ML
92003,MOIST 1 CENTELLA SERUM FACE & NECK 30ML
91609,MOIST 1 CICA CREAM 50 GM
87350,MOIST 1 CREAM WITH UREA 100GM
91932,Moist_1 Cream Gel
87746,moistreza cream 50mg
88351,MOL-SUN SUNSCREEN CREAM SPF50+ - 75 GM
89550,MOLENA IRON 30 TABS
87607,MOLPED TOTAL PROTECTION 7 PSC
87064,MOMENTA CREAM 30 GM
55457,MONDO CREAM 50 GM
46574,MONICURE 400MG SUPP
8541,MONO MAK 20MG TAB
8529,MONO MAK 40MG TAB
8685,MONO MAK DEPOT TAB
81649,MONOHEXAL SYRUP
82738,MONONDEXIN 0.1 EYE DROPS
27309,MONTEKAL 5MG 10 CHEW. TAB.
87878,MONTO PROTEIN 300 GM POWDER
68804,MONURIL 3 G 1 sach
87355,MOOD BOLD 750 MG
87356,MOOD DARK 750 MG
87354,MOOD INTENSE 750 MG
87357,MOOD NIGHT SHOWER GEL 750 MG
91362,MOODAPEX 100 MG 30 F.C.TAB
65511,MOODAPEX 50 MG 30 TAB
59950,MOON LIGHT CREAM 30 GM
18232,MOON LIGHT CREAM 50 GM
86282,MOONSHINE FACIAL CLEANSER LIQUID 250 ML
57043,MOOV 50 GM CREAM
73253,MOOV MASSAGE CREAM 40 GM
87382,moove most free massag cream
92502,MORACRAN 20 CAP
89926,MORALACT 20 CAP
90999,MORLA 10 SECH
79955,MORNIGAG 10/10MG 30 DELAYED REL. TABS.
77675,MOSAPRIDE 2.5 MG 10 TABS
77264,MOSAPRIDE 5MG30-TAB
73346,MOSEDIN 10 MG 20 TAB
74467,MOSEDIN SYRUP
91192,MOTILITY MAX 60 CAPS.
73928,MOTILIUM 10MG 40 F.C. TAB.
695,MOTINORM SUSPENSION 125 ML
91028,mounjaro 10mg
91128,MOUNJARO 12.5 mg
92040,MOUNJARO 2.5MG/0.5ML S.C. 4 PRE-FILLED PENS
92041,MOUNJARO 5MG/0.5ML S.C. 4 PRE-FILLED PENS
90617,movacartin 30cap
72372,MOVEASY 10MG 20TAB
89766,moveasy 10mg 30tab
88263,MOVEASY5MG 30TAB
84031,MOVELEX ACTIVE 200 ML FOAMING MASSAGE
88724,MOVELEX ADVANCE 30 CAPS
81338,MOVELEX CREAM 50GM
81147,MOVELEX MASSAGE CREAM 120GM
82822,MOVELEX NANO SPRAY 200ML
82150,MOVELEX PLUS GEL 100GM
91883,Movelex ultra cap
84969,MOVENTOR 20TAB
91739,MOVENTOR ADVANCE 10 CAPSULES
85048,MOVICOL 20 SACHETS
67460,MOVICOL paediatric 30SACHETS
61301,MOVIGIT 50 MG 30 TAB
89809,MOVINERVE SUB LINGUAL 30 TABLETS
88453,MOVXIR 500/50MG 20 F.C. TABS
81866,movy massa cream
47649,MOXACIN 400MG 5TAB
84173,MOXAVIDEX 400 10TAB
57567,MOXEN 15 MG 20 TAB
73386,MOXIFLOX 400 MG 10 TAB
73880,MOXIFLOX 5MG/ML EYE DROPS
75713,moxyseyaro 5ML EYE DROPS
79911,MOXYSEYARO PLUS EYE DROPS
79649,MOZANGLIC 0.03/3MG 21 TABLETS
79151,MR BEAR PLUS 160ML SYRUP
92635,MR GUMMY IRON 60 GUMMIES
89130,MR GUMMY kids immune 60 TABS JAR
92512,MR GUMMY MULTI VITAMINS WITH Z/IRON 60 TABS JAR
87405,MR GUMMY MULTI VITAMINS 60 TABS JAR
79149,MR.BEAR MANGO FAVOR 160ML SYRUP
90739,MR.BEAR OMEGA 3 1000MG
74624,MUCO S.R 20TAB
46104,MUCO SYRUP
79915,MUCOBRAVE 600 MG 10 SACHETS
2722,MUCOGEL SUSP. 180ML SYP
26752,MUCOPECT SYRUP
35124,MUCOPHYLLINE SYRUP 125 ML
19199,MUCOSIN SYRUP
77250,MUCOSOL 375MG 20 CAPS
73575,MUCOSOL ADULT SYRUP
73239,MUCOSOL INF SYRUP 120 ML
38110,MUCOSTA 100 MG 20 TAB
48231,MUCOTEC 300 MG 20 CAP
92675,MUITADINE 10% ANTISEPTIC SOLUTION 60 ML
65496,MULTI RELAX 10MG 20 TAB
47570,MULTI RELAX 5MG TAB
82591,MUMLAC 1 MILK 400 GM
48262,MUPIRAX 2% OINT. 10 GM
66049,MUPIRAX 2% OINT. 30 GM
91565,MUPIROCIN SAJA OINT
61462,MUSLGIX 400 -200 MG 20 CAP
90161,MY-VITOS 30 CAP
75420,my baby 120 wipes
21948,MY SWEET BABY SYRUP
10297,MYDRAPID 0.5% DROPS
75086,MYDRAPID 1% DROPS
13305,MYDRIACYL DROPS
79651,mylobac 10mg 20tablets
79650,mylobac 25mg 20tablets
61989,MYOCOOL CREAM 100GM
75397,MYOCOOL CREAM 60 GM
52056,MYODURA 10 MG 30 TAB
54175,MYODURA 5 MG 30 TAB
73620,MYOFEN 30 CAP
47572,MYOGREL 30TAB
71858,MYOGREL PLUS 75/75MG 30 F.C. TAB.
91736,MYONIL 10 SACHETS
74503,MYOREL CREAM
47911,MYOREL massage SPRAY60 ml
91873,MyTonex 20 TABS
66146,NACTALIA 1 MILK 400 G
71903,NACTALIA 2 MILK 400 G
60474,NAIL 15 LOTION 15 ML
81062,NAMIX 20 PIECES
54649,NAN 1 MILK 400 GM
82617,NAN 1 MILK 800 GM
15094,NAN 2 MILK 400 GM
82650,NAN 2 MILK 800 GM
57591,NAN 3 MILK 400 gm
82651,NAN 800GM 3
54703,NAN COMFORT MILK 380 GM
15057,NAN LF MILK 400 GM
90890,NAN OPTI PRO 3
88804,NAN PRE MILK 400 GM
73765,NANAZOXID 100 MG SUSP
73570,NANAZOXID 500 MG 18 TAB
58875,NANDURABOLIN 25 MG AMPOULE
87899,NANO TREAT NIACINAMID SERUM 30 ML
87937,NANO TREAT FACIAL CLEANSER SILVER 200 ML
87900,NANO TREAT HYALURONIC ACID SERUM 30 ML
91084,nanodam nappy rash cream 50mg
91485,NANODAM SEA WATER SPRAY WITH HYAL. 75ML
88581,NANYMOM 30 TAB
91038,nanymom tab
83383,NAPHCOZOLE EYE DROPS
63161,NAPIBRADINE 5MG 30 TAB
63162,NAPIBRADINE 7.5MG 30 TAB
NF,NAPIFIT 100MG 8 F.C.TAB
73551,NAPIZOLE 20 MG 14 CAP
89427,NAPIZOLE 40 MG 14 CAP
75314,NAPIZOLE 40MG 1VIAL
88016,NAPROFEN 500 MG 20 F . C TABLES
79663,naredrix 6 tablets
86439,NARKLEEN 30 CAPS
73482,NASACORT AQ 55 MCG NASAL SPRAY 120 DOSES
82942,nasal canula رايل كبار
79654,nashiliv 10mg 20 tablets
79653,nashiliv 5mg 20 tablets
79238,NASOFLUTIN NASAL SPRAY 120 DOSES
73358,NASONEX 0.05% NASAL SPRAY 120 DOSES
88595,NASOPECTRA 125/50 MCG NASAL SPRAY 120 ACTUATIONS
26841,NASOSTOP ADULT DROPS
74824,NASOSTOP PEDIATRIC DROPS
59445,NATARIA CREAM 50 GM
86355,NATRILIX SR 1.5 MG 30 C.TABS.
79754,natrixam 1.5/10 mg 28 tablets
79753,natrixam 1.5/5 mg 28 tablets
66121,NATRY FACIAL CLEANSER 250 ML
47130,NATRY SOAP 100gm
90688,NATUZINE 50MG CAP50
92008,NAVI NACL 5% EYE DROPS 10ML
NAV,NAVIDOXINE 10 TABS
79658,NAVILUCA 200mg 7 capsules
88419,NAVITAE PLUS 15ML EYE DROPS
78500,NAVOPROXIN PLUS 20-TAB
29105,NAVOPROXIN SUPP
87824,NAZOWELL 150MG 3 CAP
83507,NAZOWELL 150MG 1CAPS
78329,NEBASCO 5 MG 30 TABS
48246,NEBILET 5 MG 14 TAB
92098,nebula acne facial cleanser
92478,NEEROMELLA 30 GM CREAM
92477,NEEROMELLA PLUS DIAPER CREAM
89871,NEMOVIT GUM YUM EXTRA 30 PIECE
89870,NEMOVIT GUM YUM EXTRA 50 PIECE
32912,NEO-MEDANINE FR TAB
53812,NEO MERCAZOLE 100 TAB
84271,NEO MOVE ON 100 GM CREAM
46554352,NEO MOVE ON 50GM CREAM
86566,NEO MOVE ON FREEZE GEL 100 GM
90537,NEO MOVE ON FREEZE GEL 50GM
91182,NEO MOVE ON SPRAY 200 ML
2317,NEO POL DROPS
81221,NEOCARBON MARNYS 30 CAPS
77847,NEOMERCAZOLE 5 MG 100 TABS
85604,NEOPRESSION 1 MG 10 TAB
80083,NEOPRESSION 2MG 20 FILAM
87167,neorub massag spray
57284,NEOVA CREAM 75 GM
88916,NEOZOLID 250 MG 6 TABS
46563,NEOZOLID TAB
89482,NEPHROMED 100 TABS
87015,NEPHROMED ADVANCE 14 SACHETS
84780,NERCAFIX 40MG 30 OD.FILM
88047,NERFACTORY 30 CAPSULES
90125,NERHAFLUKS 20MG
90493,NERHAFLUKS 40MG 20 FILM
77762,NERHASILDA 50MG 16 FILM
83374,NERHASILDA 75MG 8FILM
90397,NERKARDOU 2.5 MG 30 FILM
87817,NERKARDOU 5 MG 30 FILM
89114,NEROTONEX 20 CAPS
89914,NERVADIXIN 20CAPS
91962,NERVI - BIOBOTS 30 CAPS
82394,NERVIXAL 30 F.C. TABS.
89242,NERVIZAM 30 CAPS
15082,NESTOGEN 1 MILK 400 GM
75607,NESTOGEN 2 MILK 400 GM
78379,NESTOGEN 3 MILK 200GM
92026,NETALOPALM CAP
90717,NETIPHTIOLE 3MG/5ML
73513,NETLOOK 10 MG 20 CAP
73819,NETLOOK 20MG CAP
73475,NETLOOK 40 MG 20 CAP
89674,NEULIPOVIM ADVANCE 10 SACHETS
91507,NEUPOGEN 30MIU/0.5ML PREF. SYRINGE
74710,NEURAZINE 100 MG 20 TABS
87838,NEURED 30 CAPS
48218,NEURIMAX 6 I.M. AMP.
91929,Neuro Lusty 30 Cap
91738,NEUROBION 10 AMP IMP
88311,NEUROBION 10 MP IMP
88188,NEUROBION 6 AMP IMP
61987,NEUROGLOPENTIN 100 MG 30 CAP
60967,NEUROGLOPENTIN 300 MG 30 CAP
62114,NEUROGLOPENTIN 400 MG 30 CAP
19451,NEURONTIN 300MG 10CAP
19194,NEURONTIN 300MG 20CAP
74208,NEUROPATEX 20 CAPS
56545,NEURORUBINE 6 I.M. AMPS
74964,NEURORUBINE FORTE LACTAB
73227,NEUROTON 30 TABS
73602,NEUROTON 6 AMP
73146,NEUROVIT 3 AMP
77794,NEUROVIT 30 SUGAR C. TABS
78192,NEUROVIT 6 I.M. AMPS.
84984,NEUTRA FERITIN 30 CAPS
91694,NEUTRA TRYPSIN 20 TAB
58347,NEVILOB 2.5 MG 14 TAB
34845649,NEVILOB 5/25PLUS 20 TAB
55821,NEVILOB 5MG 14 TAB
85181,NEVILOB 5MG 21 TAB
90502,NEVILOB AMLO 5/10MG 30 TABS
88237,NEVILOB AMLO5/5 30tab
72531,NEVILOB PLUS 5/12.5 20 TAB
64215,NEVXAL 5ML DROPS
81256,NEVXAL FORTE 5ML DROPS
73671,NEW-CLAV 457 MG 80 ML SUSP
55522,NEW AKIM OIL 60 ML
47735,NEWBEZIM TAB
58050,NEWCLAV 642.9 MG 100 ML SUSP
47809,NEWCLAV 642.9MG 50ML SUSP
90357,newl+E silcon gel
84665,NEXATIC 6 SACHETS
86861,NEXIBRONCH SYRUP 200 ML
89346,NEXICURE 10 MG 14 SACHETS
89345,NEXICURE 10 MG 7 SACHETS
90308,NEXICURE 2.5MG/28 SAC
89383,NEXICURE 20 MG 14 F.C.TABS.
79657,nexicure 20mg 20tablets
77544,NEXICURE 40 MG 20 TABS
92350,NEXICURE 40 MG 30 TABS
90282,NEXICURE 5 MG 28 SAC
91851,NEXICURE PLUS 40/1680 MG 14 SACHETS 14 PACKET
74444,NEXIMASH 40 MG 14 TAB
87800,NEXIMASH 40 MG 28 CAPSULES
83723,NEXIMERICAN 40MG 14CAPS
91115,NEXIROZOVA 10MG 28 F.C. TABS
82866,NEXIROZOVA 10MG TAB
82867,NEXIROZOVA 20MG 14TAB
78376,NEXIUM 20 MG 28 F.C TABS.
78258,NEXIUM 40 MG 28 TABS
82648,NEXT FRESH 40 ML ORAL SPRAY
88975,NFINITY TREATO ANTI DANDRUFF SHAMPOO
84328,nicorette quick mist
63346,NIDO 1+ MILK 576 G
82724,NIDO+1 288 GM
86977,NIGHT CALM 1 MG 30 F.C.TABS
85291,NIGHT CALM 3 GM 30 TAB
NS,NIGRA STREP 12LOZENGES
82600,NIRAMAR FEMININE INTMATE WASH 120 ML
75440,NIT CLEAN 500 MG 12 TAB
74081,NIT CLEAN 500 MG 30 TAB
79143,NIT CLEAN 60ML SYRUP
74045,NITAZODE 100 MG SUSP 60 ML
81119,NITAZODE 500 MG 18 TABS
48136,NITORA 30 TAB
73758,NITRODERM TTS 10MG PATCHES
73407,NITRODERM TTS 5MG 7 PATCHES
47491,NITROMACK RETARD 5MG CAP
8897,NITROMAK RETARD 2.5MG 60 CAP
20395,NITROTARD 2.5 MG- 60 CAP
79743,NIXELECO 10SACHETS
79661,NIXPRAZOLE 40 MG 14 DELAYED REL. CAPS.
81600,NIZAPEX SHAMPOO 80 ML
12360,NIZORAL SHAMPOO 60 ML (MINA PHARM)
80987,NO-B SACHETS
953,NO-URIC 100MG 50 TAB
90760,NO-URIC 300 MG 20 TAB
30266,NO-URIC 300MG 20 TAB
56448,NO CAL 100 PACKETS
56445,NO CAL 50 PACKETS
81704,no cal new 200 stick
87926,NO DEPRINE 50 MG 30 TABLETS
37191,NO DEPRINE 50MG 20 TABS
55746,NO GRAVIDA 12 VAGINAL SUPP
84171,NO MIGRAIN TAB
15567,NO RASH CREAM 20SACHETS
59649,NODEP 10 MG 30 TAB
91145,NODY SPARY 30ML
74118,NOFLU 20 TABS.
81644,NOFRACT SYRUP
84270,NOLAVER ANTI-SCAR GEL 50 GM
60664,NOLAVER CREAM 50 GM
47623,NOLVADEX 30 TAB
86025,NOMASSIST 5MG 20 TABS
91032,NOMASSIST 5MG 30TAB
89882,NONEMIA 20CAPS
87320,nono shampoo 500 ml + nono 2*1 shampoo* balsam 100
87322,NONO SHAMPOO 800 ML + BALSAM 100 ML
87321,NONO SHAMPOO 800 ML + BALSAM 200 ML
73603,NONOO WATER SYRUP 120 ML
31402,NOPECIA CAP
92365,NOPYRETRON 20 FILMS
1188,NORFLEX 100 MG 20 TABS
2575,NORFLEX 3 AMP
1250,NORGESIC TAB
79664,norgestadiol 21 tablets
76424,NORHINOSE NASAL SPRAY 120 DOESES
91763,NORIGYNCIN 50/5MG I.M. AMP
87232,NORKI- MEL 120ML SYRUP
87403,norki bones 30 tab
87400,norki bones suspension
87398,norkisol d3 drop
20397,NORMAL SALINE--P.INFUSION
20398,NORMAL SALINE-HAIDYLENA 0.9 %P.INFUSION
S,NORMAL SALINE 500ML SOLUTION
83218,NORMIFRIN NASAL SPRAY
49792,NORMO-TEARS 15 ML
86816,NORMOCARD 2.5 MG 30 TABS
82433,NORMOCARD 7.5 MG 30 TAB
74201,NOROCARMENA 3/0.03 MG 21 TAB
11135,NORVASC 10 MG 10 TAB
58211,NORVASC 10 MG 15 TAB
36413,NORVASC 5 MG 10 TAB
87910,NORVASC 5 MG 30 TABLETS
90239,NORVASC VAL 10/160MG
90240,NORVASC VAL 5/160
90238,NORVASC VAL 5/80MG
21730,NOSTAMINE EYE DROPS
75745,NOSTIFIX 0.5 MG 2 TABS
84778,NOTRIPROX 15 G CREAM
85075,NOTUSSIL 120 ML SYRUP
40073,NOTUSSIL 60ML SUSP
73574,NOVA-C-N 20TAB
72816,NOVACTAM 1000/500 MG VIAL
82713,NOVACTAM 250MG/5ML SUSP 60ML
72815,NOVACTAM 500/250 MG VIAL IM
18696,NOVALGIN 100 TAB
30797,NOVALGIN AMP
ON,NOVALGIN OBLONG 10 TAB 500 MG
77236,NOVALGIN OBLONG 500MG 10TABS
81818,NOVEX CARBAMIDE CREAM 30GM
84569,NOVEX PANTHENOL 50 G
88897,Novex Panthenol 50 g cream
75475,NOVISTORIC 10 MG 14 TAB
75474,NOVISTORIC 20 MG 14 TAB
92086,novistoric plus 10/10 mg 30 tab
86889,NOVOCOBAL 1 MG 30 SUBLINGUAL TABS
88516,NOVOFERR ORAL DROPS 30ML
73951,NOVOMIX 30 FLEXPEN
68867,NOVOMIX 50 FLEXPEN
21587,NOVONORM 0.5MG TAB
40649,NOVONORM 1MG TAB
22488,NOVONORM 2MG 30 TABS
73505,NOVORAPID FLEXPEN
74628,NOVORAPID PENFIL
92670,NOW NIACIN 100CAPS IMP
85141,NOW C 1000MG 100CAPS
92048,NOW COLLAGEN PEPTIDES POWDER 227GM
91333,now magnesium glycinate 180 vag capsules
83909,NOW ULTRA OMEGA3 FISH OIL90 SGELS
91005,now vitamin d3 50000
91146,NOW ZINCO PICOLINATE 50MG 60 CAP
1274,NU-SPASM 10 MG 20 TAB
40650,NU-SPASM 3 AMP
90644,NUBIT TAB 30 TAB
87187,nutri-soft 30g cream
82758,NUTRITRU-D 400 I.U./DROP ORAL DROPS 10 ML
85118,NUTRITRU FE CAPS
91673,NUTRIVILLE B COMPLEX 30 TABLETS
45452312,NUTRIVILLE MULTIVITAMINS WOMEN 30 TABLETS
22491,NYSTATIN DROPS
75874,o-pedal hair serum
91334,O-PEDAL HAIR SERUM 60 ML
85546,OBAXO 30CAPS
90439,ocean bio actif 100 ml fluid+
73230,OCTATRON 30 CAP
90618,octoconval 300mg 30cap
8673,OCTOVENT CR 20 TAB
40071,OCTOVENT PLUS SYRUP
74881,OCTOZINC CAP
89607,OCUBESIFLOX EYE SUSP. DROPS 5 ML
7343,OCUCARPINE 2% DROPS
59776,OCUGUARD 30 CAP
84285,OCUGUARD 30 CAPS.
83647,OCUGUARD LX 30 CAPS.
4876,OCUMETHYL DROPS
87965,OCUSEELLERGE FORTE 0.1% DROPS
91404,OCUXAL 20 CAPSULES
91784,OFLAM 50 MG 30 TAB
54526,OFLAM 50MG 20 TAB
26561,OFRAMAX 1GM IM VIAL
64102,OFUSIDIC EYE DROPS
88535,OJOALIVATO EYE DROPS 10 ML
88682,OLANVEXA 5MG 30TABS
76464,OLANZAPINE-COPAD 7.5 MG 14 F.C. TAB.
73263,OLAPEX 10MG 30 TAB
73619,OLAPEX 5MG 30 TAB
88633,olevazed massage cream
74859,OLFEN 100 SR MG CAP
74149,OLFEN 50MG TAB
52043,OLFEN 75 MG 6 AMP
73291,OLFEN GEL 50 GM
88159,OLIVE OIL SPRAY ARGAN 275 ML
75016,OLMESPIRONOVA 20/12.5 MG
80980,olmespironova 20/25 30tab
81992,ologint 10 sachet
60056,OLOHISTINE 5 ML EYE DROPS
91951,OLOHISTINE FORTE
68819,olopalite eye drops 5 ml
92579,OLOPTASONE NASAL SPRAY 120 METERED SPRAYS
92347,OLOPTASONE NASAL SPRAY 240 METERED SPRAYS
86891,OMACOR 1000 MG 28 CAPS
88502,OMEDRINK SYRUP 30 ML
83604,OMEDRINK SYRUP 60 ML
73402,OMEGA-3 PLUS 30 CAPS
90185,OMEGA-SAJA 30 CAPS
87110,OMEGA 3-SAFE 1250MG
82910,OMEGA 3 100ML SYRUP
90186,OMEGA 3 SERIO 30 CAPS
82271,omega 3 syrup
82797,OMEGA 3 SYRUP (NAPCO) 100ML NEW
56223,OMEGA 300 MG 20 CAP
88661,Omega A.I.T 30 Caps
79280,OMEGA BRAND PLUS DROPS
85004,omega folina 30 caps
89587,OMEGA PEX 120ML SYRUP
78393,OMEGA RX 60-PCS
87986,Omega RX 60 pieces + Omega 30 pieces offer
87006,OMEGA RX JELLY CANDY 30 PCS
84098,OMEGA ZAD SYRUP 100ML
79142,OMEGACOUGH 120ML SYRUP
63261,OMEGAFIT 1000MG 14SAC
78539,OMEGAFIT 500MG 14-SACH
87482,OMEGAL MAN 30CAP
90993,OMEGAL ULTRA 30CAP
90281,omegal woman 30 capsules
92706,OMEGALOSIT 30 CAP
84568,OMEGALOX-3 1000 MG 30 CAPS.
84777,OMEGALOX SYRUP 200 ML
80914,OMEGAPRESS 0.1MG 30TABS
79666,OMEGAPRESS 0.2MG 30TABS
78450,OMEGASEEF 30 S.G. CAP
59465,OMEHEALTH 7 CAPSULES
6457,OMEPAK 20MG 14CAP
75729,OMEPAK 40MG 14CAP
88495,OMEPURE ORAL DPS 10 ML
75079,OMEZ 10MG CAP
46442,OMEZ 20 MG 14 CAPS
82794,OMEZ 40MG 20CAPS 2STRIPS
89695,OMEZ 40MG PWD. FOR I.V. INF. VIAL
63278,omit_c spray 60ml
79300,OMNEVORA 8 I.M. AMPS. 2 ML
55004,OMNIC OCAS 0.4 30 TAB
74902,OMNICEF 300 MG 10 CAP
91425,OMNITROPE 10MG/1.5ML S.C. CARTRIDGE
62659,ON CALL PLUS 50 STRIP 2TUBE
91860,ON TARGET SLIM 30 CAPS
91056,ON TARGET SPIRULINA 30 TAB
83574,ONCED 10 MG 30 TABS
83575,ONCED 20 MG 30 TABS
83581,onced 5mg tab
79723,ONDALENZ 4 MG 5 FILMS
78365,ONDALENZ 8MG 5-FILMS
80538,ONDAMETIC 4MG 5AMPOULES
81333,ONDAMETIC 8 MG 5 AMP
73633,ONE ALPHA 0.25MCG TAB
49484,ONE ALPHA 0.5 MCG TAB
73578,ONE ALPHA 1MCG 30 CAP
13737,ONE ALPHA DROPS
82105,ONE TOUCH SELECT شرايط
88006,ONE TWO THREE EXTRA 20 F.C.TABS
73369,ONE TWO THREE SYP 120 ML
73114,ONE TWO THREE TAB
81336,OPHILOCOND 0.1% 5ML EYE DPS
91017,OPHTATTROV EYE DROP
90718,OPIX NERVE 20 TAB
86407,OPLEX-N PLUS SUPP FOR CHILDREN
40067,OPLEX SYRUP 125 ML
88481,OPONOV 20 TABLETS
79672,opranate 40/1100 mg
88729,OPTA TRIBXON 30 CAP
88905,OPTACADO 300MG 30 CAP
86479,optaderol plus 30 caps
76558,OPTAMINESS 150 TAB
86704,OPTAREST 60GM MASSAGE CREAM
61537,OPTEST EYE DROPS
82902,OPTI FREE PUREMOIST 300ML
74742,OPTI LUBE JELLY 82 MG #new2017
89988,optiba 10sht
63305,OPTIC SALINE 5% EYE DROPS 15 ML
46414,OPTIDEX -T EYE DROPS 5 ML
46429,OPTIFLOX 0.3% EYE DROPS 5 ML
89471,OPTIFRESH EYE DROPS 10 ML
61323,OPTIGURAD EYE DROPS 15 ML
80371,OPTILUBRIC 1.6MG 30SINGLE DOSE UNITS
40061,OPTIPRED 10MG/ML EYE DROPS 5 ML
61122,OPTIZOLIN 10 ML
88009,OPTOTROP 1 % 10 ML EYE DROP
46431,ORA ZED MOUTHWASH
88766,ORABEST MOUTH SPRAY
26400,ORACURE GEL 30GM
79231,ORAMAX P SPRAY 30ML
81360,ORAMAX SPRAY 30ML
90414,ORAONCE DROPS
87446,ORATRYPSIN 30 CAPS
82722,ORAVIT B12 SR 1MG 30CAPS
46432,ORAZONE 0.1MG/ML SYRUP 120ML
28543,ORCHA TEARS PLUS DROPS
78666,ORCHABEPOST EYE DROPS
18096,ORCHACIN DROPS
90448,orchacortin 1% 5mg ointment
73383,ORCHADEXOLINE DROPS 5 ML
65714,ORCHAPRED EYE DROPS 10 ML
18032,ORCHAZID DROPS
75714,ORCHINOHIST 0.25% EYE DROPS 3 ML
88933,OREX-MG M WASH250 ML BANANA
88366,OREX-MG M WASH250 ML WATERMELON
81759,OREX EC ORAL SPRAY
55531,OREX spray 60 ML oral moutg wash
87427,OREX TOOTH PASTE GEL
92693,ORGALASE 120 ML SYRUP
48142,ORGALIGHT WHITENING CREAM 50 GM
73674,ORIENT_N CREAM 50 ML
82667,ORIZZONTE MASSAGE CREAM
85589,orlismart 120mg 30tab
52075,ORLISTAT 120 MG 30 CAP
57038,ORLY 120MG 30 CAPS.
86243,ORLY 60MG 30 CAPS.
52079,ORNIDAZ 500 MG 10 TAB
81227,ORNIVODA 500 MG TABS
79233,ORO.GUARD spray 60ml
85355,OROGAM GUARD SPRAY
78502,OROVEX-H MOUTH WASH 150 ML
73131,OROVEX MOUTHWASH BANANA 250 ML
66035,OROVEX MOUTHWASH CLOVE 250 ML SYRUP
73730,OROVEX MOUTHWASH DELICATE 250 ML
73731,OROVEX MOUTHWASH ORANGE 250 ML
75665,OROVEX MOUTHWASH PEPPERMINT 120 ML
66036,OROVEX MOUTHWASH STRAWBERRY 250 ML
76585,OROVEX MW GREEN APPLE 250ML
78259,OROVEX SMOKERS MOUTH WASH 250 ML
73365,ORS EFF 10 SACHETS
83670,OSAVIDIN 100.000 I.U 2AMP
83985,OSAVIDIN 200.000 I.U 2AMP
83669,OSAVIDIN 300.000 I.U 2AMP
78516,OSELTAMIVIR 75 MG 10 CAPS
6977,OSIPECT SYRUP
85247,OSSILOR D 400 30ML DROP
10703,OSSOPAN 800MG 20 TAB
81557,ossum cherish b
58147,OST-MAP 60 MG 20 CAP
47959,OSTEFORTE CREAM 50 GM
86856,OSTEO ZAD SYRUP 120 ML
74016,OSTEOCARE 30 TAB
37505,OSTEOCARE SYRUP 120 ML
90416,OSTEOCOMPLEX 30 TABS
91642,OSTEOLAGE 20 TABLET
57307,OSTEONATE 70 MG 4 TAB
63991,OSTEORINE 50 MG 30 CAP
91861,OSTEPRESS 30 TAB
50049,OSTOCAL SYRUP 100 ML
19683,OTAL EAR DROPS
90000,otfadilate 1%
25271,OTOCALM DROPS
4283,OTOCORT DROPS
73281,OTRIVIN ADULT DROPS 15 ML
73342,OTRIVIN BABY SALINE
73576,OTRIVIN CHILDREN DROPS
89770,ova-max 120
91547,OVA WOMEN 60 TAB
75053,OVIEW 5 OVULATION TESTS
83085,OVULA PREGNANCY TEST
79674,OVUNHIPITA 75 MCG 28 TABS.
91859,OVUTROZ 2.5 M 10 TABS
74992,OXALEPTAL 300 MG 30 TAB
54619,OXALEPTAL 600 MG 30 TAB
74371,OXALEPTAL SYRUP 100 ML
92299,OXANOMEG 10 CAPS
79207,OXAZOLID 10 TABLETS
67231,OXIFREE 20 TAB
90237,OXILAGE 20TAB
89776,oxilozyme 10 tab
60336,OXITROPIL 1200 MG 60 TAB
91935,OXY LIVANO CARE 0.9% ISOTONIC SPRAY
19174,OXYMET 0.05% ADULT NASAL DROPS 15 ML
19462,OXYMET INF DROPS
17699,OXYPOL EYE OINT
79310,OXYPROGEST 150MG/ML I.M. VIAL
85218,OZEMPIC 0.5 MG PRE-FILLED PEN
83305,OZEMPIC 1MG PRE-FILLED PEN
84874,p-iron 30 tab
90033,p-iron plus 30mg 20 capS
83960,PACIFIAL 40 MG 21 CAPS
79962,PACREDO 20MG 30TAB
92396,paediment 250 ml
91207,PAGLIFLOZA 10MG 30TAB
8887,PAIN RELIEFER 30 CAP
90630,PAINOMOVE TAB
87567,PALETTE 8-16 SHEA BUTTER
91717,PALMINERVE 600 MG 30 CAP
90887,PALMITREAT 600 30CAP
32927,PAN-D LOTION
25973,PANADOL 24 TAB BLUE imported
87267,PANADOL ACUTE HEAD COLD 20 TAB
pan,PANADOL ADVANCE 48 TABS
77480,panadol cold & flu #imp
78136,PANADOL COLD &FLU DAY 24-TAB
panx,PANADOL EXTRA 24 TAB
87063,PANADOL EXTRA 48 TABS
91686,PANADOL EXTRA OPTI ZORB 24 F.C. TABS
80483,PANADOL JOINT 24 TABS
79639,PANADOL MIGRAINE 30 TABS
66179,PANADOL SINUS RELIEF 24 TAB
79771,PANADOL VAPOUR RELEASE 10 SACHETS
89716,PANGESTAZOL 40MG 14TAB
23039,PANTAZOL 40 MG 14TAB
57403,PANTAZOL40 MG VIAL
48082,PANTHENOL 2% CREAM 50 GM
91304,panthenol 5% care cream 50 gm
75048,PANTHENOL CREAM 15GM
40038,PANTHENOL CREAM 20GM
84507,PANTHENOL DIMENSION 30GM CREAM
85001,panthenol novex cream
86785,PANTHENOL PERFECTION CREAM 50 GM
65736,PANTHOVERA HAIR SHAMPOO 250 ML
90431,PANTOGAR 60 CAP
73883,PANTOGAR 90 CAP
9808,PANTOLOC 20MG 14TAB
74592,PANTOLOC 40MG 14TAB
89291,PANTOMEDRA 40 MG 28 E.C. TABS
84728,PANTOMERICAN 40MG- 14TAB
58279,PANTOMIX TOPICAL CREAM 50 GM
65983,PANTOPI 20 MG 20 TAB
81410,pantopi 40 mg tab
29182,PANTOPRAZOLE 40MG 14 TAB
89823,pantroglop 40 vial
74283,PARACETAMOL-ADCO 500 MG 20 TABS
78593,PARACETAMOL-MUP 500MG 20 TABS.
76438,PARACETAMOL 20 TABS
87120,PARACHUTE AMLA HAIR OIL OFFER 1+1
89245,PARACPIMOL 1 GM/100ML VIAL FOR I.V. INF
86976,PARAGESIC 500 MG 20 TABS
86954,PARAGESIC 500 MG 5 RECTAL SUPP
80251,PARAMOL 1000 MG 20 TAB
74303,PARAMOL 500 MG 20 TAB
34498,PARAMOL SUPP
74374,PARAMOL SYRUP
68949,PARASIDOSE LICE&NITS 110 ML
91055,PARKINTEAT 1MG 30TAB
46458,PAROFEN TAB
83546,PAROXEDEP CR 12.5MG 30TABS
81442,PAROXEDEP CR 25 MG 30 TAB
86974,PAROXEDEP CR 37.5 MG 30 F.C.TABS
81120,PAROXETINE 12.5 MG
65978,PAROXETINE 20 MG 30 TAB
79669,PAROXETINE CR 25 MG 30 F.C. TABS.
47894,PASMOLAX CREAM
79339,PASMOLAX CREAM 60 GM
88216,PASSION BABY BODY LOTION 200 ML
88218,PASSION BABY COLOGNE 100 ML
88217,PASSION BABY HAIR OIL 100 ML
88215,PASSION BABY SHAMPOO & SHOWER 275 ML
83548,PASTOSAGE 50GM MASSAGE GEL
87083,pastosage massage spray
89483,patadoline eye drops
46856,PATANOL DROPS
77097,PATANOL EYE DROPS
83987,PATO CREAM 30GM
83997,patrimac 20 28 tab
86090,PAXOTRYPS 20 CAPS
90470,PEA 300MG 20CAP
91714,PEA 400 MG 20 H.G. CAPS
90162,PEA 400MG
90326,PEA 600MG 20 tab
91954,pea flex forte 30 cap
73283,PECTIPRO SYRUP 100 ML
47262,PECTOL bluo+vit c
83381,PECTOL HONEY+LEMON 24 STRIPS
87476,PECTOL MINT 24 STRIPS
83382,PECTOL ORANGE NEW
88232,PEDIA-START 2 350 GM MILK
84322,PEDIAGROW 3 MILK 400GM
80111,Pedialyte Apple Flavour oral solution
82431,PEDIAMIL 1 MILK 400GM
82432,PEDIAMIL 2 MILK 400GM
82120,PEDIAMIL AC MILK 400GM
82119,PEDIAMIL AR MILK 400GM
82121,PEDIAMIL HA MILK 400GM
82118,PEDIAMIL LF MILK 400GM
55714,PEDIASURE CHOCOLATE MILK
46695,PEDIASURE VANILLA MILK
77108,PEDICORT FORTE SYRUP
73589,PEDICORT SYRUP 100ML
90264,PEDRO MOUTH SPRAY 60 ML
92455,PENCILONG 1200000 i.u vial
73151,PENCITARD 1200000 i.u vial
88173,PENDULIN CURLY KIDS 250 ML SPRAY
85705,PENDULINE DIAPER RUSH CREAM 75
83603,penduline lightening cream
19211,PENTA 5 OIL SACHETS
64060,PENTA COLD SYRUP 120 ML
81214,PENTABURN OINT
62061,PENTAFLU SYRUP 100 ML
33355,PENTAL SR 400 MG 20 TABS
73882,PENTAMIX 120 ML SYRUP
18016,PENTASA 1 MG 28 SUPP
21075,PENTASA 500MG 100TAB
90533,PENTASA XTEND 60 SACHETS
79676,PENTASTATIN 20 MG 28 F.C. TABS.
73712,PEOPO-OTIC EAR DROPS 15 ML
79289,PEOPODAK 2% VAGINAL CREAM 40 GM
62118,PEOPOSPAN COUGH SYRUP 100 ML
11959,PEPON 30 CAP
73707,PEPON PLUS 20 CAP
73567,PEPTIC CARE 500/500/20 14 TAB
74046,PEPZOL 20 MG 14 CAP
73450,PEPZOL 40MG 14CAP
73943,PEPZOL 40MG 7CAP
42654,PERDERM CREAM
21879,PERDERM OINT
88065,PERDOFENEX 267 MG 30 CAPS.
81993,perfect care 2*120
22799,PERFECT CARE SOLUTION 120 ML
KY,PERFECT GEL K-Y 85GM
80946,PERFECTIL 30TABS
91936,PERFECTIL HAIR EXTRA SUPPORT 60 TABS
74950,PERFECTIL PLATINUM COLLAGEN HAIR 10 DRINKS
89570,PERFECTION CARBAMIDE CREAM 30 GM
87127,PERFECTION PANTHENOL CREAM 50 GM
58203,PERFECTODIL 5 % TOPICAL SOLUTION 60 ML
91964,PERFECTODIL2% TOP.SOLUTION 60 ML
26527,PERFORMA 5% SOLUTION 60 ML
79679,PERLOC 40 MG 14 TABS
75726,PERLOC 40MG. VIAL
83596,PETRO 30 TAB
81891,PETTIX CREAM
86099,PEX BRONCH SYRUP HONEY FLAVOR 120 ML
87703,PHARA FERO 27 - 20 CAPS
88074,PHARA FERO 27 30 CAPSULES
85689,PHARMA-FLAM 100 MG 20 TABS
76419,pharma tears eye drops
PHA,PHAROFEN 75MG 4AMP
89445,PHAROTITA 120 ML SYRUP
91718,PHARSRT 300 MG 2 VAGINAL OVULES
73157,PHENADONE SYRUP 100 ML
29928,PHENYTIN 100 MG 50 CAP
22033,PHENYTIN 50MG 50 CAP
78462,PHILOZAC 20MG 30-CAP
91732,PHLEPOVEINALGEL 40 GM
75413,PHYSIOMER BABY NASAL ASPIRATOR
18408,PHYSIOMER BABY NASAL SPRAY 115ML
75679,PHYSIOMER BABY UNIDOSES 30 DOSES 5 ML
57178,PHYSIOMER HYPERTONIC 135 ML
18369,PHYSIOMER NORMAL SPRAY 135 ML
75651,PHYSIOMER STRONG SPRAY
61446,PHYTO K 10 MG 50 TAB
26621,PIASCLEDINE 300 MG 15 CAP
73596,PICOLAX DROPS 15 ML
64078,PIMFAST 1 GM VIAL
79678,piompride 30/4 30tablets
91640,PIRLOME 30 H.G. CAPS
79675,PIXASPIRE 2.5 MG 30 F.C. TABS.
81320,PIXCOLT 2.5 MG 30TAB
88808,PIXIVANCE OPHTHALMIC SUSPENSION 6MG/5ML
46705,PK MERZ 30TAB
14638,PLAQUENIL 200MG 60TAB
58014,PLAVICARD 75 MG 30 TAB
57665,PLAVICTONAL 20 TAB
16854,PLAVIX 75 MG 28 TAB
59865,PLEGICA 10 ML EYE DROPS
47719,PLENDIL 10 MG 30 TAB
47722,PLENDIL 2.5MG TAB
29116,PLENDIL 5 MG 30 TAB
26603,PLETAAL 100 MG TAB
28686,PLETAAL 50 MG 20 TAB
87218,pogabone 30 tab
89913,POINTZAM 30 TABS
77239,POLYDERM TOP. CREAM 20 GM
79224,POLYFRESH 0.2% EYE DROPS 20 X 0.4 ML SDU
81771,POLYFRESH ADVANCED EYE DROPS 10ML
78158,POLYFRESH EXTRA EYE DROPS 30 X 0.4 ML SDU
57711,POLYFRESH EYE DROPS 10 ML
87966,POLYMART 50 MG GEL
90404,POLYMART COOL GEL 50GM
87007,POLYMART TOPICAL GEL 50 GM
79269,POLYMER ADULT HYPERTONIC SPRAY
79268,POLYMER BABY 0.9% SPRAY
77583,POLYMER KIDS HYPER TONIC 2.3%
83749,POM SHOWER GEL 250ML
81887,PONGEEL MOUTH SPRAY 60ML
85738,ponoforte 500
91212,PORSCHE 10 TABLET
90512,POSHURIC 2.4/2.5 280G
27544,POTAFEN 50MG 20TAB
91087,POTARINO محلول
80237,potaspirono 25mg 20tablets
21252,POTASSIUM-M SYRUP 120 ML
57680,POTASSIUM CHLORIDE 5 ML
POT,POTASSIUM PERMENGANATE
7336,POWER 36 TABLET
75353,POWER B COMPLEX SOLUTION IV OR IM 6 AMP
48235,POWER CAPS 20 CAP
73294,POWER COLD&FLU 20 TAB
59893,POWERECTA 20 MG 4TAB
76744,powerecta ODT 6tab
75530,PRAVOTIN 100 MG 14 SACHETS
75554,PRAVOTIN 100 MG 30 SACHETS
89401,PRAVOTIN PLUS 30 CAPS
65985,PRAXILENE 200 MG 30 TAB
87426,PRAXOBON 30 CHEWABLE TAB
83872,pre nactalia 400 mg
89715,PRECOLM CREAM 50MG
79682,predapox 30mg 6tablets
88920,PREDAPOX 60 MG 6 F.C. TABS
86698,PREDNISOLINE EVA PHARM 5 MG 30 TABS
79673,prednisolone 20 tablets
22369,PREDNISOLONE 5 MG 20TAB
90949,PREDNISOLONE EVAPHARMA 20NG
89589,PREDSOL 5MG/5ML SYRUP 125ML
28542,PREDSOL FORTE SYRUP
88746,PREGNACARE BREAST-FEEDING 84 TABS/CAPS
83163,PREGNACARE BREAST FEEDING 60 TAB
83309,pregnacare conception IMP
77985,PREGNACARE ORIGINAL 30-TAB
87708,PREGNAMAR PLUS 60 CAP
92530,PREGNASTEP 3 BREASTFEEDING 30 H.G. CAPS
84563,PREGNAVIX 30 TABS
85108,PREGNAWELL 30 CAPS.
88331,PREGTILITY 60 CAPS.
91354,PREMAPRESS 30 TABLETS
84840,PREPAWEST POWDER 4 POUCHES
90765,PRESSROL GEL 50 MG
87233,PRETOPRAZAN 20MG 14 TAB
87546,PRETTIER ANTI-DANDRUFF SHAMPOO 120 ML
78914,PRETTIER FACIAL WASH 200ML
81130,prettier sun screen cream 50* spf
87032,PREVAGLIP 5 MG 30 TABS
73115,prevenar (13) 1 single dose
23369,PRIANIL CR TAB
73474,PRIDOCAINE CREAM 15 GM
83582,PRIDOCAINE CREAM 30 GM
81077,PRIMA-GROWTH CHOCOLATE POW 8 SACHETS
82647,PRIMA GROWTH POWDER CHOCLATE FLAVOR
59689,PRIMAVITA 1 450 G
46857,PRIMO PLUS LOTION 120 ML
90581,PRIMOXIZAR 400MG
74088,PRIMPERAN 10 TAB
75335,PRIMPERAN 12 AMP
88659,PRIMROSE-E 30 CAPSULES
74079,PRIMROSE PLUS 30 CAP
81385,PRINORELAX 15 MG 30 EXT. R.CAPS
88931,PRINORELAX 30MG 20CAP
91426,PRINU 15 SACHETS
87931,prinulyte 250 solution
74591,PRISMAVEN 100 MG 30 TAB
75872,prismaven 50 mg
73571,PRISOLINE DROPS
79220,PRIVACOND 15 ML EYE DROPS
80921,probric 20 mg 10 tabs
40066,PROBRIC ORAL SOLUTION 125 ML
48131,PROCORLAN 5MG TAB
48132,PROCORLAN 7.5MG TAB
30197,PROCTAN 30CAP
82596,PROCYKINOL 5MG 50TABS
85615,PROGESING 100MG 10 AMP
73607,PROGEST 100MG 24CAPS
81121,PROGEST 200MG 30CAP
23049,PROGRAF 1 MG 100 CAP
68856,PROLIA 60 MG 1 SYRING
81031,PROLUTEX 25MG INJECTION
81890,PROMIX JUNIOR MILK
22490,PRONTO PLUS TAB
73718,PRONTOGEST 100MG 10 AMP
74332,PRONTOGEST 200 MG SUPP
73072,PRONTOGEST 400 MG 30 VAG SUPP
90552,PRONTOGEST 50MG 10 AMP
91487,PRONTOGEST 50MG 5 AMP
89699,PRONTOMUTIM 100 MG 30 F.C. TABS
88280,PRONTOMUTIM 200 MG 30 F.C. TABS
75390,PROPAMETHONE CREAM 20 GM
82824,propolis 1000 mg cap
67555,PROSS HAIR LOTION 250ML
86200,PROSS HAIR SERUM 120ML
21966,PROST-ADE CAP
92059,PROST ADE 30 CAPSULES
8784,PROSTACURE CAP
58123,PROSTALITY 20 CAP
65982,PROSTANORM 30 CAP
91650,PROSTENAL NIGHT 30 TAB
91766,PROSTENOL FORTE 30 TABS
59790,PROSTETROL 10 MG 30 TAB
91470,PROSTRIDE 5 MG 30 CAPS
73789,PROSTRIDE CAP
77231,PROTE CARE HAIR TONING CREAM 100GM
56724,PROTECA LOTION 120ML
57339,PROTECA SPRAY 120 ML
75183,PROTOFIX 20 MG 14 TAB
92527,PROTOFIX 40 MG 21 E.C.TABS
74209,PROTOFIX 40MG 14 TAB
51790,PROTOFIX VIAL F/I.V INJECTION 1 VIAL
84204,PROTOLANS 60 MG 14 CAPS.
79680,PROTOLOC 20 MG 14 E.C.TABS.
90425,PROTOLOC 20 MG 28E.C.TABS
88917,PROTOLOC 40 MG 14 E.C.TABS
91469,PROTOLOC 40MG 28 TABS
89326,PROTOPAN 20 MG 21 CAPS
89737,PROTOPAN 40 MG 21 CAPS
58804,PROTOSTOP 6 TAB
20898,PROTOZOLE 500 MG 12TAB
47685,PROXIMOL 0.4MG 40 SUGAR C. TABS.
73327,PROXIMOL COMPOUND EFF 60 GM
10639,PROZAC 20MG 14CAP
81319,PRUCASOFT 1 MG TABS
77505,PRUCASOFT 2 MG TABS
28549,PSYCHODAL 1MG 30TAB
73717,PSYCHODAL 1MG/ML ORAL SOLUTION 30ML
77241,PSYCHODAL 2 MG 30 TAB
74685,PSYCHODAL 3MG 30TAB
46951,PSYCHODAL 4MG 30TAB
83532,PSYCHOLANZ 12/50MG 30CAPS
82660,PSYCHOLANZ 25/3MG 30CAPS
76318,PSYCHOLANZ 25/6 mg 30 tab
83026,PSYCHOPRAM 10 MG 30 TABS
59168,PSYCHOPRAM 20 MG 20 TAB
p25,PULMICORT 0.25 MG 2 ML
p50,PULMICORT 0.5 MG 2 ML
74034,PULMIPROVE 125 MG 30 TAB
87924,PUMPIZAN 20 MG 20 F.C TABLETS
68765484,pure paraffen oil
27690,PURELAN CREAM 30 GM
88817,PURELAN CREAM 60 GM
32869,PURGATON 20 mg 30TAB
W2,PURIFIED WATER AMP
83864,pyridovit 20 cap
90538,pyridovit 30 cap
91838,PYRTO 30 TABS
75146,PYSTINON 60 MG 20TAB
88546,QCYRVA HEALH SYRUP
90893,quadriderm cream 15g
82869,QUADRIDERM CREAM 30G
63982,QUETIAPINE 100 MG 30 TAB
72098,QUETIAPINE 200 MG 30 TAB
74938,QUETIAPINE 25 MG 30 TAB
67255,QUETIAZIC 150 MG 30TAB
65973,QUETIAZIC 400 MG 30TAB
73430,QUETIAZIC XR 300 MG 30TAB
78144,QUETIAZIC XR 50 MG 30 TABS
8431,QUIBRON T SR 100TAB
73322,QUICK SLIM 120 mg 30CAP
92037,QUINSTIBOWL 5MG 20F.C TABS
73734,QUITAPEX 100 MG 30 TAB
87823,QUITAPEX 150 MG XR 30 F.C TABLETS
73786,QUITAPEX 200 MG 30 TAB
73107,QUITAPEX 25 MG 30 TAB
73424,QUITAPEX 300 MG XR 30 TAB
74013,QUITAPEX 400 MG 30 TAB
87432,QUITAPEX 50 XR 30 TAB
67261,QUITCOOL XR 150 30TAB
67260,QUITCOOL XR 300 30TAB
90040,quitiadel 200 30tab
91111,QULAPERAFEN SYRUP
76969,RABEKYRL 20 MG 20 TABL
91657,RABEKYRL 20 MG 30 TABL
49521,RADIA ROSE MASSAGE CREAM 50 GM
90571,RAFADO B COMPLEX 20 SAC
81184,RAIBYAX 12/25MG 30CAPS
83869,raibyax 12/50 cap
82691,RAIBYAX 6/25 MG 30CAPS
90026,RAMATRIZONE 5MG 30 TAB
90996,RAME-ZITHRO 30ml 200MG/5ML
89565,RAME-ZITHRO 500 MG 6 F.C.TABS
78551,rame-zithro 500mg 3-tab
79724,RAME_ZITHRO 15ML 200MG SUSP
79307,RAMECEFTRAX 1 GM I.V. VIAL
74723,RAMECEFTRAX 1G IM VIAL
89183,RAMELACT 6000 ALU 30 TABS
91452,RAMETALINA XR 12.5/1000 MG 30 EXT. REL. F.C. TABS
55581,RAMETAX 0.5 G VIAL
rame,RAMETAX 1 G VIAL
55783,RAMIXOLE 0.25MG 30 TAB
55819,RAMIXOLE 1MG 30 TAB
11343,RANCIF 500MG 10 TABS
89343,RANDAPALENE 0.1% GEL 30 GM
91774,RANDIL 10MG 30TABS
55368,RANDIL 20MG 30 TAB
88730,RANDOLANEX 100 MG 20 SACHETS
84290,RANEXA 500 MG 60 TABS
86847,RANGONAL 20 TAB
RAN,RANI_F 6 SACHETS
80570,RANXAPIN 10MG 21TAB
87613,RASTIGLO 10 MG 20 TAB
61937,RAVEMANTINE 10 MG 30 TAB
87826,RAW AFRICAN ARGAN OIL CONDITIONER 300 ML
90769,REALCOXSTAR 90MG 20TAB
91083,reboss massage cream 30gm
85636,REBOSS MASSAGE CREAM 50GM
83479,REBOTON 0.25% GEL 30 GM
83480,REBOTON 0.25% GEL 75 GM
87779,RECORMON 4000 0.3 AMP
49714,RECORMON 5000 I.U. 6 PREF. SYRINGES
79686,RECOXIBRIGHT 120 MG 7 F.C TABS.
78044,RECOXIBRIGHT 60 MG 20-TAB
92055,RECOXIBRIGHT 60 MG 30 F.C.TABS
90929,RECOXIBRIGHT 90 MG 30 F.C.TABS
76984,RECOXIBRIGHT 90 MG 30 TAB
86817,RECOXITRO 120 MG 10 F.C. TABS
88475,RECOXITRO 60 MG 30 F.C. TABS
88155,RECOXITRO 90 MG 30 F.C. TABS
86280,REDAND 20CAPS
92491,REDFERX 30 CAPSULES
84761,REDGLOB 30 CAPS
80543,REDOXON 15EFF TABLET
80675,REGAINE 5% FOAM 73ML
60242,REGCOR 10 MG 10 TAB
17260,REGCOR 5 MG 10 TAB
77981,REGIMAX 30 CAP
57620,REGO HAIR CREAM 100 MG
54360,REGO HAIR LOTION 250ML
55078,REGO HAIR SHAMPOO 250ML
67282,REGUPHOSE 800 MG 30 TAB
86827,REKAN 4MG 20 TAB
79688,RELATROLIN 25 MG 20 CAPSULES
83963,RELAX 30 CAPSULES
83469,RELAX AIG MASSAGE GEL 50G
37418,RELAX MASSAGE CREAM 50 GM
46872,RELAXON 30 CAP
92005,RELAXOSPASM XR 15MG 20 TAB
91866,RELAXOSPASM XR 30 MG 10 EXT. REL. CAPS
90873,RELIVATEAR EYE DROPS 15 ML
18381,REMERON 30 MG 10 TAB
79687,REMIGOLINE 0.5 MG 2 TABS.
87839,remontada 30 capsules
73866,REMOWAX 5 % EAR DROPS 15 ML
49860,RENAGEL 800 MG 180TAB %%%
73427,RENAL S 12 SACHETS
67473,RENICLAIR SPRAY 15 ML
85391,RENNIE 24 CHEWABLE TABS
89762,RENOXACARE 100 F.C. TABS
91352,REPAINERVE 30 F.C. TABS
86736,REPAION -N GEL 50 GM
73832,REPARIL-GEL N 40 GM
73797,REPARIL 40TAB
59497,RESOURCE JUNIOR 400 G
73784,RESPATIO 20 MG 20 TAB
58465,RESPENZO 600 MG 10 TAB
91991,RESPIDEP 10 SACHETS
90200,RESPIDEP 20 TABS
91832,RESPIDEP SYRUP 120 ML
89236,RESPOVAN SYRUP 120 ML
454655,RESTMAG B6 30 TABS
57907,REVAN CREAM 30 GM
46818,REVAREST LIQUID DOUCHE 250 ML
48055,REVI-2 CREAM 50 GM
85441,REVIVODERM CREAM 60GM
83735,REVOKE PANTHENOL CREAM 30GM
80809,REVOKE SKIN LOTION 120ML
72495,REVOLADE 25 MG 14 TAB
76461,revolade 50mg
89588,REXODIN 10% ANTISEPTIC SOLUTION 60 ML
88340,REXONA ADVANCED 150 ML
88338,REXONA ADVANCED CHARCOAL FRESH 150 ML
88517,RHEUMAMAX 200MG 10CAPSULES
6761,RHEUMARENE 75 AMP
75112,RHEUMATIZEN CREAM 30 G
74130,RHEUMATIZEN CREAM 60 G
29121,RHEUXICAM 4MG 20 F.C.TAB
58086,RHEUXICAM 8 MG 20 TAB
75354,RHEUXICAM 8 MG FREEZE DRIED POWDER FOR SOLUTION
74544,RHINEX ADULT DROPS
7807,RHINEX INF DROPS
79139,RHINOCALM 120ML SYRUP
79690,rhinocalm 20tablets
56582,RHINOMOL-S SYRUP
73572,RHINOPRO CAP
8994,RHINOPRO SYRUP
9019,RHINOTUSS SYRUP
18485,RHOPHYLAC IV/IM PREFILLED SYRINGE
90083,RICHI PANTHENOL 50g GEL
86844,RICHI PANTHENOL CREAM 20GM
86281,RICHI PANTHENOL CREAM 50GM
87692,RICOGENEX 10 SACHET
92009,RIGHT BONE VIT D3 ORAL DROPS 15ML
82106,RIGHTEST 50 شرايط
3077,RILUTEK 50MG 56 TAB
RA,RINGER ACETATE 500 ML
RL,RINGER LACTATE SODIUM 500 ML
RI,RINGERS I.V.infusion
91402,RINVOQ 15 MG 30 PROLONGED REL. TABS
90228,riomove massage cream 75gm
90098,RIOPANOX 160 ML LIQUID
54274,RIRI- RICE WITH MILK DATES 200 GM
30288,RIRI-( APPLE ) 250 GM POWDER بالتفاح
30286,RIRI-( BANANA ) 250 GM POWDER بالموز
30279,RIRI-( MIXED VEGETABLE ) 200GM خضروات
30278,RIRI-( PROTEIN ) 200 GM POWDER بالبروتين
30282,RIRI-( RICE- CARROTS ) 200 GM POWDER بالجزر
23439,RIRI-( WHEAT&MILK) 200 GM POWDER
23440,RIRI-(RICE & FRUIT) 200 GM POWDER
23435,RIRI ( CHOCOLATE ) 200 GM POWDER بالشيكولاتة
30291,RIRI ( GLUTEN- FREE ) 125 GM خالي من الجلوتين
1212,RIRI (ORANGE) 200 GM POWDER
30283,RIRI FLAKES&RICE 200 GM فليكس
22773,RIRI MILK CEREAL&FRUITS POWDER
22923,RIRI WITH HONEY 200 GM ريرى بالعسل
61851,RISCURE 1 MG 20 TAB
91493,RISCURE 1 MG 30 TAB
58653,RISCURE 2 MG 20 TAB
88355,RISCURE 2 MG 30 F.C TABLETS
58381,RISCURE 4 MG 20 TAB
89193,RISCURE 4 MG 30 F.C. TAB
80738,RISPADEX 3MG 30TABS
57799,RISPADEX ORAL SOLUTION 100 ML
35871,RISPERDAL 1 MG/ML ORAL SOLUTION 30 ML
12367,RISPERDAL 2MG TAB
12368,RISPERDAL 4MG TAB
90740,RIVABEDAX 10MG ODT
91025,RIVABEDAX 15MG ODT
78222,RIVAROSPIRE 15 MG 42 TABS
67262,RIVAROSPIRE 10MG 20TAB
82748,rivarospire 2.5mg tab
72873,RIVAROSPIRE 20 MG 28 TAB
R,RIVO 320 MG ----- 200 TAB
18604,ROACCUTANE 20MG CAP
80040,ROACCUTANE 30CAPS
83848,ROBACK 30TABLETS
81340,RODIRASH 50GM CREAM
18878,ROMAFEN GEL
ROM,ROMALEX 75-MG 6-AMP
47694,ROMALEX DROPS
81288,ROMANTIGRA 20MG 4 TABS
85274,ROMASOL GEL 100 GM
81096,ROMIX CREAM 60 GM
80212,ronkin 20 capsules
87571,RONTIGRONE 400 30 TAB
61751,ROOTAGE HAIR CARE CREAM 40GM
75130,ROOTAGE HAIR LOTIO
3515,ROOTAGE HAIR OIL
62240006,rootage hair shampoo
3503,ROOTAGE OIL
19188,ROOTAGE SKIN CREAM 50 GM
57705,ROSA MOL 200 ML
75712,Rosita hair cream 100gm
61860,ROSITA HAIR LOTION 250 GM
74984,ROSITOR 10 MG 14 TAB
74985,ROSITOR 20 MG 14 TAB
92124,ROSUCHOLEST 20mg 20 tab
61013,ROSUVAST 10 MG 14 TAB
60691,ROSUVAST 20 MG 14 TAB
81245,ROTA-CARBAMIDE 30 GM CREAM
88837,ROTA-DIGEST 30 CAPS
80676,ROTA-GLYCERIN TRANSPARENT SOAP 72GM
81270,ROTA-PANTHENOL 30GM CREAM
88547,Rotacurazine topical Cream 25g
91112,ROTADANSETRON 4MG/2ML 5 I.M./I.V./INF. AMP.
91253,ROTADANSETRON 8MG/2ML 5 I.M./I.V./INF. AMP.
91051,ROTAFLORA 30 CAP
67279,ROTAHELEX 30 TAB
84138,ROTAHELEX ADVANCE DROPS 40 ML
89599,ROTAHELEX CYSTEINE SYRUP 100ML
83857,ROTAHELEX DROPS
83957,ROTAHELEX FORTE SYRUP 100ML
86567,ROTAHELEX NIGHT SYRUP 100 ML
91993,ROTAHELEX SPRAY
78176,ROTAHELEX SYRUP 120ML
88906,ROTAPYRETIC 1 GM/100ML VIAL FOR I.V. INF
84040,RotMOOV 40GM MASSAGE CREAM
88898,ROTMOOV MASSAGE SPRAY 75 ML
92488,ROTONE COMPLEX 20 TABS
85675,ROTONE COMPLEX 30 TABS
73254,ROWACHOL 45 CAP
73344,ROWATINEX 45 CAP
79868,roxogesic 60mg 20tablets
89329,ROYAL CARE 10 CAPS
92240,ROYAL GINSOVITA 20 CAPS
91876,Royal honey
73650,ROYAL JELLY 1000 MG 12 CAP
80326,ROYAL PROVITE 5000 10 AMPOULES
48538,ROYAL TEA REGIME 25 SACHET
8971,ROYAL TEA REGIME 50 SACHET
74584,ROYAL VIT G 20 CAP
88014,ROYAL ZAD 10 CAPSULES
89316,ROYANOXICAM 8 MG 20 F.C. TABS
27527,ROYSAN 30TAB
77316,ROZALIA HAIR LOTION 120ML
32391,RUBALGINE CREAM
82382,RUMAXIMAP 120MG 10TABS
83062,RUMAXIMAP 60MG 30TABS
81399,RUMAXIMAP 90 MG 30 TABS
73320,RUTA C 20 TAB
89660,RUXOTOP 1.5% CREAM 60 GM
90643,RX GEL 100 GM
74108,RX MASSAGE CREAM 50 GM
75074,RX MASSAGE GEL 50 GM
86047,RX MASSAGE SPRAY 100 ML
90257,RYALTRIS NASAL SPRAY 120 METERED SPRAYS
88870,RYBELSUS 14 MG 10 TABS
87372,RYBELSUS 3 MG 10 TAB
87573,RYBELSUS 7 MG 10 TABS
61827,RYTMONORM 30 TAB
79832,RYZODEG 100UNITS PENFILL
81309,S-26 AR GOLD MILK
75136,S-26 PRO GOLD (1) 400 GM MILK
74911,S-26 PRO GOLD (1) 800 GM
74912,S-26 PROGRESS GOLD (3) 800 GM
89004,S-26 PROGRESS GOLD 3 MILK 400 GM
75027,S-26 PROMIL GOLD (2) 800 GM
91085,S-26 PROMIL GOLD 2 MILK 900 GM
28573,S.M.R 20TAB
80544,S.P MIX 200GM
80226,S_26 PROMIL 2 GOLD 400GM MILK
73447,SACROFER I.V 5 ML 5 AMP
9238,SAFAMOOD 20 TAB
81293,SAFETRIUM 30 F.C. TABS.
90884,SAFINOZOL 50 MG 10 F.C. TABS
87793,SAGINKGO 30 CAPSULES 120 ML
87089,SAJRELAX MASSAGE GEL
74535,SALBOVENT 2 MG 30TAB.
26873,SALBOVENT FORTE 20 TAB
36302,SALBOVENT SYRUP
79331,salgy 50gm massage cream
26071,SALIBET OINT. 30 GM
79329,salicortiderm 30gm cream
29891,SALINE 0.9% 500 CC . R
43482,SALINE SOLUTION 0.9% 500 ML R.C.
46908,SALINEX DROPS
92636,SALISYLIC OINTMENT
86997,SALITROXIB 90 MG 20 F.C. TABS
83176,salmetocort 50\250 60caps
91481,SALMETOCORT 500/50MCG 60 PD. INH. CAPS.+ INH. DEVI
36347,SANDIMMUN NEORAL 100MG CAP
44123,SANDIMMUN NEORAL 50MG CAP
21311,SANDOSTATIN LAR 30 MG injection %%%
86938,SANO JOY 30 CAPS
89596,SANOLEVOX 1.5% EYE DROPS 5 ML
91933,Sanosight 30 Cap
86481,SANSEODERM CREAM 50 GM
88235,sanso b complex 20capsul
90088,SANSO B TRIO 14 CAPS.
90144,SANSO B12 1000MGC
81798,sanso bronchi syrup
81079,sanso c plus 14tab
80849,SANSO D3 10000 I.U. 28TABS
91191,SANSO D3 PLUS 28 TAB
84152,SANSO FOLIC 800MG TAB
89464,sanso magnesium 250mg 28tab
88123,sanso omega syp200ml
87972,SANSO POTASSIUM 200 MG 28 TABLETS
89121,SANSO WOMEN 30 TABS
79710,SANSO ZINC 30 CAPSULES
81377,sanso zinc 50 mg
84720,sansocal d tab
79138,SANSOCOD 200ML SYRUP
79137,SANSOIMUNE 200ML SYRUP
91735,SANSOIMUNE PLUS 140M SYRUP
81041,SANSOIMUNE PLUS SUGAR FREE SYRUP
83799,SANSOIMUNE SYRUP 200 ML VIT C+ZINC
84510,SANSOVIT CALCIUM 100 ML SYRUP
83307,SANSOVIT PLUS 100ML SYP
83275,SANSOVIT PLUS 160ML SYP
90926,SANTA SEA 180ML
85737,santabiota 15 ml
86979,SANTANERVA 10 CAPSULES
83580,SANTORIN 1400 MG 10 SACHETS
91159,SANTORIN 350 MG 20 CAPS
83370,SANZALERA 180MG 14 TABLETS
58345,SARCOZIDE 12.5/16 20 TAB
65987,SAVIBLEED 500 MG 20 TAB
82769,SAXENDA 6MG/ML 1PEN
90337,SCAR SECRET GEL 30MGG
74519,SCARO GEL 50 GM
75347,SCARO PLUS CREAM 50 GM
88479,SCORCH 20 MG 30 CAPS
88506,SCRLOW CREAM
88596,SEBAFERRO 20 TAB
84910,SEBANOIN GEL 15 MG
87373,SEBOFREE SHAMPOO 110 ML
9663,SEBORAL SHAMPOO
3728,SECNIDAZOLE 500 MG 4 TAB
81478,SECTOR ACNE PRONE SKIN LOTION 120GM
83774,sector anti dandruff hair shampoo 120ml
81484,SECTOR EXFOLIATING FACIAL GEL 250 GM
92466,sector facial wash
81050,SECTOR FACIAL WASH GEL
78764,sector sun screen spf50
81828,SECTOR WHITENING CREAM
89711,SEDALOSTATE 2% VAGINAL CREAM 5 GM
86655,SEDATUSS SUSP 20 MG 100 ML
21757,SEDIPROCT CREAM
20408,SEDIPROCT SUPP
60882,SEDOKAST 10 MG 10 TAB
88198,SEE-LIT HYALURONIC ACID SKIN SERUM 30 ML
88197,SEE-LIT SKIN VITAMIN C SERUM 30 ML
81357,SEIZURLESS 100 MG/1ML SYRUP
56506,SEIZURLESS 500 MG 30 TABS
64368,SEKEM BABY CALM DRINK 10 SACHETS
56262,SEKEM CALM HERBS 15 FILT
55697,SEKEM COUGH HERBS 15 FILTER
63351,SEKEM FLU HERBS 15PAG
9422,SEKEM LAXATIVE 10FILTERS ملين
18035,SEKEM LAXI
60132,SEKEM MOTHER HERBS 15FILTERS
9434,SEKEM RENAL HERBS للكلى
68149,SEKEM RENO 15 ENVELO PES
79752,sekem stevia 40 sachets
82830,SELAK 30 SACH
89717,selden spray
17733,SELECTIVAL 20 CAPSULES
47942,SELENGENA SHAMPOO 120 ML
23233,SELENIUM-ACE 30 TAB
92027,SELENIX HAIR SHAMPOO 150 ML
82605,SELENOSTAR 30 TABS.
90494,SELEX-OMEGA
75207,SELGON 10 MG 6 SUPP
18974,SELGON 20 MG 20 TAB
72946,SELOKEN ZOC 100 MG 28 TAB
73796,SELOKEN ZOC 200 MG 28 TAB
72945,SELOKEN ZOC 25 MG 28 TAB
72944,SELOKEN ZOC 50 MG 28 TAB
79930,SELONA 1000MG 20SACHETS
49534,SENS LIGHT WHITENING CREAM 60 GM
84440,SENSI CARE 75 ML SPRAY
49536,SENSICARE CREAM 50 GM
73759,SENZO -1 SOAP 100ML
SEP,SEPTAZOLE 200 TAB
39834,SEPTAZOLE SYP
679,SEPTRIN PEDIATRIC SUSPENSION 120 ML
82470,SERAVAL SHAMPOO 180ML
86414,SERETIDE 125 MG 120 DOSES
73621,SERETIDE 125MG 25 DOSE
74562,SERETIDE DISKUS 100 M.G 60 DOSE
74372,SERETIDE DISKUS 250-60DOSE
73945,SERETIDE DISKUS 500M.G 60 DOSE
85635,SERIOPRAZOLE 40MG
22337,SERLIFT 100MG 10 F.C. TAB
75833,SEROLEZE HAIR SERUM 120
82238,SEROPIPE HAIR CONDITIONER 200 ML
83411,seropipe hair dropper
82007,SEROPIPE HAIR MASK 300ML
79239,SEROPIPE HAIR SERUM 100 ML
80065,SEROPIPE HAIR SHAMPOO 300 ML
81166,SEROPIPE HAIR SPRAY 200 ML
87111,SEROPIPE SPRAY 200ML
26588,SEROQUEL 100MG 30TAB
47293,SEROQUEL 200MG 30TAB
47294,SEROQUEL 25MG 10TAB
63975,SEROQUEL XR 300 MG 30TAB
48279,SEROXAT CR 12.5 MG 30 TAB
48278,SEROXAT CR 25MG 30 TAB
48270,SERPASS 100 MG 20 TAB
88352,SERPASS 100MG 30 F.C. TAB.
63174,SERPASS 50MG 30 TAB
85022,SERVI LIGHT 30CAPS
33904,SERVIFLOX 250 MG 10 TAB
41156,SERVIFLOX 750MG TAB
58138,SESERINE 50 MG 30 TAB
30972,SETAVLON SOLUTION 120ML
84770,SETRONOMET 4 MG 4 ODT
91656,SETRONOMET 8 MG 10 ODT
91937,Seven Slim
89919,SHAAN CICA CREAM 60GM
92523,SHAAN DRY S CREAM 100 GM
88626,shaan INTIMATE FEMININE CLEANSER 250ML
82453,SHAAN LIP BALM COCOA BUTTER 5GM
75627,SHAAN SOOTHIG GEL 120 GM
12179,SHADE OUT CREAM
81390,shalgaten 300g caps
79209,SHAMSOMOX 5 TABLETS
76978,SHARKILAGE 30 CAPS
81274,SHARKILAGE PLUS 30 CAPS
92044,SHINGRIX 50MCG/0.5 ML PD FOR I.M. VIAL
83936,shoma cream 60mg
81006,SIDERAL ACTIVE 15 MOUTH DIPERSABLE STICKS
89122,SIDERAL ACTIVE 20 CAPS
82396,SIDERAL BIMBI 10 SACHETS
79912,SIDERAL FOLIC 20 ORODISPERSIBLE STICKS
89831,SIDERAL FORT 30CAP
SV,SILDAVA 100 MG 12 TAB
73930,SILDEN 100 MG 4 TAB
88334,SILDEN 100 MG 8 TABLETS
61927,SILDEN 50 MG 4 TAB
81387,sildocare 8cap
90928,SILDOCARE 8MG 30CAP
17865,SILIPEX CAP
65732,SILKREN SHAMPOO ANTI DANDRUFF 250 ML
47051,SILVER LINE IUD CUPPER LOOP
19433,SILVER SEAS CAP
19434,SILVER SEAS SYRUP
78171,silvirburn cream
78181,SIMEDILL SYRUP 120ML
20348,SIMETHICONE-MUP 2% EMULSION ORAL DROPS 30 ML
73203,SIMETHICONE 2% (30ML) ORAL DROPS.
20151,SIMETHICONE SYRUP 120 ML
75041,SINADRY 120ML SYRUP
7526,SINE-UP SYRUP
74181,SINGULAIR 10 MG 14 TAB
74721,SINGULAIR 5MG 14TAB
75017,SINLERG 20TAB
85605,SINOMARIN BABIES 18 NASAL VIALS 5 ML
75209,SINOMARIN CHILDREN NOSE CARE 100 ML SPRAY
65490,SINOPRIL -CO 20 MG 30 TAB
65534,SINOPRIL 10MG 30 TAB
19202,SINOPRIL 5MG TAB
89172,SINOZIM 20 E.C. TABS
91369,SINOZIM 30 TAB
74560,SINUPRET 50 TAB
86626,SINUPRET FORTE 50 TABS
90399,SINUPRET SYRUP 100 ML
73582,SIRDALUD 2MG 20TAB
92544,SIRDALUD 2MG 30TAB
73381,SIRDALUD 4MG 20TAB
92583,SIRDALUD 4MG 30TAB
88075,SITAGLIFORM 50/1000 MG 30 F.C TABLETS
28084,SKELETO JINT VIT D3 30 TAB
56966,SKINATRA OINT 15 GM
89989,SKINOPROCIN TOPICAL OINT. 15 GM
92083,SKINORICH 35G CREAM
92410,SKINOVO MATTIFYLNG CLEANSER 200ML
91211,SLEEPCAN 30 TABS
76879,SLEEPEZ 1MG 20TAB
75252,SLEEPEZ 2 MG 20 TAB
82097,SLEEPEZ 3 MG 30 TABS
89258,SLEPTONIN 1 MG ORAL DROPS 30 ML
57060,SLIM SAFE 120 MG 30 CAP
84158,SLIMANIZER 30 CAPS.
59927,SLIMMER 100 SACHETS
59327,SLIMMER 50 SACHETS
79713,SLOWURGE 30 TABLETS
26103,SNAFI 20 MG 2 TAB
89943,SODIUM BICARB 1000 MG 30 CAPS
90641,SODIUM BICARB 500MG 30 CAP
89927,SODIUM BICARB 500MG BIOMED 30TAB
86944,SODIUM BICARBONAT 1 GM 90 CAP
86941,SODIUM BICARBONAT 500 MG 50 CAP
21162,SODIUM CHLORID .3% 250ML. P.INFUSION
SGL,SODIUM CHLORID .9%&GLUCOSE5% 500ML. P.INFUSION
26893,SODIUM CHLORID 0.9% (250)ML
21171,SODIUM CHLORID 0.9%.500ML-SOL
71801,SODIUM CHLORIDE 09%
19171,SODIUM CHLORIDE 9% 500 ML +5% GLUCOSE
SC,SODIUM CHLORIDE CAP 500 ML
57607,SOFENACIN 10 MG 20 TAB
86301,SOFENACIN 1MG/ML ORAL SUSP. 120 ML
63958,SOFENACIN 5 MG 30 TAB
89376,SOFENACIN PLUS 5/50 MG 30 MODIFIED REL. TABS
88679,SOFIMER 0.9% KIDS ISOTONIC NASAL SPRAY 100 ML
90325,SOFIMER 2.6% FAMILY NASAL SPRAY 100 ML
83988,SOFTA FEMINNE WASH LIQUID 200ML
91822,SOGESTEDIN 0.075 MG 28 TAB
73614,SOLIAN 200 MG 30 TAB
81395,SOLIAN 400MG TABS
81388,solitract 10 mg tab
75259,SOLITRACT 5 MG 30 TAB
58910,SOLO SEPT FOAMING 14 SACHETS X 10 ML
51808,SOLO SEPT SOLUTION 200 ML
90938,SOLODEX SPRAY
73566,SOLOFRESH EYE DROPS 10 ML
90443,SOLOSLEEP 1 MG/4ML 120 ML
80099,SOLPADEINE 24CAP
81241,SOLPADOL 2.5 MG 6 TAB
57902,SOLPADOL 5 MG 6 TAB
73947,SOLUPRED OR 20 MG 20 TAB
73493,SOLUPRED OR 5 MG 30 TAB
59309,SOLUVIT N POWDER
89123,SOLVADOL KIDS THROAT SPRAY 20 ML
62060,SOLVETRA 2 TAB
68929,SOLVETRA 4 TAB
68903,SOLVIMYST SYRUP 120 ML
73147,SOMATROPIN 4 I.U..1.6MG VIAL
75189,SOMAZINA ORAL DROPS 30 ML
90554,SOMAZINA SUPRA 30MIL
89713,SOMAZINA SUPRA 500 MG 20 CAPS
90475,SOMAZINA SUPRA 500 MG CAPSULE
35584,SOMINALETTA SYRUP
74365,SORAL 20 CAP
79290,SORAL 20MG 5 SUPP
88290,SORAL 30 CAPSULES
92004,SORALONE CREAM GEL 15% UREA 60ML
92442,SORALONE HYDRA CREAM GEL 100 ML
82850,SORIANA DOUCH 250 ML
88739,SORTI 20 TABS
65998,SPANIELA 35 MG 30 TAB
25784,SPANISCHE FLIEGE 20 ML TROFEN
91887,SPARKPHI 10 ML ORAL DROPS
74890,SPASCOLON 100MG 30TAB
74930,SPASCOLON 50MG 30TAB
54253,SPASMO DIGESTIN 3 STRIP 30 tab
86201,SPASMOCURE 60MG 30 TABS
75149,SPASMOFEN 3 AMP
74069,SPASMOFREE 3 AMP
54728,SPASMOFREE 50 MG 20 TAB
10690,SPASMOMEN TAB
89226,SPASMOPYRALGIN-M 10 TABS
SPA,SPASMOPYRALGIN-M 25*10 TABS.
91871,SPASMOPYRALGIN-M 30 TABS
74608,SPASMOREST 20MG TAB
82671,SPASULANCE FILM
77055,SPECTONE 100MG 20-TAB
26614,SPECTONE 25MG 20TAB
80289,SPECTRA PANTHENOL CREAM 30GM
66024,SPECTRACEF 1 GM 1 VIAL
87782,SPERKODA 20 FILM COATED TABLETS
81407,SPERMA PLUS 30 TABS
84308,SPERTILITY 14 SACH
90405,spesera check pregnancy
84719,SPINOBAC 5MG-120ML ORAL SOLUTION
17228,SPIREX 3MIU TAB
63257,SPIREX PLUS 250MG 20 TAB
74803,SPIRIVA 18MCG 30 INH. CAPS.+HANDIHALER
84403,spray on spray
87003,sputal syrup
26537,SRILANE CREAM 20GM
74977,SRILANE CREAM 60 GM
25823,STABLON 30TAB
88828,STAMIGEN 30 CAPS
74379,STAR VILLE acne prone skin CR 60GM
89708,Star Ville Skin Hydraating gel 100gm
70222,STAR VILLE WHITENING CREAM 60 GM
91468,STARKOPREX 20MG 4 TABS
77858,STARKOPREX 5MG 30-TAB
87265,STARKY ALOE VERA SCRUB
87558,STARKY MASK CUCCUMBER
79718,STARVILE WHITENING SOAP 100 GM
87268,STARVILL HYALURONIC ACID 60 GM
82241,STARVILLE EYE CONTOUR GEL 30 GM
80720,STARVILLE VITAMIN C SERUM 30ML
87629,STARVILLE WHITENING GEL SPF 60 GM
79717,STARVILLLE ACNE- PRONE SKIN SOAP 90 GM
63180,STATOMAIN 100MG 30 TAB
79691,statukast 10mg 10 tablets
67263,STATURIC 80 MG 30TAB
88303,STEADYFUTAL 16 MG 60 TAB.
82817,STEADYFUTAL 24MG 40TABS
17962,STELLASIL 1MG 30TAB
18602,STELLASIL 5MG 30TAB
79886,STEPS CHOCOLATE TABS
17689,STERILE WATER FOR INJECTION
92354,STERIMAR ISOTONIC SPRAY
87147,stern-vera syrup
26161,STEROGYL #A# AMP IMP
73079,STERONATE NOR 5 MG 20 TAB
17397,STEVIA 100TAB
47199,STIMU-MAX 5 TAB
75675,STIMULAN 400MG CAP
75565,STIMULAN 800 MG 30 TABS.
4086,STIMULAN SYRUP
91252,STOMICOPE 40 MG 30 CAPS
75285,STOMIGAS 40/1100 MG 20 CAP
82516,STOMOPRAL 40 14 CAP
68925,STOPADOL 20 TAB
92111,stopadol 30 tap
86784,STOPADOL COLD & FLU 20 CAPS
88843,STOPADOL EXTENDED RELEASE TABLETS 650 MG 30 TABS
87720,STOPADOL EXTRA 20 TABLETS
82598,STOPADOL FORTE 10SACHETS
91707,STOPADOL MIGRAINE 30 F.C. TABS.
88096,STOPADOL NIGHT 30TABS
78013,STOPRRHEA 2 MG 30 TABS
74754,STOPSPASM 20 TAB
83983,strakopina 5mg 30tab
86890,STRAVITA CAL 1000 MG CALCIUM 30 F.C.TABS
83311,STRAVITA IMUNE SYRUP 120ML
84519,STRAVITA IRON 120 ML
74932,STREPSILS HONEY & LEMON
90940,STREPSILS HONEY&LEMON OFFER
17410,STREPSILS SUGAR FREE LOZENGES
45012,STREPSILS VITAMIN C LOZENGES
58375,STREPSLS COOL LOZENGES
74222,STREPTOQUIN 10 TABS
83472,STREPTOQUIN 20 TABS.
73644,STREPTOQUIN SUSPENSION 60 ML
92397,STRINGAZOLE 40MG 20 TABLETS
92508,STRINGAZOLE 40MG 21 ENTERIC COATED TAB
79703,STRINGAZOLE 40MG 21 TABLETS
90734,STROGENZO 100. 30CAP
80674,STRONG VILLE CREAM FOR MEN
70445,STRONG VILLE HAIR SHAMPOO 220 ML
72974,STRONG VILLE HAIR TONIC SPRAY 220 ML
80673,STRONG VILLE HAIR. SH. MEN
79790,strongville advanced oil 200ml
79941,SUGARLO 50MG 30 TABS
79698,SUGARLO PLUS 1000/50 30TABLETS
79697,SUGARLO PLUS 500/50 30 TABLETS
77980,SUGARLO PLUS 850/50 30 TABLETS
82063,sukker stevia 200 gm
82062,sukker stevia 30 sachet
82060n,sukker stevia 48 sachet
82770,SUKKER STEVIA MOZN 10 SACHS
74944,SULBACEF 1500 MG VIAL
73873,SULBIN 1500MG VIAL
19048,SULBIN 375MG VIAL
19047,SULBIN 750MG VIAL
91445,SULCEFOZONE 1.5 GM I.M. / I.V. VIAL
47966,SULFAX (CMO FORMULA) MASSAGE CREAM 120 GM
76520,SULFAX CMO MASSAGE CREAM 60GM
150,SULFAX COLD SPRAY 200 ML
65501,SULFAX GEL 120 GM
83980,SULFAX JOINT 30 TABS.
81864,SULFAX MAGNESIUM CREAM 120GM advance
85699,SULFAX OPTIMA GEL 120ML
47965,SULFAX PLUS GEL 60 GM
58576,SULFOZINC 10 MG SYRUP
56834,SULFOZINC 20 MG SYRUP
89180,SULPEPTA 25 MG 30 TABS
80808,SUNGAZ MASSAGE SPRAY 100ML
87285,sunnycarnitine 5 amp
89005,SUNNYRROIDS RECTAL OINT. 15 GM
90170,SUNSEIZ 500MG 30 TAB
87562,SUNSILK SHAMPOO 350 ML + BALSAM 400 ML
81435,SUNSILK THICK SHAMPOO 350M
22840,SUPER CAL ZINC TAB
68914,SUPER MAG 30 TAB
84517,SUPER OMEGA 30 CAPSULES
78178,SUPER YEAST 30-TAB
89118,SUPERKIDS GUMMIES 60 CAP
89730,SUPERKIDS GUMMIES120 PIECES
74693,SUPLFECT 30 CAP
91775,SUPRANIL 25 MG 30 CAP
32158,SUPRAX 100MG SYRUP 30ML
73720,SUPRAX 100MG SYRUP 60ML
74637,SUPRAX 200 MG 8 CAP
74410,SUPRAX 400 MG 5 CAP
32877,SUTRIM 200 TAB 20
5911,SUTRIM SUSP
91966,SUVREZA 10/20 MG 30 F.C.TABS
77574,swabivent nebulizer solution 20 bottles
92255,SWEET FITNESS STEVIA 25 SACHS
70503,SWEETAL 100 SACHETS 100 G
60145,SWEETAL 100 TAB
67515,SWEETAL 25 SACHETS
75760,SWEETAL 300 TAB SUGAR
56544,SWEETAL 50 SACHETS 100 G
73338,SWEETAL 50 TAB
71851,SWEETAL 75 SACHETS
63736,SWEETAL POWDERED SUGAR 250 GM
84631,SWEETAL STEVIA 50 SACHETS 1 G
84630,SWEETAL STEVIA POWDERED SUGAR 250 GM
88964,SWELLARO 50 GM GEL
67846,SWISSLAC AR (1) 400 GM
69226,SWISSLAC PREMIUM (1) 400 GM
67849,SWISSLAC PREMIUM (2) 400 GM
67848,SWISSLAC PREMIUM (3) 400 GM
92259,SWIVEL 50GM CREAM
86340,SYCOCETAM 1000 MG 20 F.C. TABS.
67239,SYCOCETAM 500 MG 20 TAB
61540,SYCOCETAM ORAL SOLUTION 100 MG 120 ML
49661,SYLVESTER 1 20 CAP
26248,SYMBICORT 160/4.5 120 DOSES
73288,SYMBICORT 320 MCG 60 DOSES
78127,Sympaprost 30cap
89493,SYNAPSE Q10 PLUS 60 TABS.
81334,synjardy 12.5mg/1000mg 60 tabs
46929,SYNO-BAR SOAP 125GM
81148,SYNOBAR-S SOAP 100GM
49259,SYNOBAR FACIAL CLEANSER 250 ML
86761,SYNOBAR SKIN CLARIFYING GEL 100 GM
92343,SYNOSEL ACE TAB
75727,SYNTHECORTIN 40MG AMP
3656,SYNTOCINON 10IU 5AMP
75682,SYSTANE 10 ML EYE GEL DROPS
52047,SYSTANE 10ML EYE DROPS
59850,SYSTANE ULTRA 10ML EYE DROPS
47651,T4-THYRO 100 MCG 100 TABS
47650,T4-THYRO 50MCG TAB
75099,TABOCIN 100 MG 10 CAP
90857,TADALANDRO 5 MG 30 F.C. TABS
85119,TADALIPTIS 20 MG 4 F.C. TABS.
79699,TADALONG 20MG 4TABLETS
79567,TADANERFI 20MG 4FILM
91274,TADANERFI 5 MG 30 ORODISPERSIBLE FILMS.
79701,TADANERFI 5MG 20FILMS
85628,TADARAXIA 20 MG 2TABS
90049,TADATRONA 5 MG 21 F.C. TABS.
82522,TAFLUPRO 30 SDU EYE DPS
82521,TAFLUPRO PLUS SDU EYE DPS
91868,TAMIFLU 75MG 10 CAPS
18807,TAMOXIFEN 20 MG 20 TAB
57456,TAMSUL 0.4 MG 30 CAP
28082,TAMSULIN 0.04 MG 28 CAP
77982,TAMSULIN PLUS 20 TABS
79914,tantavair 160mcg 120 metered actuations
75409,TANTUM 20ML GEL
73977,TANTUM ROSA SACHETS
2390,TANTUM VERDE MOUTH WASH 125 ML
84297,TAOLANA 10000IU 15 TABS
tar,TARDANZA 60 MG 3 F.C. TABS
74269,TAREG 160 MG 14 CAP
73390,TAREG 160 MG 28 TAB
73471,TAREG 320 MG 10 TAB
74292,TAREG 40MG 15TAB
73940,TAREG 80MG 14CAP
74597,TARGO 750 MG 10 TAB
89448,TARGOCID 200 MG VIAL FOR I.V/I.M INJ
89459,TARGOCID 400 MG VIAL FOR I.V/I.M INJ
90283,TARGOMASH COMB 160/12.5MG 30 F.C. TABS
90850,TARGOZYM 20TAB
27532,TARIFLOX 400 mg 10 TAB
74412,TARIVID 200 MG 10 TAB
73636,TAROLIMUS OINTMENT 15 GM
73845,TAVACIN 500 MG 5 TAB
73835,TAVACIN 750 MG 5 TAB
18748,TAVANIC 500MG 5 TAB
73976,TAVANIC VIAL 500MG/100ML
86413,TAVINIFLOX 750 MG 5 TAB
86412,TAVIXINOR 500 MG 5 TAB
64046,TAVONIFLOX 500 MG 7 TAB
64015,TAVONIFLOX 750 MG 7 TAB
84797,TAVONIZA 10MG 20TAB
84792,TAVONIZA 20 MG 20 TABS
26526,TEARS GUARD DROPS
13405,TEARS NATURAL DROPS
74463,TEBOFORTIN 40 MG 30 TAB
74716,TEBOFORTIN 40 MG ORAL DROPS
84323,TEBOFORTIN FORTE 80MG 30TAB
73727,TEBONINA FORTE 40 MG 20 TAB
67302,TECAVIR 0.5 MG 30 TAB
74681,TECAVIR 1 MG 30 TAB
79495,TECHNOSPIRON 21 TABLETS
75560,TECNOVULA 50 MG 20 TAB
25173,TEGRAL 200MG 10TAB
20625,TEGRAL 200MG 50TAB
27163,TEGRETOL 200MG 30TAB
43012,TEGRETOL CR 200MG 20 TAB
46303,TEGRETOL CR 400MG 20TAB
21352,TEKLO 30TAB
30305,TELFAST 120MG 20 TAB
73138,TELFAST 180 MG 20 TAB
73379,TELFAST 30MG/5ML SUSP. 100 ML
79887,TELFAST DECONGESTANT 60/120MG 10 TABS.
59454,TEMODAL 100 MG 5 TAB MSD
91748,TEMPORAL 1000 MG 20 TABS
22022,TEMPORAL SYP 60 ML
63314,TENAVIRON 300 MG 30 TABLETS
79783,TENDOCAL 15 SACHETS
88603,TENDOZYME 20 F.C.TABS
89458,TENOFENAMIDE 25 MG 30 TABS
46845,TENORETIC 14 TAB
80959,TENORMIN 100MG 28TABS
31363,TENORMIN 50 MG 14 TAB
46486,TENORMIN 50MG TAB
89536,TENTAVAIR 160MCG/ACTUATION INHALER 120 DOSES
79266,TENTAVAIR 80MCG 120 METERED ACTUATION
67466,TERBECOMASIL SPRAY 30 ML
64456,TERBIN 250 MG 14 TAB
30172,TERBIN CREAM
55274,TERHEXINE 120 ML SYRUP
89742,TERMINAL HAIR LOTION SPRAY 110 ML
92154,TERMINAL SHAMPOO
TN,TERRAMYCIN EYE OINT
90355,TERRY MIX NAIL LOTION 15ML
91950,TESTERIOL 750MG/3ML I.M. VIAL
91672,TESTOASPIRE 1000MG 60 TABLETS
20635,TETANUS ANTITOXIN .1500IU .1ML 1ML. AMP
88907,TETRA CARE HAIR SHAMPOO 200 ML
77043,TETRA GLOW SENSITIVE ZONE FOAM 200 ML
87243,TETTELLO BALSAM 200ML SPRAY
56077,TEXACORT 0.1 % CREAM 20 GM
12491,THALIX 100 MG 30 CAP $$$
92338,THE ORDINARY BUFFET SERUM 30ML.
85627,THE ORDINARY PEELING SOLUTION SERUM 30ML.
90267,THIODIO 600MG 30 CAP
85326,THIODIO COMB 600 MG 30CAPS
60324,THIONERV 300 MG 20 TAB
74151,THIOTACID 300 MG 30 TAB
85213,THIOTACID 600 ORIGINAL 30 TABS
81142,THIOTACID 600 ORIGINAL MG 20 TAB
59894,THIOTACID COMPOUND 300 MG 30 CAP
85898,THIOTACID COMPOUND 600 MG 30 CAP
92490,THIOTACID PLUS XR 30 F.C. TABS.
74017,THIOTEX 300 MG 30 CAP
91447,THIOTEX FORTE 600 MG 20CAP
73422,THIOTEX FORTE 600 MG 30CAP
90271,THORMOXIBAN 10MG/10TAB
80214,three 400 drops 30ml
80213,three 600 drops 30ml
28330,THREE ZED 120 ML LOTION
56726,THROMBEX cream 40 g
52070,THROMBEX DNA GEL 40 G
54471,THROMBEXX DNA GEL40 G
90674,THROMBOLINTA 90MG 30TAB
88921,THYROCARBIN 5 MG 100 F.C. TABS
84912,THYROCARBIN 5MG 50 TABS
3538,THYROCIL 50 MG 30TAB
84738,THYROXINE 100MCG 100 TAB
84839,THYROXINE50 MG 100 TABLETS
88835,TIADO CONDITIONER 250 ML
84959,Tiapride-Clavita Pharma 137.9 mg/ml 30ml Solution
47360,TICANASE NASAL SPRAY
79267,TICANASE PLUS 125/50 MCG NASAL SPRAY 15 ML
90602,tidy fair lotion
26174,TIGER KING 10 TAB
79781,TIGINT PLUS 10 SACHETS
86435,TIMBESTATIN 10/20 MG 14 F.C TAB
75181,TIMOGEN SYRUP 120 ML
28194,TIMOLOL 0.5% DROPS
58189,TINEAREST 15 GM CREAM
85256,TINIFLOXACIN 20TAB
63226,TINIFLOXACIN 600MG 10 TAB
40043,TINOX CREAM
77297,TIOCON CREAM
87242,TIPTOP GEL 50 GM
57182,TIRALEPSY 1000 MG 20 F.C. TAB
73864,TIRALEPSY 1000 MG 20 TAB
86379,TIRALEPSY 1000MG 30 F.C. TAB
73622,TIRALEPSY 500 MG 30 TAB
61350,TIRALEPSY SYRUP 100 MG 120 ML
67301,TIRALEPSY XR 750 MG 20 TAB
47807,TIRATAM 120 ML SYRUP
81089,TIRATAM 1000 MG 30 F.C. TABS
55524,TIRATAM 500 MG 30 TAB
81734,TIRATAM 750 mg tab
87076,TIRATAM SOLUTION FOR IV INFUSION IN VIAL 5 ML
64458,TIRATAM XR 500 MG 20 TAB
81775,TIRATAM XR 750 mg tab
80939,TITAN GEL IMP++++
79493,TOBOLANZA 24 CAPSULES
73594,TOBRADEX DROPS
80116,TOBRADEX OINT
13269,TOBREX DROPS
2378,TOBRIN 0.3% EYE. OINT. 5 GM
2342,TOBRIN DROPS
92028,TODIPHI 10 ML ORAL DROPS
156158,tola hair lotion 1+1 offer
88512,TOLA HAIR LOTION 120ML
80930,tola hair oil replacement 100 ml
87625,TOLA KIDS CREAM FOR CURLY HAIR 120 ML 1+1
88881,TOLANA CARNITINE 20 TABS
88461,TOMAZINE 10MG 30 TAB
17887,TOMEX 80 TAB
73552,TOMEX PLUS 50 TAB
90205,TONADOGEST 10 MG 30 F.C. TABS
84120,tonair hair lotion 100ml
27652,TOP-4 CREAM
47765,TOP-FLAM CREAM
24136,TOP CLEAN SPRAY
81026,TOP HAIR LOTION 10 AMP.* 5 ML
50472,TOP HAIR LOTION 120 ML
91977,TOP SELLERS HONEY
53901,TOP ZAD SOAP
85687,TOPAKEN SYRUP 100 ML
23086,TOPAMAX 100 MG 60 TAB
21518,TOPAMAX 25MG TAB
85011,TOPGING ADVANCE 30CAPS
28331,TOPGING CAP
88172,TOPI-GENT CLEANSING FOAM 150 ML 1 + 1
75715,topi-gent delicate cleansing foam 150ml
75716,TOPI-GENT SEBUM CLEANSING FOAM 150 ML
90720,TOPILEPT 25MG 30TAB
75100,TOPIRAMATE 100MG 10TABS
73164,TOPIRAMATE 25 MG 30 TAB
39985,TOPMODE FORTE TAB
39986,TOPMODE TAB
87519,TOPOPRAZAN 20 MG 14 TAB
83273,TOPRO 10 SACHETS
60314,TORSAMOLEX 10 MG 20 TAB
60393,TORSAMOLEX 20 MG 20 TAB
74124,TORSERETIC 10 MG 30 TAB
78280,TORSERETIC 100 MG 30 TABS.
74015,TORSERETIC 20 MG 30 TAB
68869,TORSERETIC 5 MG 30 TAB
87435,TOTACAL CALCIUM 30 TAB
79112,TOTAL COD LIVER OIL 120 ML SYP
8591,TOTAVIT 20 TAB
23185,TOTAVIT SYRUP 100 ML
79110,TOTY GRAND 120 ML SYRUP
75318,TOUJEO SOLOSTAR 300UNITS/ML 3 PENS
TOUX,TOUX PROSPERITY SYRUP 120 ML
68887,TRAJENTA 5 MG 30 TAB
46402,TRAVATAN DROPS 2.5 ML
88008,TRAVODERMAL 30 GM CREAM
67470,TRAVONORM 0.004 % SOL
79229,TRAVONORM PLUS EYE DROP
84294,TREATO-ULC 20/1100MG 14 CAP
67297,TREATO-ULC 40/1100MG 14 CAP
67521,TREATO ANTI-BREAKAGE HAIR SERUM 120 ML
43780,TREATO SHAMPOO FRIZZ 250 ML
86313,TRECZIMUS 0.1% TOPICAL OINT. 30 GM
73645,TRECZIMUS 0.3 MG OINTMENT 20 GM
73391,TREFLUCAN 150 MG 1 CAP
92386,TRELEGY ELLIPTA 100/62.5/25 30DOSE
74080,TRENCEDIA 550 MG 10 TAB
75113,TRENDO 20 F.C. TABS.
30439,TRENTAL400 SR TAB
68855,TRESIBA FLEX TOUCH 100 U 1 PEN
83619,tress shampoo 150ml
59651,TRETOFLAMIN CREAM 20 GM
79303,TREXOTAZ 1.5 GM VIAL
83174,TREXOTAZ 2 GM I.M. / I.V. VIAL
80591,TREXOZOLA 2.5 MG 10 TABS
22103,TRI-B 6 AMP
79330,TRI-BETAPRONATE TOPICAL CREAM 30 GM
51551,TRI BENZOIN IN ZNOPAST
79486,TRI GUARD 30CAPSULES
51647,TRI TECT ACNE SOAP 100 GM
49204,TRI TECT ANTISETIC SOAP 100 GM
49206,TRI TECT BABY SOAP 100 GM
54897,TRIACOR 5/5 MG 10 TAB
73586,TRIACTIN 20 TABS
18963,TRIACTIN SYRUP
79294,TRIAMERICAN 1GM VAIL
67296,TRIB GOLD 30 CAP
79488,TRIBATENS 40/5/12.5 30TSABLETS
90780,TRIBULIVA 30 TAB
64110,TRICOGYN JEL 50 GM
90719,TRIGASTCARE 120 CAP
73761,TRILEPTAL 300MG 50TAB
73627,TRILEPTAL 60 MG/ML 100 ML SYRUP
74585,TRILEPTAL 600MG 50TAB
73898,TRILLERG 10ML EYE DROPS
73779,TRIMED FLU 20 TAB
78145,TRIMELASMA 30GM CREAM
74000,TRINUTREX 30 CAP
18581,TRIO-CLAR42CAP
91781,TRIO SHAMPOO GARLIC OIL 500ML
86829,TRIOCEPT 6 STRIPS * 21 TAB
83578,TRIOCOBAVIT 30 CAPS
79492,TRIPLIXAM 10/2.5/10 15TABLETS
89192,TRIPLIXAM 10/2.5/5MG 15 F.C.TABS.
75301,TRIPTOFEM 0.1MG/1ML SYRING
91792,TRIPTOFEM 0.1MG/ML 6 PREF. SYRINGES
23265,TRITACE 1.25MG 14TAB
23266,TRITACE 2.5MG 14TAB
57409,TRITACE 5 MG 14 TAB
56570,TRITACE COMP 14 TAB
58243,TRITACE COMP LS 14 TAB
55583,TRITACE MAX 10 MG/25 MG
57382,TRITACE PROTECT 10 MG 20 TAB
81193,Tritone 100mg 30Tablets
73606,TRITONE 125ML SYRAP
74587,TRITONE 200 MG 30 TAB
91475,TRITONE 50MG 5AMP
73604,TRITOSPOT CREAM 15GM
30381,TRITTICO 100MG TAB
30380,TRITTICO 50MG 20TAB
47582,TRIVASTAL RETARD 30 TAB
83136,TRIX ANTI DANDRUFF SHAMPOO 200ML
75734,TRIXAMARC 1000MG I.M. VIAL
75730,trixamarc 500MG VIAL IM
79302,TRIXOMASH 1 GM VIAL FOR I.M. INJ
75690,TRONE 100 MG 10 SACH
91456,TRONE 20 CAP
87346,TROPHIC SILICONE GEL 50 GM
91080,TROPIRESTEN 2MG/2ML
61865,TROSPAMEXIN 20 MG 20 TAB
83713,trozachrome 3amp
75317,TRULICITY 1.5MG 4PEN
91142,TRUST SHAMPOO 150ML
79321,TRUST SYRUP 120ML
79109,TRUSTNAL SYRUP
83937,TRYPSALIN + 20TABLETS
87370,TRYPSICAN 30 TAB
89836,TRYPTIZOL 10 MG 60 TABS
84446,TRYPTIZOL 10MG 20 TAB
74851,TRYPTIZOL 25MG 30 TAB
81747,TUDASIDONE 40MG 20TABS
82856,tudasidone 80 mg 20 tab
82616,TULANGO-SLIM 30 TABS
84184,TULANGO-VIT 120ML SYRUP
92068,TULANGO CONCIEVE 14SACH
81215,tulangodrop
85657,TURBO SLIM 40 CAPS IMP
86275,TUSSI-IBM 100 ML SYRUP
85133,tussihept syrup
11685,TUSSINOR SYRUP 120 ML
43683,TUSSISTOP 30 MG SYRUP 100 ML
81947,TUSSISTOP 60 MG 20 TABS
73565,TUSSIVAN N SYRUP 125 ML
73395,TUSSKAN SYRUP 100 ML
49880,TWINZOL EYE DROPS 5 ML
81019,TWINZOL SINGLE DOSE 30 UNITS
90836,TWIST & GO NTENSE LASH WERUM 10ML
87942,TWIST AND GO HAIR SHAMPOO 250 MG
84466,TWIT-TEAR XP EYE DROPS
91420,TWIT-TEAR ALLERGY EYE DROPS 10 ML
84286,TWIT-TEAR EYE DROPS
73248,TYMER DROPS 5 ML
91641,U-RICHI CARBAMIDE CREAM 50 GM
91167,U RICHI PANTHENOL ADVANCE CREAM GEL 50M
89653,UBM IMMUNE 375MG 30 CAPS
85228,ulcezole 30mg 20tab
79477,ULCEZOLE 60 MG 20 CAPSULES
79481,ULSOREST 30TABLETS
62593,ULTRA FAIR 15 GM CREAM OFFER
63251,ULTRA FEET CREAM 50G
20692,ULTRA MEDANINE CAP
81444,Ultra Slim Cap
75118,ULTRACAINE GEL
46376,ULTRACILLIN 1500MG VIAL
47707,ULTRACILLIN 750MG VIAL
57204,ULTRACIPRO E.R. 1 GM 5 F.C. TABS.
90138,ultrahumidin cream
88688,ULTRAMOX 625 MG 12 F.C. TABS
73308,ULTRASOLV 10 CAP
40572,ULTRASOLV SYRUP 120 ml
83825,UMATON SACHET
81796,UMEGA KIDS ORAL DROPS 30ML
88853,UNI-MOIST CREAM 100 GM
4278,UNIBIOTIC 500 MG 5 TAB
81493,unicetamol oral drops for children 15ml
73361,UNICTAM 1500 VIAL
73273,UNICTAM 375 MG 12 TAB
17927,UNICTAM 375MG VIAL
73235,UNICTAM 750 MG VIAL
80489,UNIFUNGI 150MG 2 CAPSULES
91952,UNIK IN SPRAY 30 ML
79212,UNILOXAM 500 MG 10 TABS
79213,UNILOXAM 750MG 10 TABLETS
64076,UNIPRIDOL 5MG/5ML SYP. 100 ML
83628,UNIPRIDOL FORTE 15MG/5ML SYP. 100 ML
79478,UNISIATEM 40 mg 30 tabs
79479,UNISIATEM 80MG 30 TABS
88069,UNITED VIT 30 F.C TABLETS
18792,UNITREXATE 50 MG 5 VIAL
89990,universal 50gram
66052,UNIVERSAL CREAM 100 MG
24325,UNIVIT SYRUP
40081,UNIZITHRIN 200MG 30ML SUSP
82960,unizithrin 500 6 cap
63189,UNOCRON 60MG MR 30 TAB
79107,UNOVIT SYRUP
87185,UPDATE BODY OIL
74215,UR-AID 12SACHETS
4972,URALYT U GRANULES
58522,URECARE CREAM 30 GM
61375,URGENT PLUS MASSAGE CREAM 50 GM
86776,URGINAFECT 10 MG 20 TABS
85421,URGINAFECT 5 MG 20 TABS
91443,URGINAFECT PLUS 5/50 MG 20 TAB
49806,URI CONTROL 2 MG 10 TAB
90595,URIBLADON 50MG XR 30TAB
81368,URICODROP 120 TAB
81365,URICODROP 40 MG 20 TABS
76781,URICODROP 80MG 30TAB
91073,URICOL-N 6 SAC
7466,URICOL SACHETS
74071,URINEX 24 CAP
90994,URINEX 36 CAP
74086,URIPAN XR TAB 10 MG 30 TAB
73711,URIPAN 5 MG 30 TAB
74248,URIPAN SYRUP 120 ML
79108,URIPRIDOL SYRUP
UR,URIVIN SACHETS
73069,UROSOLVINE 12 SACHETS
90434,UROSOLVINE N SACHETS
73428,URSO PLUS 20 CAP
49821,URSODIOL 250 MG 20 CAP
73429,URSOFALK 250 MG 20 CAP
63185,UTROCARE 100MG 30TAB
89159,UTROCARE 200 MG 30 S.G. CAPS
87710,UVEPRO LIGHT TEXTURE CREAM OFFER 1+1
vg,V-GONE 100MG 8TABS
87857,VACATION ACNE PRONE SKIN CREAM 60 ML
87725,VACATION HYDRO GEL SUNSCREEN +50 60ML
91968,VACATION SEBIO CONTROL Cream GEL 60 ml
87712,VACATION WHITENING FACIAL CLEANSING FOAM 200 ML
87671,VACATION WHITENING NIGHT CARE GEL 60 ML
46999,VAGICLIND VAGINAL CREAM
86416,VALGESTRIL 21 TAB
91690,VALO BIOTIN 10000 MCG 30 CAP
56219,VALPOEAST-SR 20 TAB
65995,VALSATENS 80 MG 30 TAB
66287,VALSATENS PLUS 160/25 MG 30 TAB
85098,VALUDAL 60 GUMMIES
29411,VANCOMYCIN 50OMG VIAL
67413,VANCOMYCINE VIATRIS 1 GM VIAL
55539,VANO CREAM 50 GM
67207,vantomor 50mg 20tab
86828,VANVILDA PLUS 50/1000 MG 30 TABS
90139,vanvilda plus 50/850
65699,VANZAPRO 1 GM 1 VIAL
65979,VARDAPEX 10 MG 4 TAB
75551,VARDE 20 MG 4 TAB
65996,VARDENA 20 MG 4 TAB
74882,VARDENORECT 20 MG 4 TAB
56179,VARDENORECT 20 MG 8 TAB
87071,VARDENORECT 5 MG 30 TABS
89942,VARIC CREAM 75GM
86573,VARIO CREAM 60 GM
75585,VARNOVA 10 MG 30 TAB
75587,VARNOVA 20 MG 4 TAB
77923,varnova 5mg 30tabs
4261,VASCON 20 TABS
22390,VASCON DROPS
83625,vasocare 400mg tab
18916,VASONORM 10MG TAB
19376,VASONORM 5MG TAB
67370,VASTAFLAM 50MG 20 TABS
25835,VASTAREL MR 30 TAB
67210,vastasiero 10mg 20tab
78749,vastasiero20mg
76742,VATIKA HAITR SERUM ALL 47 ML
85116,VAVRA B NEURO 30 CAPSULES
89075,VAVRA D3 10000 30 CAPS
89074,VAVRA IRON 20 CAPS
68843,VAXATO 10 MG 20 TAB
77541,vaxato 15mg 30 tabs
87477,VAXATO 2.5MG 30 TAB
74804,VAXIGRIP TETRA 15MCG/0.5ML PREFILLED SYRINGE
75172,VECOVARTEC PLUS 20/12.5 MG 21 TAB
75333,VECOVARTEC PLUS 40/12.5 MG 21 TAB
90713,VEE-SKIN 30CAP
90744,Vee-VITAMIN D3 30 CAP
91301,vee allure moist cream 150 gm
90577,VEE B-COMPLEX 30CAP
88752,VEE CARE 60 CAPS
90821,VEE FERO IRON 30 TAB
90815,VEE HAIR 60 TABS
90576,VEE ORTHO 30CAP
89960,VEE WHITE 30 TABS
83547,VEGAPANTIN 600MG 30TABS
74491,VELOSEF 1 GM 8 TAB
36511,VELOSEF 1GM VIAL
74559,VELOSEF 250MG SYRUP 100ML
75126,VELOSEF 500 MG 16 CAP
19836,VELOSEF 500MG VIAL
47022,VENAXAN 500 MG 5 TAB
73613,VENDEXINE SYRUP 125ML
80541,VENLATROPE 50MG 30-TAB
75843,VENLLAMASH XR 75MG 30 TABS
89720,venolen idrogel
86853,VENOSEL SYRUP
73426,VENTAL COMPOSITUM INHALER 200 PUFFS
73081,VENTAL INHALER 200 INHALATIONS
89355,VENTAMOR FACIAL WASH 200 ML
89388,VENTAMOR WHITENING CREAM 60 GM
63223,VENTOCOUGH SUGAR FREE SYR 125ML
69036,VENTOCOUGH W/SUGAR SYR 125ML
88401,VENTOHERB SYRUP 120 ML
74326,VENTOLIN DISKUS
73373,VENTOLIN EVOHALER 100 MCG INHALER
73448,VENTOLIN SYRUP
90085,VENTOSPAN SYRUP
91858,VEPICLE 20 TABS
84559,VERDAPIOTAL 10 MG 30 TAB
27313,VERDO 20 CAPS.
57990,VERDOL WASH 250 ML
47101,VERM-1 TAB
48107,VERM-1 TAB 28STRIPS
74588,VERMIZOLE 200 MG 6TAB
73997,VERMIZOLE SYRUP
73778,VERSERC 16MG 30 TAB
73605,VERSERC 24MG 30 TAB
81216,vesticold cap
88432,VETOYAGRA 100 MG 12 ORO-DISPERSIBLE TABS.
47394,VETOYAGRA 100 MG 5 TAB
81140,vetoyagra 100mg TABLETS
V100,VIAGRA 100 MG 4 TAB
28469,VIAGRA 100 MG 4 TAB IMPORTED
v50,VIAGRA 50 MG 4 TAB
79265,VIASALMOL AEROSOL INHALATION
80753,VIASALMOL PLUS 200 METERED ACTUATION
58891,VIATRAZO 80 MG 3 VAG. SUPP.
75284,VIATRAZO VAGINAL CREAM 30GM
75050,VIAVAG 25MG 10 TAB
60167,VIAVAG 100 MG 10 TAB
74431,VIBRAMYCIN 100 MG 10 CAP
75065,VICKSOLYTIC SYRUP 120ML
85607,VIDAGLUSE PLUS 50\500 MMG 30 TABS
VD,VIDROP ORAL DROPS 15 ML
73166,VIGAMOX DROPS 5 ml ne
79504,VIGOTON PLUS 20 TABS
87733,VIGOTON PLUS 30 tab
89460,VILATRIPLO 100/62.5/25 MCG 60 INH. CAPS.+DUOHALER
89429,VILATRIPLO 200/62.5/25 MCG 60 INH. CAPS.+DUOHALER
80011,VILDAFORMIN 50/1000MG 30TABS
74957,VILDAGLUSE 50 MG 30 TAB
65572,VILDAGLUSE PLUS 50/1000 MG 30 TAB
87072,VILDAGLUSE PLUS 50/850 MG 30 TABS
86488,vilgat 50 mg 30 tabs
81322,VILZOLID 600 MG 10TAB
82390,VINAX 3 STRIPS 30 TABS
63245,VINOMAX CREAM 30G
67607,VINOSIN CREAM 50 GM
91370,VIOCYST 30TAB
84572,VIOCYST 60TAB
91975,VIOCYST PLUS TAB
4205,VIOTIC EAR DROPS 10 ML
454213,VIRECTA 100mg 9 TAB
v2,VIRECTA 12 TABS
91587,VIRECTA PLUS 4 TABS
78132,VIRUSTAT 200MG/5ML SUSP. 120 ML
91162,VIRUSTAT 400MG/5ML SUSP. 120 ML
47745,VIRUSTAT CREAM
67368,visanne 2mg 28 tab
65712,VISCERA 3 AMP
52082,VISCERA SYRUP 120 ML
74589,VISCERALGINE 20 TAB
73549,VISCERALGINE SYRUP 120 ML
43526,VISINE A.C. EYE DROPS 15 ML
92013,VISMED 0.18% EYE DROPS 20 X 0.3 ML SDU
92367,VISMED MULTI 0.18% EYE DROPS 10 ML
92678,VITA-D3 4000 IU 20 fllm
88577,VITA-DE-VAL 10000 IU 30 SOFT GELATIN CAPS
60970,VITA HAIR 60 TAB
21867,VITA STRESS 20 TABS
90866,VITAB BLAST 30 TAB
92351,vitabalm skim miosturizer
73267,VITACID C EFF 12 TAB
2402,VITACID CALCIUM EFF TAB
60155,VITAFERROL 120 ML SYR SUGAR FREE
88508,VITALOCHOC 10 SACHET
81799,VITALOCHOC PLUS SACHETS
86987,Vitalox Junior 200ml Liquid
12021,VITAMIN E FORTE 40 MG 20 CAP
86810,VITAMIN B9 400 MCG 20 TABS
75135,VITAMIN D3 50000 IU 100 TAB USA $$$
73130,VITAMIN E 1000 MG 24 CAP
73453,VITAMIN E 400 MG CAP
90570,VITAMOUNT FOR MEN CAP 15
74918,VITAMOUNT FOR MEN CAP.
82692,VITAMOUNT FOR WOMEN 15 CAPS
90872,VITAPERFECT 20 CAPS
73032,VITATRON 30 CAP
92546,VITAWELL MAGNESIUM BREAK THROUGH 30 CAP
73735,VITAYAMI 30 TAB
78390,VITIFECT SYP
84436,VITONEX ADULTS 20 CAP
91740,VITONEX CHILDREN SYRUP 120 ML
83882,VIVIDOL HAIR GROWTH LOTION 150ML
63288,VIVIDOL HAIR OIL 250ML
46316,VIVIDOL HAIR OIL SPRAY 120ML
88265,VIXAPORT 30 TAB
90072,VOLTAREN 100 GEL
33236,VOLTAREN 100MG 10 SUPP
74586,VOLTAREN 25MG SUPP
vol3,VOLTAREN 3AMP
73514,VOLTAREN 50 MG 20 TAB
vol6,VOLTAREN 6AMP
78602,VOLTAREN EMULGEL 100GM
74306,VOLTAREN EMULGEL 25 GM
73561,VOLTAREN EMULGEL 50GM
73814,VOLTAREN SR 100 MG 20 TAB
89685,volvaro oral gel 20gm
51521,VOMIBREAK 10-10 MG 30 TAB
90783,VOMIFRATON 4MG/2ML 5 I.M./I.V./INF. AMP
85117,VOMIFRATON 8MG/4ML 5 AMP
3820,VOMISTOP CAP
91621,VOMITRENAT 20/20MG 30 EXT. REL. F.C. TABS
83331,VONACIDAN 10 MG 20 TABS
83189,VONACIDAN 20MG 20 TAB
90347,VONAFUT 10MG/20TAB
90348,VONAFUT 20MG/20TAB
82709,VONASPIRE 10MG 14TABS
81138,VONASPIRE 20 MG 14 F.C TABS.
92252,vonaspire 20mg 28tab
85378,VONDALOUS 20MG TAB
90871,VONOGASTRIC 20 MG 20 ORAL DIS. TABS
91164,VONOPEP 20MG 20TAP
85109,vonopravin 10 mg 28 tab
84673,VONOPRAVIN 20 MG 28 TABS
85045,vonseca 10mg 14tab
83720,VONSECA 20 MG 14 TABS
92071,VONSECA 20M 28 TAB
87039,VORZA MASSAGE CREAM 50 GM
79298,VOTRIAXONE 500MG
61674,VOXAZOLDIN 600 MG 10 TAB
47834,WE.GEL 25 GM
86834,WE.GEL GEL 75 GM
87002,well baby spray
85882,WELL BABY SYRUP 120ML
89654,WELL SHAPE 15 SACHETS
83813,WELLINTA SR 150 MG TABS
83160,WELLMAN 30 TAB
81273,WELLMETAZONE 40GM
64057,WELLOFUNG CREAM 40 GM
83155,WELLWOMAN ORIGINAL 60 TABS.
79641,WESAYA HAIR OIL
81373,WESTABREATH 500 20TAB
75226,WESTAIR 14 SACHETS NEW 2018
84610,westgrelor 90 mg 10 taB
90818,wfs plus Stronger formula 180 caps
85637,WHITE SHADOW 25g CREAM
48020,WHITEX CREAM
85584,WIDEPREX 100MG 60ML SYRUP
90757,WILLI D3 15ML
91940,WIN CYSTINE 30 TAB
52039,WINCEF 1000 MG I.M VIAL
52042,WINCEF 500 MG I.M VIAL
60119,WINdipine 10 MG 30 TAB
60140,WINdipine 5 MG 30 TAB
73899,WINTRIAXONE 0.5 AMP
81329,WINZOXIB 120 MG 7 TABS
85082,WINZOXIB 60 MG 20 TABS
81372,WINZOXIB 90 MG F.C.TABS
9314,X-ADE 16 TAB
46881,XALACOM EYE DROPS 2.5 ML
18338,XALATAN EYE DROPS
68845,XALATREX EYE DROPS 2.5 ML
90032,xaltec 5mg 20tab
78043,XANOXIBAN 10 MG 10 TAB
90786,XANTHIBUX 40 MG 20 F.C. TABS
91875,XANTHIBUX 40 MG 30 F.C. TABS
27557,XANTHIBUX 80 MG 20 TAB
63926,xanthistop 120 MG 30 TAB
92069,XANTHISTOP 40MG TABS
73732,XANTHISTOP 80 MG 30 TABS.
89266,XARELTO 20 MG 14 TAB
74247,XARELTO 20 MG 28 TAB
88046,XATRAL XL 10 MG 30 TABLETS
81364,XEFO RAPID 8 MG 20TABS
64016,XEREXOMAIR 500 MG 3 TAB
83756,XERODOX 30 SUBLINGUAL TABS
92633,XERODOX PLUS 30 CAPS
60936,xgeva 120 mg injection AMGEN
81154,XICLAV 1 GM 14 TABS
81242,XICLAV 625 GM 10 TABS
81330,xigduo 5mg\1000mg 56 tabs
67459,XILOIAL MONO 10 ML
86339,XILONE 20 MG 20 ORODISPERSABLE TABS.
73116,XILONE FORTE SYRUP
73162,XILONE SYRUP 100 ml
88838,XILOPRED 16 MG 20TABS
82466,XILOPRED 4MG 20TABS
74464,XIMACEF SUSP 30ML
89718,XIMALACT 250 MG 30 CAPS
75131,XITHRONE 200MG SUSP 15ML
73451,XITHRONE 200MG SUSP 25ML
73113,XITHRONE 500 MG 5 TAB
73852,XITHRONE 500MG 3TAB
85921,XL DIVINE FEMININE PERFUME SPRAY
3154,XOLAMOL EYE DROPS
66031,XORAXON 1 GM I.V VIAL
73293,XORAXON 1 GM IM VIAL
47169,XORIN 1GM VIAL
47170,XORIN 500MG VIAL
74210,XTENSION 150 MG 28 TAB
74698,XTENSION 300 MG 28 TAB
73491,XTENSION PLUS 150/12.5 MG 28TAB 0
74697,XTENSION PLUS 300/12.5 MG 28 TAB
82916,xultophy 100/3.6
91068,XXXXXXXXXXX
86589,XYCLINDO 1% TOPICAL FOAM 100 GM
89856,XYRKUX 120 MG 7 TABS.
90395,xyrkux 60mg 20flim
88349,XYRKUX 90 MG 30 TABS.
73891,YASMIN 0.03/3 MG 21 TABS.
66290,YAZ 28 TAB
20771,YEAST 60 TAB MEPACO.
84509,YEAST PEX 60 TABS
90682,YOKATOMIL 30GM
3123,YOSTIRETIC 30TAB
81205,YULE GEL
59500,ZACAGLONE 3 AMPOULES
73828,ZADITEN 30TAB
86734,ZADOGLOBN 20 CAPS
79075,ZAK ACE 175ml
88732,ZAK TIMELESS SPRAY 175ML
79629,ZAK tobacoo vanilla
87056,zakio syrup
52028,ZANDROS 20 CAPS
63950,ZANOGLIDE 2/30MG 30 TABS
63830,ZANOGLIDE 4/30 MG 30 TAB.
52072,ZARO JEL GEL 15 GM
46937,ZAROTEX CREAM
65986,ZARROPRAZOLE 20/1100 MG 28 CAP
82237,ZARROPRAZOLE 20/1680MG 10 SACHETS
89182,ZARZIO 30 MIU/0.5ML PREF. SYRINGE FOR S.C./I.V. IN
83790,zathrotrue 6 tab
19437,ZEFFIX TAB
84566,ZEMYLAISE 200 CEIP UNIT/ML SYRUP 120 ML
60332,ZENTA CREAM 50 G
23041,ZESPERONE 2MG 10 TAB
23042,ZESPERONE 4MG TAB
47496,ZESTORETIC-20 10 TAB.
90236,ZESTORETIC 20/12.5MG
47494,ZESTRIL 10MG TAB
47495,ZESTRIL 20MG TAB
74312,ZESTRIL 5MG TAB
87333,ZETACOLEST 180 MG 30 TAB
89450,ZETACOLEST PLUS 180/10 MG 30 F.C. TABS
84130,ZETAKARDOVAL 10/160 30 TABS
92128,ZETAKARDOVAL 10/320 MG 30TAB
84129,ZETAKARDOVAL 5/160 30 TABS
91743,ZETAZOLEX 2 MG 30 F.C. TABS
92073,zetazolex 4 mg 30 tab
89387,ZIAFLEX MASSAGE GEL 50 GM
74483,ZIMACAL 30 TAB
46883,ZINC OLIVE CREAM 75 GM
83211,zinc olive lotion 100ml
9309,ZINC OLIVE LOTION 60 ML
73995,ZINC ORIGIN 10 MG 120 ML SYRUP
60520,ZINC ORIGIN 20 MG 20 TAB
87456312,ZINC OXIDE OINT
62835,ZINCODERM CREAM 50GM
56517,ZINCODERM SKIN LOTION 120 ML
82767,ZINCOKID LOTION 120ML
88587,ZINCOMIST 10MG/5ML SYRUP 120 ML
59755,ZINCOREX SHAMPOO 200 ML
35758,ZINCOSIL CREAM
73286,ZINCTRON 30 CAP
88023,ZINOBACILLY ORAL DROP
21844,ZINOL 1GM VIAL
18641,ZISROCIN 500 MG 3 CAP
73265,ZISROCIN SUSP 100 MG 30 ML
87934,ZITHOTRAC 500 MG 3 TABS
74097,ZITHRODOSE 100 MG SYRUP 60 ML
77244,ZITHRODOSE 100MG/5ML SUSP. 45ML
77243,zithrodose 500 mg 5cap
74599,ZITHROKAN 100MG SUSP
74506,ZITHROKAN 200MG/5ML SUSP. 15 ML
73871,ZITHROKAN 500 MG 3 CAP
92474,ZITHROKAN 500 MG 5 CAP
73900,ZITHROMAX 1200MG SUSP
81087,ZITHROMAX 500 MG 3 CAP
76186,ZITHROMAX 600MG 15ml SUSP
74066,ZITHROMAX 900MG SUSP
78665,ZITOXANAL 50MG 30-CAP
47853,ZOCOZET 10MG/10MG 14TAB
79291,ZOFATRONE 4 MG 3 AMP
90736,ZOFFRAN 8 MG 8 AMP
606,ZOFRAN 4 MG 5 AMP
88042,ZOFRAN 4 ML 10 AMPOULES
88687,ZOFRAN 8 MG 8 AMPS
90770,ZOFRAN 8MG 4 ML 8AMP
19012,ZOFRAN 8MG 5AMP
88420,ZOFRAN 8MG 8AMP
45449,ZOFRAN 8MG TAB
74659,ZOLADEX DEPOT 3.6 MG AM
90540,ZOLADEX LA 10.8MG
79409,ZOLIDOCYRL 6 TABLETS
80288,ZOLMSOLAN 2.5MG 6 FILMS
89709,ZOLMSOLAN 5 MG 6 ORODISPERSIBLE FILM
86019,ZOMEGIPRAL 40 MG 1 VIAL
19056,ZOVIRAX 10% CREAM
19038,ZOVIRAX 400MG 10 TAB
40591,ZOVIRAX D.S 400MG/5ML SUSP.100ML
91683,ZSWEV JOINT 30 TABS
73352,ZURCAL 20 MG 14 TAB
64265,ZURCAL 40 MG 1 VIAL
73074,ZURCAL 40 MG 14 TAB
85659,ZURCAL 40 MG 28 TAB
33107,ZYLOFEN 1 MG 20 TAB
74414,ZYLORIC 300 MG 30 TAB
91303,ZYMA COLIN 120 ML SYRUP
34657,ZYMAGALLINE TAB
84847,ZYMALGE GEL 50 GM
91619,ZYMONOSKA 20 ENTERIC COATED TABLETS
67391,ZYPREXA 10 MG 28TAB
84710,ZYPREXA 5MG -7 TAB
79410,ZYROVAZET 10/10 MG 30 TABLETS
80536,ZYROVAZET 10/20 MG 30 TABLETS
83736,ZYROVAZET 10/40 MG 30 TABLETS
81344,ZYROVAZET 5/10MG 30 F.C.TABS
73870,ZYRTEC 20 TAB
73367,ZYRTEC DROPS 10 ML
73468,ZYRTEC SYRUP 100 ML
87121,افونا كريم صنفرة 300 جم طمي مغربي
85408,اميبابين 30قرص
91271,اوفا ماكس امريكي
91421,اوفتريل 250 ملي/حقن
90292,اوميجا ار اكسس 60 قطعه+30قطعه عرض
88200,ايفا صن بلوك اطفال 200 مللي
83064,برومكس بلاس 12كيس
90285,بودرة تقشير بوبنت 10جرام
88229,بيزلين بليه اناره فوريه + جفاف تام
88196,بيوفيتا 60 ق+30 ق عرض
87978,تولا شامبو 250 مللي عرض 2 قطعه اطفال
51509,جلسرين طبى نقى بليه زجاج
78756,جيل الصبار للبشره
87832,حلمة بيبرونه بلبز كلاسيك 0 شهور
86722,خميرة البيرة لتسمين الوجه
92447,ديتول مطهر (تيتاتول )
86029,رويال جيل 450 مل ملك الاحساس
92306,زيت خروع بنكهة الشيكولاتة
87911,زيت فاتيكا بالجبه السوداء 90 مللي
87866,سباركل شاور جيل 300 مللي جرام
88195,ستارفيل عرض غسول اكني 200 مللي 1+1
86774,ستربس استحلاب عسل و ليمون
90997,سفن سيز 120 قرص
88048,سوبر كيدز صن سكرين لوشن 200 مللي + رول اون عرض
90881,سيريلاك قمح بدون لبن زياده 20%
85412,سيفوتاكسيم ايفا فارما 1 جم
79570,شراب دوالي ايطالي تحت الركبه كل المقاسات
92258,شكولاتة حريمي 10 قطع
SLD,صابونة لبان دكر
18231,صبغة جاوى 15 مل ايما
58809,صبغة جاوى 30 مل
91976,عسل حريمي
87138,فاستر امبولات كولاجين للشعر
87362,فرش اسنان كبار و اطفال FLODENT
89625,فرش اسنان ماستر كبار 2 غيار
90998,فيتامين د 50الف
87134,لابيلو زبدة كاكاو مع عبير الزعتر
87380,لايف بوي صابون 165 جرام ازرق
W,ماء مذيب
87642,ماكينه باديكير + امواس + مبشره 3*1
85928,مخمرية جيل معطر للجسم 100 مل لي لي
79258,مخمريه جيل معطر للجسم 100 مل ميرسي
84841,مخمريه جيل معطر للجسم كاميلا
51554,مرهم راسب أبيض
90106,مكروكروم
79288,مكن حلاقه لورد اصفر
88193,ميلاتيكس روتين تفتيح البشره غسول + كريم
87128,نونو شامبو 500مللي+شامبو100مللي
87129,نونو شامبو اصفر لتر+زيت200مللي
92134,نيفيلوب فالسارتان 5/80
86135,يوفي برو دراي تاتش كريم 50 حماية 50مل
