code,drug_name,matched_product_name_en,matched_product_name_ar,matched_store_product_id,match_score,verified,match_method,ai_confidence,ai_review_confidence
90874,***GREEN TEA,,,,,,no_match,,
87648,**IMP panadol night 20 TAB,,,,,,no_match,,
84773,.CALCIMA 30 PICS,CALCIMA 30 SOFT CHEWS PIECES,كالسيما 30 اقراص (انفينتي),2476136.0,80.0,ai_confirmed,ai_verified,0.0,
oly,`OLYSRE 20 TAB,OLYSRE 20 TAB,اوليسري 20 اقراص,2140438.0,96.3,algo_match,token_set_ratio,,
71475,+*** IMP BIOTIN 10000 MCG 100 TAB,,,,,,no_match,,
53804,+***IMP FEROGLOBIN B12 30 CAP,FEROGLOBIN 30 CAPS,فيروجلوبين 30 كبسول,1627515.0,85.0,ai_confirmed,ai_verified,0.0,
18646,+***imp NEO MERCAZOLE 5 MG 100 TAB,,,,,,no_match,,
55748,+***IMP OSTEOCARE SYRUP 200ML,,,,,,no_match,,
54473,+***IMP OSTEOCARE ORIGINAL 30 TAB,,,,,,no_match,,
17155,+***imp PANADOL BLUE TAB,,,,,,no_match,,
30547,+***imp PANADOL COLD AND FLU TAB,,,,,,no_match,,
65174,+***imp PANADOL EXTRA 24 TAB IMP,,,,,,no_match,,
59828,+***imp PANADOL JOINT 18 TAB,PANADOL JOINT 24 ER TABLETS,بانادول جوينت 24 اقراص,,90.0,algo_match,partial_token_sort_ratio,,
25723,+***imp PANADOL SINUS 24 TAB,,,,,,no_match,,
29384,+***IMP PERFECTIL TRIPLE ACTIVE 30TAB IMP,,,,,,no_match,,
27942,+***IMP PREGNACARE original folic acid 30 cap,,,,,,no_match,,
56431,+***imp TRIPLE OMEGA 3-6-9 120 CAP(PURITANS,,,,,,no_match,,
68671,+***imp VEGA HONEY 10 PATCH,,,,,,no_match,,
68674,+***IMP VITAMIN D3 5000 IU 100 TAB,,,,,,no_match,,
55765,+***IMPGlUCOSAMINE CHONDROTN MSM 120CAP,,,,,,no_match,,
77608,+***spanish fly imp,,,,,,no_match,,
73073,456+4456.4,,,,,,no_match,,
26866,45645841635,,,,,,no_match,,
87805,535454,WET BRUSH CODE 5544,ويت فرشاه ديتانجلر اطفال هابي هير كود 5544,,80.0,ai_confirmed,ai_verified,0.0,
46352,54234553,,,,,,no_match,,
81312,564356345254,,,,,,no_match,,
81217,64564164,,,,,,no_match,,
46285,65465163,,,,,,no_match,,
35435435,7585485463546350,,,,,,no_match,,
79111,876763,,,,,,no_match,,
29189,ABILIFY 10 MG 10 TAB,ABILIFY 10 MG 10 TABS.,ابيليفاي 10 مجم 10 اقراص,1159130.0,97.6,algo_match,brand_index,,
29188,ABILIFY 15 MG 10 TAB,ABILIFY 15 MG 10 TABS.,ابيليفاي 15 مجم 10 اقراص,943058.0,97.6,algo_match,brand_index,,
74571,ABILIFY 5 MG 10 TAB,ABILIFY 5 MG 10 TABS,ابيليفاي 5 مجم 10 اقراص,2254422.0,97.4,algo_match,brand_index,,
21728,ABIMOL 500 MG 20 TAB,ABIMOL 500 MG 20 TABLETS,ابيمول 500 مجم 20 اقراص,,90.9,algo_match,brand_index,,
45413,ABIMOL EXTRA 20 TAB.,ABIMOL EXTRA 20 TAB.,ابيمول اكسترا 20 اقراص,,100.0,algo_match,brand_index,,
45178,ABIMOL SUPP,ABIMOL 300 MG 5 RECTAL SUPP.,ابيمول 300 مجم 5 لبوس,,100.0,algo_match,token_set_ratio,,
745822,acanthaprop eye 10ml,ACANTHAPROP 1 MG / ML EYE DROPS 10 ML,اكانثابروب قطره 1 ملغ / مل قطره للعين 10 مل,,100.0,algo_match,token_set_ratio,,
91689,ACDISTERON 25 MG 20 TAB,ACDISTERON 25 MG 20 TAB,اكديستيرون 25 مجم 20 اقراص,2317701.0,100.0,algo_match,brand_index,,
86478,ACELIOFINAZ 100 MG 20 F.C. TAB,ACELIOFINAZ 100 MG 20 F.C. TAB,اسيليوفيناز 100 مجم 20 اقراص,2500486.0,100.0,algo_match,brand_index,,
90841,ACETOLYTIC 600 MG 10 CAPS,ACETOLYTIC 600 MG 10 CAPS,اسيتوليتك 600 مجم 10 كبسول,2496870.0,100.0,algo_match,brand_index,,
91756,ACETYL-C CORCEPT 20CAPS,ACETYL C CORCEPT 20 CAP,استيل سي كورسيبت 20 كبسول,2521787.0,97.9,algo_match,brand_index,,
74075,ACETYLCISTEINE 200 MG 10 SACHETS,ACETYLCISTEIN 200 MG 10 SACHET,استيل سيستايين 200 مجم 10 اكياس,2452687.0,96.8,algo_match,brand_index,,
73854,ACETYLCISTEINE 600 MG 10 SACHETS,ACETYLCISTEIN 600 MG 10 EFF. INSTANT GRAN. SACHETS,استيل سيستايين 600 مجم 10 اكياس,2140102.0,80.0,ai_confirmed,ai_verified,0.0,
91666,ACETYLCYSTEINE VITA C 10 SACHETS,ACETYLCYSTEINE VITA C 10 SACHETS,استيل سيستايين فيتا سي 10 اكياس,2468242.0,100.0,algo_match,brand_index,,
85839,ACHTENON 30 TABS,ACHTENON 2 MG 30 TABS,اكتينون 2 مجم 30 اقراص,,86.5,ai_confirmed,ai_verified,0.0,
21489,ACICONE S SUSP 120ML,ACICONE SUSP. 120 ML,اسيكون شراب 120 مل,2197539.0,95.0,algo_match,brand_index,,
81700,ACIVIRAX 400 MG 30 TAB,ACIVIRAX 400 MG 30 TABS,اسيفيراكس 400 مجم 30 اقراص,2535750.0,97.8,algo_match,brand_index,,
55704,ACIVIRAX 800 MG 20 TAB,ACIVIRAX 800 MG 20 TABS.,اسيفيراكس 800 مجم 20 اقراص,2144576.0,97.8,algo_match,brand_index,,
74783,ACNE-STOP CREAM 30 GM,ACNE STOP CREAM 30 GM,اكني ستوب كريم 30 جم,1425364.0,100.0,algo_match,brand_index,,
56828,ACNESCAVE GEL 30 GM,ACNESCAVE 0.1 % TOPICAL GEL 30 GM,اكنيسكيف 0.1 % جيل 30 جم,901935.0,100.0,algo_match,token_set_ratio,,
79378,ACNIACT GEL 15 GM,ACNIACT TOPICAL GEL 15 GM,اكني اكت جل موضعي 15 جم,990338.0,81.0,ai_confirmed,ai_verified,0.0,
78592,ACNITAZ GEL 15 GM,ACNITAZ 0.1 % TOPICAL GEL. 15 GM,اكنيتاز 0.1 % جل 15 جم,,100.0,algo_match,token_set_ratio,,
26476,ACRETIN 0.025% CREAM 30 GM,ACRETIN 0.025 % CREAM 30 GM,اكريتين 0.025 % كريم 30 جم,1783735.0,94.3,algo_match,brand_index,,
26475,ACRETIN 0.05% CREAM,ACRETIN 0.05 % CREAM 30 GM,اكريتين 0.05 % كريم 30 جم,1770279.0,80.0,ai_confirmed,ai_verified,0.0,
81251,ACTI-COLLA ADVANCE 10 SACHET,ACTI COLLA ADVANCE 10 SACHETS,اكتي كولا ادفانس 10 اكياس,2170678.0,98.2,algo_match,brand_index,,
86436,ACTI-COLLA ADVANCE 30 SACHETS,ACTI COLLA ADVANCE 30 SACHETS,اكتي كولا ادفانس 30 اكياس,2514192.0,100.0,algo_match,brand_index,,
78714,ACTI-COLLA C 10 SACHETS,ACTI COLLA C 10 SACHETS,اكتي كولا سي 10 اكياس,2312354.0,100.0,algo_match,brand_index,,
81013,ACTI-COLLA C 30SACHETS,ACTI COLLA C 30 SACHETS,اكتي كولا سي 30 اكياس,1661291.0,100.0,algo_match,brand_index,,
84051,ACTI-FOLIC 30 TABS.,ACTI FOLIC 30 TABS,اكتي فوليك 30 اقراص,901885.0,100.0,algo_match,brand_index,,
91980,ACTI-MASS MASSAGE CREAM 50GM,ACTI MASS MASSAGE CREAM 50 GM,اكتي ماس مساج كريم 50 جم,1752433.0,100.0,algo_match,brand_index,,
91082,ACTI 20 MG FLIM TAB 20,ACTI 20 MG 20 F.C. TABS,اكتي 20 مجم 20 اقراص,2468273.0,86.4,ai_confirmed,ai_verified,0.0,
59238,ACTIFAST 50 MG 30TAB,ACTIFAST 50 MG 30 F.C.TAB.,اكتيفاست 50 مجم 30 اقراص,2160425.0,91.3,algo_match,brand_index,,
88910,ACTIFAST 50 MG 30 SACHETS,ACTIFAST 50 MG 30 SACHETS,اكتيفاست 50 مجم 30 اكياس,2435105.0,100.0,algo_match,brand_index,,
79728,ACTIFAST 6 SACHETS,ACTIFAST 50 MG 6 SACHETS,اكتيفاست 50 مجم 6 اكياس,2569467.0,85.7,ai_confirmed,ai_verified,0.0,
3718,ACTIMAR 30 CAPS,ACTIMAR 30 CAPSULES,اكتيمار 30 كبسول,1058086.0,88.2,ai_confirmed,ai_verified,0.0,
91243,ACTITRUE CALAMINE LOTION 100ml,,,,,,no_match,,
91242,ACTITRUE INTIMATE FEMININE WASH 200ml,,,,,,no_match,,
91210,ACTITRUE MOUTH WASH,,,,,,no_match,,
58283,ACTIVE HAIR OIL 120 ML,ACTIVE HAIR OIL 120 ML,اكتيف هير زيت 120 مل,2191945.0,100.0,algo_match,brand_index,,
58284,ACTIVE SHAMPOO 250 ML,,,,,,no_match,,
77065,ACTOS 30 MG 30TAB,ACTOS 30 MG 30 TAB.,اكتوس 30 مجم 30 اقراص,1912174.0,100.0,algo_match,brand_index,,
28089,ACTRAPID HM 100 I.U./ML 5*3ML PENFILLS,ACTRAPID HM 100 I.U. / ML 5 * 3 ML PENFILLS,اكترابيد بنفل 100 وحده / 5 مل* 3 مل,1840928.0,86.4,ai_confirmed,ai_verified,0.0,
25153,ACTRAPID HM 100 I.U./ML 10 ML VIAL,ACTRAPID HM 100 I.U. / ML 10 ML VIAL,اكترابيد 100 وحده / 10 مل امبول,2269627.0,92.8,algo_match,brand_index,,
74896,ACYCLOVIR 10 GM CREAM,ACYCLOVIR 5 % TOPICAL CREAM 10 GM,اسيكلوفير 5 % كريم 10 جم مصر,901857.0,100.0,algo_match,token_set_ratio,,
74041,ACYCLOVIR 400 MG 35 TAB,ACYCLOVIR 400 STADA 35 TAB.,اسيكلوفير 400 ستادا 35 اقراص,901858.0,85.7,ai_confirmed,ai_verified,0.0,
21481,ACYCLOVIR 800 MG 35 TAB,ACYCLOVIR 800 STADA 35 TAB.,اسيكلوفير 800 ستادا 35 اقراص,1666454.0,85.7,ai_confirmed,ai_verified,0.0,
29154,ADAPALENE GEL 30 GM,ADAPALENE 0.1 % GEL 30 GM,ادابالين 0.1 % جل 30 جم,,86.4,ai_confirmed,ai_verified,0.0,
48222,ADENOSINE FORT 3 AMP,,,,,,no_match,,
89285,ADMLASE SYRUP 120 ML,,,,,,no_match,,
74621,ADOL 500 MG 24 TAB,ADOL 500 MG 24 CAPLETS,ادول 500 مجم 24 اقراص,1395326.0,87.5,ai_confirmed,ai_verified,0.0,
74549,ADOL EXTRA 24 TAB,ADOL EXTRA 24 CAPLETS.,ادول اكسترا 24 اقراص,1398887.0,86.7,ai_confirmed,ai_verified,0.0,
48087,ADOL SINUS 24 TAB,ADOL SINUS 24 CAPLETS,ادول سينس 24 اقراص,,86.7,ai_confirmed,ai_verified,0.0,
59464,ADOLOR 10 MG 20 TAB,ADOLOR 10 MG 20 F.C.TABS.,ادولور 10 مجم 20 اقراص,,88.4,ai_confirmed,ai_verified,0.0,
77042,ADOLOR 15 MG AMP,ADOLOR 15 MG 3 AMPS.,ادولور 15 مجم 3 امبول,,91.4,algo_match,brand_index,,
81141,ADOLOR 30 MG 3 AMP,ADOLOR 30 MG 3 AMPS.,ادولور 30 مجم 3 امبول,2500192.0,97.3,algo_match,brand_index,,
88144,ADPORT 1 MG IMP++++++,,,,,,no_match,,
80215,ADRENOCORTINE 1MG/ML I.M. AMP.,ADRENOCORTINE 1 MG / ML I.M. AMP.,ادرينوكورتين 1 مجم / مل امبول,1022457.0,93.3,algo_match,brand_index,,
59694,ADVANCE SOAP BAR 100 G,ADVANCE SOAP 100 GM,ادفانس صابون 100 جم,1656604.0,87.8,ai_confirmed,ai_verified,0.0,
77290,ADVANCE SOAP 100gm,ADVANCE SOAP 100 GM,ادفانس صابون 100 جم,1656604.0,100.0,algo_match,brand_index,,
60097,ADVANCRIB 400 MG 5 TAB,ADVANCRIB 400 MG 5 TABLETS,ادفانكريب 400 مجم 5 اقراص,2096005.0,91.7,algo_match,brand_index,,
87239,ADWIFLAM 50 MG SACHETS,ADWIFLAM 50 MG 10 SACHETS,ادويفلام 50 مجم 10 اكياس,2468162.0,93.6,algo_match,brand_index,,
46283,ADWIFLAM 50.ER. 20CAP,ADWIFLAM 50 MG E.R. 20 CAPS.,ادويفلام 50 مجم 20 كبسول,2435004.0,89.4,ai_confirmed,ai_verified,0.0,
adw,ADWIFLAM 6 AMP,ADWIFLAM 75 MG / 3 ML 6 AMP.,ادويفلام 75 مجم / 3 مل 6 امبول,1425236.0,100.0,algo_match,token_set_ratio,,
79751,ADWIFLAM GEL 50 GM,ADWIFLAM EMULGEL 50 GM,ادويفلام ايملجل 50 جم,2319764.0,90.0,algo_match,brand_index,,
87065,ADWIFLOXACEN 400 MG 7 TABS,ADWIFLOXACEN 400 MG 7 F.C. TABS.,ادويفلوكساسين 400 مجم 7 اقراص,2490281.0,92.9,algo_match,brand_index,,
90822,ADWISTADINE 5MG 30TAB,ADWISTADINE 5 MG 30 SCORED F.C.TABS,ادويستادين 5 مجم 30 اقراص,2532918.0,90.5,algo_match,token_set_ratio,,
78750,ADWITINE 30 MG 30 CAP,ADWITINE 30 MG 30 CAPS.,ادويتين 30 مجم 30 كبسول,2312297.0,97.7,algo_match,brand_index,,
78751,ADWITINE 60MG 30 CAPS,ADWITINE 60 MG 30 CAPS.,ادويتين 60 مجم 30 كبسول,1533675.0,100.0,algo_match,brand_index,,
73298,AERIUS 5 MG 20 TAB,AERIUS 5 MG 20 F.C.TAB.,ايريوس 5 مجم 20 اقراص,2145127.0,90.0,algo_match,brand_index,,
87033,AFROMED 30 CAPS,AFROMED 30 CAPS.,افروميد 30 قرص,2462414.0,100.0,algo_match,brand_index,,
92368,AGAR ORAL DROP,AGAR ORAL DROP 15 ML,اجار قطره للفم 15 مل,2511049.0,82.4,ai_confirmed,ai_verified,0.0,
59477,AGERA AHA CREAM 50 ML,,,,,,no_match,,
63136,AGGREX 75 MG 60 TAB,AGGREX 75 MG 60 TABS.,اجريكس 75 مجم 60 اقراص,2312289.0,97.4,algo_match,brand_index,,
12522,AGIOLAX 12 SACHETS,AGIOLAX 12 GRANULES IN SACHETS,اجيولاكس 12 اكياس,,100.0,algo_match,token_set_ratio,,
74541,AGNUCASTON 30 TAB,AGNUCASTON 20 MG 30 F.C. TAB.,اجنوكاستون 20 مجم 30 اقراص,2142573.0,100.0,algo_match,token_set_ratio,,
78296,AIG ESOMEPRAZOLE 40MG 21-CAP,AIG ESOMEPRAZOLE 40 MG 21 CAPS.,ايه اي جي ايزوميبرازول 40 مجم 21 كبسول,,98.3,algo_match,brand_index,,
88372,aig esomeprprazole 40ml 28capsules,,,,,,no_match,,
65727,AIG MINOXIDIL 5 % LOTION 100 ML,AIG MINOXIDIL 5 % SCALP LOTION 100 ML,ايه اي جي مينوكسيديل 5 % لوشن لفروه الراس 100 مل,,91.2,algo_match,brand_index,,
5953,AIRONYL 2.5 MG 20 TAB,AIRONYL 2.5 MG 20 TAB.,ايرونيل 2.5 مجم 20 اقراص,2058170.0,100.0,algo_match,brand_index,,
6544,AIRONYL SYRUP 120 ML,AIRONYL 30 MG / 100 ML SYRUP 120 ML,ايرونيل 30 مجم / 100 مل 120 مل شراب,2435452.0,100.0,algo_match,token_set_ratio,,
60514,AKANZA SPRAY 15 ML,,,,,,no_match,,
67678,AKREN CLEANSER FACIAL WASH 250 ML,,,,,,no_match,,
91643,ALAFLIC 20 CAPS,ALAFLIC 20 CAPS,الافيليك 20 كبسول,2467276.0,100.0,algo_match,brand_index,,
90086,ALBENDAZOLE 30 ML,ALBENDAZOLE 200 MG / 5 ML SUSP. 30 ML,البيندازول 200 مجم / 5 مل 30 مل شراب,901944.0,100.0,algo_match,token_set_ratio,,
79177,ALBENDAZOLE 30ML SYRUP,ALBENDAZOLE 200 MG / 5 ML SUSP. 30 ML,البيندازول 200 مجم / 5 مل 30 مل شراب,901944.0,85.0,ai_confirmed,ai_verified,0.0,
67444,ALBENDAZOLE 400 MG 6 TAB,ALBENDAZOLE 400 MG 6 TABS,البيندازول 400 مجم 6 اقراص,2312379.0,98.0,algo_match,brand_index,,
74105,ALBOTHYL 8 SUPP,ALBOTHYL 90 MG 8 VAG. SUPP.,البوثيل 90 مجم 8 لبوس,2312378.0,100.0,algo_match,token_set_ratio,,
91457,ALBUNORM 20% I.V.INFUSION,ALBUNORM 20 % I.V.INFUSION,البيونورم هيومين البيومين 20 % محلول وريدي,,94.1,algo_match,brand_index,,
86283,ALBUSTIX 16 MG 30 TABS.,ALBUSTIX 16 MG 30 TAB,البوستكس 16 مجم 30 اقراص,2306129.0,97.7,algo_match,brand_index,,
75262,ALBUSTIX 16\12.5 MG 30 TAB,ALBUSTIX D 16 / 12.5 MG 30 TAB.,البوستكس دي 16 / 12.5 مجم 30 اقراص,2510356.0,82.1,ai_confirmed,ai_verified,0.0,
90988,ALBUSTIX 32 MG 30 TABS.,ALBUSTIX 32 MG 30 TABS,البوستكس 32 مجم 30 قرص,2510772.0,100.0,algo_match,brand_index,,
62068,ALBUSTIX 8 MG 30 TAB,ALBUSTIX 8 MG 30 TAB.,البوستكس 8 مجم 30 اقراص,2036155.0,100.0,algo_match,brand_index,,
79993,ALBUSTIX D 32/12.5MG 30TAB,ALBUSTIX D 32 / 12.5 MG 30 TAB.,البوستكس دي 32 / 12.5 مجم 30 اقراص,2486382.0,90.2,algo_match,partial_token_sort_ratio,,
84212,ALC WHITE FEILD T,WHITE PPT,راسب ابيض كريم,2313038.0,87.5,ai_confirmed,ai_verified,0.0,
18109,ALDOMET 250 MG30 TAB,ALDOMET 250 MG 30 TAB,الدوميت 250 مجم 30 اقراص,985195.0,100.0,algo_match,brand_index,,
91674,ALDOSPIRA 50 MG 20 TABS,ALDOSPIRA 50 MG 20 TABS,الدوسبيرا 50 مجم 20 اقراص,,100.0,algo_match,brand_index,,
90888,ALEAVIA 15ML,,,,,,no_match,,
88292,ALEJON FACIAL MOIST GEL 75 MG,,,,,,no_match,,
88205,ALEJON OFFER (SUN GEL + SUN GEL)1+1,,,,,,no_match,,
75076,ALERGOLIBER 10 MG 20 TAB,ALERGOLIBER 10 MG 20 F.C. TABS.,اليرجوليبر 10 مجم 20 اقراص,,90.6,algo_match,brand_index,,
81240,ALERGOLIBER 120 ML SYRUP,ALERGOLIBER 1 MG / ML SYRUP 120 ML,اليرجوليبر 1 مجم / مل شراب 120 مل,1031203.0,82.8,ai_confirmed,ai_verified,0.0,
85157,ALERID 10 MG 30 TABS,ALERID 10 MG 30 F.C. TABS.,اليريد 10 مجم 30 اقراص,2435200.0,90.9,algo_match,brand_index,,
79175,ALERID 120ML SYRUP,ALERID 5 MG / 5 ML SYRUP 120 ML,اليريد 5 مجم / 5 مل شراب 120 مل,,100.0,algo_match,token_set_ratio,,
47269,ALERTAM 120 MG 10 TAB,ALERTAM 120 MG 10 F.C.TAB.,اليرتام 120 مجم 10 اقراص,1995585.0,91.3,algo_match,brand_index,,
28481,ALERTAM 180 MG 10 TAB,ALERTAM 180 MG 10 F.C.TAB.,اليرتام 180 مجم 10 اقراص,2142588.0,91.3,algo_match,brand_index,,
88397,ALEXOLYTE 360ML BANANA FLAVOR,,,,,,no_match,,
83144,ALEXOLYTE 360ML ORANGE FLAVOR SYRUP,,,,,,no_match,,
83145,ALEXOLYTE 360ML PINEAPPLE FLAVOR,,,,,,no_match,,
86358,ALEXOLYTE 360ML STRAWBERRY FLAVOR,,,,,,no_match,,
77044,ALFACALCIDOL 2MCG/ML 10 ML DROPS,ALFACALCIDOL 2 MCG / ML ORAL DPS. 10 ML,الفاكالسيدول 2 مكجم / مل 10 مل قطره,2144552.0,84.5,ai_confirmed,ai_verified,0.0,
74143,ALFACARENO 2MCG/ML ORAL DROPS. 10 ML,ALFACARENO 2 MCG / ML ORAL DROPS. 10 ML,الفاكارينو 2 مكجم / مل قطره 10 مل,2144637.0,94.6,algo_match,brand_index,,
29155,ALFACEF 750 MG 5TAB,ALFACEF 750 MG 5 F.C.TAB.,الفاسيف 750 مجم 5 اقراص,,90.9,algo_match,brand_index,,
89531,ALFAMASH 30 E.C. TABS,ALFAMASH 30 TAB,الفاماش 30 اقراص,1515507.0,85.7,ai_confirmed,ai_verified,0.0,
82005,ALFASPECT 750 MG 7 TABS,ALFASPECT 750 MG 7 S.F.C. TABS.,الفاسبكت 750 مجم 7 اقراص,2435164.0,88.5,ai_confirmed,ai_verified,0.0,
89714,ALFATHROMB 5 MCG 20 TABS.,ALFATHROMB 5 MCG 20 TABS,الفاثرومب 5 مكجم 20 اقراص,2336417.0,100.0,algo_match,brand_index,,
81419,ALGANOUO MASSAGE SPRAY 125ML,,,,,,no_match,,
18992,ALGASON CREAM 40 GM,ALGASON MASSAGE CREAM 40 GM,ال جازونال كريم بديل الجازون,2491544.0,82.6,ai_confirmed,ai_verified,0.0,
73563,ALGESAL CREAM 40 GM,,,,,,no_match,,
91644,ALGIAFREE MASSAGE CREAM 100GM,,,,,,no_match,,
73284,ALKA MISR POWDER 10 SACHETS,,,,,,no_match,,
83035,ALKAFTAPRO EYE DROP,,,,,,no_match,,
75736,ALKAPRESS PLUS 10/160 mg 20 tab,ALKAPRESS PLUS 10 / 160 MG 20 F.C. TABS.,الكابرس بلس 10 / 160 مجم 20 اقراص,947247.0,87.0,ai_confirmed,ai_verified,0.0,
58980,ALKAPRESS PLUS 5/160 mg 14 tab,ALKAPRESS PLUS 5 / 160 MG 14 F.C. TABS.,الكابرس بلس 160 / 5 مجم 14 اقراص,2199229.0,83.6,ai_confirmed,ai_verified,0.0,
46307,ALKAPRESS 10 MG 30 TAB,ALKAPRESS 10 MG 30 TAB.,الكابرس 10 مجم 30 اقراص,901994.0,100.0,algo_match,brand_index,,
73855,ALKAPRESS 5 MG 20 TAB,ALKAPRESS 5 MG 20 TAB.,الكابرس 5 مجم 20 اقراص,901995.0,100.0,algo_match,brand_index,,
85177,ALKAPRESS TRIO 10/320/25MG 14 F.C. TABS.,ALKAPRESS TRIO 10 / 320 / 25 MG 14 F.C. TABS.,الكابرس تريو 10 / 320 / 25 مجم 14 اقراص,2521038.0,87.5,ai_confirmed,ai_verified,0.0,
85176,ALKAPRESS TRIO 5/160/12.5MG 14 F.C. TABS.,ALKAPRESS TRIO 5 / 160 / 12.5 MG 14 F.C. TABS.,الكابرس تريو 5 / 160 / 12.5 مجم 14 اقراص,2145957.0,81.0,ai_confirmed,ai_verified,0.0,
85175,ALKAPRESS TRIO 5/160/25MG 14 F.C. TABS.,ALKAPRESS TRIO 5 / 160 / 25 MG 14 F.C. TABS.,الكابرس تريو 5 / 160 / 25 مجم 14 اقراص,2145956.0,87.5,ai_confirmed,ai_verified,0.0,
74650,ALKAPRIDE 50 MG 30 TAB,ALKAPRIDE 50 MG 30 SCORED TABS.,الكابريد 50 مجم 30 اقراص,2143351.0,84.6,ai_confirmed,ai_verified,0.0,
73232,ALL- VENT SYRUP 125 ML,ALL VENT SYRUP 125 ML,اولفنت شراب 125 مل,,100.0,algo_match,brand_index,,
74978,ALLEAR 5 MG 20 TAB,ALLEAR 5 MG 20 F.C.TABS,الير 5 مجم 20 اقراص,1395490.0,87.8,ai_confirmed,ai_verified,0.0,
47841,ALLEAR SYRUP 120ML,ALLEAR 2.5 MG / 5 ML SYRUP 120 ML,الير 2.5 مجم / 5 مل شراب 120 مل,1610624.0,100.0,algo_match,token_set_ratio,,
10473,ALLERBAN S.R 2 MG 20 TAB,ALLERBAN S.R. 2 MG 20 TAB.,الليربان اس ار 2 مجم 20 اقراص,902001.0,100.0,algo_match,brand_index,,
10478,ALLERBAN SYRUP 120ML,,,,,,no_match,,
66026,ALLERDEP NASAL SPRAY 60ML,ALLERDEP NASAL SPRAY 60 ML,الليرديب بخاخ الانف 60 مل,1738709.0,100.0,algo_match,brand_index,,
62367,ALLERFEN 180 MG 20 TAB,ALLERFEN 180 MG 20 F.C. TABS.,اليرفين 180 مجم 20 اقراص,2126794.0,89.8,ai_confirmed,ai_verified,0.0,
82095,ALLERGETONE 10 MG 20 TABS.,ALLERGETONE 10 MG 20 TABS.,اليرجيتون 10 مجم 20 اقراص,1765098.0,100.0,algo_match,brand_index,,
1027,ALLERGEX CAFFEINE 20 TAB,ALLERGEX CAFFEINE 20 TAB.,اليرجيكس كافيين 20 اقراص,,100.0,algo_match,brand_index,,
2428,ALLERGEX CREAM 20 GM,ALLERGEX 1.5 % CREAM 20 GM,اليرجيكس 1.5 % كريم 20 جم,2652964.0,87.0,ai_confirmed,ai_verified,0.0,
81200,ALLERGICASONE NASAL SPRAY,ALLERGICASONE 125 / 50 MCG NASAL SPRAY 140 ACTUATIONS,الليرجيكازون 125 / 50 مكجم بخاخ 140 جرعه,2468391.0,100.0,algo_match,token_set_ratio,,
64313,ALLERGYL 4 MG 20 TAB,ALLERGYL 4 MG 20 TAB.,اليرجيل 4 مجم 20 اقراص,,100.0,algo_match,brand_index,,
22684,ALLERGYL SYRUP 120 ML,ALLERGYL 2 MG / 5 ML SYRUP 120 ML,اليرجيل 2 مجم / 5 مل شراب 120 مل,1840176.0,100.0,algo_match,token_set_ratio,,
79379,ALLERZONE 0.1% CREAM 25 GM,ALLERZONE 0.1 % CREAM 25 GM,اليرزون 0.1 % كريم 25 جم,902022.0,94.3,algo_match,brand_index,,
58706,ALLEVO TAB 5 MG 20 TAB,ALLEVO 5 MG 20 F.C. TAB.,اليفو 5 مجم 20 اقراص,902024.0,81.8,ai_confirmed,ai_verified,0.0,
86078,ALLINPHI ADULT 30 TABS,ALLINPHI ADULT 30 TAB,الينفاي كبار 30 اقراص,2146431.0,97.7,algo_match,brand_index,,
83860,ALOEKITA ANTI DANDRUFF SHAMPOO,ALOEKITA ANTI DANDRUFF SHAMPOO 200 ML,الوكيتا شامبو ضد القشره 200 مل,2187713.0,89.6,ai_confirmed,ai_verified,0.0,
67530,ALOEKITA CAFFEINE RICH ds da SHAMPOO 250 ML,,,,,,no_match,,
55266,ALOEKITA CAFFEINE SHAMPOO 200 ML,ALOEKITA CAFFEINE SHAMPOO 200 ML,الوكيتا شامبو للشعر بالكافيين 200 مل,2187708.0,100.0,algo_match,brand_index,,
84512,ALOEKITA HAIR GROWTH SPRAY 200 ML,,,,,,no_match,,
92260,ALOEKITA LEAVE IN CREAM 120GM,ALOEKITA LEAVE IN CREAM 120 GM,الوكيتا ليف ان كريم للشعر 120 جم,2421682.0,100.0,algo_match,brand_index,,
4422,ALPHA CHYMOTRYPSIN AMP,,,,,,no_match,,
87091,ALPHABRINZIMA EYE DROPS,ALPHABRINZIMA 1 % / 0.2 % EYE DROPS 5 ML,الفابرنزيما قطره,2683557.0,100.0,algo_match,token_set_ratio,,
89532,ALPHAFEN 600MG 30 TAB,ALPHAFEN 600 MG 30 TAB.,الفافين 600 مجم 30 اقراص,2200147.0,100.0,algo_match,brand_index,,
90013,alphalipo 600 20tab,ALPHALIPO 600 MG 20 F.C. TABS,الفاليبو 600 مجم 20 اقراص,2637269.0,83.3,ai_confirmed,ai_verified,0.0,
64098,ALPHANOVA OPHTALMIC SOLUTION 5 ML,,,,,,no_match,,
61831,ALPHANOVA PLUS OPHTALMIC SOLUTION 5 ML,,,,,,no_match,,
87956,ALPHAVIM 300 - 20 CAPS,ALPHAVIM 300 MG 20 CAPS,الفافيم 300 مجم 20 كبسول,2158895.0,93.0,algo_match,brand_index,,
86156,ALPHAVIM 600 MG 20 TAB,ALPHAVIM 600 MG 20 CAPS,الفافيم 600 مجم 20 كبسول,901975.0,80.0,ai_confirmed,ai_verified,0.0,
alp,ALPHINTERN 30 F.C. TABS.,ALPHINTERN 30 F.C. TABS.,الفينترن 30 اقراص,2195135.0,100.0,algo_match,brand_index,,
78407,ALTIAZEM 60MG 40-TAB,ALTIAZEM 60 MG 40 TAB.,التيازيم 60 مجم 40 اقراص,2435151.0,100.0,algo_match,brand_index,,
22510,ALVEOLIN P SYRUP,ALVEOLIN P SYRUP 100 ML,الفيولين بي شراب 100 مل,901992.0,82.1,ai_confirmed,ai_verified,0.0,
22509,ALVEOLIN SYRUP,ALVEOLIN SYRUP 100 ML,الفيولين شراب 100 مل,,80.0,ai_confirmed,ai_verified,0.0,
84635,ALVERINSPASM 24 CAPS,ALVERINSPASM 24 S.G.CAPS,الفيرينسبازم 24 كبسول,1596886.0,90.9,algo_match,brand_index,,
76789,ALZENTAL 200 MG 6 TAB,ALZENTAL 200 MG 6 F.C. TAB.,الزينتال 200 مجم 6 اقراص,2468348.0,91.3,algo_match,brand_index,,
18450,ALZENTAL SUSP,ALZENTAL 20 MG / ML SUSP. 20 ML,الزينتال 20 مجم / مل شراب 20 مل,1024350.0,100.0,algo_match,token_set_ratio,,
65958,ALZEPIZIL 10 MG 14 TAB,ALZEPIZIL 10 MG 14 F.C. TAB.,الزيبيزيل 10 مجم 14 اقراص,2468350.0,91.7,algo_match,brand_index,,
65956,ALZEPIZIL 5 MG 14 TAB,ALZEPIZIL 5 MG 14 F.C. TAB.,الزيبيزيل 5 مجم 14 اقراص,1562537.0,91.3,algo_match,brand_index,,
58927,ALZMENDA 10 MG 21 TAB,ALZMENDA 10 MG 21 F.C.TAB,الزمندا 10 مجم 21 اقراص,,91.3,algo_match,brand_index,,
60587,ALZMENDA 10 MG ORAL DROPS,ALZMENDA 10 MG / GM ORAL DROPS 20 ML,الزمندا 10 مجم / جم قطره فمويه 20 مل,901965.0,82.0,ai_confirmed,ai_verified,0.0,
65695,ALZMENDA 20 MG 21 TAB,ALZMENDA 20 MG 21 F.C.TAB,الزمندا 20 مجم 21 اقراص,1657434.0,91.3,algo_match,brand_index,,
58926,ALZMENDA 5 MG 14TAB,ALZMENDA 5 MG 14 F.C. TAB.,الزمندا 5 مجم 14 اقراص,2312390.0,90.9,algo_match,brand_index,,
63923,AMAGLUST 30/2 MG 30 TAB,,,,,,no_match,,
74141,AMAGLUST 30/4 MG 30TAB,,,,,,no_match,,
58142,AMARYL 1 MG 30 TAB,AMARYL 1 MG 30 TABS.,اماريل 1 مجم 30 اقراص,2468406.0,97.3,algo_match,brand_index,,
58141,AMARYL 2 MG 30 TAB,AMARYL 2 MG 30 TABS.,اماريل 2 مجم 30 اقراص,902040.0,97.3,algo_match,brand_index,,
60308,AMARYL 3 MG 30 TAB,AMARYL 3 MG 30 TABS.,اماريل 3 مجم 30 اقراص,2435214.0,97.3,algo_match,brand_index,,
60162,AMARYL 4 MG 30 TAB,AMARYL 4 MG 30 TABS.,اماريل 4 مجم 30 اقراص,902041.0,97.3,algo_match,brand_index,,
60370,AMARYL M 2M/500MG 30TAB,AMARYL M 2 / 500 MG 30 F.C.TABS.,اماريل ام 2 / 500 مجم 30 اقراص,902043.0,87.7,ai_confirmed,ai_verified,0.0,
91349,amavarol 300.000 iu ampoule,AMAVAROL 300000 IU 1 AMP,امافارول 300000 وحده 1 امبول,,88.0,ai_confirmed,ai_verified,0.0,
77049,AMBEZIM-G 30 TAB,AMBEZIM G 30 F.C. TABS.,امبيزيم جي 30 اقراص,2156905.0,86.5,ai_confirmed,ai_verified,0.0,
89632,AMBROPRO 20MG 20LOZENGES,AMBROPRO 20 MG 20 LOZENGES MINT FLAVOR,امبروبرو 20 اقراص استحلاب بنكهه النعناع,2498665.0,81.2,ai_confirmed,ai_verified,0.0,
79274,AMBROXOL ORAL DROPS,AMBROXOL 7.5 MG / ML ORAL DROPS 15 ML,امبروكسول 7.5 مجم / مل قطره فمويه 15 مل,,100.0,algo_match,token_set_ratio,,
73363,AMEBAZOLE 1 GM 2 TAB,AMEBAZOL 1 GM 2 F.C. TABS.,اميبازول 1 جم 2 اقراص,2312440.0,86.4,ai_confirmed,ai_verified,0.0,
67286,AMIGRAINE ADCO 30TAB,AMIGRAINE ADCO 30 TAB.,اميجران ادكو 30 اقراص,2145038.0,100.0,algo_match,brand_index,,
55050,AMIGRAWEST 2.5 MG 4 TAB,AMIGRAWEST 2.5 MG 4 F.C. TAB.,اميجراوست 2.5 مجم 4 اقراص,2312443.0,92.0,algo_match,brand_index,,
47637,AMIKACIN 500MG VIAL,AMIKACIN SPRAY 100 ML,اميكاسين بخاخ 100 مل,2156846.0,80.0,ai_confirmed,ai_verified,0.0,
46395,AMIKACIN SPRAY 100ML,AMIKACIN SPRAY 100 ML,اميكاسين بخاخ 100 مل,2156846.0,100.0,algo_match,brand_index,,
47251,AMILO 5MG 30TAB,AMILO 5 MG 30 TAB.,اميلو 5 مجم 30 اقراص,1503749.0,100.0,algo_match,brand_index,,
17822,AMINOLEBAN INFUSION 500 ML,AMINOLEBAN I.V. INFUSION 500 ML,امينوليبان محلول 500 مل,2669354.0,92.9,algo_match,brand_index,,
85683,AMINORENOCARE 100TABS,AMINORENOCARE 100 TABS,امينورينوكير 100 اقراص,2407538.0,100.0,algo_match,brand_index,,
83750,AMIPRIDE 200MG 30TAB,AMIPRIDE 200 MG 30 SCORED TAB,اميبريد 200 مجم 30 اقراص,2435233.0,86.3,ai_confirmed,ai_verified,0.0,
83503,AMIPRIDE 400MG 20 TABS,,,,,,no_match,,
86381,AMIPRIDE 50 MG 30 TABS,AMIPRIDE 50 MG 30 TAB.,اميبريد 50 مجم 30 اقراص,2144424.0,97.7,algo_match,brand_index,,
82545,AMIPROSTONE 24MCG 30CAP,AMIPROSTONE 24 MCG 30 CAPS.,اميبروستون 24 مكجم 30 كبسول,2145122.0,98.0,algo_match,brand_index,,
72529,AMIPROSTONE 8MG 20CAP,AMIPROSTONE 8 MCG 20 CAPS.,اميبروستون 8 مكجم 20 كبسول,2540249.0,95.8,algo_match,brand_index,,
60323,AMITRIPTINE 50 MG 30 TAB,AMITRIPTINE 50 MG 30 TAB.,اميتريبتين 50 مجم 30 اقراص,,100.0,algo_match,brand_index,,
58187,AMLODIPINE 10 MG 20 TAB,AMLODIPINE 10 MG 20 TABS.,املوديبين 10 مجم 20 اقراص,902051.0,97.9,algo_match,brand_index,,
61862,AMLODIPINE 5MG 30 TAB,AMLODIPINE 5 MG 30 TAB.,املوديبين 5 مجم 30 اقراص,,100.0,algo_match,brand_index,,
89384,AMLOSAZIDE 5/25/40MG 30 TABS,AMLOSAZIDE 5 / 25 / 40 MG 30 F.C. TABS.,املوسازيد 5 / 25 / 40 مجم 30 اقراص,2143136.0,84.4,ai_confirmed,ai_verified,0.0,
81059,AMLOSAZIDE5/12.5/20 MG 30TAB,AMLOSAZIDE 5 / 12.5 / 20 MG 30 F.C. TABS.,املوسازايد 5 / 12.5 / 20 مجم 30 اقراص,2680952.0,83.6,ai_confirmed,ai_verified,0.0,
81060,AMLOSAZIEDE 10/25/40 MG 30 TAB,AMLOSAZIDE 10 / 25 / 40 MG 30 F.C. TABS.,املوسازيد 10 / 25 / 40 مجم 30 اقراص,1657503.0,81.8,ai_confirmed,ai_verified,0.0,
73833,AMLOVERAN 10/10 MG 30 TAB,AMLOVERAN 10 / 10 MG 30 TABS.,املوفيران 10 / 10 مجم 30 اقراص,,90.6,algo_match,brand_index,,
73834,AMLOVERAN 5/5 MG 30 TAB,AMLOVERAN 5 / 5 MG 30 TABS.,املوفيران 5 / 5 مجم 30 اقراص,2669463.0,89.8,ai_confirmed,ai_verified,0.0,
60697,AMOCEREBRAL PLUS 30 TAB,AMOCEREBRAL PLUS 20 / 40 MG 30 TABS.,اموسيريبرال بلس 20 / 40 مجم 30 اقراص,1642251.0,87.0,ai_confirmed,ai_verified,0.0,
57847,AMOSAR 50 MG 30 TAB,AMOSAR 50 MG 30 F.C. TABS.,اموسار 50 مجم 30 اقراص,2468430.0,88.4,ai_confirmed,ai_verified,0.0,
58001,AMOSAR 100 MG 30 TAB,AMOSAR 100 MG 30 F.C. TABS.,اموسار 100 مجم 30 اقراص,2139911.0,88.9,ai_confirmed,ai_verified,0.0,
57625,AMOSAR FORET 100/25 MG 30 TAB,,,,,,no_match,,
83369,AMPIAVA 750MG 30TABLETS,AMPIAVA 750 MG 30 F.C.TABS,امبيافا 750 مجم 30 اقراص,2399470.0,86.3,ai_confirmed,ai_verified,0.0,
86818,AMPOFER 20MG/ML 5 AMPS. I.V. INJ./INF,AMPOFER 20 MG / ML 5 AMP. FOR I.V. INJ. / INF.,امبوفير 20 مجم / مل 5 امبول,2145216.0,81.6,ai_confirmed,ai_verified,0.0,
21763,AMRI K 5 AMP,AMRI K 10 MG / ML 5 AMP. I.M.,امري ك 10 مجم / مل 5 امبول,2634202.0,100.0,algo_match,token_set_ratio,,
5714,AMRIZOLE 120ML SUSP,AMRIZOLE 125 MG / 5 ML SUSP. 120 ML,امريزول 125 مجم / 5 مل شراب 120 مل,1657498.0,100.0,algo_match,token_set_ratio,,
4980,AMRIZOLE 250MG TAB,AMRIZOLE 250 MG 20 TABS.,امريزول 250 مجم 20 اقراص,2642931.0,90.5,algo_match,brand_index,,
4985,AMRIZOLE 500 MG 20 TAB,AMRIZOLE 500 MG 20 TABS.,امريزول 500 مجم 20 اقراص,902049.0,97.8,algo_match,brand_index,,
73268,AMRIZOLE INJECTION 500 MG VIAL,AMRIZOLE 500 MG VIAL 100 ML,امريزول 500 مجم امبول 100 مل,919491.0,85.1,ai_confirmed,ai_verified,0.0,
16763,AMRIZOLE N SUPP,AMRIZOLE N 5 VAG. SUPP.,امريزول ان 5 لبوس,,83.3,ai_confirmed,ai_verified,0.0,
85465,anadar 20 cap,,,,,,no_match,,
82827,ANAFORTEN HAIR SHAMPOO 200ML,ANAFORTEN HAIR SHAMPOO 200 ML,انافورتين شامبو 200 مل,2199866.0,100.0,algo_match,brand_index,,
47543,ANAFRONIL 25MG 30TAB,ANAFRONIL 25 MG 30 TAB.,انافرانيل 25 مجم 30 اقراص,2468463.0,100.0,algo_match,brand_index,,
ANA,ANAFRONIL SR 75 MG 20 TAB,ANAFRONIL SR 75 MG 20 F.C.TAB.,انافرانيل اس ار 75 مجم 20 اقراص,,92.6,algo_match,brand_index,,
19132,ANALLERGE 100ML SYRUP,ANALLERGE 2 MG / 5 ML SYRUP 100 ML,اناليرج 2 مجم / 5 مل شراب 100 مل,2630136.0,100.0,algo_match,token_set_ratio,,
672810,ANALLERGE 60TAB,ANALLERGE 4 MG 60 TAB.,اناليرج 4 مجم 60 اقراص,2474465.0,86.5,ai_confirmed,ai_verified,0.0,
88580,ANALPAN MOUTH WASH,,,,,,no_match,,
81294,ANASTRAZOL SANDOZ 1MG 30TAB,,,,,,no_match,,
85262,ANASTROZOL SYNTHON 1 MG 28 TABS,ANASTROZOL SYNTHON 1 MG 28 F.C. TAB.,اناستروزول سينثون 1 مجم 28 اقراص,,92.3,algo_match,brand_index,,
82795,ANDAGRA 100MG 12TABS,ANDAGRA 100 MG 12 F.C. TABS,انداجرا 100 مجم,2683636.0,91.7,algo_match,brand_index,,
81574,ANDOCANDOXIN 200 VAGINAL CAP,ANDOCANDOXIN 200 MG 3 VAGINAL CAPS.,اندوكاندوكسين 200 مجم 3 لبوس,1973649.0,90.3,algo_match,brand_index,,
84405,ANDOCANDOXIN 600 VAGINAL CAP,ANDOCANDOXIN 600 MG 1 VAGINAL CAPS.,اندوكاندوكسين 600 مجم 1 لبوس,1808768.0,90.3,algo_match,brand_index,,
81590,ANDOCEPTIVE 30/75 MG 21 TAB,ANDOCEPTIVE 30 / 75 MCG 21 COATED TAB.,اندوسبتيف 30 / 75 مجم 21 اقراص,1546135.0,81.2,ai_confirmed,ai_verified,0.0,
67354,ANDODERMA GEL 50 ML,,,,,,no_match,,
86923,ANDODERMA SKIN WHITENING CREAM 50 GM,ANDODERMA SKIN WHITENING CREAM 50 GM,اندوديرما كريم تفتيح البشره 50 جم,,100.0,algo_match,brand_index,,
91691,ANDOFLOZIN XR 25MG*100 MG,,,,,,no_match,,
85211,andomatoid 2mg 28tab,ANDOMATOID 2 MG 28 TABS,اندوماتويد 2 مجم 28 اقراص,2673244.0,97.8,algo_match,brand_index,,
80507,ANDOPENTENE 300MG 20TABS,ANDOPENTENE XR 300 MG 20 F.C. TABS,اندوبنتين اكس ار 300 مجم 20 اقراص,,88.1,ai_confirmed,ai_verified,0.0,
90235,ANDOPENTENE 300MG 30TAB,ANDOPENTENE XR 300 MG 30 F.C. TABS,اندوبنتين اكس ار 300 مجم 30 اقراص,2312476.0,86.2,ai_confirmed,ai_verified,0.0,
80508,ANDOPENTENE 600MG 20TABS,ANDOPENTENE XR 600 MG 20 F.C. TABS,اندوبنتين اكس ار 600 مجم 20 اقراص,,88.1,ai_confirmed,ai_verified,0.0,
91276,ANDOPENTENE 600MG 30 TABS,ANDOPENTENE XR 600 MG 30 F.C. TABS,اندوبنتين اكس ار 600 مجم 30 اقراص,2435272.0,88.1,ai_confirmed,ai_verified,0.0,
65902,ANDOPOXETINE 60 MG 3 TAB,,,,,,no_match,,
87790,ANDOPOXETINE 60 MG 6 FILM COATED TABLETS,ANDOPOXETINE 60 MG 6 TAB.,اندوبوكستين 60 مجم 6 اقراص,2156352.0,90.9,algo_match,token_set_ratio,,
65955,ANDORIVABAN 10 MG 20 TAB,ANDORIVABAN 10 MG 20 TABS,اندوريفابان 10 مجم 20 اقراص,2363480.0,98.0,algo_match,brand_index,,
81405,ANDORIVABAN 20 MG 20 TAB,ANDORIVABAN 20 MG 20 F.C. TABS.,اندوريفابان 20 مجم 20 اقراص,2275554.0,90.6,algo_match,brand_index,,
79988,ANDOURISTAT 80MG 20 TAB,ANDOURISTAT 80 MG 20 F.C. TABLETS,اندوريستات 80 مجم 20 اقراص,2159163.0,85.7,ai_confirmed,ai_verified,0.0,
81589,ANDOVIMPAMIDE 100 MG 30 TABS,ANDOVIMPAMIDE 100 MG 30 TABS,اندوفيمباميد 100 مجم 30 اقراص,2144837.0,100.0,algo_match,brand_index,,
83082,ANDOVIMPAMIDE 50MG 30TABS,ANDOVIMPAMIDE 50 MG 30 TABS,اندوفيمباميد 50 مجم 30 اقراص,2168123.0,100.0,algo_match,brand_index,,
88158,ANDOVIT IRON PLUS 100 ML SYRUP,ANDOVIT IRON PLUS SUSP. 100 ML,اندوفيت ايرون بلس شراب 100 مل,2453473.0,94.9,algo_match,brand_index,,
87786,ANDOVIT NEURO 20 F.C. TABS,ANDOVIT NEURO 20 F.C. TABS.,اندوفيت نيورو 20 اقراص,1516299.0,100.0,algo_match,brand_index,,
90950,ANDRACTIM GEL,,,,,,no_match,,
84775,ANGIFLASH SPRAY 20 ML,,,,,,no_match,,
84321,angiofox 20m,,,,,,no_match,,
79863,ANGIOFOX 25MG 30 CAPS,,,,,,no_match,,
78252,ANGIOFOX 50 MG 20 TAB,,,,,,no_match,,
64211,ANGIOSARTAN PLUS 20/12.5 MG 28 TAB,ANGIOSARTAN PLUS 20 / 12.5 MG 28 F.C. TABS.,انجيوسارتان بلس 20 / 12.5 مجم 28 اقراص,1738785.0,85.3,ai_confirmed,ai_verified,0.0,
63140,ANGIOSARTAN PLUS 20/25 MG 28TAB,ANGIOSARTAN PLUS 20 / 25 MG 28 F.C. TABS.,انجيوسارتان بلس 20 / 25 مجم 28 اقراص,2549647.0,87.3,ai_confirmed,ai_verified,0.0,
63135,ANGIOSARTAN PLUS 40/12.5MG 28 TAB,ANGIOSARTAN PLUS 20 / 12.5 MG 28 F.C. TABS.,انجيوسارتان بلس 20 / 12.5 مجم 28 اقراص,1738785.0,85.3,ai_confirmed,ai_verified,0.0,
63141,ANGIOSARTAN PLUS 40/25 MG 28TAB,ANGIOSARTAN PLUS 40 / 25 MG 28 F.C. TABS.,انجيوسارتان بلس 40 / 25 مجم 28 اقراص,2140010.0,81.7,ai_confirmed,ai_verified,0.0,
87088,ANORO ELLIPTA 62.5/25,,,,,,no_match,,
54198,ANOXICAM 20 MG 20 TAB,ANOXICAM 20 MG 20 TAB.,انوكسيكام 20 مجم 20 اقراص,2112977.0,100.0,algo_match,brand_index,,
86375,ANSELACOX 120MG 10TABS,ANSELACOX 120 MG 10 F.C.TABS,انسيلاكوكس 120 مجم 10 اقراص,1612209.0,92.3,algo_match,brand_index,,
79811,ANSELACOX 60MG 30TAB,ANSELACOX 60 MG 30 F.C. TABS.,انسيلاكوكس 60 مجم 30 اقراص,2145866.0,89.8,ai_confirmed,ai_verified,0.0,
79810,ANSELACOX 90MG 30TAB,ANSELACOX 90 MG 30 F.C. TABS.,انسيلاكوكس 90 مجم 30 اقراص,2010362.0,89.8,ai_confirmed,ai_verified,0.0,
83819,ANTI-COX II 15MG 10 SUPP.,ANTI COX II 15 MG 10 SUPP.,انتي كوكس 15 مجم 10 لبوس,2192126.0,100.0,algo_match,brand_index,,
79994,ANTI-COX II 15MG 30 TAB.,ANTI COX II 15 MG 30 TAB.,انتي كوكس 15 مجم 30 اقراص,1699818.0,100.0,algo_match,brand_index,,
73905,ANTI-COX II 15MG 6 AMP,ANTI COX II 15 MG / 3 ML 6 AMP.,انتي كوكس 15 مجم / 3 مل 6 امبول,2146150.0,86.8,ai_confirmed,ai_verified,0.0,
66284,ANTI COX II 7.5 MG 20 CAP,ANTI COX II 7.5 MG 20 CAPS.,انتي كوكس 7.5 مجم 20 كبسول,2642267.0,98.0,algo_match,brand_index,,
76426,ANTIDIAZOX SYRUP 60 ML,ANTIDIAZOX 100 MG / 5 ML PD. FOR ORAL SOL. 60 ML,انتي ديازوكس 100 مجم / 5 مل 60 مل,,84.2,ai_confirmed,ai_verified,0.0,
74327,ANTIFLAM 50MG 20TAB,ANTIFLAM 50 MG 20 TABS.,انتيفلام 50 مجم 20 اقراص,1738780.0,97.7,algo_match,brand_index,,
74255,ANTIFLU 20 CAP,ANTIFLU 20 CAP.,انتي فلو 20 كبسول,2685013.0,100.0,algo_match,brand_index,,
73269,ANTINAL 24 CAP,ANTINAL 200 MG 24 CAPS.,انتينال 200 مجم 24 كبسول,2145883.0,83.3,ai_confirmed,ai_verified,0.0,
73215,ANTINAL SUSP 60 ML,ANTINAL 220 MG / 5 ML 60 ML SUSP.,انتينال 220 مجم / 5 مل 60 مل شراب,1533897.0,100.0,algo_match,token_set_ratio,,
21710,ANTIVER 6TAB,ANTIVER 100 MG 20 * 6 TABS.,انتيفر 100 مجم 20 * 6 اقراص,2616970.0,81.8,ai_confirmed,ai_verified,0.0,
74696,ANTODINE 20 MG 3 AMP,ANTODINE 20 MG / 2 ML 3 I.M. OR I.V. AMP,انتودين 20 مجم / 2 مل 3 امبول,,100.0,algo_match,token_set_ratio,,
73423,ANTODINE 20 MG 30 TAB,ANTODINE 20 MG 30 F.C.TAB.,انتودين 20 مجم 30 اقراص,902092.0,91.3,algo_match,brand_index,,
73141,ANTODINE 40MG 30TAB,ANTODINE 40 MG 30 F.C. TABS.,انتودين 40 مجم 30 اقراص,2468472.0,89.4,ai_confirmed,ai_verified,0.0,
89426,ANTODINE 6 AMPOULES * 2 ML,,,,,,no_match,,
74246,ANTOPRAL 20 MG 14 TAB,ANTOPRAL 20 MG 14 TAB.,انتوبرال 20 مجم 14 اقراص,902089.0,100.0,algo_match,brand_index,,
73857,ANTOPRAL 40 MG 14 TAB,ANTOPRAL 40 MG 14 TAB.,انتوبرال 40 مجم 14 اقراص,2144164.0,100.0,algo_match,brand_index,,
18573,ANTOX 30 TAB,ANTOX 30 TABS,انتوكس 30 اقراص,2312460.0,96.0,algo_match,brand_index,,
73527,ANUVA 10TAB,ANUVA 50 MG 10 DISPERSIBLE TAB.,انوفا 50 مجم 10 اقراص,1611622.0,100.0,algo_match,token_set_ratio,,
83081,APERITIF SYRUP 120ML,APERITIF 120 ML SYRUP,ابريتيف 120 مل شراب,,100.0,algo_match,brand_index,,
27372,APETOID 20 MG 30 TAB,APETOID 20 MG 30 F.C.TAB.,ابيتويد 20 مجم 30 اقراص,2144222.0,90.9,algo_match,brand_index,,
73460,APEXIDONE 0.5 MG 30 TAB,APEXIDONE 0.5 MG 30 F.C.TAB.,ابيكسيدون 0.5 مجم 30 اقراص,901666.0,92.0,algo_match,brand_index,,
73762,APEXIDONE 1 MG 20 TAB,APEXIDONE 1 MG 20 F.C.TAB.,ابيكسيدون 1 مجم 20 اقراص,901671.0,91.3,algo_match,brand_index,,
73557,APEXIDONE 2 MG 20 TAB,APEXIDONE 2 MG 20 F.C.TAB.,ابيكسيدون 2 مجم 20 اقراص,1652210.0,91.3,algo_match,brand_index,,
73683,APEXIDONE 3 MG 30 TAB,APEXIDONE 3 MG 30 F.C.TAB.,ابيكسيدون 3 مجم 30 اقراص,901668.0,91.3,algo_match,brand_index,,
74822,APEXIDONE 4MG 30TAB,APEXIDONE 4 MG 30 F.C.TAB.,ابيكسيدون 4 مجم 30 اقراص,2343342.0,91.3,algo_match,brand_index,,
74330,APEXIDONE SYRUP 100 ML,APEXIDONE 1 MG / ML SYRUP 100 ML,ابيكسيدون 1 مجم / مل شراب 100 مل,2453195.0,81.5,ai_confirmed,ai_verified,0.0,
73266,APIDONE SYRUP 125 ML,APIDONE SYRUP 125 ML,ابيدون شراب 125 مل,2142553.0,100.0,algo_match,brand_index,,
73246,APIDRA 5 CARTRIDGES,APIDRA 100 I.U. / ML 5 CARTIRIDGES,ابيدرا 100 وحده / مل 5 خرطوشات,2287864.0,94.7,algo_match,partial_token_sort_ratio,,
73159,APIDRA SOLOSTAR 5 PENS,APIDRA SOLOSTAR 100 I.U. / ML 5 PREFILLED PEN,ابيدرا سولوستار 100 وحده / مل 5 قلم,2434921.0,87.2,ai_confirmed,ai_verified,0.0,
8710,APIFORTYL 30 CAP,APIFORTYL 30 CAPS.,ابيفورتيل 30 ك / اكتوبر,2684839.0,97.0,algo_match,brand_index,,
67321,APILIPEX 10MG 30TAB,APILIPEX 10 MG 30 F.C.TAB.,ابيليبكس 10 مجم 30 اقراص,2411185.0,91.3,algo_match,brand_index,,
67320,APILIPEX 30MG 30TAB,APILIPEX 30 MG 30 F.C. TAB.,ابيليبكس 30 مجم 30 اقراص,,91.3,algo_match,brand_index,,
68712,APILIPEX 5 MG 30TAB,APILIPEX 5 MG 30 F.C.TAB.,ابيليبكس 5 مجم 30 اقراص,,90.9,algo_match,brand_index,,
84268,APITIZER SYRUP,,,,,,no_match,,
80327,APIXATRACK 2.5 MG 30 TAB,APIXATRACK 2.5 MG 30 F.C. TABS.,ابيكساتراك 2.5 مجم 30 اقراص,2157538.0,90.6,algo_match,brand_index,,
81310,APIXATRACK 5 MG 30 TAB,APIXATRACK 5 MG 30 F.C. TABS.,ابيكساتراك 5 مجم 30 اقراص,2277803.0,89.8,ai_confirmed,ai_verified,0.0,
49838,APPE-RAISE SYRUP 120 ML,APPE RAISE SYRUP 120 ML,ابي رايز شراب 120 مل,2468081.0,100.0,algo_match,brand_index,,
11824,APPLE LITE 30 TAB,APPLE LITE 30 TABS.,ابل لايت 30 اقراص,2288827.0,97.1,algo_match,brand_index,,
47425,APROVEL 150 MG 14 TAB,APROVEL 150 MG 14 TAB.,ابروفيل 150 مجم 14 اقراص,2337832.0,100.0,algo_match,brand_index,,
47424,APROVEL 300 MG 14 TAB,APROVEL 300 MG 14 TAB.,ابروفيل 300 مجم 14 اقراص,1944092.0,100.0,algo_match,brand_index,,
32040,APTAMIL COMFORT MILK 400 GM,APTAMIL COMFORT MILK 400 GM,ابتاميل كومفورت لبن 400 جم,,100.0,algo_match,brand_index,,
80499,APTAMIL 1 MILK 400 GM,,,,,,no_match,,
90840,APTAMIL 2 ADVANCE PREMIUM+ MILK 400 GM,APTAMIL 2 ADVANCE MILK 400 GM,ابتاميل ادفانس 2 لبن 400 جم,,86.6,ai_confirmed,ai_verified,0.0,
45043,APTAMIL 2 MILK 400 GM,,,,,,no_match,,
84360,APTAMIL NUTRIPREM PDF 400GM MILK,APTAMIL NUTRIPREM PDF MILK 400 GM,ابتاميل نيوتريبريم بي دي اف لبن 400 جم,,100.0,algo_match,brand_index,,
80977,APTAMIL PROSYNEO MILK 400 GM,APTAMIL PROSYNEO MILK 400 GM,ابتاميل بروسينيو لبن 400 جم,2445636.0,100.0,algo_match,brand_index,,
89149,AQUA COLLO SYRUP 120 ML,AQUA COLLO 120 ML SYRUP,اكوا كولو 120 مل شراب,2312370.0,100.0,algo_match,brand_index,,
73820,AQUA PLUS 100 ML SYRUP,AQUA PLUS SYRUP 100 ML,اكوا بلس شراب 100 مل,901936.0,100.0,algo_match,brand_index,,
82701,ARBATEG 2% 100MG SYRP,ARBATEG 2 % SUSP. 100 ML,ارباتج 2 % شراب 100 مل,2366822.0,80.0,ai_confirmed,ai_verified,0.0,
84944,ARCOXIA 120 MG 7 TABS,ARCOXIA 120 MG 7 F.C.TABS,اركوكسيا 120 مجم 7 اقراص,2178079.0,91.3,algo_match,brand_index,,
73802,ARCOXIA 60 MG 14 TAB,ARCOXIA 60 MG 14 F.C.TABS,اركوكسيا 60 مجم 14 اقراص,2435028.0,88.9,ai_confirmed,ai_verified,0.0,
73617,ARCOXIA 90 MG 14 TAB,ARCOXIA 90 MG 14 F.C.TABS.,اركوكسيا 90 مجم 14 اقراص,,88.9,ai_confirmed,ai_verified,0.0,
89470,ARDOXIMAG 40 MG 14 TABS,ARDOXIMAG 40 MG 14 TABS,اردوكسيماج 40 مجم 14 اقراص,1382227.0,100.0,algo_match,brand_index,,
87240,ARGENTO NIGHT CREAM 60GM,ARGENTO NIGHT CREAM 60 GM,ارجنتو نايت كريم 60 جم,2474323.0,100.0,algo_match,brand_index,,
87657,ARGENTO PROFIT SUNSCREEN GEL 60ML,ARGENTO PROFIT SUNSCREEN SPF 50 GEL 60 ML,ارجنتو بروفيت واقي شمس + 50 اس بي اف 60 مل جل,1850519.0,90.7,algo_match,brand_index,,
88163,arginine+citrulline 1000 60 tab,,,,,,no_match,,
56829,ARICEPT 10 MG 14 TAB,ARICEPT 10 MG 14 F.C. TAB.,اريسبت 10 مجم 14 اقراص,2468197.0,90.9,algo_match,brand_index,,
27601,ARICEPT 5MG 14TAB,ARICEPT 5 MG 14 TAB.,اريسبت 5 مجم 14 اقراص,2149176.0,100.0,algo_match,brand_index,,
47929,ARIMIDEX 1 MG 28 TAB,ARIMIDEX 1 MG 28 TAB.,اريميديكس 1 مجم 28 اقراص,1872522.0,100.0,algo_match,brand_index,,
55949,ARIPIPRAZOLE 10 MG 20 TAB,ARIPIPRAZOLE 10 MG 20 F.C. TAB.,اريبيبرازول 10 مجم 20 اقراص,1004141.0,92.6,algo_match,brand_index,,
55948,ARIPIPRAZOLE 15 MG 20 TAB,ARIPIPRAZOLE 15 MG 20 F.C. TAB.,اريبيبرازول 15 مجم 20 اقراص,1995374.0,92.6,algo_match,brand_index,,
86755,ARIPIPRAZOLE 1MG/ML ORAL SUSP 120 ML,ARIPIPRAZOLE 1 MG / ML ORAL SOL. 120 ML,اريبيبرازول 1 مجم شراب 120 مل,1847101.0,88.0,ai_confirmed,ai_verified,0.0,
74895,ARIPIPRAZOLE 20 MG 20 TAB,ARIPIPRAZOLE 20 MG 20 F.C. TAB.,اريبيبرازول 20 مجم 20 اقراص,1665787.0,92.6,algo_match,brand_index,,
74405,ARIPIPRAZOLE 30 MG 20 TAB,ARIPIPRAZOLE 30 MG 20 F.C.TAB.,اريبيبرازول 30 مجم 20 اقراص,901772.0,92.6,algo_match,brand_index,,
82054,ARIPIPRAZOLE 5 MG 30 TAB,ARIPIPRAZOLE 5 MG 30 F.C. TAB,اريبيبرازول 5 مجم 30 اقراص,2173845.0,92.3,algo_match,brand_index,,
83172,ARIPIPREX 10MG 30TAB,ARIPIPREX 10 MG 30 F.C.TAB,اريبيبريكس 10 مجم 30 اقراص,2144374.0,91.7,algo_match,brand_index,,
87177,aripiprex 20mg tab,ARIPIPREX 20 MG 20 F.C.TAB,اريبيبريكس 20 مجم 20 اقراص,2435033.0,84.4,ai_confirmed,ai_verified,0.0,
82232,ARIPIPREX 30 MG 30 TAB,ARIPIPREX 30 MG 30 F.C.TAB.,اريبيبريكس 30 مجم 30 اقراص,2653281.0,91.7,algo_match,brand_index,,
48116,ARIXTRA 2.5MG/0.5ML 10 S.C. PREFILLED SYRINGES,ARIXTRA 2.5 MG / 0.5 ML 10 S.C. PREFILLED SYRINGES,اريكسترا 2.5 مجم / 0.5 مل 10 امبول,,89.6,ai_confirmed,ai_verified,0.0,
81586,ARMODACURE 150 MG 30 TAB,ARMODACURE 150 MG 30 TABS.,ارموداكيور 150 مجم 30 اقراص,1689762.0,98.0,algo_match,brand_index,,
79865,ARMOWAKE 50MG 20TAB,ARMOWAKE 50 MG 20 TABS.,ارموويك 50 مجم 20 اقراص,2312315.0,97.7,algo_match,brand_index,,
89018,AROMALOCK 2.5 MG 30 F.C TABLETS,AROMALOCK 2.5 MG 30 F.C. TABS,ارومالوك 2.5 مجم 30 اقراص,2289750.0,94.9,algo_match,brand_index,,
91931,Aromega Massage Gel,AROMEGA MASSAGE GEL 60 GM,اروميجا مساج جل 60 جم,2453280.0,86.4,ai_confirmed,ai_verified,0.0,
21472,ARTELAC EYE DROPS,,,,,,no_match,,
58295,ARTH FREE 20 MG 30 TAB,ARTHFREE 20 MG 30 F.C.TABS.,ارث فري 20 مجم 30 اقراص,2329315.0,87.5,ai_confirmed,ai_verified,0.0,
55722,ARTHINEUR 10 CAP,ARTHINEUR 10 CAPS.,ارثينور 10 كبسول,2312312.0,97.0,algo_match,brand_index,,
90772,arthojo30tab,,,,,,no_match,,
73510,ARTHROFAST 150 MG 14 TAB,ARTHROFAST 150 MG 14 M.R. TABLETS,ارثروفاست 150 مجم 14 اقراص,2468188.0,85.7,ai_confirmed,ai_verified,0.0,
90398,arthrohold 400 mg 30tab,ARTHROHOLD 400 MG 30 CAPSULES,ارثروهولد 400 مجم 30 اقراص,2542933.0,90.9,algo_match,token_set_ratio,,
74102,ARTICU-SAFE 30 CAP,ARTICU SAFE 50 MG 30 CAPS.,ارتيكوسيف 50 مجم 30 كبسول,2435016.0,83.7,ai_confirmed,ai_verified,0.0,
89628,ARTISOY 30CAPS,ARTISOY 30 TABS,ارتيسوي 30 اقراص,1856250.0,86.7,ai_confirmed,ai_verified,0.0,
81672,ARTIXIBAN 2.5 MG 30 TAB,ARTIXIBAN 2.5 MG 30 F.C. TABS.,ارتيكسيبان 2.5 مجم 30 اقراص,2624317.0,90.2,algo_match,brand_index,,
81579M,ARTIXIBAN 5 MG 30 TAB,ARTIXIBAN 5 MG 30 F.C. TABS.,ارتيكسيبان 5 مجم 30 اقراص,906613.0,89.4,ai_confirmed,ai_verified,0.0,
82039,ARTROHELP 60 CAP,,,,,,no_match,,
56184,ARYTHREX 200 MG 20 CAP,ARYTHREX 200 MG 20 CAPS.,اريثريكس 200 مجم 20 كبسول,2468205.0,97.8,algo_match,brand_index,,
78565,ASCIZADEX-N GEL 40GM,ASCIZADEX N TOP. GEL 40 GM,اسيزادكس ان جل 40 جم,2187797.0,91.3,algo_match,brand_index,,
91022,ascocitrin-c 20 cap,ASCOCITRIN C 20 TAB,اسكوسترين سي 20 اقراص,1982119.0,89.5,ai_confirmed,ai_verified,0.0,
84229,ASCORPIC ACID ORAL DROP,,,,,,no_match,,
87335,ASENADIA 10 MG 10 TAB,ASENADIA 10 MG 10 SUBLINGUAL TABS.,اسيناديا 10 مجم 10 اقراص,2515103.0,87.5,ai_confirmed,ai_verified,0.0,
92749,Ashwagandha 450 mg Veg Capsules (NOW),,,,,,no_match,,
91183,ASHWAGANDHA 500 MG 30 CAPSULES,,,,,,no_match,,
81464,ASMAKAST 10 MG 30 TAB,ASMAKAST 10 MG 30 F.C. TAB.,ازماكاست 10 مجم 30 اقراص,2453302.0,91.3,algo_match,brand_index,,
65951,ASMAKAST 5 MG 30 TAB,ASMAKAST 5 MG 30 CHEWABLE TAB.,ازماكاست 5 مجم 30 اقراص,901825.0,81.6,ai_confirmed,ai_verified,0.0,
83460,ASMATROPIM 500MCG/2ML 20 NEBULIZER VIAL SOLN,ASMATROPIM 500 MCG / 2 ML 20 NEBULIZER VIAL SOLN,اسماتروبيم 500 مكجم / 2 مل 20 امبول,2343344.0,93.6,algo_match,brand_index,,
89235,ASMAZON SPRAY 60ML,ASMAZON SPRAY 60 ML,ازمازون بخاخ 60 مل,1849959.0,100.0,algo_match,brand_index,,
88301,ASPIRIN-CHEMIPHARM 75 MG 30 CHEW.TABS.,ASPIRIN CHEMIPHARM 75 MG 30 CHEW.TABS,اسبرين كيمافارم 75 مجم 30 اقراص,2406835.0,100.0,algo_match,brand_index,,
82821,ASPIRIN PROTECT 100 MG 30 TAB,ASPIRIN PROTECT 100 MG 30 GASTRO RESISTANT TABS.,اسبرين بروتكت 100 مجم 30 اقراص,2312332.0,92.6,algo_match,token_set_ratio,,
85755,ASPOCID 75MG 30 TAB,ASPOCID 75 MG 30 TAB,اسبوسيد 75 مجم 30 اقراص,2312333.0,100.0,algo_match,brand_index,,
74649,ASPOCID INF 30TAB,,,,,,no_match,,
77877,ASPRICARLO 81 MG 30 TAB,ASPRICARLO 81 MG 30 CHEWABLE TABS.,اسبريكارلو 81 مجم 30 اقراص للمضغ,2050898.0,82.1,ai_confirmed,ai_verified,0.0,
51770,ASPROTECT 100MG 30TAB,ASPROTECT 100 MG 30 ENTERIC COATED TAB.,اسبروتكت 100 مجم 30 اقراص,2144390.0,100.0,algo_match,token_set_ratio,,
81897,ASTIN 10 MG 20 TAB,ASTIN 10 MG 20 TAB,استين 10 مجم 20 اقراص,2486380.0,100.0,algo_match,brand_index,,
47762,ASTIN 20 MG 20 TAB,ASTIN 20 MG 20 F.C.TAB,استين 20 مجم 20 اقراص,2511555.0,90.0,algo_match,brand_index,,
74078,ATACAND 16MG 14TAB,ATACAND 16 MG 14 F.C. TAB,اتاكاند 16 مجم 14 اقراص,1652234.0,90.9,algo_match,brand_index,,
73844,ATACAND 4 MG 14 TAB,ATACAND 4 MG 14 TAB.,اتاكاند 4 مجم 14 اقراص,901698.0,100.0,algo_match,brand_index,,
73801,ATACAND 8 MG 14 TAB,ATACAND 8 MG 14 TABS,اتاكاند 8 مجم 14 اقراص,901699.0,97.4,algo_match,brand_index,,
73729,ATACAND PLUS 16/12.5MG 14TAB,ATACAND PLUS 16 / 12.5 MG 14 TABS,اتاكاند بلس 16 / 12.5 مجم 14 اقراص,2535626.0,89.3,ai_confirmed,ai_verified,0.0,
75063,ATACAND PLUS 32/25 MG 14 TAB,ATACAND PLUS 32 / 25 MG 14 TABS.,اتاكاند بلس 32 / 25 مجم 14 اقراص,901697.0,84.7,ai_confirmed,ai_verified,0.0,
90184,ATCOCOXIB 60 MG 30 TABS,,,,,,no_match,,
90183,ATCOCOXIB 90MG 30TAB,,,,,,no_match,,
85453,ATCOGLIFLOZIN 10 30 TAB,ATCOGLIFLOZIN 10 MG 30 F.C.TABS,اتكوجليفلوزين 10 مجم 30 اقراص,1022445.0,85.2,ai_confirmed,ai_verified,0.0,
84041,ATCOGLIFLOZIN 25 MG 30 F.C. TABS.,ATCOGLIFLOZIN 25 MG 30 F.C.TABS,اتكوجليفلوزين 25 مجم 30 اقراص,1657241.0,100.0,algo_match,brand_index,,
81057,ATCORELIVO 10 SACHETS,ATCORELIVO 10 ORAL POWDER IN SACHETS,اتكوريليفو 10 اكياس,,100.0,algo_match,token_set_ratio,,
90359,ATCOVILDUMET 50MG_1000MG,ATCOVILDUMET 50 / 1000 MG TAB,اتكوفلدوميت 50 / 1000 مجم اقراص,2143687.0,83.6,ai_confirmed,ai_verified,0.0,
1262,ATENO 100 MG 20 TAB,ATENO 100 MG 20 F.C.TAB.,اتينو 100 مجم 20 اقراص,2471612.0,90.5,algo_match,brand_index,,
1311,ATENO 50 MG 20 TAB,ATENO 50 MG 20 F.C.TAB.,اتينو 50 مجم 20 اقراص,1533665.0,90.0,algo_match,brand_index,,
74683,ATENORETIC 30CAP,ATENORETIC 30 CAPS.,اتينوريتيك 30 كبسول,,97.1,algo_match,brand_index,,
91764,ATLA DK D3+K2 ORAL DROPS 15 ML,ATLA DK ORAL DROPS 15 ML,اتلا دي كا قطره بالفم 15 مل,2646192.0,85.7,ai_confirmed,ai_verified,0.0,
91884,Atobegron 50 mg xr 30 tab,ATOBEGRON XR 50 MG 30 F.C. TABS.,اتوبيجرون اكس ار 50 مجم 30 اقراص,,90.9,algo_match,brand_index,,
79174,ATOMORELAX 100ML SYRUP,ATOMORELAX 20 MG / 5 ML SYRUP 100 ML,اتوموريلاكس 20 مجم / 5 مل شراب 100 مل,942903.0,100.0,algo_match,token_set_ratio,,
56105,ATOMOX APEX 10 MG 30 CAP,,,,,,no_match,,
59167,ATOMOX APEX 18 MG 30 TAB,,,,,,no_match,,
56044,ATOMOX APEX 25 MG 30 CAP,,,,,,no_match,,
56042,ATOMOX APEX 40 MG 30 CAP,,,,,,no_match,,
56041,ATOMOX APEX 60 MG 30 CAP,ATOMOXAPEX 60 MG 30 CAP.,اتوموكس ابكس 60 مجم 30 كبسول,2166540.0,80.9,ai_confirmed,ai_verified,0.0,
86619,ATOMOXAPEX ORL SOLUTION 40 MG 100 ML,,,,,,no_match,,
73282,ATOR 10 MG 7 TAB,ATOR 10 MG 7 TAB.,اتور 10 مجم 7 اقراص,901718.0,100.0,algo_match,brand_index,,
73638,ATOR 20 MG 10 TAB,ATOR 20 MG 10 F.C. TAB.,اتور 20 مجم 10 اقراص,1671708.0,89.5,ai_confirmed,ai_verified,0.0,
73643,ATOR 40 MG 10 TAB,ATOR 40 MG 10 F.C. TAB.,اتور 40 مجم 10 اقراص,1665501.0,89.5,ai_confirmed,ai_verified,0.0,
91428,ATOR 80 MG 10 F.C.TABS,ATOR 80 MG 10 F.C.TABS,اتور 80 مجم 10 اقراص,2252335.0,100.0,algo_match,brand_index,,
77040,ATOREZA 10/10 28 TABS,ATOREZA 10 / 10 MG 28 F.C. TAB.,اتوريزا 10 / 10 مجم 28 اقراص,1738474.0,80.0,ai_confirmed,ai_verified,0.0,
77041,ATOREZA 10/40 28 TAB,ATOREZA 10 / 10 MG 28 F.C. TAB.,اتوريزا 10 / 10 مجم 28 اقراص,1738474.0,82.4,ai_confirmed,ai_verified,0.0,
61830,ATOREZA 10MG/20MG 21 TAB,,,,,,no_match,,
89206,ATOREZA 80/10MG 28 F.C. TAB,ATOREZA 80 / 10 MG 28 F.C. TAB,اتوريزا 80 / 10 مجم 28 اقراص,1173128.0,85.7,ai_confirmed,ai_verified,0.0,
58377,ATORSTAT 10 MG 14 TAB,ATORSTAT 10 MG 14 F.C.TAB,اتورستات 10 مجم 14 اقراص,901722.0,91.3,algo_match,brand_index,,
58442,ATORSTAT 20 MG 14 TAB,ATORSTAT 20 MG 14 SCORED TABS,اتورستات 20 مجم 14 اقراص,901723.0,84.0,ai_confirmed,ai_verified,0.0,
59076,ATORSTAT 40 MG 14 TAB,ATORSTAT 40 MG 14 BISCORED TABS,اتورستات 40 مجم 14 اقراص,2312281.0,80.8,ai_confirmed,ai_verified,0.0,
47434,ATORSTAT 80 MG 10 TAB,ATORSTAT 80 MG 10 BISCORED TABS,اتورستات 80 مجم 10 اقراص,2312282.0,80.8,ai_confirmed,ai_verified,0.0,
78681,ATRAKTA RE/FORCE HAIR 12-AMP,,,,,,no_match,,
58966,ATROPINE SULPHATE 6 AMP,ATROPINE SULPHATE 0.1 % 6 AMP,اتروبين سلفات 0.1 % 6 امبول ممفيس,2312272.0,88.5,ai_confirmed,ai_verified,0.0,
AT25,ATROVENT 250 MCG VIAL,ATROVENT 250 MCG / 2 ML 20 UNIT DOSE VIAL,اتروفنت 250 ميكرو / 2 مل 20 امبول,2542937.0,100.0,algo_match,token_set_ratio,,
AT50,ATROVENT 500 MCG VIAL,ATROVENT 500 MCG / 2 ML 20 UNIT DOSE VIAL.,اتروفنت 500 ميكرو / 2 مل 20 امبول,2166446.0,100.0,algo_match,token_set_ratio,,
79858,ATROZEMB 10/10 MG 30 TABS,ATROZEMB 10 / 10 MG 30 F.C. TAB.,اتروزيمب 10 / 10 مجم 30 اقراص,901712.0,83.6,ai_confirmed,ai_verified,0.0,
15645446,ATROZEMB 20/10 30 TABS,ATROZEMB 10 / 80 MG 30 TABS,اتروزيمب 10 / 80 مجم 30 اقراص,2146598.0,81.6,ai_confirmed,ai_verified,0.0,
85569,ATROZEMB 40/10MG 30 F.C. TAB.,ATROZEMB 40 / 10 MG 30 F.C. TAB,اتروزيمب 10 / 40 مجم 30 قرص,1652247.0,86.2,ai_confirmed,ai_verified,0.0,
73536,ATSHI 10 F.C. TABS,ATSHI 10 F.C. TABS.,اتشي 10 اقراص,,100.0,algo_match,brand_index,,
86783,AUG-DERMA PANTHENOL CREAM 30 GM,AUG DERMA PANTHENOL CREAM 30 GM,ايه يو جي ديرما بانثينول كريم 30 جم,2344019.0,100.0,algo_match,brand_index,,
AUG,AUGMENTIN 1 GM 14 TAB,AUGMENTIN 1 GM 14 TABLETS,اوجمنتين 1 جم 14 اقراص,2146561.0,91.3,algo_match,brand_index,,
20506,AUGMENTIN 156MG SYRP,AUGMENTIN 156 MG / 5 ML SUSP. 80 ML,اوجمنتين 156 مجم / 5 مل شراب 80 مل,,86.5,ai_confirmed,ai_verified,0.0,
51802,AUGMENTIN 20ML DROPS 62.5MG,,,,,,no_match,,
20555,AUGMENTIN 312MG SYRP,AUGMENTIN 312 MG / 5 ML SUSP. 80 ML,اوجمنتين 312 مجم / 5 مل شراب 80 مل,902212.0,86.5,ai_confirmed,ai_verified,0.0,
74823,AUGMENTIN 457MG SYP,AUGMENTIN 457 MG / 5 ML SUSP. 70 ML,اوجمنتين 457 مجم / 5 مل شراب 70 مل,902213.0,88.9,ai_confirmed,ai_verified,0.0,
75043,AUGMENTIN 625MG 10 TABS,AUGMENTIN 625 MG 10 F.C. TAB.,اوجمنتين 625 مجم 10 اقراص,,90.2,algo_match,brand_index,,
68944,AUGMENTIN DUO 200/28 MG/5 ML SUSP 70 ML,AUGMENTIN DUO 228 MG / 5 ML SUSP. 70 ML,اوجمنتين ديو 228 مجم / 5 مل شراب 70 مل,2559698.0,88.3,ai_confirmed,ai_verified,0.0,
75223,AUGMENTIN DUO 228 /5 MG SUSP 70 ML,,,,,,no_match,,
73895,AUGMENTIN ES 600 MG 75ML SYP,AUGMENTIN ES 600 PD. FOR ORAL SUSP. 75 ML,اوجمنتين اي اس 600 شراب 75 مل,1385842.0,86.3,ai_confirmed,ai_verified,0.0,
82690,AUGRAM 1 GM 14 TAB,AUGRAM 1 GM 14 F.C. TABS.,اوجرام 1 جم 14 اقراص,2468565.0,87.8,ai_confirmed,ai_verified,0.0,
79472,AUGRAM 1 GM 7 TABS,AUGRAM 1 GM 7 F.C. TABS.,اوجرام 1 جم 7 اقراص,2146599.0,90.0,algo_match,brand_index,,
79530,AUGRAM 228.5 60ML SYRUP,AUGRAM 228.5 MG / 5 ML PD. FOR ORAL SUSP. 60 ML,اوجرام 228.5 مجم / 5 مل شراب 60 مل,2145630.0,85.7,ai_confirmed,ai_verified,0.0,
79503,AUGRAM 457MG 60ML SYP,AUGRAM 457 MG / 5 ML PD. FOR ORAL SUSP. 60 ML,اوجرام 457 مجم / 5 مل شراب 60 مل,2468567.0,90.5,algo_match,token_set_ratio,,
79500,AUGRAM 642.9 MG 60ML,AUGRAM 642.9 MG / 5 ML PD. FOR ORAL SUSP. 60 ML,اوجرام 642.9 مجم / 5 مل شراب 60 مل,2145628.0,100.0,algo_match,token_set_ratio,,
73920,AVAMYS 120 SPRAYS,,,,,,no_match,,
19170,AVARA 10 MG 30 TAB,AVARA 10 MG 30 F.C. TAB.,افارا 10 مجم 30 اقراص,2487329.0,90.0,algo_match,brand_index,,
21296,AVARA 20 MG 30 TAB,AVARA 20 MG 30 F.C.TAB.,افارا 20 مجم 30 اقراص,2435081.0,90.0,algo_match,brand_index,,
82198,AVAZIR 0.03% OPHTHALMIC OINT,,,,,,no_match,,
60687,AVAZIR DROPS 10 ML,AVAZIR 0.3 % EYE DROPS 10 ML,افازير 0.3 % قطره للعين 10 مل,2435083.0,100.0,algo_match,token_set_ratio,,
79498,AVEROBIOS 642.9MG 60ML SYRUP,AVEROBIOS 642.9 MG / 5 ML 60 ML SUSP.,افيروبايوز 642.9 مجم / 5 مل 60 مل شراب,1657365.0,84.8,ai_confirmed,ai_verified,0.0,
79499,AVEROBIOS 642.9MG 75ML,AVEROBIOS 642.9 MG / 5 ML 75 ML SUSP,افيروبايوز 642.9 مجم / 5 مل 75 مل شراب,1910955.0,80.0,ai_confirmed,ai_verified,0.0,
84727,AVEROCOXIB 90MG -20TAB,AVEROCOXIB 90 MG 20 F.C. TABS,افيروكوكسيب 90 جم 20 قرص,2146638.0,90.2,algo_match,brand_index,,
83212,AVEROFAGE 15/500MG 30 F.C. TABS.,AVEROFAGE 15 / 500 MG 30 F.C.TAB.,افيروفاج 15 / 500 مجم 30 اقراص,,82.5,ai_confirmed,ai_verified,0.0,
80495,AVEROFAGE 15/850 MG 30TABLETS,AVEROFAGE 15 / 850 MG 30 F.C.TAB.,افيروفاج 15 / 850 مجم 30 اقراص,,80.6,ai_confirmed,ai_verified,0.0,
83889,AVEROFEROZ 30 TABS,AVEROFEROZ 30 CAPS,افيروفيروز 30 كبسول,,88.9,ai_confirmed,ai_verified,0.0,
73317,AVEROMILAN 50 MG 30 TAB,AVEROMILAN 50 MG 30 F.C.TABS.,افروميلان 50 مجم 30 اقراص,1657369.0,90.2,algo_match,brand_index,,
79861,AVEROTHIAZIDE 10/40/12.5 MG 30 F.C. TABS.,AVEROTHIAZIDE 5 / 20 / 12.5 MG 30 F.C.TABS.,افيروثيازيد 5 / 20 / 12.5 مجم 30 اقراص,2508744.0,86.4,ai_confirmed,ai_verified,0.0,
86545,AVEROTHIAZIDE 40/5/25 MG 30 TAB,,,,,,no_match,,
79859,AVEROTHIAZIDE 5/12.5/40 MG 30 TABS,,,,,,no_match,,
79860,AVEROTHIAZIDE 5/20/12.5 MG 30 F.C. TABS.,AVEROTHIAZIDE 10 / 40 / 12.5 MG 30 F.C.TABS.,افيروثيازيد 10 / 40 / 12.5 مجم 30 اقراص,2140969.0,81.5,ai_confirmed,ai_verified,0.0,
74657,AVEROZOLID 100 MG 150 ML SUSP,AVEROZOLID 100 MG / 5 ML SUSP. 150 ML,افيروزوليد 100 مجم / 5 مل شراب 150 مل,,89.2,ai_confirmed,ai_verified,0.0,
77526,AVEROZOLID 100MG/5ML SUSP. 60 ML,AVEROZOLID 100 MG / 5 ML SUSP. 60 ML,افيروزوليد 100 مجم / 5 مل شراب 60 مل,,91.2,algo_match,brand_index,,
54940,AVEROZOLID 600 10 TAB,AVEROZOLID 600 MG 10 F.C.TAB.,افيروزوليد 600 مجم 10 اقراص,2642930.0,85.7,ai_confirmed,ai_verified,0.0,
68096,AVEROZOLID I.V INFUSION 300 ML,AVEROZOLID 200 MG / 100 ML I.V. INFUSION 300 ML,افيروزوليد 200 مجم / 100 مل محلول,,100.0,algo_match,token_set_ratio,,
74870,AVETRIX GEL 100 G,AVETRIX GEL 100 GM,افيتركس جل 100 جم,,85.7,ai_confirmed,ai_verified,0.0,
73396,AVIL 6 AMP,AVIL 45.5 MG / 2 ML 6 I.M. AMPS.,افيل 45.5 مجم / 2 مل 6 امبول,2475621.0,90.0,algo_match,partial_token_sort_ratio,,
67315,AVIVAVASC 10/160MG 28TAB,AVIVAVASC 10 / 160 MG 28 F.C. TAB.,افيفافاسك 10 / 160 مجم 28 اقراص,901877.0,86.2,ai_confirmed,ai_verified,0.0,
79696,AVIVAVASC 5/160 MG 28TABLETS,AVIVAVASC 5 / 160 MG 28 F.C. TAB.,افيفافاسك 5 / 160 مجم 28 اقراص,2165500.0,80.0,ai_confirmed,ai_verified,0.0,
AVO,AVOBEANO 10CAP,AVOBEANO 10 CAP,افوبينو 10 كبسول,2537418.0,100.0,algo_match,brand_index,,
77106,AVODART .5MG 30-CAP,,,,,,no_match,,
88085,AVOREXAL 30 CAPSULES,AVOREXAL 30 CAPS,افوريكسال 30 اقراص,2570629.0,88.9,ai_confirmed,ai_verified,0.0,
54754,AVOSOYA 30CAP GELATIN,AVOSOYA 30 CAPS.,افوصويا 30 كبسول,2296349.0,80.0,ai_confirmed,ai_verified,0.0,
88571,awadilevo 500 10 tab,AWADILEVO 500 MG 10 TABS,اواديليفو 500 مجم 10 اقراص,1489599.0,90.9,algo_match,brand_index,,
91823,Awadist 1000 mg Tab,AWADIST 1000 MG 20 F.C. TABS.,اواديست 1000 مجم 20 اقراص,2468546.0,82.6,ai_confirmed,ai_verified,0.0,
86087,AWADIST PLUS 20 TABS,AWADIST PLUS 20 F.C. TABS.,اواديست بلس 20 قرص,1849152.0,90.9,algo_match,brand_index,,
91839,AXICA 20 Tab,,,,,,no_match,,
90266,AXOMYELIN ULLTRA 30TAB 600MG,AXOMYELIN ULTRA 600 MG 30 F.C. TABS,اكسومايلين الترا 600 مجم 30 اقراص,2607906.0,90.6,algo_match,brand_index,,
89070,AYAPENAM 500/500MG VIAL FOR I.V. INF,AYAPENAM 500 / 500 MG VIAL FOR I.V. INF.,ايابينام 500 / 500 مجم امبول,2318644.0,94.6,algo_match,brand_index,,
21829,AZADERM CREAM 30g,AZADERM 20 % CREAM 30 GM,ازاديرم 20 % كريم 30 جم,961328.0,85.7,ai_confirmed,ai_verified,0.0,
79187,AZALIDE 500MG 3 CAPS.,AZALIDE 500 MG 3 CAPS.,ازالايد 500 مجم 3 كبسول,2319069.0,100.0,algo_match,brand_index,,
58044,AZARGA EYE DROPS 5 ML,AZARGA EYE SUSP. DROPS 5 ML,ازارجا قطره للعين 5 مل,2492595.0,89.4,ai_confirmed,ai_verified,0.0,
86249,AZATHIOPRINE-EVAPHARMA 100 MG 30 F.C TABS.,AZATHIOPRINE EVAPHARMA 100 MG 30 F.C.TABS.,ازاثيوبرين ايفافارما 100 مجم 30 اقراص,2149180.0,100.0,algo_match,brand_index,,
86370,AZATHIOPRINE-EVAPHARMA 50 MG 30 F.C TABS,AZATHIOPRINE EVAPHARMA 50 MG 30 F.C.TABS.,ازاثيوبرين ايفافارما 50 مجم 30 اقراص,2495441.0,100.0,algo_match,brand_index,,
79505,AZELAST PLUS SPRAY,AZELAST PLUS 125 / 50 MCG NASAL SPRAY 25 ML,ازيلاست بلس 125 / 50 مكجم بخاخ 25 مل,901818.0,100.0,algo_match,token_set_ratio,,
81341,AZGOFLOX 400 MG 10 FC TAB,AZGOFLOX 400 MG 10 F.C. TABS.,ازجوفلوكس 400 مجم 10 اقراص,2143205.0,92.3,algo_match,brand_index,,
59056,AZGOVANCE 20 MG 7 CAP,AZGOVANC 20 MG 7 CAPS.,ازجوفانس 20 مجم 7 كبسول,,95.2,algo_match,brand_index,,
59055,AZGOVANCE 40 MG 7 CAP,AZGOVANC 40 MG 7 CAPS.,ازجوفانس 40 مجم 7 كبسول,2180082.0,95.2,algo_match,brand_index,,
88079,AZHA MED CONCEALER 2*1 12 ML CREAM,,,,,,no_match,,
62015,AZI-ONCE 250 MG 6 CAP,AZI ONCE 250 MG 6 CAPS.,ازي ونس 250 مجم 6 كبسول,2474443.0,97.7,algo_match,brand_index,,
89504,AZITANAD 500MG TAB,AZITANAD 500 MG 3 TAB,ازيتاناد 500 مجم 3 اقراص,2653904.0,95.0,algo_match,brand_index,,
90833,AZITHROMASH 500 MG 3 F.C. TABS,AZITHROMASH 500 MG 3 F.C. TABS,ازيثروماش 500 مجم 3 اقراص,2390023.0,100.0,algo_match,brand_index,,
84546,AZITHROMYCIN-AUG 500 MG 6 F.C.TABS,AZITHROMYCIN AUG 500 MG 6 F.C.TABS,ازيثرومايسين اي يو جي 500 مجم 6 اقراص,1122727.0,100.0,algo_match,brand_index,,
81696,azrolid 200 syrup 30 ml,AZROLID 1200 / 30 ML SUSP,ازروليد 1200 مجم / 30 مل شراب,2674996.0,87.5,ai_confirmed,ai_verified,0.0,
81697,AZROLID 200MG/5ML 15 ML SUSP,AZROLID 600 / 15 ML SUSP,ازروليد 600 مجم / 15 مل شراب,1973885.0,85.7,ai_confirmed,ai_verified,0.0,
83805,AZROLID 200MG/5ML PD. FOR ORAL SUSP. 22.5ML,AZROLID 900 / 22.5 ML SUSP,ازروليد 900 مجم / 22.5 مل شراب,1959158.0,87.0,ai_confirmed,ai_verified,0.0,
5101,AZROLID 500 MG 3 TAB,AZROLID 500 MG 3 F.C.TABS,ازروليد 500 مجم 3 اقراص,1150103.0,88.9,ai_confirmed,ai_verified,0.0,
81233,AZROLID 500 MG 6 TAB,AZROLID 500 MG 6 F.C.TABS.,ازروليد 500 مجم 6 اقراص,,88.9,ai_confirmed,ai_verified,0.0,
73321,B-COM I.M./I.V. 6 AMP.,B COM I.M. / I.V. 6 AMP.,بي كوم 6 امبول,2490952.0,92.7,algo_match,brand_index,,
79237,B-FRESH 0.05% MOUTHWASH 250 ML CLOVE,B FRESH 0.05 % MOUTHWASH 250 ML BLUE,بي فريش 0.05 % غسول للفم 250 مل ازرق,2312710.0,88.9,ai_confirmed,ai_verified,0.0,
60591,B-FRESH MOUTHWASH MINT 250MLاخضر,,,,,,no_match,,
90204,B-MELT 30 INSTANT DISSOLVE TABS,B MELT 30 TAB,بي ميلت 30 اقراص,2471662.0,81.8,ai_confirmed,ai_verified,0.0,
4300,B B C SPRAY,B.B.C. ORAL SPRAY 25 ML,بي بي سي بخاخ 25 مل,1504077.0,100.0,algo_match,token_set_ratio,,
79693,B_FRESH BLUE MOUTHWASH 250ML,B FRESH 0.05 % MOUTHWASH 250 ML BLUE,بي فريش 0.05 % غسول للفم 250 مل ازرق,2312710.0,83.1,ai_confirmed,ai_verified,0.0,
84842,b12 sano pharma 30 s tab,B 12 SANO 30 TAB,بي 12 سانو 30 اقراص,,100.0,algo_match,token_set_ratio,,
73085,BABETONE SUGAR FREE SYRUP 120 ML,,,,,,no_match,,
73084,BABETONE SYRUP 120 ML,BABETONE SYRUP 120 ML,بيبتون شراب 120 مل بالسكر اخضر,1513550.0,100.0,algo_match,brand_index,,
27326,BABY CALM 15 FILTERS,,,,,,no_match,,
19369,BABY CREAM 30GM,BABY CREAM 30 GM,بيبي كريم 30 جم,2369260.0,100.0,algo_match,brand_index,,
80509,BABY CREAM 60GM,BABY CREAM 60 GM,بوباي تينيد كريم 60 جرام,2638449.0,100.0,algo_match,brand_index,,
88348,BABY RELIEF 25 MG 10 SUPP.,BABY RELIEF 25 MG 10 SUPP,بيبي رليف 25 مجم 10 لبوس,902771.0,100.0,algo_match,brand_index,,
22797,BABY RELIEF 25MG SUPP,BABY RELIEF 25 MG 5 SUPP,بيبي رليف 25 مجم 5 لبوس,,95.7,algo_match,brand_index,,
88234,BABY RELIFE 12.5 2 STRIPS SUPP,,,,,,no_match,,
85814,BABY WAY SOOTHING BABY CREAM 75GM,,,,,,no_match,,
91074,BACLOFEN 10MG TAP,BACLOFEN 10 MG 20 TAB.B.P. 2011,باكلوفين 10 مجم 20 اقراص,2150402.0,87.5,ai_confirmed,ai_verified,0.0,
73823,BACLOFEN 10MG TAB,BACLOFEN 10 MG 20 TAB.B.P. 2011,باكلوفين 10 مجم 20 اقراص,2150402.0,100.0,algo_match,token_set_ratio,,
73824,BACLOFEN 25MG TAB,BACLOFEN 25 MG 20 TAB.B.P. 2011,باكلوفين 25 مجم 20 اقراص,,100.0,algo_match,token_set_ratio,,
75396,BACTICLOR 125MG SUSP,BACTICLOR 125 MG / 5 ML SUSP. 60 ML,بكتيكلور 125 مجم / 5 مل شراب 60 مل,2435644.0,100.0,algo_match,token_set_ratio,,
74409,BACTICLOR 250 MG 60 ML SUSP,BACTICLOR 250 MG / 5 ML SUSP. 60 ML,بكتيكلور 250 مجم / 5 مل شراب 60 مل,1104632.0,88.5,ai_confirmed,ai_verified,0.0,
91765,BACTOBLIS 10 SACHETS,BACTOBLIS 10 SACHETS,باكتوبليس 10 اكياس,,100.0,algo_match,brand_index,,
58661,BACTROFORM 15 G OINT,BACTROFORM 2 % TOP. OINT. 15 GM,باكتروفورم 2 % مرهم 15 جم,2386371.0,81.6,ai_confirmed,ai_verified,0.0,
91651,BALOXDOT 20MG 2 TAB,BALOXDOT 20 MG 2 TABS,بالوكسادوت 20 مجم 2 اقراص,2623857.0,97.6,algo_match,brand_index,,
19167,BALSAM SYRUP FOR ADULT,,,,,,no_match,,
73543,BALSAM SYRUP FOR CHILDREN,,,,,,no_match,,
74997,BAMBEDIL 30 TAB,BAMBEDIL 10 MG 30 TAB.,بامبيديل 10 مجم 30 اقراص,902501.0,83.3,ai_confirmed,ai_verified,0.0,
73657,BAMBEDIL SYRUP 120 ML,BAMBEDIL 1 MG / ML SYRUP 120 ML,بامبيديل 1 مجم / مل شراب 120 مل,963907.0,80.8,ai_confirmed,ai_verified,0.0,
92142,BARICTOMAP 4MG 30 F.C TABS,BARICTOMAP 4 MG 30 TABLETS,باريكتوماب 4 مجم 30 اقراص,,86.8,ai_confirmed,ai_verified,0.0,
342944,BARITAVA 2MG 28TAB,BARITAVA 2 MG 28 F.C.TABS,باريتافا 2 مجم 28 اقراص,2370967.0,88.9,ai_confirmed,ai_verified,0.0,
23287,BE ACTIVE CAP,BE ACTIVE 30 CAPSULES,بي اكتيف 30 كبسول,,81.8,ai_confirmed,ai_verified,0.0,
BC20,BE CALME,,,,,,no_match,,
82870,BEBEJUNIOR 3 MILK 250 GM,,,,,,no_match,,
37464,BEBELAC 1 MILK 400 GM,BEBELAC 1 MILK 400 GM,بيبيلاك 1 لبن 400 جم,2620532.0,100.0,algo_match,brand_index,,
31872,BEBELAC 2 MILK,BEBELAC 2 MILK 400 GM,بيبيلاك 2 لبن 400 جم,2180229.0,80.0,ai_confirmed,ai_verified,0.0,
28406,BEBELAC AR MILK,BEBELAC AR MILK 400 GM,بيبيلاك ايه ار لبن 400 جم,,81.1,ai_confirmed,ai_verified,0.0,
83725,BEBELAC BEBEJUNIOR 3 MILK 400 GM,,,,,,no_match,,
30088,BEBELAC EC MILK 400 GM,BEBELAC EC MILK 400 GM,بيبيلاك اي سي لبن 400 جم,2499076.0,100.0,algo_match,brand_index,,
30089,BEBELAC LF MILK,,,,,,no_match,,
16817,BEBELAC PREMATURE MILK 400 GM,BEBELAC PREMATURE MILK 400 GM,بيبيلاك بريماتيور 400 جم,2396672.0,100.0,algo_match,brand_index,,
29317,BECLO NASAL SPRAY,BECLO 50 MCG / DOSE NASAL SPRAY 200 DOSES,بيكلو 50 ميكرو / جرعه بخاخ للانف 200 جرعه,2589279.0,100.0,algo_match,token_set_ratio,,
61745,BECLOSONE FORTE 200 METERED,BECLOSONE FORTE INHALER 0.1 MG / DOSE 200 DOSES,بيكلوزون فورت 0.1 مجم / جرعه 200 جرعه,2318946.0,82.6,ai_confirmed,ai_verified,0.0,
22892,BECLOSONE INHALER,,,,,,no_match,,
74901,BECOZYME I.M./I.V. 12 AMP.,BECOZYME I.M. / I.V. 12 AMP.,بيكوزيم 12 امبول,2385310.0,93.9,algo_match,brand_index,,
81846,bedremine 100 mg 30 tab,BEDREMINE 100 MG 30 EXT. REL.TABS.,بيدريمين 100 مجم 30 اقراص,2469047.0,83.6,ai_confirmed,ai_verified,0.0,
81231,BEDREVIDA 500 MG XL 14 F.C. TAB,BEDREVIDA 500 MG XL 14 F.C. TAB.,بيدريفيدا اكس ال 500 مجم 14 اقراص,,100.0,algo_match,brand_index,,
49424,BEE CARE CREAM 30 GM,BEE CARE CREAM 30 GM,بي كير كريم 30 جم,2521129.0,100.0,algo_match,brand_index,,
90869,BEESLINE ROLL ON INSTANT WHITE VITAMIN C,BEESLINE ROLL ON INSTANT WHITE + VITAMIN C 50 ML,بيزلين رول اون مزيل للعرق بفيتامين سي للاناره 50 مل,2456897.0,90.9,algo_match,brand_index,,
87396,BEESLINE TONER 200 ML + WHITINING FACIAL 150 ML,,,,,,no_match,,
91287,BELLAVIE CHILDREN 15 CAPS.,BELLAVIE CHILDREN 15 CAPSULES,بيلافي للاطفال 15 كبسوله,,92.6,algo_match,brand_index,,
91282,BELLAVIE IMMUNO 15 CAPS.,BELLAVIE IMMUNO 15 CAPS,بيلافي اميون 15 كبسول,,100.0,algo_match,brand_index,,
91701,BELLAVIE WOMAN 15 CAPS.,BELLAVIE WOMAN 15 CAPS,بيلافي للسيدات ومان 15 كبسول,,100.0,algo_match,brand_index,,
47271,BENDAX 100MG/5ML SUSP. 60ML,BENDAX 100 MG / 5 ML SUSP. 60 ML,بنداكس 100 مجم / 5 مل شراب 60 مل,1657997.0,90.0,algo_match,brand_index,,
10445,BENDAX TAB,BENDAX 200 MG 6 TAB,بنداكس 200 مجم 6 اقراص,1666455.0,100.0,algo_match,token_set_ratio,,
79515,BENGIRIDE 0.5 MG 30 CAPS.,BENGIRIDE 0.5 MG 30 CAPS.,بنجيرايد 0.5 مجم 30 كبسول,2146293.0,100.0,algo_match,brand_index,,
82530,BENOGEN 10 SACHET,BENOGEN 10 SACHET,بنوجين 10 اكياس,2051260.0,100.0,algo_match,brand_index,,
2305,BENOX 0.4% EYE DROPS 10 ML,BENOX 0.4 % EYE DROPS 10 ML,بينوكس 0.4 % قطره للعين 10 مل,1396073.0,94.3,algo_match,brand_index,,
85676,BENPHORA 30 TABS,BENPHORA 30 F.C.TABS.,بنفورا 30 اقراص,2037398.0,88.9,ai_confirmed,ai_verified,0.0,
18387,BENZANIL EMULGEL,,,,,,no_match,,
48304,BEPANTHENE CREAM 30 GM,BEPANTHEN CREAM 30 GM,بيبانثين كريم 30 جم,2192685.0,97.7,algo_match,brand_index,,
73537,BEPRA 20 MG 14 TAB,BEPRA 20 MG 14 F.C. TAB,بيبرا 20 مجم 14 اقراص,,90.0,algo_match,brand_index,,
88551,BEPRA 20MG 21 TAB,BEPRA 20 MG 21 F.C. TAB,بيبرا 20 مجم 21 اقراص,2544612.0,90.0,algo_match,brand_index,,
91943,BEPRA 20MG 28 TAB,BEPRA 20 MG 28 F.C. TAB,بيبرا 20 مجم 28 اقراص,2312717.0,90.0,algo_match,brand_index,,
11722,BETACLOTRI CREAM 15 GM,BETACLOTRI CREAM 15 GM,لاتري شامبو انتي هير لوس,2683764.0,100.0,algo_match,brand_index,,
3516,BETACOR 80mg 30TAB,BETACOR 80 MG 30 TAB.,بيتاكور 80 مجم 30 اقراص,1613628.0,100.0,algo_match,brand_index,,
73931,BETADERM 0.1% TOPICAL OINT. 15 GM,BETADERM 0.1 % TOPICAL OINT. 15 GM,بيتاديرم 0.1 % مرهم 15 جم,2541177.0,95.4,algo_match,brand_index,,
79374,BETADERM 30GM CREAM,BETADERM 0.1 % CREAM 30 GM,بيتاديرم 0.1 % كريم 30 جم,1546692.0,87.0,ai_confirmed,ai_verified,0.0,
73314,BETADERM CREAM 15 GM,BETADERM 0.1 % CREAM 15 GM,بيتاديرم 0.1 % كريم 15 جم,2469027.0,87.0,ai_confirmed,ai_verified,0.0,
92647,BETADINE 10% PRONTO 120 ML,BETADINE 10 % OINT. 20 GM,بيتادين مرهم 20 جم,,80.0,ai_confirmed,ai_verified,0.0,
92648,BETADINE 10% PRONTO 60 ML,BETADINE 10 % OINT. 60 GM,بيتادين مرهم 60 جم,,81.6,ai_confirmed,ai_verified,0.0,
77493,BETADINE ANTISEPTIC 120 ML SOLN. 10%,BETADINE ANTISEPTIC SOLN. 10 % 120 ML,بيتادين محلول مطهر 10 % 120 مل النيل,947818.0,95.8,algo_match,brand_index,,
74821,BETADINE ANTISEPTIC 60 ML SOLN. 10%,BETADINE ANTISEPTIC SOLN. 10 % 60 ML,بيتادين محلول مطهر 10 % 60 مل النيل,,95.7,algo_match,brand_index,,
92496,BETADINE ANTISEPTIC SOLUTION 120 ml inova,BETADINE ANTISEPTIC SOLUTION 120 ML A PRONTO,بيتادين محلول مطهر 120 مل اي برونتو,2618637.0,82.4,ai_confirmed,ai_verified,0.0,
78115,betadine dry powder spray,BETADINE DRY POWDER SPRAY 2.5 % 55 GM,بيتادين بخاخ بودره جافه 2.5 % 55 جم,,80.6,ai_confirmed,ai_verified,0.0,
73530,BETADINE MOUTH WASH 120 ML,,,,,,no_match,,
17028,BETADINE SHAMPOO 120ml,BETADINE SHAMPOO 7.5 % 120 ML,بيتادين شامبو 7.5 % 120 مل النيل,2431214.0,88.5,ai_confirmed,ai_verified,0.0,
81275,BETADINE SHAMPOO 60ML,BETADINE SHAMPOO 7.5 % 60 ML,بيتادين شامبو 7.5 % 60 مل النيل,2192702.0,88.0,ai_confirmed,ai_verified,0.0,
73328,BETADINE VAG DOUCHE 120 ML,,,,,,no_match,,
55138,BETAFOS 1 AMP. 2ML,BETAFOS 1 AMP. 2 ML,بيتافوس 1 امبول 2 مل,2466429.0,100.0,algo_match,brand_index,,
46487,BETAFUCIN CREAM 15 gm,BETAFUCIN CREAM 15 GM,بيتافيوسين كريم 15 جم,2435723.0,100.0,algo_match,brand_index,,
76971,BETALLERGE 30 TAB,BETALLERGE 0.25 / 2 MG 30 TABS.,بيتاليرج 0.25 مجم 30 اقراص,2312733.0,86.7,ai_confirmed,ai_verified,0.0,
26421,BETAMETHASONE CREAM 20GM,,,,,,no_match,,
80486,BETAPRONATE PLUS CREAM 30GM,BETAPRONATE PLUS CREAM 30 GM,بيتابرونات بلس كريم 30 جم,902778.0,100.0,algo_match,brand_index,,
73897,BETASERC 16 MG 60 TAB,BETASERC 16 MG 60 TABS.,بيتاسيرك 16 مجم 60 اقراص,2472860.0,97.7,algo_match,brand_index,,
40433,BETASERC 24 MG 40 TAB,BETASERC 24 MG 40 TABS.,بيتاسيرك 24 مجم 40 اقراص,1252960.0,97.7,algo_match,brand_index,,
73452,BETASERC 8 MG 100 TAB,BETASERC 8 MG 100 TABS.,بيتاسيرك 8 مجم 100 اقراص,2469036.0,97.7,algo_match,brand_index,,
75501,BETATHALMIC EYE DROP 10 ML,BETATHALMIC 0.5 % EYE DROPS 10 ML,بيتاثالميك 0.5 % قطره للعين 10 مل,,88.1,ai_confirmed,ai_verified,0.0,
29440,BETAVAL 15 GM OINT,BETAVAL C OINT. 15 GM,بيتافال سي مرهم 15 جم,,94.7,algo_match,brand_index,,
46495,BETAVAL CREAM 20 GM,BETAVAL C CREAM 20 GM,بيتافال سي كريم 20 جم,,95.0,algo_match,brand_index,,
89498,BETAVAL CREAM 30 GM,,,,,,no_match,,
72727,BETMIGA 50 MG 30 TAB,BETMIGA 50 MG 30 PROLONGED R.TABLETS,بيتميجا 50 مجم 30 اقراص,2435715.0,88.9,ai_confirmed,ai_verified,0.0,
73139,BETOLVEX 2 AMP,BETOLVEX 1 MG / ML 2 AMP. I.M.,بيتولفكس 1 مجم / مل 2 امبول,902800.0,100.0,algo_match,token_set_ratio,,
78142,BETOLVEX 2 pre-filled AMP,BETOLVEX 1 MG / ML 2 PRE FILLED SYRINGE I.M.,بيتولفكس 1 مجم / مل 2 سرنجه,2469044.0,91.3,algo_match,token_set_ratio,,
B,BI-ALCOFAN 150 MG 30 TABS,BI ALCOFAN 150 MG 30 TAB.,باي الكوفان 150 مجم 30 اقراص,2144155.0,98.0,algo_match,brand_index,,
BI,BI-KETOGESIC 150 MG 30 TAB.,BI KETOGESIC 150 MG 30 TAB.,باي كيتوجيسيك 150 مجم 30 اقراص,902540.0,100.0,algo_match,brand_index,,
74176,BI-PROFENID 20 TAB,BI PROFENID 150 MG 20 SCORED TABS.,باي بروفينيد 150 مجم 20 اقراص,902539.0,87.5,ai_confirmed,ai_verified,0.0,
40018,BIAPHINE CREAM 40MG,BIAPHINE CREAM 40 GM,بيافين كريم 40 جم,1764206.0,95.0,algo_match,brand_index,,
20781,BIDALKINE POWDER,,,,,,no_match,,
56609,BIENADOL 30 TAB,BIENADOL 30 TAB NILE,بينادول 30 اقراص النيل,,85.7,ai_confirmed,ai_verified,0.0,
84220,BIG PENIS 12 TAB,,,,,,no_match,,
90553,BILASTIGEC ORAL SOLUTON,,,,,,no_match,,
83249,bilastigec 20 20 tab,BILASTIGEC 20 MG 20 TABS.,بيلاستيجيك 20 مجم 20 اقراص,2469082.0,90.9,algo_match,brand_index,,
7231,BILICHOL 24 CAP,BILICHOL 24 CAPS.,بيليكول 24 كبسول,1439878.0,96.8,algo_match,brand_index,,
79726,BILINO 10 SACHETS,BILINO 10 SACHETS,بيلينو 10 اكياس,902704.0,100.0,algo_match,brand_index,,
84007,BILINO 15 ML DROPS,BILINO ORAL DROPS 15 ML,بيلينو قطره للفم 15 مل,1739305.0,87.8,ai_confirmed,ai_verified,0.0,
56551,BILIVER 450 MG 20 CAP,BILIVER 450 MG 20 CAPS.,بيليفير 450 مجم 20 كبسول,,97.7,algo_match,brand_index,,
74857,BILTRICIDE TAB,BILTRICIDE 600 MG 4 F.C. TABS.,بيلتريسيد 600 مجم 4 اقراص,2653903.0,83.3,ai_confirmed,ai_verified,0.0,
80506,BIO-GAINERS VANILLA 510 GRAM POWDER,,,,,,no_match,,
10512,BIO GAINERS CHOCOLATE 330 GM*10 SACHETS,,,,,,no_match,,
18683,BIO GAINERS CHOCOLATE 510 GM,,,,,,no_match,,
BLG,BIO LEGAM 100/60 MG 4 F.C TABLETS,,,,,,no_match,,
88750,BIO LEGAM 100/60 MG 8 F.C TABLETS,BIOLEGAM 100 / 60 MG 8 TAB,بايوليجام 100 / 60 مجم 8 اقراص,1130190.0,80.8,ai_confirmed,ai_verified,0.0,
84626,BIO SOFT CURLY CREAM,BIO SOFT CURLY CREAM 500 ML,بايو سوفت كريم للشعر الكيرلي 500 مل اصفر,,85.1,ai_confirmed,ai_verified,0.0,
74772,BIO STRONG 21 CAP,BIOSTRONG 21 SOFT GELATIN CAPS.,بيوسترونج 21 كبسول,2260729.0,82.8,ai_confirmed,ai_verified,0.0,
81913,BIOFILM 100GM GEL,BIOFILM GEL 100 GM,بيوفيلم جل 100 جم,2259831.0,100.0,algo_match,brand_index,,
90518,BIOFILM GEL 60,BIOFILM GEL 60 GM,بيوفيلم جل 60 جم,,90.3,algo_match,brand_index,,
60311,BIOFREEZE GEL 59 ML,BIOFREEZE GEL 59 ML,بيوفريز جل 59 مل,,100.0,algo_match,brand_index,,
83190,BIOGLITA PLUS 15/850MG 30 F.C. TABS.,BIOGLITA PLUS 15 / 850 MG 30 F.C. TAB.,بيوجليتا بلس 15 / 850 مجم 30 اقراص,902545.0,84.5,ai_confirmed,ai_verified,0.0,
6432,BIOMOX 500MG CAP,BIOMOX 500 MG 12 CAPS.,بيوموكس 500 مجم 12 كبسول,,89.5,ai_confirmed,ai_verified,0.0,
73972,BIONAL 30 CAP,BIONAL 30 CAPS.,بيونال 30 كبسول,2165704.0,96.3,algo_match,brand_index,,
88541,BIOPREX 10 MG 30 F.C.TABS,BIOPREX 10 MG 30 F.C.TABS.,بيوبريكس 10 مجم 30 اقراص,2469091.0,100.0,algo_match,brand_index,,
86368,BIOPREX 2.5 MG 30 F.C. TABS.,BIOPREX 2.5 MG 30 F.C.TABS,بيوبريكس 2.5 مجم 30 اقراص,2162848.0,100.0,algo_match,brand_index,,
88685,BIOPREX 5 MG 30 F.C.TABS,BIOPREX 5 MG 30 F.C.TABS,بيوبريكس 5 مجم 30 اقراص,1176782.0,100.0,algo_match,brand_index,,
76321,BIOPREX 7.5 MG 30 TAB,BIOPREX 7.5 MG 30 F.C. TABS.,بيوبريكس 7.5 مجم 30 اقراص,902851.0,89.4,ai_confirmed,ai_verified,0.0,
81228,BIORAZO 40 MG 14 CAPS,BIORAZO 40 MG 14 CAPS.,بيورازو 40 مجم 14 كبسول,2190456.0,100.0,algo_match,brand_index,,
90633,BIOREFAMIN 550 20 TAB,BIOREFAMIN 550 MG 20 F.C.TABS,بيوريفامين 550 مجم 20 اقراص,,84.0,ai_confirmed,ai_verified,0.0,
88480,BIOSERTAZOL 2% TOP. CREAM 30 GM,BIOSERTAZOL 2 % TOP. CREAM 30 GM,بيوسيرتازول 2 % كريم 30 جم,1924022.0,95.1,algo_match,brand_index,,
21520,BIOTIN 10.000 mcg 100 softgels (puritans pride),,,,,,no_match,,
91810,BIOTIN 5000MG مستورد,,,,,,no_match,,
47335,BIOTIN FORTE 60 CAP,BIOTIN FORTE 5 MG 60 CAPS.,بيوتين فورت 5 مجم 60 كبسول,2641186.0,86.4,ai_confirmed,ai_verified,0.0,
88514,BIOTIN PLUS 4 30CAP,BIOTIN PLUS 4 30 CAPS,بيوتين بلس فور 30 كبسول,2515657.0,97.6,algo_match,brand_index,,
73531,BIOVIT 12 DEPOT 2 AMP,BIOVIT 12 DEPOT 2 AMP.,بيوفيت 12 2 امبول,2453852.0,100.0,algo_match,brand_index,,
80919,BIOVITA 60 GUMMIES,BIOVITA 60 GUMMIES,بيوفيتا 60 اقراص مضغ,1670647.0,100.0,algo_match,brand_index,,
91625,biovita gummies 60+30 offer,BIOVITA 60 GUMMIES,بيوفيتا 60 اقراص مضغ,1670647.0,80.0,ai_confirmed,ai_verified,0.0,
88572,bioworld 500 10 tab,BIOWORLD 500 MG 10 TAB,بيوورلد 500 مجم 10 اقراص,,92.7,algo_match,brand_index,,
87054,BIOWORLD 500 5 TAB,BIOWORLD 500 MG 5 TAB,بيوورلد 500 مجم 5 اقراص,,92.3,algo_match,brand_index,,
63396,BIPERIDEN 2 MG 30 TABS,BIPERIDEN 2 MG 30 TABS.,بيبيريدين 2 مجم 30 اقراص,,100.0,algo_match,brand_index,,
85055,BISMUTH OXIDE 120 MG 56 COATED TABLETS,BISMUTH OXIDE 120 MG 56 F.C. TABS,بزموث اوكسيد 120 مجم 56 اقراص,902670.0,85.7,ai_confirmed,ai_verified,0.0,
28662,BISOCARD 10MG 30 TAB,BISOCARD 10 MG 30 F.C.TAB.,بيزوكارد 10 مجم 30 اقراص,2144123.0,91.3,algo_match,brand_index,,
84226,BISOCARD 2.5MG 30 TABS,BISOCARD 2.5 MG 30 F.C.TAB.,بيزوكارد 2.5 مجم 30 اقراص,1608269.0,89.8,ai_confirmed,ai_verified,0.0,
27691,BISOCARD 5MG 30 TAB,BISOCARD 5 MG 30 F.C.TAB.,بيزوكارد 5 مجم 30 اقراص,902820.0,90.9,algo_match,brand_index,,
48207,BISOCARD PLUS 5MG 30 TAB,,,,,,no_match,,
82589,Bisolock 10mg 20 tab,BISOLOCK 10 MG 30 F.C.TAB.,بيسولوك 10 مجم 30 اقراص,2159427.0,87.0,ai_confirmed,ai_verified,0.0,
84518,BISOLOCK 2.5 MG 30 F.C. TABS.,BISOLOCK 2.5 MG 30 F.C.TAB.,بيسولوك 2.5 مجم 30 اقراص,902834.0,98.1,algo_match,brand_index,,
80542,BISOLOCK_D 20 TABLETS,,,,,,no_match,,
84375,BISOLOCK5MG TABIETS,BISOLOCK 5 MG 30 F.C.TAB.,بيسولوك 5 مجم 30 اقراص,902836.0,81.0,ai_confirmed,ai_verified,0.0,
80992,BISOLVON 8 MG 20 TABS,BISOLVON 8 MG 20 TABS.,بيسلفون 8 مجم 20 اقراص,,100.0,algo_match,brand_index,,
74239,BISOLVON ELIXIR 115 ML SYRUP,,,,,,no_match,,
90791,BISPYLLER 120 H.G. CAPS,BISPYLLER 120 CAPS,بيسبيلر 120 كبسول,2337830.0,90.0,algo_match,brand_index,,
54991,BISTOL 10 MG 20 TAB,BISTOL 10 MG 20 F.C. TAB.,بيستول 10 مجم 20 اقراص,2248533.0,90.5,algo_match,brand_index,,
58414,BISTOL 5 MG 20 TAB,BISTOL 5 MG 20 F.C.TAB.,بيستول 5 مجم 20 اقراص,1505533.0,90.0,algo_match,brand_index,,
55825,BISTOL PLUS 2.5/6.25 mg 20 TAB,BISTOL PLUS 2.5 / 6.25 MG 20 F.C.TAB.,بيستول بلس 2.5 / 6.25 مجم 20 اقراص,2063786.0,87.9,ai_confirmed,ai_verified,0.0,
90001,BISTOL PLUS 5/12.5 MG 20 FILM,,,,,,no_match,,
73894,BIVATRACIN SPRAY,,,,,,no_match,,
83939,BLADOGRA 25MG 30TABLETS,BLADOGRA XR 25 MG 30 F.C. TABS.,بلادوجرا اكس ار 25 مجم 30 اقراص,2146006.0,81.5,ai_confirmed,ai_verified,0.0,
79517,BLADOGRA 50MG 30TABLETS,BLADOGRA XR 50 MG 30 F.C. TABS.,بلادوجرا اكس ار 50 مجم 30 اقراص,1033617.0,81.5,ai_confirmed,ai_verified,0.0,
47891,BLANKA CREAM,BLANKA CREAM 50 GM,بلانكا كريم تفتيح للبشره 50 جم,2468946.0,80.0,ai_confirmed,ai_verified,0.0,
80296,BLEMIL PLUS 1 MILK 400 GM,BLEMIL PLUS 1 MILK 400 GM,بليميل بلس 1 لبن 400 جم,,100.0,algo_match,brand_index,,
90140,BLENDIBONE 30TAB,BLENDIBON 30 TABLET,بلندي بون 30 اقراص,2141761.0,88.9,ai_confirmed,ai_verified,0.0,
89028,BLENDIBONE 30TABS,BLENDIBON 30 TABLET,بلندي بون 30 اقراص,2141761.0,86.5,ai_confirmed,ai_verified,0.0,
80860,BLEPHADEXOLINE EYE DROP 10ML,BLEPHADEXOLINE EYE DROPS 10 ML,بليفاديكسولين قطره عين 10 مل,2637023.0,98.3,algo_match,brand_index,,
88285,BLESS SHAMPOO WITH COCONUT OIL 500 ML,BLESS SHAMPOO 500 ML WITH COCONUT,بليس شامبو 500 مل بجوز الهند,2569170.0,94.3,algo_match,brand_index,,
64438,BLINK TEARS EYE DROPS 10 ML,,,,,,no_match,,
54519,BLOCK ALPHA 0.4 MR 30 CAP,BLOCK ALPHA 0.4 MG MR 30 CAPS.,بلوك الفا 0.4 مجم 30 كبسول,2144454.0,92.6,algo_match,brand_index,,
88122,blockadipine 20mg 20tab,BLOCKADIPINE 20 MG 20 F.C. TABS.,بلوكاديبين 20 مجم 20 اقراص,,90.9,algo_match,brand_index,,
82975,BLOCKOPECIA 5% TOPICAL SOLN. 60 ML,BLOCKOPECIA 5 % TOPICAL SOLN. 60 ML,بلوكوبيشيا 5 % بخاخ 60 مل,2113864.0,95.5,algo_match,brand_index,,
58899,BLOKATENS 10/160 MG 28 TAB,BLOKATENS 10 / 160 MG 28 F.C.TAB.,بلوكاتنس 10 / 160 مجم 28 اقراص,2140056.0,86.2,ai_confirmed,ai_verified,0.0,
58854,BLOKATENS 5/160 MG 28 TAB,,,,,,no_match,,
87235,blokatens 5/80 mg CAP,BLOKATENS 5 / 80 MG 28 F.C. TAB.,بلوكاتنس 5 / 80 مجم 28 اقراص,2157469.0,85.7,ai_confirmed,ai_verified,0.0,
92348,BLOKATENS HCT 5/160/12.5MG 28 TAB,,,,,,no_match,,
91953,Blokatens HCT 10/160/25 Tab,,,,,,no_match,,
20764,BLOKIUM DIU 15 TAB,BLOKIUM DIU 100 / 25 MG 15 TAB.,بلوكيوم ديو 100 / 25 مجم 15 اقراص,,100.0,algo_match,token_set_ratio,,
87780,BLOOM VILLE 30 TAB,BLOOM VILLE 30 TABS,بلومفيل 30 اقراص,2343961.0,97.3,algo_match,brand_index,,
91449,BLOOM VILLE IRON 28 MG 30 CAP,BLOOM VILLE IRON 30 CAPS,بلومفيل ايرون 30 كبسول,2316865.0,86.8,ai_confirmed,ai_verified,0.0,
90814,BLOXIMIN 30 CAP,BLOXIMIN 30 CAPS,بلوكسمين 30 اقراص,1996164.0,96.8,algo_match,brand_index,,
88635,blue bird lenire ointment,,,,,,no_match,,
87726,BLUE LINE FORCE SHOWER GEL,BLUE LINE SHOWER GEL FORCE 1 LITRE,بلو لاين شاور 1 لتر فورس,,100.0,algo_match,token_set_ratio,,
87722,BLUEKANZA PLUS 75 ML SPRAY,BLUEKANZA PLUS NASAL SPRAY 75 ML,بلوكانزا بخاخ بلس,2680814.0,89.7,ai_confirmed,ai_verified,0.0,
92377,BLUEKANZA 75 ML SPRAY,BLUEKANZA NASAL SPRAY 75 ML,بلوكانزا بخاخ كيواد,2680813.0,87.5,ai_confirmed,ai_verified,0.0,
83417,BOBAI SUNSCREEN EXTRA LIGHTENING GEL SPF 50 - 50 G,,,,,,no_match,,
84817,BOBAI SUNSCREEN GEL ANTI SHINE 50GM,,,,,,no_match,,
87789,BODY SPLASH JASMINE BLOOM 217 ML,,,,,,no_match,,
87895,BODYLICIOUS COCONUT BREEZE DEODORANT 50ML,,,,,,no_match,,
87563,BODYLICIOUS GOOD ONLY BODY SPLASH 100 ML,,,,,,no_match,,
87897,BODYLICIOUS WHITE MUSK DEODORANT 50ML,,,,,,no_match,,
26590,BONAPEX 70MG TAB,BONAPEX 70 MG 4 F.C. TAB.,بونابكس 70 مجم 4 اقراص,902749.0,85.0,ai_confirmed,ai_verified,0.0,
85332,BONDIGA 120 ML SYRUP,BONDIGA SYRUP 120 ML,بونديجا شراب 120 مل,2173605.0,100.0,algo_match,brand_index,,
88636,BONDIGA 30TABLETS,BONDIGA 30 TAB,بونديجا 30 اقراص,1546664.0,87.5,ai_confirmed,ai_verified,0.0,
76974,BONE CARE 0.25 30 CAP,BONE CARE 0.25 MCG 30 CAP.,بون كير 0.25 ميكرو 30 كبسول,2312707.0,91.3,algo_match,brand_index,,
77465,BONE CARE 0.5 MCG 30 TABS,BONE CARE 0.5 MCG 30 CAP.,بون كير 0.5 ميكرو 30 كبسول,902745.0,81.6,ai_confirmed,ai_verified,0.0,
74245,BONE CARE 1 MCG 30 TAB,BONE CARE 1 MCG 30 CAPS.,بون كير 1 ميكرو 30 كبسول,902743.0,80.0,ai_confirmed,ai_verified,0.0,
75070,BONE ONE 0.25MCG TAB,,,,,,no_match,,
74190,BONE ONE 0.5MCG TAB,,,,,,no_match,,
74189,BONE ONE 1MCG TAB,,,,,,no_match,,
91217,BONEDIVITON 50.000 I.U. SYRUP 2.5 ML 4 DOSES,,,,,,no_match,,
90835,BONEFIT 5000 I.U. 30 TABS,BONEFIT 5000 I.U. 30 TABS,بونفيت 5000 وحده دوليه 30 اقراص,2145991.0,100.0,algo_match,brand_index,,
75719,BONKIDY NO RASH CREAM 20 SACHETS,BON KIDY NO RASH 20 SACHET,بون كيدي نو راش 20 اكياس,2060671.0,86.2,ai_confirmed,ai_verified,0.0,
84595,bonofit 10000 20 tab,,,,,,no_match,,
84769,BONOFIT 5000 TABS,,,,,,no_match,,
91867,BONOSOME R-DNA (20MCG/80MCL) 7 PRE-FILLED SYRINGES,BONOSOME R DNA 20 MCG / 80 MCL 7 PRE FILLED SYRINGES S.C,بونوزوم سرنجه معباه,,87.0,ai_confirmed,ai_verified,0.0,
60320,BONPROVE 150MG 3TAB,BONPROVE 150 MG 3 F.C. TABLETS,بونبروف 150 مجم 3 اقراص,,84.0,ai_confirmed,ai_verified,0.0,
40020,BORGASONE CREAM 20 GM,BORGASONE 0.1 % CREAM 20 GM,بورجازون 0.1 % كريم 20 جم,,87.5,ai_confirmed,ai_verified,0.0,
46700,BORGASONE LOTION,BORGASONE 0.1 % LOTION 20 ML,بورجازون 0.1 % لوسيون 20 جم,,100.0,algo_match,token_set_ratio,,
40019,BORGASONE OINT,BORGASONE 0.1 % OINT. 20 GM,بورجازون 0.1 % مرهم 20 جم,,100.0,algo_match,token_set_ratio,,
83838,BORGASONE PLUS OINT. 30 GM,BORGASONE PLUS OINT. 30 GM,بورجازون بلس مرهم 30 جم,,100.0,algo_match,brand_index,,
88872,BORGASONE TRIO CREAM 15 GM,BORGASONE TRIO CREAM 15 GM,بورجازون تريو كريم 15 جم,,100.0,algo_match,brand_index,,
67334,BORGAVIX 75MG 30TAB,BORGAVIX 75 MG 30 F.C. TABLETS,بورجافيكس 75 مجم 30 اقراص,,84.0,ai_confirmed,ai_verified,0.0,
27571,BORIC ACID LOTION 2%,,,,,,no_match,,
18793,BORIC ACID LOTION 4%,,,,,,no_match,,
91837,BOTKEEL 60 CAPS,BOTKEEL 60 CAPS,بوتكيل 60 كبسول,,100.0,algo_match,brand_index,,
81194,BOWELOCARE ORAL DROPS 15 ML,BOWELOCARE 0.75 % ORAL DROPS 15 ML,بولوكير 0.75 % قطره 15 مل,2653957.0,88.5,ai_confirmed,ai_verified,0.0,
73992,BRADIPECT 5 MG 28 TAB,BRADIPECT 5 MG 28 F.C. TABS.,براديبيكت 5 مجم 28 اقراص,906638.0,89.4,ai_confirmed,ai_verified,0.0,
68746,BRADIPECT 7.5 MG 28 TAB,BRADIPECT 7.5 MG 28 F.C. TABS.,براديبيكت 7.5 مجم 28 اقراص,2435567.0,90.2,algo_match,brand_index,,
90751,BRADOZEN 0.5MG 20 LOZENGES,,,,,,no_match,,
47804,BRAIN-OX 20 CAP,BRAIN OX 30 MG S.R. 20 CAPS.,برين اوكس 30 مجم اس ار 20 كبسول,2464155.0,84.6,ai_confirmed,ai_verified,0.0,
46494,BRAN CAP,BRAN 60 CAPSULES (MEPACO),بران 60 كبسول (ميباكو),1031434.0,100.0,algo_match,partial_token_sort_ratio,,
86385,BRAND BRONCHILOSE SYRUP 120 ML,,,,,,no_match,,
90749,BRAND CAP PLUS,,,,,,no_match,,
81308,BRAND COUGH 120 ML SYRUP,BRAND COUGH SYRUP 120 ML,براند كف شراب 120 مل,974291.0,100.0,algo_match,brand_index,,
66270,BRAVAMAX 200 MG 10 TAB,BRAVAMAX 200 MG 10 TAB,برافاماكس 200 مجم 10 اقراص,902555.0,100.0,algo_match,brand_index,,
92495,Braytocal 30 tabs,BRAYTOCAL 30 TABS,برايتوكال 30 اقراص,2318000.0,100.0,algo_match,brand_index,,
90761,BRAYTOFLEX 30 TAB,BRAYTOFLEX 30 TABLETS,برايتوفليكس 30 اقراص,2146260.0,89.5,ai_confirmed,ai_verified,0.0,
90165,BREATHOVANCE NEBULIZER SOLN. 20 AMP. 2.5ML,BREATHOVANCE NEBULIZER SOLN. 20 AMP. 2.5 ML,بريثوفانس امبولات استنشاق 20 امبول 2.5 مل,,100.0,algo_match,brand_index,,
75545,BRESTTO 20 PIECES,BRESTTO 20 PIECES CHEW. TABS.,بريستو 20 اقراص مضغ,2145416.0,100.0,algo_match,token_set_ratio,,
76525,BRETT VAG WASH 250ML,,,,,,no_match,,
84367,BREVA D3 10000 IU 30TAB,BREVA D 3 10000 I.U. 30 TABS,بريفا دي 3 10000 وحده 30 اقراص,2146574.0,92.3,algo_match,brand_index,,
82956,BREVY 2.5MG/5ML SYRUP 100 ML,BREVY 2.5 MG / 5 ML SYRUP 100 ML,بريفي 2.5 مجم / 5 مل شراب 100 مل,2300474.0,90.3,algo_match,brand_index,,
83356,BREVY 5 MG 10 F.C. TABS,BREVY 5 MG 10 F.C. TABS,بريفي 5 مجم 10 اقراص,1765066.0,100.0,algo_match,brand_index,,
73877,BREXIN 10 TAB,BREXIN 20 MG 10 TAB.,بريكسين 20 مجم 10 اقراص,,81.2,ai_confirmed,ai_verified,0.0,
86993,BREXPIPRAZOLE CLAVITA PHARMA 2MG 30TAB,,,,,,no_match,,
87715,BREZTRI AEROSPHERE 160/9/4.8 MCG 120 DOSES,,,,,,no_match,,
90386,BRIGHT VISION,,,,,,no_match,,
81066,BRILIQUE 60MG 56TABS,BRILIQUE 60 MG 56 F.C. TABS.,بريليك 60 مجم 56 اقراص,2415782.0,91.7,algo_match,brand_index,,
68723,BRILIQUE 90 MG 56 TAB,BRILIQUE 90 MG 56 F.C. TABS.,بريليك 90 مجم 56 اقراص,1993835.0,89.4,ai_confirmed,ai_verified,0.0,
84289,BRIMILERGY EYE DROPS,,,,,,no_match,,
86814,BRIMODROPS SOLUTION 5 ML,,,,,,no_match,,
82763,BRIMONDALOUS TOPICAL GEL 30GM,BRIMONDALOUS 0.33 % TOPICAL GEL 30 GM,بريموندالوس 0.33 % جل 30 جم,,89.6,ai_confirmed,ai_verified,0.0,
56052,BRIMONIDINE EYE DROPS,BRIMONIDINE 0.2 % EYE DROPS 5 ML,بريمونيدين 0.2 % قطره 5 مل,902665.0,100.0,algo_match,token_set_ratio,,
61303,BRIMONOCOND 0.2 % EYE DROPS,BRIMONOCOND 0.2 % EYE DPS. 5 ML,بريمونوكوند 0.2 % قطره 5 مل,1159854.0,87.7,ai_confirmed,ai_verified,0.0,
29320,BRINGO LOTION 120 ML,BRINGO TOPICAL LOTION 120 ML,برينجو لوسيون 120 مل,2156284.0,83.3,ai_confirmed,ai_verified,0.0,
89093,BRINOMEGA SYRUP 120 ML,BRINOMEGA SYRUP 120 ML,برينوميجا شراب 120 مل,2143183.0,100.0,algo_match,brand_index,,
74142,BRISTAFLAM 20TAB,BRISTAFLAM 100 MG 20 F.C.TABS.,بريستافلام 100 مجم 20 اقراص,902648.0,86.7,ai_confirmed,ai_verified,0.0,
18891,BRISTAFLAM CREAM,BRISTAFLAM 1.5 % CREAM 30 GM,بريستافلام 1.5 % كريم 30 جم,,100.0,algo_match,token_set_ratio,,
88981,BRIVAFUTAL 100 MG 30 F.C.TABS,BRIVAFUTAL 100 MG 30 F.C.TABS,بريفافيوتال 100 مجم 30 قرص,2471652.0,100.0,algo_match,brand_index,,
85328,BRIVAFUTAL 50 MG 30 TABS,BRIVAFUTAL 50 MG 30 F.C.TABS,بريفافيوتال 50 مجم 30 قرص,2400471.0,92.3,algo_match,brand_index,,
74333,BROMOFLAM EYE DROPS,BROMOFLAM 0.09 % EYE DROPS 5 ML,بروموفلام 0.09 % قطره للعين 5 مل,902620.0,100.0,algo_match,token_set_ratio,,
79171,BRONCARE SYRUP 120 ML,BRONCARE SYRUP 120 ML,برونكير شراب 120 مل,2639881.0,100.0,algo_match,brand_index,,
81877,BRONCHICUM 20 LOZENGES,BRONCHICUM 20 LOZENGES,برونشيكوم 20 اقراص استحلاب,1555216.0,100.0,algo_match,brand_index,,
45039,BRONCHICUM ELIXIR SYRUP 100 ML,BRONCHICUM ELIXIR 100 ML,برونشيكوم اليكسر شراب 100 مل افنتس,2670101.0,88.9,ai_confirmed,ai_verified,0.0,
85428,BRONCHO-N 120 ML SYRUP,BRONCHO SYRUP 120 ML,برونكو شراب 120 مل,963909.0,95.2,algo_match,brand_index,,
75080,BRONCHO-VAXOM ADULT10 CAP,BRONCHO VAXOM ADULTS 7 MG 10 CAPS,برونكو فاكسوم للكبار 7 مجم 10 كبسول,1940247.0,88.1,ai_confirmed,ai_verified,0.0,
75081,BRONCHO-VAXOM INFANT CAP,,,,,,no_match,,
47526,BRONCHO-VAXOM SACHETS,,,,,,no_match,,
87386,broncholin s 240 doses,BRONCHOLIN S 240 DOSES AEROSOL FOR INHALATHION,برونكولين اس 240 جرعه بخاخ استنشاق,1751037.0,100.0,algo_match,token_set_ratio,,
82073,broncholin s 30 ml,BRONCHOLIN S 0.5 % RESPIRATOR SOLN. 30 M,برونكولين اس 0.5 % محلول 30 مل,1766788.0,90.9,algo_match,token_set_ratio,,
2066,BRONCHOPHANE SYRUP,BRONCHOPHANE SYRUP 125 ML,برونكوفين شراب 125 مل,902635.0,83.7,ai_confirmed,ai_verified,0.0,
17936,BRONCHOPRO DROPS,BRONCHOPRO 7.5 MG / ML ORAL DROPS 30 ML,برونكوبرو 7.5 مجم / مل قطره 30 مل,1513507.0,100.0,algo_match,token_set_ratio,,
75340,BRONCHOPRO RETARD CAP,BRONCHOPRO RETARD 75 MG 10 CAPS,برونكوبرو ريتادر 10 كبسوله جديد,2640270.0,80.8,ai_confirmed,ai_verified,0.0,
74406,BRONCHOPRO SYRUP 100 ML,BRONCHOPRO 15 MG / 5 ML SYRUP 100 ML,برونكوبرو 15 مجم / 5 مل شراب 100 مل,1269378.0,100.0,algo_match,token_set_ratio,,
83577,BRONCHOPYONAIR PLUS 30 CAPS,BRONCHOPYONAIR PLUS 50 / 100 MCG 30 CAPS,برونكوبايونير بلس 50 / 100 مكجم 30 كبسول,2058647.0,80.6,ai_confirmed,ai_verified,0.0,
91730,BRONCHOSIRA SYRUP 100 ML,,,,,,no_match,,
23288,BRONKING SYRUP,,,,,,no_match,,
87087,BROOKE 50 GM GEL,,,,,,no_match,,
79172,BROSS-COUGH SYRUP 120 ML,,,,,,no_match,,
74752,BROTHER CARE 100gm,,,,,,no_match,,
87787,BROVITACAN COMPLEX 30 F.C. CAPS,BROVITACAN COMPLEX 30 TAB,بروفيتاكان كومبلكس 30 اقراص,2564617.0,80.0,ai_confirmed,ai_verified,0.0,
88045,BRUCARE 15 GM CREAM,,,,,,no_match,,
85454,BRUFEN 10 SACHETS,BRUFEN 600 MG 10 EFF. GR. IN SACHETS,بروفين 600 مجم فوار 10 اكياس,1030466.0,100.0,algo_match,token_set_ratio,,
73885,BRUFEN 200MG 30TAB,BRUFEN 200 MG 30 TAB,بروفين 200 مجم 30 اقراص,1653115.0,100.0,algo_match,brand_index,,
BR,BRUFEN 400MG 30TAB,BRUFEN 400 MG 30 TAB,بروفين 400 مجم 30 اقراص,2312653.0,100.0,algo_match,brand_index,,
73662,BRUFEN 600 MG 30TAB,BRUFEN 600 MG 30 TAB,بروفين 600 مجم 30 اقراص,1653116.0,100.0,algo_match,brand_index,,
83796,BRUFEN COLD 20 TABS,BRUFEN COLD 20 F.C. TABS.,بروفين كولد 20 اقراص,2640312.0,90.5,algo_match,brand_index,,
47550,BRUFEN FLU 10TAB,BRUFEN FLU 10 F.C. TABS.,بروفين فلو 10 اقراص,,87.2,ai_confirmed,ai_verified,0.0,
73539,BRUFEN SYRUP 150,,,,,,no_match,,
89443,BSWIFT 1000 MCG 30 SUBLINGUAL DISP. TABS,BSWIFT 1000 MCG 30 TABS,بيسويفت 100 مجم,2683331.0,100.0,algo_match,token_set_ratio,,
84243,BTWELVE 30 TABS,,,,,,no_match,,
87509,BUBBLES CLASSIC NIPPLE 4 MONTHES,,,,,,no_match,,
88305,BUBBLES DIAPER AREA CREAM 100 ML,BUBBLES DIAPER CREAM FOR BABIES 100 ML,بابلز كريم حفاضات للاطفال 100 مل,,85.7,ai_confirmed,ai_verified,0.0,
87893,BUBBLES HAIR CREAM 100 ML,BUBBLES HAIR CREAM FOR KIDZ 100 ML,بابلز كريم شعر للاطفال 100 مل,,84.7,ai_confirmed,ai_verified,0.0,
61806,BUDELIZER 400MCG 60 INH. CAPS. +INHALER DEVICE,BUDELIZER 400 MCG 60 INH. CAPS. +INHALER DEVICE,بيوديلايزر 400 مكجم 60 كبسول + بخاخ,2369314.0,100.0,algo_match,brand_index,,
BU25,BUDEXAN 0.5 MG/2ML 20 AMP. FOR INH.,BUDEXAN 0.5 MG / 2 ML 5 SUSP. AMP. FOR INH.,بوديكسان 0.5 مجم / 2 مل 5 شراب امبول (شريط),,83.8,ai_confirmed,ai_verified,0.0,
81313,BUDEXAN 1 MG/2ML 20 AMP. FOR INH.,BUDEXAN 1 MG / 2 ML 20 SUSP. AMP. FOR INH.,بوديكسان 1 مجم / 2 مل 20 شراب امبول,2474069.0,84.5,ai_confirmed,ai_verified,0.0,
92097,BUPROFUTAL 150 MG 30 TAB,BUPROFUTAL 150 MG 30 CAPS,بوبروفيوتال 150 مجم 30 كبسول,,81.6,ai_confirmed,ai_verified,0.0,
74891,BURNASORES 30GM CREAM,,,,,,no_match,,
81090,BURNASORES OINTMENT 15g,BURNASORES 0.25 % OINT. 15 GM,برناسورز 0.25 % مرهم 15 جم,2166190.0,88.9,ai_confirmed,ai_verified,0.0,
74904,BUSCOPAN 10 MG 20TAB,BUSCOPAN 10 MG 20 SUGAR C.TABS,بوسكوبان 10 مجم 20 اقراص,2144004.0,82.4,ai_confirmed,ai_verified,0.0,
12277,BUSCOPAN AMP,BUSCOPAN 20 MG / ML 6 AMP.,بوسكوبان 20 مجم / مل 6 امبول,,100.0,algo_match,token_set_ratio,,
16822,BUSPAR 10 MG 20 TAB,BUSPAR 10 MG 20 TAB.,بوسبار 10 مجم 20 اقراص,,100.0,algo_match,brand_index,,
65968,BUTAXIMARK 15GM CREAM,BUTAXIMARK 1 % TOPICAL CREAM 15 GM,بوتاكسيمارك 1 % كريم 15 جم,2096804.0,100.0,algo_match,token_set_ratio,,
91767,BUTAZORELLA 150 MG 14 H.G. CAPS,BUTAZORELLA 150 MG 14 CAPS,بيوتازوريلا 150 مجم 14 اقراص,,92.9,algo_match,brand_index,,
79973,C-RETARD + ZINC 20 CAPS,C RETARD + ZINC 20 CAPS,سي ريتارد + زنك 20 كبسول,2534729.0,100.0,algo_match,brand_index,,
75694,C-RETARD 500MG 10 CAPS.,C RETARD 500 MG 10 CAPS.,سي ريتارد 500 مجم 10 كبسول,1494203.0,100.0,algo_match,brand_index,,
22400,C-VIT DROPS,C VIT 10 GM / 100 ML DROPS 15 ML,سي فيت 10 جم / 100 مل قطره 15 مل,903940.0,100.0,algo_match,token_set_ratio,,
79719,C ZINC 30 HARD GELATIN CAPSULES,,,,,,no_match,,
47832,CABELLA SYRUP 125 ML,CABELLA 21.3 MG / 10 ML SYRUP 125 ML,كابيلا 21.3 مجم / 10 مل شراب 125 مل,,100.0,algo_match,token_set_ratio,,
73279,CABERGAMOUN 0.5 MG 2 TAB,CABERGAMOUN 0.5 MG 2 TAB.,كابرجامون 0.5 مجم 2 اقراص,1661616.0,100.0,algo_match,brand_index,,
66316,CAFA CAFFEINE RICH CREAM 120 G,,,,,,no_match,,
59809,CAFA HAIR CREAM 50 GM,CAFA HAIR CREAM 50 GM,كافا كريم شعر 50 جم,2144672.0,100.0,algo_match,brand_index,,
83849,CAFIX CALCIUM 30TABLETS,,,,,,no_match,,
90413,CAFTOHIST 0.25 EYE DROPS 3 ML,CAFTOHIST 0.25 % EYE DROPS 3 ML,كافتوهيست 0.25 % قطره للعين 3 مل,1360553.0,96.7,algo_match,brand_index,,
89267,CAL-MAG-D 30 CAPS,CAL MAG D 30 CAPS,كال ماج دي 30 اقراص,2146703.0,100.0,algo_match,brand_index,,
88634,cal dar tablet,,,,,,no_match,,
74096,CAL MAG 30TAB,,,,,,no_match,,
83142,CAL MAG FORTE SYRUP,CAL MAG FORTE SYRUP 120 ML,كال ماج فورت شراب 120 مل,2369295.0,84.4,ai_confirmed,ai_verified,0.0,
84407,CAL MAG JOINT 30TAB,CAL MAG JOINT 30 TAB,كال ماج جوينت 30 قرص,2436981.0,100.0,algo_match,brand_index,,
19375,CAL PREG 30 TABS,CAL PREG 30 F.C. TABS,كال بريج 30 اقراص,2470651.0,88.9,ai_confirmed,ai_verified,0.0,
75415,CAL PREG D 30 TAB,CAL PREG D 30 F.C. TABS.,كال بريج دي 30 اقراص,2143931.0,87.2,ai_confirmed,ai_verified,0.0,
90596,CALAMINE-GO LOTION,CALAMINE GO LOTION,كالامين جو لوشن,,100.0,algo_match,brand_index,,
84807,CALAMINE 100 ML LOTION,CALAMINE LOTION 100 ML NOVEX,كالامين لوسيون / نوفيكس قديم,2370968.0,88.0,ai_confirmed,ai_verified,0.0,
51522,CALAMINE 80 MI LOTION,CALAMINE GO LOTION,كالامين جو لوشن,,90.9,algo_match,token_set_ratio,,
83220,CALAMYL LOTION 100ML MUP,CALAMYL D LOTION 100 ML,كالاميل دي لوسيون 100 مل,2127946.0,87.5,ai_confirmed,ai_verified,0.0,
90699,CALCAO 20TAB,,,,,,no_match,,
74505,CALCI- MAX 600 mg 30 tab,CALCIMAX 600 MG 30 F.C. TABS.,كالسي ماكس 600 مجم 30 اقراص,1455925.0,88.0,ai_confirmed,ai_verified,0.0,
79750,CALCI-MASH 30 F.C. TABS.,CALCI MASH 30 F.C. TABS.,كالسي ماش 30 اقراص,2146645.0,100.0,algo_match,brand_index,,
73653,CALCI MAX PLUS TAB,CALCIMAX PLUS 30 F.C. TABS.,كالسي ماكس بلس 30 اقراص,2473490.0,88.9,ai_confirmed,ai_verified,0.0,
90426,CALCICOLAGE,CALCICOLAGE SYRUP 120 ML,كالسيكولاج 120 مل شراب 75,2653637.0,100.0,algo_match,token_set_ratio,,
89983,calcicolage 20tab,CALCICOLAGE 20 TABS,كالسيكولاج 20 اقراص,2431241.0,97.3,algo_match,brand_index,,
81307,CALCIDOL CALCIUM,CALCIDOL CALCIUM 20 TABS,كالسيدول 20 اقراص جديد,2532956.0,80.0,ai_confirmed,ai_verified,0.0,
91927,CALCIMA Plus 30 PICS,,,,,,no_match,,
74605,CALCIMATE 500 MG 12CAP,CALCIMATE 500 MG 12 CAPS.,كالسيمات 500 مجم 12 كبسول,1450038.0,97.9,algo_match,brand_index,,
88451,CALCIOGAM 20 TABS,CALCIOGAM 20 TAB,كالسيوجام 20 اقراص,2140599.0,97.0,algo_match,brand_index,,
34328,CALCIONATE AMP,CALCIONATE 6 AMPS.,كالسيونات 6 امبول,1492110.0,90.3,algo_match,brand_index,,
85407,calcisome D 60 caps,CALCISOME D 60 CAPS,كالسيزوم د 60 كبسول,2606711.0,100.0,algo_match,brand_index,,
22403,CALCITONUIM 100IU AMP,,,,,,no_match,,
22402,CALCITONUIM 50IU 5 AMP,CALCITONIUM 50 I.U. / ML 5 AMPS,كالسيتونيوم 50 وحده دوليه / مل 5 امبول,2552982.0,83.0,ai_confirmed,ai_verified,0.0,
79523,CALCITRIX 30 TABLETS,,,,,,no_match,,
73528,CALCITRON 30 CAP,CALCITRON 30 CAPS.,كالسيترون 30 كبسول,2143936.0,97.0,algo_match,brand_index,,
84941,CALCIUM 3 20 TABS,CALCIUM 3 20 TABS,كالسيوم 3 20 اقراص,2389505.0,100.0,algo_match,brand_index,,
73469,CALCIUM D3F 30 TAB,CALCIUM D 3 F 30 TAB.,كالسيوم د 3 اف 30 اقراص,2681298.0,100.0,algo_match,brand_index,,
91809,CALCIUM MAGNESIUM VITAMIN D3 120 CAP,,,,,,no_match,,
73479,CALDIN-C 30 TAB,CALDIN C 30 TABS,كالدين سي 30 اقراص,1586909.0,96.8,algo_match,brand_index,,
89664,CALDIN CK 30TAB,CALDIN CK 30 TABS,كالدين سي كي 30 اقراص,2390205.0,97.0,algo_match,brand_index,,
77702,CALDIN ZINC SUSP,CALDIN ZINC SUSP. 120 ML,كالدين زنك شراب 120 مل,2319630.0,82.1,ai_confirmed,ai_verified,0.0,
73754,CALHEPARINE 5000IU 3AMP,CAL HEPARINE 5000 I.U. 3 AMPS.,كال هيبارين 5000 وحده 3 امبول,1336570.0,94.3,algo_match,brand_index,,
86274,CALI IBM 120ML SYRUP,,,,,,no_match,,
81817,CALM SKIN CREAM 40GM,CALM SKIN CREAM 40 GM,كالم سكين كريم 40 جم,2542613.0,100.0,algo_match,brand_index,,
23290,CALMA KING SYRUP,CALMA KING SYRUP 120 ML,كالما كينج شراب 120 مل,2275309.0,82.1,ai_confirmed,ai_verified,0.0,
79163,CALMINAL SYRUP 120 ML,CALMINAL SYRUP 120 ML,كالمينال شراب 120 مل,2157280.0,100.0,algo_match,brand_index,,
84079,CALTERA PLUS 30 TABS,CALTERA PLUS 30 TABS,كالتيرا بلس 30 اقراص,2501239.0,100.0,algo_match,brand_index,,
91510,CALTONEX 20 TABS,CALTONEX 20 TABS,كالتونكس 20 اقراص,1030044.0,100.0,algo_match,brand_index,,
81952,can mouth CLOVE 120ml,,,,,,no_match,,
79236,CAN MOUTH WASH 120 ML,CAN MOUTH WASH 120 ML CLOVE,كان غسول للفم 120 مل بالنعناع,2362666.0,87.5,ai_confirmed,ai_verified,0.0,
82649,CAN MOUTH WASH 250 ML MINT,CAN MOUTH WASH 250 ML MINT,كان غرغره 120 مل نعناع,2438994.0,100.0,algo_match,brand_index,,
74058,CANDALKAN 16 MG 14 TAB,CANDALKAN 16 MG 14 F.C. TAB.,كاندلكان 16 مجم 14 اقراص,904578.0,91.7,algo_match,brand_index,,
58358,CANDALKAN 4 MG 14 TAB,CANDALKAN 4 MG 14 F.C.TAB.,كاندلكان 4 مجم 14 اقراص,904577.0,91.3,algo_match,brand_index,,
74059,CANDALKAN 8 MG 14 TAB,CANDALKAN 8 MG 14 F.C. TAB.,كاندلكان 8 مجم 14 اقراص,904579.0,91.3,algo_match,brand_index,,
74733,CANDALKAN PLUS 16/12.50 MG 14 TAB,,,,,,no_match,,
75045,CANDALKAN PLUS 32/12.50 MG 14TAB,,,,,,no_match,,
64054,CANDICURE - D CREAM 15 GM,CANDICURE D TOPICAL CREAM 15 GM,كانديكيور دي كريم موضعي 15 جم,,85.2,ai_confirmed,ai_verified,0.0,
74038,CANDICURE CREAM 30 GM,CANDICURE 1 % TOPICAL CREAM 30 GM,كانديكيور 1 % كريم 30 جم,919527.0,100.0,algo_match,token_set_ratio,,
74057,CANDICURE1 3 VAG OVULES,CANDICURE 1 600 MG 3 VAG. OVULES,كانديكيور 1 600 جم 3 لبوس,2386314.0,87.3,ai_confirmed,ai_verified,0.0,
82816,CANDISTAN TOPICAL CREAM 40GM,CANDISTAN 1 % TOPICAL CREAM 40 GM,كانديستان 1 % كريم 40 جم,1237341.0,93.5,algo_match,brand_index,,
83808,CANDY HONEY LEMON FLAVOR,,,,,,no_match,,
90182,CANOLIFE 10 CAPSULES,CANOLIFE 10 CAPS,كانولايف 10 كبسول,2146991.0,88.9,ai_confirmed,ai_verified,0.0,
92373,Cantrizone syrup 120 ml,CANTRIZONE SYRUP 120 ML,كانتريزون شراب 120 مل,2146990.0,100.0,algo_match,brand_index,,
91594,CAPECITAGIT 500 MG 120 TABS,CAPECITAGIT 500 MG 120 TABS,كابسيتابين 500 مجم 120 اقراص,,100.0,algo_match,brand_index,,
90729,CAPIXY HAIR CONDITIONER SULFATE FREEE,,,,,,no_match,,
84030,CAPIXY HAIR FERTILIZER CREAM 120ML,,,,,,no_match,,
85934,CAPIXY HAIR FERTILIZER SHAMPOO 250ML,,,,,,no_match,,
88270,CAPIXY HAIR LASHES SERUM 10 ML,,,,,,no_match,,
85551,CAPIXY INTENSE TONIC SPRAY 250 ML,,,,,,no_match,,
85935,CAPIXY SPRAY TONIQUE 250 ML,,,,,,no_match,,
6854,CAPOTEN 25MG 20TAB,CAPOTEN 25 MG 20 TAB.,كابوتين 25 مجم 20 اقراص,2535344.0,100.0,algo_match,brand_index,,
7598,CAPOTEN 50MG 10 TAB,CAPOTEN 50 MG 10 TAB.,كابوتين 50 مجم 10 اقراص,904511.0,100.0,algo_match,brand_index,,
21621,CAPOTRIL 25MG TAB,CAPOTRIL 25 MG 20 TAB.,كابوتريل 25 مجم 20 اقراص,1522292.0,92.3,algo_match,brand_index,,
3715,CAPOTRIL 50MG TAB,CAPOTRIL 50 MG 20 TAB.,كابوتريل 50 مجم 20 اقراص,2509900.0,92.3,algo_match,brand_index,,
23146,CAPOZIDE 50/25MG 30 TAB.,CAPOZIDE 50 / 25 MG 30 TAB.,كابوزايد 50 / 25 مجم 30 اقراص,2470615.0,84.0,ai_confirmed,ai_verified,0.0,
83554,CAPRY TOP SOAP 80 GM,CAPRY TOP SOAP 80 GM,كابري توب صابون 80 جم,1741765.0,100.0,algo_match,brand_index,,
83092,CARBAMIDE MEMPHIS 30GM CREAM,,,,,,no_match,,
60000,CARBIMAZOLE 50 TAB,CARBIMAZOLE B.P 2007 5 MG 50 F.C. TABS.,كاربيمازول 5 مجم 50 اقراص,2174485.0,87.5,ai_confirmed,ai_verified,0.0,
82853,CARBOTIN 20 F.C. TABS.,CARBOTIN 20 F.C. TABS.,كاربوتين 20 اقراص,2342923.0,100.0,algo_match,brand_index,,
92139,CARCEMIA 400 TAB,,,,,,no_match,,
63948,CARDILOL 6.25 MG 30 TAB,CARDILOL 6.25 MG 30 TAB.,كارديلول 6.25 مجم 30 اقراص,904526.0,100.0,algo_match,brand_index,,
63947,CARDILOL CS 25 MG 30 TAB,CARDILOL 25 MG 30 TAB,كارديلول 25 مجم 30 اقراص,2143797.0,93.3,algo_match,brand_index,,
19470,CARDIOMEP TAB,,,,,,no_match,,
63936,CARDIOTIMIDE 20 MG 20 TAB,CARDIOTIMIDE 20 MG 20 TAB.,كارديوتيمايد 20 مجم 20 اقراص,2331024.0,100.0,algo_match,brand_index,,
9226,CARDIOTON TAB,CARDIOTON 300 MG 20 TABS.,كارديوتون 300 مجم 20 اقراص,,81.8,ai_confirmed,ai_verified,0.0,
65697,CARDIVO-CARE 30 TAB,CARDIVO CARE 10 / 6.25 MG 30 F.C.TAB.,كارديفو كير 10 / 6.25 مجم 30 اقراص,2378170.0,100.0,algo_match,token_set_ratio,,
18314,CARDIXIN AMP,CARDIXIN 0.25 MG 40 TABS.,كارديكسين 0.25 مجم 40 اقراص,2288835.0,80.0,ai_confirmed,ai_verified,0.0,
32797,CARDIXIN TAB,CARDIXIN 0.25 MG 40 TABS.,كارديكسين 0.25 مجم 40 اقراص,2288835.0,80.0,ai_confirmed,ai_verified,0.0,
73886,CARDURA 1 MG 21 TAB,CARDURA 1 MG 21 TAB.,كاردورا 1 مجم 21 اقراص,2623131.0,100.0,algo_match,brand_index,,
19891,CARDURA 4 MG 14 TAB,CARDURA 4 MG 14 TAB.,كاردورا 4 مجم 14 اقراص,1600051.0,100.0,algo_match,brand_index,,
73515,CARDURA 4MG XL 28 TAB,,,,,,no_match,,
87160,CARE & MORE SHOWER GEL WATERMELON & ALOE VERA,,,,,,no_match,,
87829,CARE AND MORE SHOWER GEL BERRIES,CARE AND MORE SHOWER GEL 500 ML BERRY,كير اند مور شاور جل 500 مل توت,,84.1,ai_confirmed,ai_verified,0.0,
87831,CARE AND MORE SHOWER GEL VELVET PETALS,CARE AND MORE SHOWER GEL 500 ML VELVET TOUCH,كير اند مور شاور جل 500 مل فيلفيت تاتش,1778921.0,89.9,ai_confirmed,ai_verified,0.0,
91250,CARE BY CARE BABY SOAP 100 GM.,CARE BY CARE BABY SOAP 100 GM,صابون كير باي كير كير,2683510.0,100.0,algo_match,brand_index,,
54665,CARE BY CARE CREAM 100 GM,,,,,,no_match,,
78156,CARE BY CARE PLUS 100GM,CARE BY CARE PLUS CREAM 100 GM,كير باي كير بلس كريم 100 جم,2641940.0,88.9,ai_confirmed,ai_verified,0.0,
59086,CARE DIPINE 10 MG 20 TAB,CARE DIPINE 10 MG 20 F.C. TABS,كير ديبين 10 مجم 20 اقراص,,90.6,algo_match,brand_index,,
88084,CARE DIPINE 10 MG 30 F.C TABLETS,CARE DIPINE 10 MG 30 F.C. TABS,كير ديبين 10 مجم 30 اقراص,2260370.0,95.1,algo_match,brand_index,,
88818,CARE DIPINE 20MG 20 F.C.TABS,CARE DIPINE 20 MG 20 F.C.TABS,كير ديبين 20 مجم 20 اقراص,2159832.0,100.0,algo_match,brand_index,,
84258,caresens*s 50strips,,,,,,no_match,,
90750,CARETOFAIR CALAMYL 120 ML LOTION,,,,,,no_match,,
73816,CARFALONE 25 MG 20TAB,CARFALONE 25 MG 20 F.C. TABS.,كارفالون 25 مجم 20 اقراص,2421454.0,89.8,ai_confirmed,ai_verified,0.0,
74530,CARFALONE 50 MG 20 TAB,CARFALONE 50 MG 20 F.C. TABS.,كارفالون 50 مجم 20 اقراص,2470635.0,89.8,ai_confirmed,ai_verified,0.0,
12190,CARMINEX EFF 6 PACKETS,,,,,,no_match,,
92510,CARNITI Q10-B5 120 ML SYRUP,CARNITI Q 10 B 5 120 ML SYRUP,كارنيتي كيو 10 شراب 120 مل,2342829.0,100.0,algo_match,brand_index,,
74734,CARNITOL 30% SYRUP 60ML,CARNITOL 30 % SYRUP 60 ML,كارنيتول 30 % شراب 60 مل,904542.0,93.9,algo_match,brand_index,,
75227,CARNITOL 5 AMP NEW 2018,,,,,,no_match,,
75500,CARNITOL 500 MG 30 CAP,CARNITOL 500 MG 30 CAPS.,كارنيتول 500 مجم 30 كبسول,2644020.0,97.8,algo_match,brand_index,,
80524,CARNITOL PLUS 20 TABLETS,,,,,,no_match,,
81056,CARNIVITA ADVANCE MEN 30 SACHETS,CARNIVITA ADVANCE MEN 30 SACHETS,كارنيفيتا ادفانس رجال 30 اكياس,2335357.0,100.0,algo_match,brand_index,,
81123,CARNIVITA ADVANCE WOMEN 30 SACHETS,CARNIVITA ADVANCE WOMEN 30 SACHETS,كارنيفيتا ادفانس نساء 30 اكياس,2178338.0,100.0,algo_match,brand_index,,
73347,CARNIVITA FORTE 30 CAP,CARNIVITA FORTE 30 F.C. TAB.,كارنيفيتا فورت 30 اقراص,1335705.0,83.3,ai_confirmed,ai_verified,0.0,
92379,CAROGIX 30 TAB,CAROGIX 30 TABS.,كاروجيكس 30 اقراص,2128814.0,96.6,algo_match,brand_index,,
91994,cartino plus 20 cap,CARTINO PLUS 20 CAPS,كارتينو بلس 20 كبسول,2499092.0,97.4,algo_match,brand_index,,
88283,CARTIOJO 30CAPS,CARTIOJO 30 CAPS,كارتيوجو 30 كبسول,,100.0,algo_match,brand_index,,
89979,CARTIZAD 10 TABS,CARTIZAD 10 TABS,كارتيزاد 10 اقراص,2146993.0,100.0,algo_match,brand_index,,
84159,CARTIZAD 30 TABLETS 3 STRIPS,CARTIZAD 30 TAB,كارتيزاد 30 اقراص,2225282.0,84.6,ai_confirmed,ai_verified,0.0,
74249,CARVID 25 MG 20 TAB,CARVID 25 MG 20 TAB,كارفيد 25 مجم 20 اقراص,2470636.0,100.0,algo_match,brand_index,,
88266,CARVID 25 MG 30 TABLETS,CARVID 25 MG 30 TAB,كارفيد 25 مجم 30 اقراص,2436967.0,90.5,algo_match,brand_index,,
27164,CARVID 6.25 MG 20 TAB,CARVID 6.25 MG 20 TAB,كارفيد 6.25 مجم 20 اقراص,2470637.0,100.0,algo_match,brand_index,,
87740,CARVID 6.25 MG TABS,CARVID 6.25 MG 20 TAB,كارفيد 6.25 مجم 20 اقراص,2470637.0,90.0,algo_match,brand_index,,
26572,carvipress 12.5 mg 20 TAB,CARVIPRESS 12.5 MG 20 TAB.,كارفيبرس 12.5 مجم 20 اقراص,,100.0,algo_match,brand_index,,
91163,CARVMED 10 SACHETS,CARVMED 10 SACHETS,كارفميد 10 اكياس,,100.0,algo_match,brand_index,,
91161,CARVMED SACH,CARVMED 10 SACHETS,كارفميد 10 اكياس,,80.0,ai_confirmed,ai_verified,0.0,
47898,CASODEX 28TAB,CASODEX 50 MG 28 TABS.,كازوديكس 50 مجم 28 اقراص,2633923.0,80.0,ai_confirmed,ai_verified,0.0,
51535,CASTELLANI PAINT,,,,,,no_match,,
CAT,CATAFAST SACHETS,,,,,,no_match,,
74619,CATAFLAM 25MG 20TAB,CATAFLAM 25 MG 20 SUGAR COATED TAB.,كتافلام 25 مجم 20 اقراص,1533348.0,100.0,algo_match,token_set_ratio,,
74197,CATAFLAM 50 MG 20 TABS,,,,,,no_match,,
CATP6,CATAFLAM 6AMP,CATAFLAM 75 MG / 3 ML 6 AMP.,كتافلام 75 مجم / 3 مل 6 امبول,904587.0,100.0,algo_match,token_set_ratio,,
59706,CAVALPHA 30 CAPSULES,,,,,,no_match,,
82855,CAVENTOL 120ML SYRUP,CAVENTOL SYRUP 120 ML,كافينتول شراب 120 مل,999380.0,100.0,algo_match,brand_index,,
74764,CECLOR 125MG SUSP,CECLOR 125 MG / 5 ML SUSP. 75 ML,سيكلور 125 مجم / 5 مل شراب 75 مل,1810225.0,100.0,algo_match,token_set_ratio,,
73579,CECLOR 250MG SUSP 75 ML,CECLOR 250 MG / 5 ML SUSP. 75 ML,سيكلور 250 مجم / 5 مل شراب 75 مل,1810221.0,87.3,ai_confirmed,ai_verified,0.0,
67482,CEFATHIRD 125MG/5ML PD. FOR ORAL SUSP. 60 ML,CEFATHIRD 125 MG / 5 ML PD. FOR ORAL SUSP. 60 ML,سيفاثيرد 125 مجم / 5 مل شراب 60 مل,2142848.0,93.3,algo_match,brand_index,,
28921,CEFAXONE 1GM VIAL IM,CEFAXONE 1 GM I.M. VIAL,سيفاكسون 1 / 2 جم عضل,2653409.0,97.7,algo_match,brand_index,,
39951,CEFAXONE 250MG VIAL IM,CEFAXONE 250 MG I.M.VIAL.,سيفاكسون 250 مجم امبول عضل,2500227.0,97.9,algo_match,brand_index,,
73405,CEFAXONE 500MG VIAL IM,CEFAXONE 500 MG I.M. VIAL,سيفاكسون 500 جم امبول ك 80,2357117.0,97.9,algo_match,brand_index,,
25054,CEFAZONE 0.5 G 1 VIAL,CEFAZONE 500 MG VIAL,سيفازون 500 مجم امبول فاركو,2335674.0,82.9,ai_confirmed,ai_verified,0.0,
74103,CEFAZONE 1 GM VIALS,CEFAZONE 1 GM VIAL,سيفازون 1 جم امبول فاركو,1563121.0,97.3,algo_match,brand_index,,
82547,CEFAZONE PLUS 1.5GM VIAL,CEFAZONE PLUS 1.5 GM I.V / I.M INJ. VIAL,سيفازون بلس 1.5 جم امبول فاركو,1669898.0,100.0,algo_match,token_set_ratio,,
62123,CEFEPIME 1 G 1 VIAL,CEFEPIME 1 GM I.M / I.V VIAL,سيفيبيم 1 جم امبول فاركو,2072370.0,83.3,ai_confirmed,ai_verified,0.0,
57379,CEFEPIME 500MG I.M/I.V VIAL,CEFEPIME 500 MG I.M / I.V VIAL,سيفيبيم 500 مجم امبول,2653410.0,89.7,ai_confirmed,ai_verified,0.0,
49853,CEFIDIME 1 GM VIAL,CEFIDIME 500 MG VIAL,سيفيدايم 500 مجم امبول,,84.2,ai_confirmed,ai_verified,0.0,
54426,CEFIXIME 100MG SUSP 30 ML,CEFIXIME 100 MG / 5 ML SUSP. 30 ML,سيفيكسيم 100 مجم / 5 مل شراب 30 مل,2321251.0,88.1,ai_confirmed,ai_verified,0.0,
54425,CEFIXIME 100MG SUSP 60ML,CEFIXIME 100 MG / 5 ML SUSP. 60 ML,سيفيكسيم 100 مجم / 5 مل شراب 60 مل,2470203.0,88.1,ai_confirmed,ai_verified,0.0,
75012,CEFOBID 1GM VIAL,CEFOBID 1 GM VIAL (I.V I.M),سيفوبيد 1 جم امبول,1599369.0,100.0,algo_match,token_set_ratio,,
36710,CEFOBID 500MG VIAL,CEFOBID 500 MG VIAL (I.V I.M),سيفوبيد 500 مجم امبول,,100.0,algo_match,token_set_ratio,,
17859,CEFORAN 0.5GM VIAL,CEFORAN 500 MG VIAL,سيفوران 500 مجم امبول,2522161.0,84.2,ai_confirmed,ai_verified,0.0,
25079,CEFORAN 1GM VIAL,CEFORAN 1 GM VIAL,سيفوران 1 جم امبول,2127503.0,100.0,algo_match,brand_index,,
81325,CEFOTAX-up pharma 1 GM VIAL,,,,,,no_match,,
73598,CEFOTAX 1 GM VIAL,CEFOTAX 500 MG VIAL,سيفوتاكس 500 مجم امبول ابيكو,,83.3,ai_confirmed,ai_verified,0.0,
55525,CEFOTAX 2 GM VIAL,CEFOTAX 2 GM VIAL,سيفوتاكس 2 جم امبول,2682609.0,100.0,algo_match,brand_index,,
73599,CEFOTAX 500MG VIAL,CEFOTAX 500 MG VIAL,سيفوتاكس 500 مجم امبول ابيكو,,100.0,algo_match,brand_index,,
22084,CEFOTRIX 1GM VIAL IM,CEFOTRIX 1 GM (I.M) 1 VIAL,سيفوتريكس 1 جم امبول عضل,,85.1,ai_confirmed,ai_verified,0.0,
46986,CEFOZON 0.5GM VIAL,,,,,,no_match,,
21284,CEFOZON 1GM VIAL,CEFOZON 1 GM VIAL,سيفوزون 1 جم امبول ابيكو,2344031.0,100.0,algo_match,brand_index,,
47007,CEFRONE 1GM VIAL,CEFRONE 1 GM VIAL,سيفرون 1 جم امبول,2588461.0,100.0,algo_match,brand_index,,
47008,CEFRONE 2GM VIAL,CEFRONE 2 GM I.M / I.V VIAL,سيفوران 2 جم امبول,2682612.0,100.0,algo_match,token_set_ratio,,
87892,CEFTRIAXON 1 GM IM سيديكو,CEFTRIAXONE 1 GM I.M.VIAL SANDOZ,سيفترياكسون 1 جم عضل ساندوز,2523379.0,82.6,ai_confirmed,ai_verified,0.0,
87058,CEFTRIAXONE-EVA 1 GM I.M. VIAL,CEFTRIAXONE EVA 1 GM I.M. VIAL,سيفترياكسون ايفا 1 جم عضل,,100.0,algo_match,brand_index,,
74073,CEFTRIAXONE 0.5GM VIAL IM,,,,,,no_match,,
23598,CEFTRIAXONE 0.5GM VIAL IV,,,,,,no_match,,
73777,CEFTRIAXONE 1GM VIAL IM,CEFTRIAXONE EVA 1 GM I.M. VIAL,سيفترياكسون ايفا 1 جم عضل,,90.6,algo_match,brand_index,,
74680,CEFTRIAXONE 1GM VIAL IV,CEFTRIAXONE EVA 1 GM I.V. VIAL,سيفترياكسون ايفا 1 جم وريد,,90.6,algo_match,brand_index,,
90846,CEFTRIAXONE FOR INJECTION 1GM I.V,,,,,,no_match,,
56092,CEFTRIAXONE I.M SODIUM 1GM VIAL,,,,,,no_match,,
28713,CEFZIM 1GM VIAL,CEFZIM 1 GM VIAL,سيفزيم 1 جم امبول,2335669.0,100.0,algo_match,brand_index,,
28711,CEFZIM 500MG VIAL,CEFZIM 500 MG VIAL,سيفزيم 500 مجم امبول,2522163.0,100.0,algo_match,brand_index,,
67339,CELEBORG 100 MG 10 CAP,CELEBORG 100 MG 10 CAPS.,سيليبورج 100 مجم 10 كبسول,,97.8,algo_match,brand_index,,
65947,CELEBORG 200 MG 20 CAP,CELEBORG 200 MG 20 CAPS.,سيليبورج 200 مجم 20 كبسول,,97.8,algo_match,brand_index,,
74101,CELEBREX 100MG CAP,CELEBREX 100 MG 10 CAPS.,سيليبريكس 100 مجم 10 كبسول,1687855.0,90.5,algo_match,brand_index,,
74850,CELEBREX 200MG 10CAP,CELEBREX 200 MG 10 CAPS,سيليبريكس 200 مجم 10 كبسول,962760.0,97.8,algo_match,brand_index,,
74100,CELEBREX 200MG 15CAP,CELEBREX 200 MG 15 CAPS.,سيليبريكس 200 مجم 15 كبسول,2313236.0,97.8,algo_match,brand_index,,
56327,CELECOX 10 CAP 200 MG,CELECOX 200 MG 10 CAPS.,سيليكوكس 200 مجم 10 كبسول,2551245.0,97.7,algo_match,brand_index,,
65645,CELLCEPT 500MG 50 TAB,CELLCEPT 500 MG 50 TAB.,سيلسيبت 500 مجم 50 كبسول,2193752.0,100.0,algo_match,brand_index,,
88765,CEMPION 10 SACHETS,CEMPION 10 SACHETS,سيمبيون 10 اكياس,1768251.0,100.0,algo_match,brand_index,,
84132,censol solution,,,,,,no_match,,
92358,CENTELLA AMP 100 ML,,,,,,no_match,,
90834,CENTRAVITA COLIN 30 ML SYRUP,CENTRAVITA COLIN SYRUP 30 ML,سنترافيتا كولين شراب 30 مل,2177723.0,100.0,algo_match,brand_index,,
89150,CENTRAVITA GINKO 20 CAPS,CENTRAVITA GINKO 20 CAP,سنترافيتا ال كارنيتين مان 20 كبسوله,2508908.0,97.9,algo_match,brand_index,,
92545,CENTRAVITA GINKO 30 CAPS,CENTRAVITA GINKO 30 CAPS,سنترافيتا جنكو 30 كبسوله,2390222.0,100.0,algo_match,brand_index,,
91208,CENTRAVITA MAGNESIUM 240mg 20 F.C. TABS.,CENTRAVITA MAGNESIUM 20 TABS,سنترافيتا ماغنسيوم 20 اقراص,2095360.0,83.6,ai_confirmed,ai_verified,0.0,
90490,CENTRAVITA PALMI 20 CAP,CENTRAVITA PALMI 20 CAPS,بالمي نرف بلس 400 مجم اقراص,2587815.0,97.9,algo_match,brand_index,,
90501,CENTRAVITA PEA 20 TABS,CENTRAVITA PEA 20 TABS,سنترافيتا ال كارانتين مان 20 اقراص,2616890.0,100.0,algo_match,brand_index,,
91170,CENTRAVITA TRI OMEGA 30 CAPS,CENTRAVITA TRI OMEG CAPS,سنترافيتا تراي اوميجا كبسول,2470020.0,92.3,algo_match,brand_index,,
91113,CENTRAVITA VITAMIN B12,CENTRAVITA VITAMIN B 12 30 TABLETS,سنترافيتا فيتامين ب 12 30 اقراص,1991243.0,80.7,ai_confirmed,ai_verified,0.0,
92149,CENTRAVITA ZYMATROL 20 F.C. TABS.,CENTRAVITA ZYMATROL 20 FILM COATED TAB,سنترافيتا زيماترول 20 اقراص,2586512.0,81.2,ai_confirmed,ai_verified,0.0,
86247,CENTRONERVE 14TAB,CENTRONERVE 14 F.C. TABS.,سنترونيرف 14 اقراص,2114057.0,87.8,ai_confirmed,ai_verified,0.0,
90335,CENTRONERVE VIT B12/B6 20 TAB,,,,,,no_match,,
90303,CENTRUM FOR MEN 30 TAB,,,,,,no_match,,
91213,CENTRUM LUTIN 120 TAB CHINI,,,,,,no_match,,
90352,CENTRUM MEN 100TAB,CENTRUM MEN 100 TAB,سنترام كبار 100 اقراص,2675438.0,100.0,algo_match,brand_index,,
90270,centrum men 30tab,CENTRUM [MEN 30 TAB,سنترم رجال 30 اقراص جديد,2683619.0,97.3,algo_match,token_set_ratio,,
83804,centrum silver 100 tab,,,,,,no_match,,
83803,CENTRUM SILVER WITH LUTEN 30 TABS,CENTRUM SILVER WITH LUTEIN 30 TABS,سينتروم مع لوتين 30 اقراص فضي,2189624.0,98.5,algo_match,brand_index,,
83802,CENTRUM WITH LUTEIN 30 TABS.,CENTRUM WITH LUTEIN 30 TABS,سينترم كبار ابيض ادالت 710,2311072.0,100.0,algo_match,brand_index,,
84049,CENTRUM WITH LUTEIN ADULTS 100 TABS,,,,,,no_match,,
91865,CENTRUM WITH LUTEIN ADULTS 30TABS,,,,,,no_match,,
90353,CENTRUM WOMEN 100TAB,CENTRUM WOMEN 100 TAB,سينتروم سيدات 100 اقراص,1863759.0,100.0,algo_match,brand_index,,
90354,CENTRUM WOMEN 30TAB,CENTRUM WOMEN 30 TAB,سينتروم سيدات 30 اقراص,2252633.0,100.0,algo_match,brand_index,,
74128,CEPOREX 1GM TAB,CEPOREX 1 GM 8 TABLETS,كيبوركس 1 جم 8 اقراص,1464425.0,84.2,ai_confirmed,ai_verified,0.0,
73847,CEPOREX 500MG 12 TAB,CEPOREX 500 MG 12 TABLETS,كيبوركس 500 مجم 12 اقراص,1565220.0,91.3,algo_match,brand_index,,
59722,CERAZETTE 28 TAB,CERAZETTE 75 MCG 28 TABS.,سيرازيت 75 مكجم 28 اقراص,1396862.0,80.0,ai_confirmed,ai_verified,0.0,
47194,CEREBRO 400MG 30CAP,CEREBRO 400 MG 30 CAPS.,سيريبرو 400 مجم 30 كبسول,2535896.0,97.7,algo_match,brand_index,,
22359,CEREBRO FORTE SYRUP,,,,,,no_match,,
59681,CEREBROCETAM 1MG 6 AMP,CEREBROCETAM 1 GM / 5 ML 6 AMP.,سيريبروسيتام 1 جم / 5 مل 6 امبول,,83.0,ai_confirmed,ai_verified,0.0,
84806,CEREBROFORTE 1200 MG 30 TAB,CEREBROFORTE 1200 MG 30 F.C. TAB,سيربروفورت 1200 مجم 30 اقراص,,93.1,algo_match,brand_index,,
79170,CEREBROFORTE 20% SYRUP 120ML,CEREBROFORTE 20 % SYRUP 120 ML,سيربروفورت 20 % شراب 120 مل,2466151.0,94.9,algo_match,brand_index,,
40320,CEREBROFORTE 800 MG 30 TAB,CEREBROFORTE 800 MG 30 F.C. TAB.,سيربروفورت 800 مجم 30 اقراص,1276215.0,92.9,algo_match,brand_index,,
36804,CEREBROLYSIN AMP 1ML,CEREBROLYSIN 215.2 MG / ML I.M. / I.V. 10 AMPS ( 1 ML),سيريبروليسين 215.2 مجم / مل 10 امبول 1 مل,,89.5,ai_confirmed,ai_verified,0.0,
37493,CEREBROLYSIN AMP 5ML,CEREBROLYSIN 215.2 MG / ML I.M. / I.V. 5 AMPS ( 5 ML),سيريبروليسين 215.2 مجم / مل 5 امبول 5 مل,2463951.0,90.5,algo_match,partial_token_sort_ratio,,
56135,CEREBROMAP 200 MG 30 CAP,CEREBROMAP 200 MG 30 CAPS.,سيريبروماب 200 مجم 30 كبسول,904002.0,98.0,algo_match,brand_index,,
88452,Cerebronal 45 capsules,CEREBRONAL 45 CAPS,سريبرونال 45 كبسول,2682772.0,90.0,algo_match,brand_index,,
78552,CEREBROPROVE ORAL SOLU 30ML,CEREBROPROVE 100 MG / ML ORAL SOLN. 30 ML,سيريبروبروف 100 مجم / مل 30 مل,903999.0,90.2,algo_match,token_set_ratio,,
72845,CERELAC 3 FRUITS WHEAT & MILK 250 GM,CERELAC 3 FRUITS + WHEAT WITH MILK 250 G,سيريلاك 3 فواكه + قمح بالحليب 250 جم,2673308.0,89.5,ai_confirmed,ai_verified,0.0,
26977,CERELAC 3 FRUITS&WHEAT WITH MILK 125 GM,CERELAC 3 FRUITS WHEAT MILK 125 GM,سيريلاك 3 فواكه + قمح بالحليب 125 جم,989138.0,84.9,ai_confirmed,ai_verified,0.0,
74953,CERELAC NESTLE DATES & WHEAT 125 GM,,,,,,no_match,,
20586,CERELAC NESTLE RICE 125 GM,,,,,,no_match,,
59760,CERELAC RICE WITH MILK 250GM,,,,,,no_match,,
81127,CERELAC RISE WITH OUT MILK 125GM,,,,,,no_match,,
56934,CERELAC WHEAT 125 GM,,,,,,no_match,,
72885,CERELAC WHEAT AND MILK 125 GM,,,,,,no_match,,
79025,CERELAC ارز وخضار,,,,,,no_match,,
88482,CERVETOLKA-CO 60ML SYP,CERVETOLKA CO ORAL SUSP. 60 ML,سيرفيتولكا كو شراب 60 مل التوت,2422941.0,84.6,ai_confirmed,ai_verified,0.0,
86456,CERVETOLKA 1000 15 SACH,CERVETOLKA 1000 MG 15 SACHETS,سيرفيتولكا 1000 مجم 15 اكياس,2146550.0,88.5,ai_confirmed,ai_verified,0.0,
87785,CERVETOLKA 250 MG 60 ML ORAL SOLUTION,CERVETOLKA 250 MG / 5 ML ORAL SUSP. 60 ML,سيرفيتولكا شراب 60 مل فراوله,2193684.0,80.5,ai_confirmed,ai_verified,0.0,
86996,CERVETOLKA 500 MG 20 CAPS,CERVETOLKA 500 MG 20 CAPS.,سيرفيتولكا 500 مجم 20 كبسول,2185405.0,100.0,algo_match,brand_index,,
88063,CERVETOLKA ADVANCE 20 CAPS.,CERVETOLKA ADVANCE 20 CAPS.,سيرفيتولكا ادفانس 20 كبسول,2146548.0,100.0,algo_match,brand_index,,
88113,CERVETOLKA FORTE 500MG SYRUP 30ML,CERVETOLKA FORTE 500 MG / 5 ML ORAL SUSP. 30 ML,سيرفيتولكا فورت 500 مجم / 5 مل شراب 30 مل,2378213.0,81.5,ai_confirmed,ai_verified,0.0,
87734,cervetolka plus 500/50 20tab,,,,,,no_match,,
23001,CERVITAM 20 CAP,CERVITAM 20 CAPS.,سيرفيتام 20 كبسول,2313212.0,96.8,algo_match,brand_index,,
80127,CESANA 30 SACHETS,CESANA 30 SACHETS,سيزانا 30 كيس,,100.0,algo_match,brand_index,,
30311,CETAFEN-N SYRUP 120 ML,CETAFEN N 120 ML SUSP.,سيتافين ان 120 مل شراب,1675905.0,93.0,algo_match,brand_index,,
47274,CETAFEN 30 TAB,CETAFEN 30 TAB.,سيتافين 30 اقراص,1740139.0,100.0,algo_match,brand_index,,
81040,CETAFEN PLUS 30 TAB.,CETAFEN PLUS 30 TAB.,سيتافين بلس 30 اقراص,2329394.0,100.0,algo_match,brand_index,,
83962,CETAL 1000MG 15 TABS.,CETAL 1000 MG 15 TABS,سيتال 1 جم اقراص جديد,2641805.0,100.0,algo_match,brand_index,,
73312,CETAL 120 MG 5 INFANTILE SUPP.,CETAL 120 MG 5 INFANTILE SUPP.,سيتال 120 مجم 5 لبوس للاطفال,1261028.0,100.0,algo_match,brand_index,,
73311,CETAL 250MG/5ML SUSP. 60ML,CETAL 250 MG / 5 ML 60 ML SUSP.,سيتال 250 مجم / 5 مل 60 مل شراب,1396846.0,89.7,ai_confirmed,ai_verified,0.0,
74364,CETAL 500 MG 20 TAB,CETAL 500 MG 20 TAB.,سيتال 500 مجم 20 اقراص,2473764.0,100.0,algo_match,brand_index,,
61820,CETAL COLD & FLU 20 CAP,CETAL COLD FLU 20 CAPLETS,سيتال كولد اند فلو 20 كبسول,,87.5,ai_confirmed,ai_verified,0.0,
73597,CETAL DROPS 100 MG,CETAL 100 MG / ML ORAL DROPS 15 ML,سيتال 100 مجم / مل قطره 15 مل,903978.0,100.0,algo_match,token_set_ratio,,
77760,CETAL EXTRA 20-TAB,CETAL EXTRA 20 TABS.,سيتال اكسترا 20 اقراص,2436593.0,97.3,algo_match,brand_index,,
60749,CETAL SINUS 20TAB,CETAL SINUS 20 CAPLETS,سيتال سينس 20 كبسول,,87.5,ai_confirmed,ai_verified,0.0,
22485,CETRAK SYRUP,CETRAK 1 MG / ML SYRUP 120 ML,سيتراك 1 مجم / مل شراب 120 مل,2113462.0,100.0,algo_match,token_set_ratio,,
49750,CETROTIDE 0.25 MG 1 SYRING,CETROTIDE 0.25 MG 1 PD. FOR SOL. FOR INJ,سيتروتيد 0.25 مجم 1 امبول,,84.4,ai_confirmed,ai_verified,0.0,
91639,CETROTIDE 0.25 MG 7 SYRING,CETROTIDE 0.25 MG 7 PD. FOR SOL. FOR INJ,سيتروتيد 0.25 مجم 7 امبول,,84.4,ai_confirmed,ai_verified,0.0,
2771,CEVAMOL EFF TAB,,,,,,no_match,,
1385,CEVITIL EFF TAB,,,,,,no_match,,
57745,CH ALPHA 10 SACHETS,CH ALPHA 10 SACHETS,سي اتش الفا 10 اكياس,2452786.0,100.0,algo_match,brand_index,,
75392,CH ALPHA PLUS 10 SACHETS,CH ALPHA PLUS 10 SACHETS,سي اتش الفا اكياس بلس قديم,2630790.0,100.0,algo_match,brand_index,,
91249,CHANCY 30 SUBLINGUAL TABLETS,CHANCY 30 SUBLINGUAL TABLETS,شانسي 30 اقراص تحت اللسان,2509014.0,100.0,algo_match,brand_index,,
90272,char charcoal cap,,,,,,no_match,,
90258,CHARCLONE 1000MG 30 TABS.,CHARCLONE 1000 MG 30 TABS,شاركلون 1000 مجم 30 اقراص,,100.0,algo_match,brand_index,,
88505,CHARCLONE 250MG,CHARCLONE 250 MG 30 CAPS,شاركلون 250 مجم 30 اقراص,2060155.0,80.0,ai_confirmed,ai_verified,0.0,
89640,CHARCLONE ADVANCE 30CAPS,CHARCLONE ADVANCE 30 CAPS,شاركلون ادفانس 30 اقراص,2366794.0,100.0,algo_match,brand_index,,
90461,CHARCOAL 20CAP,CHARCOAL 20 CAPS,شاركول 20 اقراص,1162455.0,96.8,algo_match,brand_index,,
91120,charcodoll 30 caps,CHARCODOLL 30 CAPS,شاركودول 30 كبسول,2499909.0,100.0,algo_match,brand_index,,
88072,CHARNOZAM 30CAPS,CHARNOZAM 30 CAP,شارنوزام 30 كبسول,2400814.0,97.0,algo_match,brand_index,,
89605,chartoreg 40mg 28tab,CHARTOREG 40 MG 28 TAB,شارتوريج 40 مجم 28 اقراص,2295906.0,100.0,algo_match,brand_index,,
87920,CHARTOREG 80 MG 28 TABLETS,CHARTOREG 80 MG 28 TAB.,شارتوريج 80 مجم 28 اقراص,2143370.0,91.7,algo_match,brand_index,,
89318,CHARTOREG CO 40 / 10 MG 28 TABS,CHARTOREG CO 40 / 10 MG 28 TABS.,شارتوريج كو 40 / 10 مجم 28 اقراص,2146251.0,100.0,algo_match,brand_index,,
91244,CHARTOREG CO 80 / 10 MG 28 TABS,CHARTOREG CO 80 / 10 MG 28 TABS.,شارتوريج كو 80 / 10 مجم 28 اقراص,1658950.0,100.0,algo_match,brand_index,,
91423,CHARTOREG CO 80 / 5 MG 28 TABS,CHARTOREG CO 80 / 5 MG 28 TABS.,شارتوريج كو 80 / 5 مجم 28 اقراص,2670862.0,100.0,algo_match,brand_index,,
88095,CHARTOREG PLUS 40/12.5 28TAB,CHARTOREG PLUS 40 / 12.5 MG 28 TABS,شارتوريج بلس 40 / 12.5 مجم 28 اقراص,1321438.0,84.4,ai_confirmed,ai_verified,0.0,
86906,CHARTOREG PLUS 80/12.5 28TAB,CHARTOREG PLUS 40 / 12.5 MG 28 TABS,شارتوريج بلس 40 / 12.5 مجم 28 اقراص,1321438.0,84.4,ai_confirmed,ai_verified,0.0,
91026,CHARTOREG TRIO 5 / 12.5 / 80 MG 28 TABS.,CHARTOREG TRIO 5 / 12.5 / 80 MG 28 TABS.,شارتوريج تريو 5 / 12.5 / 80 مجم 28 اقراص,2177350.0,100.0,algo_match,brand_index,,
91733,CHEMICETRIZINE 5 MG20 TAB,CHEMICETRIZINE 5 MG 20 TABS,كيمسيتريزين 5 مجم 20 اقراص,,98.1,algo_match,brand_index,,
90129,CHEWMEUP MA GUMMY/60,,,,,,no_match,,
91057,CHICKS BREATH FOR KIDS 120ML,,,,,,no_match,,
90199,CHICKS GROWEE SYRUP 250ML,CHICKS GROWEE SYRUP 250 ML,تشكس جرووي للاطفال بالنعناع 250 مل 290,2625997.0,100.0,algo_match,brand_index,,
91353,CHICKS IMMUNE FOR KIDS SYRUP 250 ML,CHICKS IMMUNE FOR KIDS SYRUP 250 ML,تشيكس اميون كيدز شراب 250 مل,2316455.0,100.0,algo_match,brand_index,,
91315,CHICKS OMEGA D3 FOR KIDS SYRUP 120 ML,,,,,,no_match,,
91314,CHICKS OMEGA D3 FOR KIDS SYRUP 250 ML,CHICKS OMEGA D 3 SYRUP 250 ML,تشيكس اوميجا دي 3 شراب 250 مل,2253019.0,86.6,ai_confirmed,ai_verified,0.0,
90735,CHICKS VIT 250ML SYP,CHICKS VIT SYRUP 250 ML,تشكس فيت شرب برتقال,2653960.0,95.5,algo_match,brand_index,,
60745,CHITO 500 60 CAP,CHITO 500 MG 60 CAPS.,شيتو 500 مجم 60 كبسول,904153.0,88.9,ai_confirmed,ai_verified,0.0,
73906,CHITOCAL 60 CAP,CHITOCAL 60 CAPS.,شيتوكال 60 كبسول,2633538.0,96.8,algo_match,brand_index,,
90681,CHITOSEAL CREAM 50GM,CHITOSEAL CREAM 50 GM,شيتوسيل كريم 50 جم,2146126.0,100.0,algo_match,brand_index,,
80104,CHOCO LOVE CHOCO,,,,,,no_match,,
85975,CHOCO MONSTER 10 SACHETS,CHOCO MONSTER POWDER 10 SACHETS,شوكو مونستر بودره 10 اكياس,1547853.0,87.3,ai_confirmed,ai_verified,0.0,
65698,CHOLEROSE 10MG 21 TAB,CHOLEROSE 10 MG 21 F.C.TAB.,كوليروز 10 مجم 21 اقراص,2315067.0,91.7,algo_match,brand_index,,
67344,CHOLEROSE 20 MG 21 TAB,CHOLEROSE 20 MG 21 F.C. TABS.,كوليروز 20 مجم 21 اقراص,2144917.0,89.8,ai_confirmed,ai_verified,0.0,
56250,CHOLEROSE 5 MG 14 TAB,CHOLEROSE 5 MG 14 F.C.TAB.,كوليروز 5 مجم 14 اقراص,904720.0,91.3,algo_match,brand_index,,
83656,CHOLEROSE PLUS 10/10 MG 28 F.C TABS,CHOLEROSE PLUS 10 / 10 MG 28 F.C.TABS,كوليروز بلس 10 / 10 مجم 28 اقراص,2313513.0,94.4,algo_match,brand_index,,
83794,CHOLEROSE PLUS 20/10MG 28 TABS,CHOLEROSE PLUS 5 / 10 MG 28 TAB,كوليروز بلس 10 / 5 مجم 28 اقراص,,90.3,algo_match,brand_index,,
86542,CHOLEROSE PLUS 40/10 MG 28 TABS,CHOLEROSE PLUS 5 / 10 MG 28 TAB,كوليروز بلس 10 / 5 مجم 28 اقراص,,80.6,ai_confirmed,ai_verified,0.0,
87957,CHOLETRIX-D3 1000 IU ORAL DROPS 20ML,,,,,,no_match,,
83067,CHOLETRIX-D3 400 IU ORAL DROPS 20ML,,,,,,no_match,,
82723,CHOLETRIX D3 1000 I.U 20TABS,CHOLETRIX D 3 1000 IU 20 CHEW. TABS,كوليتريكس د 3 1000 وحده 20 اقراص,2160884.0,87.5,ai_confirmed,ai_verified,0.0,
81797,CHOLETRIX D3 ORAL DROPS 10ML,CHOLETRIX D 3 400 IU ORAL DROPS 10 ML,كوليتريكس د 3 400 وحده قطره 10 مل,949215.0,89.6,ai_confirmed,ai_verified,0.0,
55537,CHONDROGEN 20 TAB,CHONDROGEN 20 F.C.TAB.,كوندروجين 20 اقراص,2437139.0,89.5,ai_confirmed,ai_verified,0.0,
60563,CHORIONIC GONADOTROPHIN 5000 AMP,CHORIONIC GONADOTROPHIN 5000 I.U AMP. I.M.,كوريونك جونادوتروفين 5000 وحده امبول,,88.9,ai_confirmed,ai_verified,0.0,
74177,CHROMAX 60 CAP,CHROMAX 60 CAPSULES,كرومكس 60 كبسول,1545501.0,84.8,ai_confirmed,ai_verified,0.0,
74228,CHROMITRON 30 CAP,CHROMITRON 30 CAPS.,كروميترون 30 كبسول,2406968.0,97.1,algo_match,brand_index,,
74805,CHROMIUM MEPACO CAP,CHROMIUM MEPACO 20 CAPS,كروميوم ميباكو 20 كبسول,2347046.0,90.5,algo_match,brand_index,,
59839,CHROMIUM PICOLINATE 800 MCG 90 CAP (puritans),,,,,,no_match,,
54547,CIALIS 20 MG 2 TAB,CIALIS 20 MG 2 F.C. TAB.,سياليس 20 مجم 2 اقراص,1044720.0,90.0,algo_match,brand_index,,
73655,CIALIS 20 MG 4TAB,CIALIS 20 MG 4 F.C. TAB.,سياليس 20 مجم 4 اقراص,2190450.0,90.0,algo_match,brand_index,,
74994,CIALIS 30 TAB IMP,,,,,,no_match,,
80372,CIALONG 20MG 4TABS,CIALONG 20 MG 4 F.C.TABS.,سيالونج 20 مجم 4 اقراص,,90.9,algo_match,brand_index,,
85003,CIALONG 5 MG 30 TABS,CIALONG 5 MG 30 F.C.TABS,سيالونج 5 مجم 30 اقراص,,90.9,algo_match,brand_index,,
81297,CICASILVER SPRAY,CICASILVER TOPICAL SPRAY 125 ML,سيكاسيلفر بخاخ موضعي 125 مل,1439121.0,100.0,algo_match,token_set_ratio,,
44159,CIDAMEX 250 MG 20 TABS.,CIDAMEX 250 MG 20 TAB.,سيدامكس 250 مجم 20 اقراص,1993860.0,97.7,algo_match,brand_index,,
28674,CIDODIAN AMP,,,,,,no_match,,
75011,CIDOLUT DEPOT 250 MG AMP,CIDOLUT DEPOT 250 MG 1 AMP.,سيدولوت ديبوت 250 مجم 1 امبول,,96.0,algo_match,brand_index,,
74598,CIDOLUT NOR 20 TAB,,,,,,no_match,,
91448,CIDOLUT NOR 5MG 30TABS,CIDOLUT NOR 5 MG 30 TAB,سيدولوت نور 5 مجم 36,2567736.0,97.9,algo_match,brand_index,,
49675,CIDOPHAGE 1000 MG 20 TAB,CIDOPHAGE 1000 MG 20 F.C. TABS,سيدوفاج 1000 مجم 20 اقراص,,90.6,algo_match,brand_index,,
85757,CIDOPHAGE 1000 MG 30 TAB,CIDOPHAGE 1000 MG 30 F.C. TABS,سيدوفاج 1000 مجم 30 اقراص,2379146.0,90.6,algo_match,brand_index,,
CID,CIDOPHAGE 500 MG 500 TAB,CIDOPHAGE 500 MG 50 STRIPES,سيدوفاج 500 مجم 50 شريط,903991.0,82.4,ai_confirmed,ai_verified,0.0,
2041,CIDOPHAGE 850MG 60 F.C. TABS,,,,,,no_match,,
26597,CIDOTESTONE 250MG AMP,CIDOTESTONE 250 MG AMP.,سيدوتستون 250 مجم امبول,,100.0,algo_match,brand_index,,
67340,CILOSORT 100 MG 30 TAB,CILOSORT 100 MG 30 TAB.,سيلوسورت 100 مجم 30 اقراص,2343913.0,100.0,algo_match,brand_index,,
74942,CINACALCET 30 MG 10 TAB,CINACALCET 30 MG 10 F.C.TAB.,سيناكالسيت 30 مجم 10 اقراص,2145098.0,92.0,algo_match,brand_index,,
88501,CINACALCET 60 MG 10 F.C. TAB,CINACALCET 60 MG 10 F.C. TAB.,سيناكالسيت 60 مجم 10 اقراص,1547813.0,100.0,algo_match,brand_index,,
21604,CINNARIZINE 25MG TAB,CINNARIZINE 25 MG 20 TAB.,سيناريزين 25 مجم 20 اقراص,2142482.0,93.3,algo_match,brand_index,,
22585,CINNARIZINE 75MG CAP,CINNARIZINE 75 MG 20 CAPS.,سيناريزين 75 مجم 20 اقراص,2409729.0,91.3,algo_match,brand_index,,
79190,CINOFLOKEEN 500 MG 5 F.C.TABS.,CINOFLOKEEN 500 MG 5 F.C. TABS.,سينوفلوكين 500 مجم 5 اقراص,2313246.0,100.0,algo_match,brand_index,,
ASDFSAF,CIPALAFIL 20 MG 12 TABS,CIPALAFIL 20 MG 12 TABS.,سيبالافيل 20 مجم 12 اقراص,2675439.0,100.0,algo_match,brand_index,,
82592,CIPALAFIL 5MG 30TABS,CIPALAFIL 5 MG 30 TABS.,سيبالافيل 5 مجم 30 اقراص,2145763.0,100.0,algo_match,brand_index,,
77354,CIPAZOLE FORTE 2-TAB,,,,,,no_match,,
90460,CIPOROFLOXACIN 500MG 10TAB,,,,,,no_match,,
85293,CIPRA-PRO 10MG 30 TABLETS,CIPRAPRO 10 MG 30 F.C.TABS,سيبرابرو 10 مجم 30 اقراص,2145599.0,84.6,ai_confirmed,ai_verified,0.0,
27941,CIPRALEX 10 MG 28 CAP,CIPRALEX 10 MG 28 F.C. TAB.,سيبرالكس 10 مجم 28 اقراص,,82.6,ai_confirmed,ai_verified,0.0,
46979,CIPRAMAX 40 MG 10 TAB,CIPRAMAX 40 MG 10 F.C. TAB.,سيبراماكس 40 مجم 10 اقراص,,91.3,algo_match,brand_index,,
60650,CIPRO 500 MG 10 TAB,CIPRO 500 MG 10 F.C.TAB.,سيبرو 500 مجم 10 اقراص,1023371.0,90.5,algo_match,brand_index,,
8635,CIPRO OTIC DROPS 10 ML,,,,,,no_match,,
1224,CIPROCIN 250MG TAB,CIPROCIN 250 MG 10 F.C. TAB.,سيبروسين 250 مجم 10 اقراص,2552392.0,84.4,ai_confirmed,ai_verified,0.0,
73494,CIPROCIN 500MG 10TAB,CIPROCIN 500 MG 10 F.C.TAB.,سيبروسين 500 مجم 10 اقراص,2470114.0,91.7,algo_match,brand_index,,
74287,CIPROCIN 750 MG 10 TAB,CIPROCIN 750 MG 10 F.C. TAB.,سيبروسين 750 مجم 10 اقراص,2380938.0,91.7,algo_match,brand_index,,
18670,CIPROCIN DROPS,CIPROCIN 0.3 % EYE / EAR DROPS 5 ML,سيبروسين 0.3 % قطره للعين / الاذن 5 مل,2445331.0,100.0,algo_match,token_set_ratio,,
21246,CIPROCIN EYE OINTMENT 5 GM,CIPROCIN 0.3 % EYE OINT. 5 GM,سيبروسين 0.3 % مرهم للعين 5 جم,2636035.0,81.5,ai_confirmed,ai_verified,0.0,
59904,CIPRODIAZOLE 20 TAB,CIPRODIAZOLE 500 / 500 MG 20 F.C. TABS.,سيبروديازول 500 / 500 مجم 20 اقراص,2319789.0,88.2,ai_confirmed,ai_verified,0.0,
73649,CIPROFAR 500MG TAB,CIPROFAR 500 MG 10 F.C.TAB.,سيبروفار 500 مجم 10 اقراص,2313193.0,84.4,ai_confirmed,ai_verified,0.0,
73780,CIPROFAR 750MG 10 TAB,CIPROFAR 750 MG 10 F.C. TAB.,سيبروفار 750 مجم 10 اقراص,2475408.0,91.7,algo_match,brand_index,,
17108,CIPROFAR DROPS,,,,,,no_match,,
4839,CIPROFLOXACIN 250MG TAB,,,,,,no_match,,
61876,CIPROFLOXACIN 500MG 10TAB (organo),,,,,,no_match,,
4852,CIPROFLOXACIN 500MG TAB,,,,,,no_match,,
62124,CIPROFLOXACIN 750 MG 10 TAB,,,,,,no_match,,
5284,CIPROFLOXACIN VIAL,CIPROFLOXACIN 200 MG / 100 ML VIAL,سيبروفلوكساسين 200 مجم / 100 مل امبول,,100.0,algo_match,token_set_ratio,,
88399,CIPROFLOXMET 500/500MG 20 F.C.TABS.,CIPROFLOXMET 500 MG 20 TAB,سيبروفلوكساميت 500 مجم 20 اقراص,2171279.0,85.2,ai_confirmed,ai_verified,0.0,
87464,CIPROFLXACIN 500 MG HP 10 F.C. TABS,,,,,,no_match,,
73915,CIPROMEGA 1 GM XL 14 TAB,CIPROMEGA XL 1000 MG 14 EXT. REL. F.C.TAB.,سيبروميجا اكس ال 1000 مجم 14 اقراص,903962.0,88.4,ai_confirmed,ai_verified,0.0,
73292,CIPROMEGA 500 MG XL 10 TAB,CIPROMEGA XL 500 MG 10 EXT. REL. F.C.TAB.,سيبروميجا اكس ال 500 مجم 10 اقراص,903964.0,81.2,ai_confirmed,ai_verified,0.0,
47926,CIPROQUIN 5O0 MG 10 TABS,,,,,,no_match,,
79189,CIPROQUIN 750MG 10 F.C. TAB.,CIPROQUIN 750 MG 10 F.C. TAB.,سيبروكين 750 مجم 10 اقراص,903961.0,100.0,algo_match,brand_index,,
67462,CIPROXASON DROPS,,,,,,no_match,,
88982,CIPROXASON OTIC SUSP. 15 ML DROPS,CIPROXASON OTIC SUSP. 15 ML DROPS,سيبروكسازون قطره 15 مل,,100.0,algo_match,brand_index,,
47559,CIPROXIL XL 500MG 10 TAB,CIPROXIL XL 500 MG S.R. 10 F.C.TAB.,سيبروكسيل اكس ال 500 مجم 10 اقراص,2565267.0,86.2,ai_confirmed,ai_verified,0.0,
84424,CIRA PANTHENOL 30GM CREAM,CIRA PANTHENOL CREAM 30 GM,شيرا بانثينول كريم 30 جم,1657863.0,100.0,algo_match,brand_index,,
89194,CISTAPRONT C SYRUP 120 ML,CISTAPRONT C SYRUP 120 ML,سيستابرونت سي شراب 120 مل,1146847.0,100.0,algo_match,brand_index,,
73245,CITALO 20 MG 14 TAB,CITALO 20 MG 14 F.C.TAB.,سيتالو 20 مجم 14 اقراص,2495443.0,90.5,algo_match,brand_index,,
28732,CITALO 40 MG 30 TABS,CITALO 40 MG 30 F.C.TAB.,سيتالو 40 مجم 30 اقراص,2145831.0,88.4,ai_confirmed,ai_verified,0.0,
74922,CITALO SYP 120ML.,,,,,,no_match,,
55899,CITALOMEP 20 MG 7 TAB,CITALOMEP 20 MG 7 F.C.TAB.,سيتالوميب 20 مجم 7 اقراص,,91.3,algo_match,brand_index,,
59172,CITAPRONEX 10 MG 14 TAB,CITAPRONEX 10 MG 14 F.C.TAB.,سيتابرونكس 10 مجم 14 اقراص,2127476.0,92.0,algo_match,brand_index,,
59171,CITAPRONEX 20 MG 14 TAB,CITAPRONEX 20 MG 14 F.C. TABS.,سيتابرونكس 20 مجم 14 اقراص,948683.0,90.2,algo_match,brand_index,,
59173,CITAPRONEX 5MG 14 TAB,CITAPRONEX 5 MG 14 F.C.TAB.,سيتابرونكس 5 مجم 14 اقراص,903970.0,91.7,algo_match,brand_index,,
89845,CITOVILA 250 MG DROPS,CITOVILA 250 MG ORAL DROPS 30 ML,سيتوفيلا 250 مجم قطره بالفم 30 مل,2563108.0,100.0,algo_match,token_set_ratio,,
61292,CITRA FORTE GRANULES 280 GM,,,,,,no_match,,
19994,CITROPANTHEN CREAM,CITROPANTHEN CREAM 30 GM,ستروبانتين كريم 30 جم,2353370.0,85.7,ai_confirmed,ai_verified,0.0,
63256,CLARIKAN SR 500 MG 14TAB,CLARIKAN S.R. 500 MG 14 F.C. TAB.,كلاريكان اس ار 500 مجم 14 اقراص,1804613.0,87.3,ai_confirmed,ai_verified,0.0,
79188,CLARITHRO 250MG 14 F.C. TAB.,CLARITHRO 250 MG 14 F.C.TAB.,كلاريثرو 250 مجم 14 اقراص,2500247.0,100.0,algo_match,brand_index,,
77489,CLARITHRO 500 MG 14 TABS,CLARITHRO 500 MG 14 F.C. TAB.,كلاريثرو 500 مجم 14 اقراص,1487916.0,90.2,algo_match,brand_index,,
74291,CLARITINE 20 TAB,CLARITINE 10 MG 20 TAB.,كلاريتين 10 مجم 20 اقراص,,84.2,ai_confirmed,ai_verified,0.0,
91669,CLARITINE ALLERGY 10 MG 30 CHEWABLE TAB,,,,,,no_match,,
91670,CLARITINE ALLERGY 5MG 30 CHEWABLE TAB,,,,,,no_match,,
73231,CLARITINE SYRUP 100 ML,CLARITINE 1 MG / ML SYRUP 100 ML,كلاريتين 1 مجم / مل شراب 100 مل,1872973.0,81.5,ai_confirmed,ai_verified,0.0,
86459,CLARY CONDITIONER 300 ML,,,,,,no_match,,
84411,CLARY HAIR MIST 200 ML,CLARY HAIR MIST 200 ML,كلاري بخاخ معطر للشعر 200 مل,2289756.0,100.0,algo_match,brand_index,,
67298,CLATEX 75 MG 30 TAB,CLATEX 75 MG 30 F.C.TAB.,كلاتكس 75 مجم 30 اقراص,1382013.0,90.5,algo_match,brand_index,,
81095,CLAVIMOX 1 GM 12 TABS,CLAVIMOX 1 GM 12 F.C.TABS.,كلافيموكس 1 جم 12 اقراص,904620.0,91.3,algo_match,brand_index,,
75753,CLAVIMOX 228.5 MG/5 ML SUSP 75 ML,,,,,,no_match,,
68945,CLAVIMOX 457 MG/5 ML SUSP 75 ML,CLAVIMOX 642.9 MG / 5 ML PD. FOR ORAL SUSP. 75 ML,كلافيموكس 642.9 مجم / 5 مل 75 مل,2475423.0,80.9,ai_confirmed,ai_verified,0.0,
75840,CLAVIMOX 625 GM 12 TAB,CLAVIMOX 625 MG 12 F.C. TAB.,كلافيموكس 625 مجم 12 اقراص,1685401.0,87.5,ai_confirmed,ai_verified,0.0,
83084,CLAVIMOX 642.9 SUSP,CLAVIMOX 642.9 MG / 5 ML PD. FOR ORAL SUSP. 75 ML,كلافيموكس 642.9 مجم / 5 مل 75 مل,2475423.0,100.0,algo_match,token_set_ratio,,
46821,CLAWASH LOTION,CLAWASH LOTION 120 ML,كلاوش لوسيون 120 مل 40,2653639.0,80.0,ai_confirmed,ai_verified,0.0,
55772,CLEAR AIR 10MG 14 TAB,CLEAR AIR 10 MG 14 TAB.,كلير اير 10 مجم 14 اقراص,1467456.0,100.0,algo_match,brand_index,,
52021,CLEAR AIR 4MG 14 TAB,CLEAR AIR 4 MG 14 CHEWABLE TAB.,كلير اير 4 مجم 14 اقراص,1624227.0,82.4,ai_confirmed,ai_verified,0.0,
81078,clear air 7 sachets 4mg,CLEAR AIR 4 MG 7 SACHETS,كلير اير 4 مجم 2 شريط,2619958.0,100.0,algo_match,brand_index,,
78777,CLEAR SHAMPOO ANTI DANDRUFF SOFT AND SHINY 180ML,CLEAR SHAMPOO SOFT SHINY FOR WOMEN 180 ML,كلير شامبو ضد القشره حريمي 180 مل نعومه ولمعان,1400495.0,86.1,ai_confirmed,ai_verified,0.0,
73564,CLEAREST 14 CAP,CLEAREST 14 CAPS.,كليريست 14 كبسول,,96.8,algo_match,brand_index,,
87393,CLEO GLOW VITAMIN C CLEANSER 150 ML,,,,,,no_match,,
90195,CLEO ULTRA MOISTURE CREAM 130ML,,,,,,no_match,,
81129,CLEOCIN MOISTURING CREAM 50 gm,,,,,,no_match,,
73625,CLEXANE 20MG 2 SYRINGE,,,,,,no_match,,
73477,CLEXANE 40 MG 2 SYRINGE,,,,,,no_match,,
73938,CLEXANE 60MG 2 S AMP,CLEXANE 60 MG / 0.6 ML 2 PREFILLED SYRINGES,كليكسان 60 مجم / 0.6 مل 2 سرنجه,904640.0,83.3,ai_confirmed,ai_verified,0.0,
73470,CLEXANE 80MG 2 SYRINGE,,,,,,no_match,,
87162,CLINDACIN300MG 12 CAPSULSE,CLINDACINE 300 MG 12 CAPS.,كلنداسين 300 مجم 12 كبسول,904644.0,90.6,algo_match,brand_index,,
63274,CLINDACINE 300 MG 16 CAP,,,,,,no_match,,
74986,CLINDAGRAM GEL 30 MG,CLINDAGRAM TOPICAL GEL 30 GM,كلينداجرام جل موضعي 30 جم,,91.9,algo_match,token_set_ratio,,
10458,CLINDAM 300 MG 16 CAP,CLINDAM 300 MG 16 CAPS.,كليندام 300 مجم 16 كبسول,2313483.0,97.7,algo_match,brand_index,,
29160,CLINDASOL 0.3GM/30ML TOP. SOLN. 30 ML,CLINDASOL 0.3 GM / 30 ML TOP. SOLN. 30 ML,كلينداسول 0.3 جم / 30 مل محلول 30 مل,2454937.0,89.5,ai_confirmed,ai_verified,0.0,
61390,CLINDASOL TOPICAL GEL 20 GM,CLINDASOL 1 % TOPICAL GEL 20 GM,كلينداسول 1 % جل موضعي 20 جم,1678834.0,93.1,algo_match,brand_index,,
75876,CLINDAVERT 2% VAGINAL CREAM 20 GM,CLINDAVERT 2 % VAGINAL CREAM 20 GM,كليندافيرت 2 % كريم مهبلي 20 جم,,95.5,algo_match,brand_index,,
86726,clinso gel 50 gm,,,,,,no_match,,
76432,CLINSO VAGINAL WASH 200ML,,,,,,no_match,,
47864,CLOBUTRA CREAM,CLOBUTRA 0.05 % CREAM 25 GM,كليوباترا 0.05 % كريم 25 جم,904626.0,100.0,algo_match,token_set_ratio,,
87705,CLOPACIRC 30 TAB,CLOPACIRC 75 MG 30 TABS,كلوباسيرك 75 مجم 30 اقراص,1548198.0,82.1,ai_confirmed,ai_verified,0.0,
47555,CLOPEX 75 MG 30 TAB,,,,,,no_match,,
83061,CLOSOL 50 ML SPRAY,CLOSOL 10 MG / ML TOPICAL SPRAY 50 ML,كلوسول 10 مجم / مل بخاخ موضعي 50 مل,2396612.0,100.0,algo_match,token_set_ratio,,
37355,CLOVACORT CREAM,CLOVACORT 0.05 % CREAM 20 GM,كلوفاكورت 0.05 % كريم 20 جم,,100.0,algo_match,token_set_ratio,,
10466,CLOZAPEX 100MG TAB,CLOZAPEX 100 MG 50 TAB.,كلوزابكس 100 مجم 50 اقراص,2470744.0,92.7,algo_match,brand_index,,
10467,CLOZAPEX 25MG TAB,CLOZAPEX 25 MG 50 TAB.,كلوزابكس 25 مجم 50 اقراص,904628.0,92.3,algo_match,brand_index,,
85054,CLOZAPINE 100 MG 30 TABS,CLOZAPINE 100 MG 30 SCORED TAB.,كلوزابين 100 مجم 30 اقراص,2567735.0,85.2,ai_confirmed,ai_verified,0.0,
47856,CLOZAPINE 100MG 20TAB,CLOZAPINE 100 MG 20 SCORED TAB.,كلوزابين 100 مجم 20 اقراص,2674706.0,86.8,ai_confirmed,ai_verified,0.0,
46637,CLOZAPINE 25MG 30TAB,CLOZAPINE 25 MG 30 TAB.,كلوزابين 25 مجم 30 اقراص,2437054.0,100.0,algo_match,brand_index,,
19548,CO-DIOVAN 160/25 MG 10 TAB,CO DIOVAN 160 / 25 MG 10 F.C.TABS,كو ديوفان 160 / 25 مجم 10 اقراص,2542865.0,84.7,ai_confirmed,ai_verified,0.0,
57061,CO-DIOVAN 160/25 MG 15 TAB,CO DIOVAN 160 / 25 MG 15 F.C.TAB,كو ديوفان 160 / 25 مجم 15 اقراص,2127719.0,86.2,ai_confirmed,ai_verified,0.0,
74008,CO-TAREG 160/12.5 MG 14 TAB,,,,,,no_match,,
74180,CO-TAREG 160/12.5 MG 28 TAB,CO TAREG 160 / 12.5 MG 28 F.C. TAB,كو تارج 160 / 12.5 مجم 28 اقراص,949176.0,80.0,ai_confirmed,ai_verified,0.0,
90738,CO-TRIMOXAZOLE TAB 20,CO TRIMOXAZOLE 20 TAB,كو ترايموكسازول اقراص سبترين,2675519.0,100.0,algo_match,brand_index,,
73853,CO - AVAZIR EYE DROPS 5 ML,,,,,,no_match,,
73626,CO TAREG 80/12.5MG 14 tab,CO TAREG 80 / 12.5 MG 14 F.C.TAB,كو تارج 80 / 12.5 مجم 14 اقراص,1397337.0,82.4,ai_confirmed,ai_verified,0.0,
64048,CO TRIAMOXAZOLE SYRUP 120 ML,,,,,,no_match,,
80838,CO_AVAZIR 5GM EYE OINTMENT,CO AVAZIR EYE OINT. 5 GM,كو افازير مرهم للعين 5 جم,2113235.0,80.0,ai_confirmed,ai_verified,0.0,
59242,COAPROVAL 150\12.5 MG 14 TAB,,,,,,no_match,,
55151,COAPROVAL 150\12.5 MG 28 TAB,,,,,,no_match,,
87612,COBAFOLIC 30 TAB,COBAFOLIC 30 TABS,كوبافوليك 30 اقراص,,97.0,algo_match,brand_index,,
90222,COBAFOLIC PLUS 30 GCALP,COBAFOLIC PLUS 30 CAP,كوبافوليك بلس 30 كبسول,,95.5,algo_match,token_set_ratio,,
1803,COBAL 500 MG 30TAB,COBAL 500 MCG 30 F.C.TAB.,كوبال 500 مكجم 30 اقراص,904654.0,88.4,ai_confirmed,ai_verified,0.0,
52033,COBAL F 30 TAB,COBAL 500 MCG 30 F.C.TAB.,كوبال 500 مكجم 30 اقراص,904654.0,100.0,algo_match,token_set_ratio,,
COB,COBALAMIN DEPOT 5AMP,COBALAMIN DEPOT 1000 MCG / ML 5 AMP. I.M,كوبالامين ديبو امبول,2637404.0,100.0,algo_match,token_set_ratio,,
89980,cobalamoun 30 tab 1000 mcg,COBALAMOUN 30 TABS,كوبالامون 30 اقراص,2575574.0,83.9,ai_confirmed,ai_verified,0.0,
19631,CODAPHENE-N SYRUP,CODAPHEN N SYRUP 120 ML,كودافين ان شراب 120 مل,1463868.0,80.0,ai_confirmed,ai_verified,0.0,
76209,CODERM CREAM 60GM.,,,,,,no_match,,
26404,CODILAR SYRUP 120 ML,CODILAR SYRUP 120 ML,كوديلار شراب 120 مل,904666.0,100.0,algo_match,brand_index,,
12167,COENZYME Q10 20 CAP,COENZYME Q 10 30 MG 20 CAPS.,كو انزيم كيو 10 30 مجم 20 كبسول,2633736.0,85.1,ai_confirmed,ai_verified,0.0,
79534,COENZYME Q10 FORTE 20CAPSULES,COENZYME Q 10 FORTE 100 MG 20 CAPS.,كو انزيم كيو 10 فورت 30 مجم 20 كبسول,,83.1,ai_confirmed,ai_verified,0.0,
85900,COFFEE ZINC ANTI HAIR FALL HAIR TONIC 250ML,,,,,,no_match,,
83096,COFFEEZINC 200ML SHAMPOO,COFFEE ZINC SHAMPOO 200 ML,كوفي زنك شامبو 200 مل,2470809.0,82.4,ai_confirmed,ai_verified,0.0,
84300,COGEX 10 SACHS,COGEX 10 SACHET,كوجكس 10 كيس,2160094.0,89.7,ai_confirmed,ai_verified,0.0,
87517,COGICINE 30 TABS,COGICIN 30 TABS,كوجيسين 30 اقراص,2164560.0,96.8,algo_match,brand_index,,
74025,COGINTOL 20TAB,COGINTOL 2 MG 20 TAB.,كوجينتول 2 مجم 20 اقراص,1483283.0,85.7,ai_confirmed,ai_verified,0.0,
13256,COLCHICINE 0.5GM 100TAB,COLCHICINE 500 MCG 100 TAB.,كولشيسين 500 مجم 100 اقراص,2010784.0,82.4,ai_confirmed,ai_verified,0.0,
86369,colchicine 1 Mg 20 tabs (mayoly spindler),,,,,,no_match,,
60060,COLD CONTROL 20 TAB,COLD CONTROL 20 F.C.TAB.,كولد كنترول 20 اقراص,972378.0,90.5,algo_match,brand_index,,
COL,COLD FREE 20 TAB,COLD FREE 20 TAB.,كولد فري 20 اقراص,2497914.0,100.0,algo_match,brand_index,,
88015,COLD STOP-N 30 F.C TABLETS,COLD STOP N 30 F.C. TABS,ستوب ادول كولد,2491501.0,93.9,algo_match,brand_index,,
81578,COLDATREXY TAB,COLDATREXY 30 F.C. TABS.,كولد اتريكس ق,2313504.0,83.3,ai_confirmed,ai_verified,0.0,
35026,COLI-URINAL EFF. GR. 60 GM,COLI URINAL EFF. GR. 60 GM,كولي يورينال فوار 60 جم,1522025.0,100.0,algo_match,brand_index,,
80292,COLLACOGEN 30 SACHETS 55MG + 10GM,,,,,,no_match,,
91856,COLLAGEN FRESH C 30TAB,COLLAGEN FRESH C 30 TABS,كولاجين فريش سي 30 اقراص / مارشملو,2652684.0,97.9,algo_match,brand_index,,
90319,COLLAROW 10 SACHETS,COLLAROW 10 SACHETS,كولارو 10 اكياس,,100.0,algo_match,brand_index,,
90587,COLLDGE ZINC OLIVE CREAM 75 GM,,,,,,no_match,,
73251,COLLOMACK SOLUTION 10 ML,,,,,,no_match,,
31433,COLMEDITEN 100TAB,COLMEDITEN 0.5 MG 100 TABS,كولميديتين 0.5 مجم 100 اقراص,1659319.0,81.8,ai_confirmed,ai_verified,0.0,
57909,COLONA 30 TAB,COLONA 30 F.C.TAB.,كولونا 30 اقراص,2194284.0,86.7,ai_confirmed,ai_verified,0.0,
91450,COLONXIR 10 TABLETS,COLON XIR 10 TAB,كولون اكسير 10 اقراص,1816604.0,81.5,ai_confirmed,ai_verified,0.0,
74232,COLOSALAZINE-EC 20 TAB 500GM,COLOSALAZINE EC 500 MG 20 ENTERIC COATED TAB.,كولوسالازين اي سي 500 مجم 20 اقراص,2167559.0,94.5,algo_match,token_set_ratio,,
1335,COLOSPASMIN FORTE 20 TAB,COLOSPASMIN FORTE 135 MG 20 SUGAR COATED TAB.,كولوسبازمين فورت 135 مجم 20 اقراص,904706.0,100.0,algo_match,token_set_ratio,,
74940,COLOVATIL 25 MG HCL 100 MG 30 TAB,,,,,,no_match,,
77112,COLOVERIN 135MG 30-TAB,COLOVERIN 135 MG 30 TABLETS,كولوفيرين 135 مجم 30 اقراص,2437116.0,92.0,algo_match,brand_index,,
48185,COLOVERIN A 30 TAB,COLOVERIN A 30 TABLETS,كولوفيرين ايه 30 اقراص,2315065.0,90.0,algo_match,brand_index,,
73366,COLOVERIN D 30 TAB,COLOVERIN D 30 TABLETS,كولوفيرين دي 30 اقراص,2313508.0,90.0,algo_match,brand_index,,
75030,COLOVERIN SR 200 MG CAP,COLOVERIN SR 200 MG 30 CAPS,كولوفيرين اس ار 200 مجم 30 كبسول,2470830.0,92.0,algo_match,brand_index,,
91877,ComFase Cap,COMFASE 30 CAPS,كومفيز 30 ك,2681183.0,84.6,ai_confirmed,ai_verified,0.0,
61226,COMFORT GEL 50 GM,COMFORT GEL 50 GM,كومفورت جل 50 جم,1768837.0,100.0,algo_match,brand_index,,
91272,COMPLAVIN 75/100MG 30 TAB,COMPLAVIN 75 / 100 MG 30 TABS,كومبلافين 75 / 100 مجم 30 اقراص,2254863.0,80.0,ai_confirmed,ai_verified,0.0,
46644,COMPLETE HAIR OIL 120ML,COMPLETE HAIR OIL 120 ML,كومبليت زيت شعر 120 مل,2194296.0,100.0,algo_match,brand_index,,
57522,COMPLETE HAIR OIL 60 ML,COMPLETE HAIR OIL 60 ML,كومبليت زيت شعر 60 مل,1623491.0,100.0,algo_match,brand_index,,
75159,CONA-ADIONE 30TAB,CONA ADIONE 10 MG 30 CHEWABLE TAB.,كوناديون 10 مجم 30 اقراص,2452837.0,100.0,algo_match,token_set_ratio,,
88157,CONAFUTAL 20 F.C TABLETS,,,,,,no_match,,
91371,CONAMEDIZEN CREAM 1% 30 GM,CONAMEDIZEN 1 % TOPICAL CREAM 30 GM,كوناميدزين 1 % كريم 30 جم,2465371.0,82.0,ai_confirmed,ai_verified,0.0,
73382,CONCOR 10 PLUS 30TAB,,,,,,no_match,,
73682,CONCOR 10MG 30TAB,CONCOR 10 MG 30 F.C. TABLETS,كونكور 10 مجم 30 اقراص,904756.0,82.6,ai_confirmed,ai_verified,0.0,
73061,CONCOR 5 MG 30 TAB,CONCOR 5 MG 30 F.C. TABS,كونكور 5 مجم 30 اقراص,2145193.0,87.8,ai_confirmed,ai_verified,0.0,
73173,CONCOR 5 PLUS 30TAB,,,,,,no_match,,
79535,CONCOR AMLO 5/5 30TABLETS,CONCOR AMLO 5 / 5 MG 30 TABS.,كونكور املو 5 / 5 مجم 30 اقراص,2452714.0,81.5,ai_confirmed,ai_verified,0.0,
73165,CONCOR COR 2.5MG 30 TAB,CONCOR COR 2.5 MG 30 F.C. TABS,كونكور كور 2.5 مجم 30 اقراص,904759.0,90.6,algo_match,brand_index,,
89276,CONGDOSIN 8 MG 20 CAPS,CONGDOSIN 8 MG 20 CAPS.,كونجدوسين 8 مجم 20 كبسول,,100.0,algo_match,brand_index,,
CONG,CONGESTAL 20 TAB,CONGESTAL 20 TABS.,كونجستال 20 اقراص,2064107.0,97.0,algo_match,brand_index,,
17423,CONGESTAL SYRUP,CONGESTAL SYRUP 120 ML,كونجستال شراب 120 مل,2094306.0,81.1,ai_confirmed,ai_verified,0.0,
85359,CONISTOVA 2 MG 28 TAB,CONISTOVA 2 MG 28 F.C.TABS.,كونيستوفا 2 مجم 28 اقراص,2141628.0,89.4,ai_confirmed,ai_verified,0.0,
22862,CONISTOVA 2 MG TAB,CONISTOVA 2 MG 14 TABS.,كونيستوفا 2 مجم 14 اقراص,,90.0,algo_match,brand_index,,
58975,CONJYCLEAR 5 ML,CONJYCLEAR 0.1 % EYE DROPS 5 ML,كونجيكلير 0.1 % قطره 5 مل,2144497.0,100.0,algo_match,token_set_ratio,,
89533,CONJYCLEAR FORTE 0.2% EYE DROPS 30 X 0.4 ML SDU,CONJYCLEAR FORTE 0.2 % EYE DROPS 30 X 0.4 ML SDU,كونجيكلير فورت 0.2 % قطره 30 * 0.4 مل يوني دوز,,96.8,algo_match,brand_index,,
66019,CONJYCLEAR FORTE 0.2% SOLUTION 5 ML,,,,,,no_match,,
81527,constipride 1 mg tab,CONSTIPRIDE 1 MG 28 F.C. TABS.,كونستيبرايد 1 مجم 28 اقراص,2157526.0,83.3,ai_confirmed,ai_verified,0.0,
79533,CONSTIPRIDE 2 MG 28 TABLETS,CONSTIPRIDE 2 MG 28 F.C. TABS.,كونستيبرايد 2 مجم 28 اقراص,2175553.0,87.3,ai_confirmed,ai_verified,0.0,
48121,CONTAFEVER N SYRUP 120 ML,,,,,,no_match,,
68824,CONTOUR PLUS 50 STRIP,,,,,,no_match,,
73580,CONTRACTUBEX GEL 20 GM,CONTRACTUBEX TOP. GEL 20 GM,كونتراكتيوبكس جل 20 جم,2549549.0,91.7,algo_match,brand_index,,
88492,CONTRAHISTADIN 20MG 30TABS,CONTRAHISTADIN 20 MG 30 TABS,كونتراهيستادين 20 مجم 30 اقراص,904734.0,100.0,algo_match,brand_index,,
80911,CONTRAPLAN 4 TABS,CONTRAPLAN II 0.75 MG 4 CAPS.,كونترابلان 2 0.75 مجم 4 كبسول,2471759.0,82.8,ai_confirmed,ai_verified,0.0,
86351,CONTRASTROKE 75 MG 30 TABS,CONTRASTROKE 75 MG 30 TAB,كونتراستروك 75 مجم 30 اقراص,2588094.0,98.0,algo_match,brand_index,,
82757,CONTROLEPSY 100MG 30 TABS,CONTROLEPSY 100 MG 30 TAB.,كونترولبسي 100 مجم 30 اقراص,2486387.0,98.0,algo_match,brand_index,,
58241,CONTROLEPSY 50 MG 30 TAB,CONTROLEPSY 50 MG 30 TAB.,كونترولبسي 50 مجم 30 اقراص,2156594.0,100.0,algo_match,brand_index,,
27940,CONTROLOC 20 MG TAB,CONTROLOC 20 MG 14 GASTRO RESISTANT TABS.,كونترولوك 20 مجم 14 اقراص,2144085.0,88.2,ai_confirmed,ai_verified,0.0,
74272,CONTROLOC 40MG POWDER FOR I.V. INF. VIAL,CONTROLOC 40 MG POWDER FOR I.V. INF. VIAL,كونترولوك 40 مجم امبول,2263606.0,100.0,algo_match,brand_index,,
CON,CONTROLOC 40MG TAB,CONTROLOC 40 MG 14 GASTRO RESISTANT TABS.,كونترولوك 40 مجم 14 اقراص,2144035.0,88.2,ai_confirmed,ai_verified,0.0,
67292,CONVAGRAN 100 MG 30 CAP,CONVAGRAN 100 MG 30 CAPS.,كونفاجران 100 مجم 30 كبسول,2464990.0,97.9,algo_match,brand_index,,
57302,CONVENTIN 100 MG 30 CAP,CONVENTIN 100 MG 30 CAP,كونفنتين 100 مجم 30 كبسول,2455015.0,100.0,algo_match,brand_index,,
57423,CONVENTIN 300 MG 30 CAP,CONVENTIN 300 MG 30 CAPS.,كونفنتين 300 مجم 30 كبسول,2455016.0,97.9,algo_match,brand_index,,
57104,CONVENTIN 400 MG 30 CAP,CONVENTIN 400 MG 30 CAPS.,كونفنتين 400 مجم 30 كبسول,904750.0,97.9,algo_match,brand_index,,
85013,CONVENTIN 600mg 30 tab,CONVENTIN 600 MG 30 TABS,كونفنتين 600 مجم 30 اقراص,1250192.0,97.9,algo_match,brand_index,,
85012,CONVENTIN 800mg 30 tab,CONVENTIN 800 MG 30 TABS,كونفنتين 800 مجم 30 اقراص,2455020.0,97.9,algo_match,brand_index,,
87486,CONVENTIN XR 300 MG 30 TABS,CONVENTIN XR 300 MG 30 TABS.,كونفنتين اكس ار 300 مجم 30 اقراص,904749.0,100.0,algo_match,brand_index,,
86780,CONVENTIN XR 600 MG 30 TABS,CONVENTIN XR 600 MG 30 TABS.,كونفنتين اكس ار 600 مجم 30 اقراص,2470865.0,100.0,algo_match,brand_index,,
61814,CONVIBAN 100 MG 20 TAB,CONVIBAN 100 MG 20 SCORED F.C. TABS.,كونفيبان 100 مجم 20 اقراص,2180464.0,90.0,algo_match,token_set_ratio,,
61813,CONVIBAN 25 MG 30 TAB,CONVIBAN 25 MG 30 F.C. TABS,كونفيبان 25 مجم 30 اقراص,1504008.0,89.4,ai_confirmed,ai_verified,0.0,
81534,CONVIBAN 50 TAB,CONVIBAN 50 MG 30 F.C. TABS,كونفيبان 50 مجم,2680570.0,84.6,ai_confirmed,ai_verified,0.0,
82666,COPAD 10000 IU VIT D3 30 CAPS,COPAD 10.000 I.U. 30 CAPS,كوباد 10000 وحده دوليه 30 كبسول,2641939.0,83.0,ai_confirmed,ai_verified,0.0,
88477,COPAD 4.000 I.U. 30 CAPS,COPAD 4000 I.U. 30 CAPS,كوباد 4000 وحده 30 اقراص,1671585.0,100.0,algo_match,brand_index,,
85354,COPAD TRI OMEGA SYRUP,COPAD TRI OMEGA SYRUP 120 ML,كوباد تراي اوميجا شراب 120 مل,2359963.0,85.7,ai_confirmed,ai_verified,0.0,
2833,CORASORE-N 150MG/ML ORAL DROPS 15 ML,CORASORE N 150 MG / ML ORAL DROPS 15 ML,كوراسور ان 150 مجم / مل قطره 15 مل,2473053.0,94.7,algo_match,brand_index,,
3110,CORASORE 20 TAB,CORASORE 150 MG 20 TAB.,كوراسور 150 مجم 20 اقراص,1624649.0,81.1,ai_confirmed,ai_verified,0.0,
74064,CORDARONE 200 MG 30 TAB,CORDARONE 200 MG 30 SCORED TABS,كوردارون 200 مجم 30 اقراص,2209439.0,85.2,ai_confirmed,ai_verified,0.0,
56369,CORDO SPRAY 60 ML,CORDO C SPRAY 60 ML,كوردو سي بخاخ 60 مل,,94.4,algo_match,brand_index,,
55146,CORNETEARS EYE GEL10 GM,CORNETEARS 1000 IU / G AQUEOUS EYE GEL 10 GM,كورنيتيرز 1000 وحده قطره جل للعين 10 جم,,100.0,algo_match,token_set_ratio,,
3306,CORTILON TAB,CORTILON 0.1 MG 20 TAB.,كورتيلون 0.1 مجم 20 اقراص,1052813.0,100.0,algo_match,token_set_ratio,,
74183,CORTIPLEX B6 3AMP PAEDIATRIC,CORTIPLEX B 6 PEDIATRIC 3 AMP.,كورتيبلكس ب 6 للاطفال 3 امبول,2470789.0,98.3,algo_match,brand_index,,
75224,CORTIPLEX B6 adults 3AMP,CORTIPLEX B 6 ADULT 3 AMP.,كورتيبلكس ب 6 للكبار 3 امبول,904673.0,98.0,algo_match,brand_index,,
76531,CORTOPECT 30 CAP,CORTOPECT 300 MG 30 CAPS,كورتوبكت 300 مجم 30 كبسول,1209117.0,80.0,ai_confirmed,ai_verified,0.0,
91537,CORTOPECT 300 MG 30 CAPS,CORTOPECT 300 MG 30 CAPS,كورتوبكت 300 مجم 30 كبسول,1209117.0,100.0,algo_match,brand_index,,
86811,CORTOPECT ADVANCE 20 TAB,CORTOPECT ADVANCE 20 TAB,كورتوبكت ادفانس 20 اقراص,2385423.0,100.0,algo_match,brand_index,,
88018,CORTOPECT PLUS 20 CAPSULES,CORTOPECT PLUS 20 CAPS,كورتوبكت بلس 20 اقراص,2454957.0,91.7,algo_match,brand_index,,
46636,CORVAST 80MG 7TAB,CORVAST 80 MG 7 F.C.TAB.,كورفاست 80 مجم 7 اقراص,,90.5,algo_match,brand_index,,
89131,CORVIBEAK 20 CAPS,CORVIBEAK 20 CAPS,كورفيبيك 20 كبسوله,2552283.0,100.0,algo_match,brand_index,,
82093,COSAMINE CREAM,COSAMINE MASSAGE CREAM 50 GM,كوزامين كريم مساج 50 جم,1617659.0,100.0,algo_match,token_set_ratio,,
75528,COSANTOX 30 TAB,COSANTOX 30 F.C. TABS.,كوزانتوكس 30 اقراص,,85.7,ai_confirmed,ai_verified,0.0,
90889,COSIMPREL 5/10MG 15 FLIM,,,,,,no_match,,
87914,COSIMPREL 5MG/ 5MG 15 F.C TABLETS,COSIMPREL 5 / 5 MG 15 F.C. TABS,كوسيمبريل 5 / 5 مجم 15 اقراص,1650805.0,86.2,ai_confirmed,ai_verified,0.0,
21672,COSMOFER AMP,COSMOFER 50 MG / ML 5 AMP. FOR INJECTION,كوزموفير 50 مجم / مل 5 امبول,1459763.0,100.0,algo_match,token_set_ratio,,
73654,COSOPT EYE DROPS 5 ML,COSOPT EYE DROPS 5 ML,كوسبت قطره 5 مل,,100.0,algo_match,brand_index,,
80294,COSTAREB 30 TABLETS,COSTAREB 100 MG 30 TABS.,كوستاريب 100 مجم 30 اقراص,2380054.0,84.2,ai_confirmed,ai_verified,0.0,
4281,COUGH CUT 7.5 MG/5 ML SYRUP 100ML,COUGH CUT 7.5 MG / 5 ML SYRUP 100 ML,كاف كت 7.5 مجم / 5 مل شراب 100 مل,,91.4,algo_match,brand_index,,
58452,COUGH REST-N 120 ML,COUGH REST SYRUP 120 ML,كاف ريست شراب 120 مل,1523578.0,81.0,ai_confirmed,ai_verified,0.0,
73160,COUGHSED CHILDREN 12 SUPP,,,,,,no_match,,
14366,COUGHSED P INF SUPP,,,,,,no_match,,
73153,COVERAM 10 MG/ 10 MG 15 TAB,COVERAM 10 / 10 MG 15 TAB.,كوفيرام 10 / 10 مجم 15 اقراص,904695.0,88.5,ai_confirmed,ai_verified,0.0,
74001,COVERAM 10 MG/ 5 MG 15 TAB,COVERAM 10 / 5 MG 15 TABS,كوفيرام 10 / 5 مجم 15 اقراص,2437106.0,86.3,ai_confirmed,ai_verified,0.0,
57197,COVERAM 5 MG/ 10 MG 15 TAB,COVERAM 5 / 10 MG 15 TABS,كوفيرام 10 / 5 مجم 15 اقراص,2522522.0,86.3,ai_confirmed,ai_verified,0.0,
57200,COVERAM 5 MG/ 5 MG 15 TAB,COVERAM 5 / 5 MG 15 TABS.,كوفيرام 5 / 5 مجم 15 اقراص,1635650.0,85.7,ai_confirmed,ai_verified,0.0,
65643,COVERAM 5 MG/ 5 MG 30 TAB,COVERAM 5 / 5 MG 30 TABS,كوفيرام 5 / 5 مجم 30 اقراص,2514260.0,85.7,ai_confirmed,ai_verified,0.0,
47512,COVERSYL 5 MG 30 TAB,COVERSYL 5 MG 30 F.C. TAB,كوفرسيل 5 مجم 30 اقراص,904691.0,90.9,algo_match,brand_index,,
72203,COVERSYL PLUS 10/2.5 MG 15 TAB,COVERSYL PLUS 10 / 2.5 MG 15 TABS.,كوفرسيل بلس 10 / 2.5 مجم 15 اقراص,2145165.0,82.5,ai_confirmed,ai_verified,0.0,
60894,COVERSYL PLUS 5 MG/1.25MG 15 TAB,COVERSYL PLUS 5 / 1.25 MG 15 TABS.,كوفرسيل بلس 5 / 1.25 مجم 15 اقراص,2342390.0,93.9,algo_match,token_set_ratio,,
85049,COXINORIN 90 MG 30 TABS,COXINORIN 90 MG 30 F.C. TABS.,كوكسينورين 90 مجم 30 اقراص,2074471.0,92.0,algo_match,brand_index,,
88160,COXRITOR 60 MG 14 F.C TABLETS,COXRITOR 60 MG 30 F.C.TABS,كوكسريتور 60 مجم 30 اقراص,2680999.0,87.3,ai_confirmed,ai_verified,0.0,
87816,COXRITOR 60 MG 30 F.C TABLETS,COXRITOR 60 MG 30 F.C.TABS,كوكسريتور 60 مجم 30 اقراص,2680999.0,94.5,algo_match,brand_index,,
82749,COXRITOR 90MG 30 TABS,COXRITOR 90 MG 30 F.C.TABS,كوكسريتور 90 مجم 30 اقراص,904700.0,91.7,algo_match,brand_index,,
COX,COXTORI 60MG 14TAB,COXTORI 60 MG 14 TAB,كوكستوري 60 مجم 14 اقراص,,100.0,algo_match,brand_index,,
33027,COZAAR 100MG TAB,COZAAR 100 MG 14 F.C. TAB,كوزار 100 مجم 14 اقراص,,82.9,ai_confirmed,ai_verified,0.0,
16184,COZAAR 50MG TAB,COZAAR 50 MG 14 TAB.,كوزار 50 مجم 14 اقراص,,91.4,algo_match,brand_index,,
90800,CRANBERRY 30 CAPS,CRANBERRY 20 CAPSULES,كرانبري 20 كبسول,2075723.0,84.2,ai_confirmed,ai_verified,0.0,
85128,CRANBY 20 CAP,CRANBY 20 CAPS,كرانبي 20 كبسول,2470700.0,96.3,algo_match,brand_index,,
67293,CRESTATIN 10 MG 30 TAB,CRESTATIN 10 MG 30 F.C. TABS.,كريستاتين 10 مجم 30 اقراص,2671107.0,89.8,ai_confirmed,ai_verified,0.0,
55968,CRESTOLIP 10 MG 30 TAB,CRESTOLIP 10 MG 30 F.C.TABS.,كرستوليب بلس 10 / 10 اقراص,2584060.0,89.8,ai_confirmed,ai_verified,0.0,
55967,CRESTOLIP 20 MG 30 TAB,CRESTOLIP 20 MG 30 F.C.TABS.,كريستوليب 20 مجم 30 اقراص,2144657.0,89.8,ai_confirmed,ai_verified,0.0,
73926,CRESTOR 10 MG 28 TAB,CRESTOR 10 MG 28 F.C.TABS.,كريستور 10 مجم 28 اقراص,2149684.0,88.9,ai_confirmed,ai_verified,0.0,
73639,CRESTOR 20 MG 14 TAB,CRESTOR 20 MG 14 F.C.TABS.,كريستور 20 مجم 14 اقراص,,88.9,ai_confirmed,ai_verified,0.0,
86371,CRESTOR 20 MG 28 TABS,CRESTOR 20 MG 28 TAB,كريستور 20 مجم 28 اقراص,2313455.0,97.6,algo_match,brand_index,,
88932,CRESTOR 5 MG 28 TABS,CRESTOR 5 MG 28 TAB,كريستور 5 مجم 28 اقراص,2348098.0,97.4,algo_match,brand_index,,
85278,CRYOVERD MASSAGE EMULGEL,CRYOVERD MASSAGE EMULGEL 50 GM,كريوفيرد مساج جل 50 جم,,88.9,ai_confirmed,ai_verified,0.0,
90673,CRYOVERD MASSAGE EMULGEL 50GM,CRYOVERD MASSAGE EMULGEL 50 GM,كريوفيرد مساج جل 50 جم,,100.0,algo_match,brand_index,,
60207,CRYPTONAZ 12 TAB,CRYPTONAZ 500 MG 12 F.C.TAB.,كريبتوناز 500 مجم 12 اقراص,904597.0,100.0,algo_match,token_set_ratio,,
46822,CRYPTONAZ SUSP,CRYPTONAZ 100 MG / 5 ML SUSP. 60 ML,كريبتوناز 100 مجم / 5 مل شراب 60 مل,904598.0,100.0,algo_match,token_set_ratio,,
66003,CRYPTOPER SUSP 60 ML,CRYPTOPER 100 MG / 5 ML PD. FOR ORAL SUSP. 60 ML,كريبتوبر 100 مجم / 5 مل شراب 60 مل,1601907.0,100.0,algo_match,token_set_ratio,,
90318,CUIDADO 30 TABS,,,,,,no_match,,
73490,CURAM 1GM TAB 12 tab,CURAM 1 GM 12 F.C. TABS.,كيورام 1 جم 12 اقراص,2437188.0,87.2,ai_confirmed,ai_verified,0.0,
74845,CURAM 312.5MG SUSP 75 ml,CURAM 312.5 MG / 5 ML PD. FOR ORAL SUSP. 75 ML,كيورام 312.5 / 5 مل شراب 75 مل,2489239.0,100.0,algo_match,token_set_ratio,,
48289,CURAM 457MG/5ML 70 ML,CURAM 457 MG / 5 ML PD. FOR ORAL SUSP. 70 ML,كيورام 457 / 5 مل شراب 70 مل,904821.0,85.7,ai_confirmed,ai_verified,0.0,
74281,CURAM 625MG 12TAB,CURAM 625 MG 12 F.C.TAB.,كيورام 625 مجم 12 اقراص,2011960.0,90.5,algo_match,brand_index,,
90221,CURAM 642.9MG/5ML SANDOZ,,,,,,no_match,,
62125,CURISAFE 1 GM 8 F.C. TABS.,CURISAFE 1 GM 8 F.C. TABS.,كيوريسيف 1 جم 8 اقراص,2462361.0,100.0,algo_match,brand_index,,
74531,CURISAFE 500MG 8 CAP,CURISAFE 500 MG 8 CAPS.,كيوريسيف 500 مجم 8 كبسول,2616727.0,97.7,algo_match,brand_index,,
63198,CURISAFE 500MG SUSP60ML,CURISAFE 500 MG / 5 ML SUSP. 60 ML,كيوريسيف 500 مجم / 5 مل شراب 60 مل,2176318.0,88.1,ai_confirmed,ai_verified,0.0,
79732,CUSHION 10 SACHETS,CUSHION 10 SACHETS,كوشيون 10 اكياس (كوجين),,100.0,algo_match,brand_index,,
74106,CYANARO 1% OPHTHALMIC SOLUTION 2.5 ML,,,,,,no_match,,
92248,CYANARO PLUS EYE DROPS 5 ML,CYANARO PLUS EYE DROPS 5 ML,سيانارو بلس قطره 5 مل,2630699.0,100.0,algo_match,brand_index,,
86317,CYANOHEPTAN 6 I.M. AMP. 2 ML,CYANOHEPTAN 6 AMP,سيانوهيبتان 6 امبول,2036989.0,100.0,algo_match,token_set_ratio,,
80949,CYBREAK MASSAGE SPRAY 100 ML,CYBREAK MASSAGE SPRAY 100 ML,سايبريك بخاخ 100 مل,2329177.0,100.0,algo_match,brand_index,,
CYC,CYCLO-PROGYNOVA 21 F.C. TAB. (BIPHASIC),CYCLO PROGYNOVA 21 F.C. TAB. (BIPHASIC),سيكلو بروجينوفا 21 اقراص,2436642.0,100.0,algo_match,brand_index,,
81701,CYCLOFLEX 5 MG 20 F.C. TAB.,CYCLOFLEX 5 MG 20 F.C. TAB.,سيكلوفليكس 5 مجم 20 اقراص,904063.0,100.0,algo_match,brand_index,,
79285,CYCLOGEST 400MG,CYCLOGEST 400 MG 15 RECTAL OR VAG. PESSARIES,سايكلوجيست 400 مجم لبوس,,100.0,algo_match,token_set_ratio,,
32955,CYCLOPHRINE DROPS,CYCLOPHRINE EYE DROPS 5 ML,سيكلوفرين قطره 5 مل,2387447.0,100.0,algo_match,token_set_ratio,,
73656,CYMBALTA 30 MG 28 CAP,CYMBALTA 30 MG 28 CAPS.,سيمبالتا 30 مجم 28 كبسول,,97.7,algo_match,brand_index,,
74035,CYMBALTA 60 MG 28 CAP,CYMBALTA 60 MG 28 CAPS.,سيمبالتا 60 مجم 28 كبسول,,97.7,algo_match,brand_index,,
64446,CYMBATEX 20MG 30CAP,CYMBATEX 20 MG 30 CAPS.,سيمباتكس 20 مجم 30 كبسول,973148.0,97.7,algo_match,brand_index,,
73223,CYMBATEX 30MG 30 CAP,CYMBATEX 30 MG 30 CAPS.,سيمباتكس 30 مجم 30 كبسول,2144776.0,97.7,algo_match,brand_index,,
74522,CYMBATEX 60MG 30CAP,CYMBATEX 60 MG 30 CAPS.,سيمباتكس 60 مجم 30 كبسول,904106.0,97.7,algo_match,brand_index,,
12120,CYNCHOLINE 20 CAP,CYNCHOLINE 20 CAPS.,سينكولين 20 كبسول,1427073.0,97.1,algo_match,brand_index,,
81843n,cypentola e drop,CYPENTOLA 1 % EYE DROPS 15 ML,سايبنتولا 1 % قطره 15 مل,1806480.0,93.8,algo_match,partial_token_sort_ratio,,
48092,CYSTINOL CAP,CYSTINOL 425 MG 20 CAPS.,سيستينول 425 مجم 20 كبسول,904039.0,80.0,ai_confirmed,ai_verified,0.0,
12260,CYSTONE 60TAB,CYSTONE 60 TAB.,سيستون 60 اقراص,2561607.0,100.0,algo_match,brand_index,,
20482,CYTEAL ANTISEPTIC FOAMING SOLN. 250 ML,CYTEAL ANTISEPTIC FOAMING SOLN. 250 ML,سيتيال محلول رغوي مطهر 250 مل,,100.0,algo_match,brand_index,,
CYTO,CYTOTEC 200 MG 14 TABS +++IMP,,,,,,no_match,,
86018,CYTOTEC 200 MG 42 TABS ++++IMP,,,,,,no_match,,
81524,D DEP 1.000 I.U 30 CAPS 2 STRIP,D.DEP 1000 I.U. 30 CAPS,دي ديب 1000 وحده 30 كبسول,2319621.0,84.6,ai_confirmed,ai_verified,0.0,
85477,D DEP 10.000 I.U 30 CAPS 2 STRIP,D.DEP 10.000 I.U. 30 CAPS.,دي ديب 10000 وحده 30 كبسول,907730.0,85.2,ai_confirmed,ai_verified,0.0,
80998,D DEP 5.000 I.U 30 CAPS 2 STRIP,D.DEP 5000 I.U. 30 CAPS.,دي ديب 5000 وحده 30 كبسول,,84.6,ai_confirmed,ai_verified,0.0,
89686,D.DEP ORAL DROPS 15 ML,D.DEP ORAL DROPS 15 ML,دي ديب قطره بالفم 15 مل,2386810.0,100.0,algo_match,brand_index,,
90575,D.K DUO D3*K2 10ML,,,,,,no_match,,
84833,D3 TAG DROP,,,,,,no_match,,
88230,DABUR MISWAK ORIGINAL,,,,,,no_match,,
89953,DAFLOFIX 20TAB,,,,,,no_match,,
91542,DAFLOFIX 30 F.C TABS,DAFLOFIX 30 TABS,دافلوفيكس 30 اقراص,2633759.0,88.9,ai_confirmed,ai_verified,0.0,
83776,DAFLON 1000MG 30 F.C. TABS.,DAFLON 1000 MG 30 F.C. TABS,دافلون 1000 مجم 30 اقراص,1658389.0,100.0,algo_match,brand_index,,
83776,daflon 1000mg 30tab,DAFLON 1000 MG 30 F.C. TABS,دافلون 1000 مجم 30 اقراص,1658389.0,89.4,ai_confirmed,ai_verified,0.0,
73206,DAFLON 500 MG 30 TAB,DAFLON 500 MG 30 F.C. TABS.,دافلون 500 مجم 30 اقراص,903254.0,88.9,ai_confirmed,ai_verified,0.0,
73640,DAFREX 15 F.C. TABS.,DAFREX 15 F.C.TAB.,دافركس 15 اقراص,1368075.0,97.1,algo_match,brand_index,,
88058,DAGO ANTI DANDRUFF SHAMPOO 250 ML,,,,,,no_match,,
82388,DAGO PLUS 250ML SHAMPOO,,,,,,no_match,,
92241,DAILYVIT D3 4000 IU 30 CAPS,,,,,,no_match,,
12396,DAKTACORT CREAM 15 GM,DAKTACORT CREAM 15 GM,دكتاكورت كريم 15 جم,,100.0,algo_match,brand_index,,
74091,DAKTARIN CREAM,DAKTARIN 2 % CREAM 15 GM,دكتارين 2 % كريم 15 جم,2582902.0,100.0,algo_match,token_set_ratio,,
27753,DALACIN C 300MG 10 CAPS.,DALACIN C 300 MG 10 CAPS.,دالاسين سي 300 مجم 10 كبسول,2411447.0,100.0,algo_match,brand_index,,
34340,DALACIN C 600MG AMP,DALACIN C 600 MG I.M. / I.V. 4 ML AMP.,دالاسين سي 600 مجم 4 مل امبول,,100.0,algo_match,token_set_ratio,,
18108,DALACIN VAGINAL CREAM,,,,,,no_match,,
82815,DALFAROSIS 10MG TAB,DALFAROSIS 10 MG 20 TAB,دالفاروسيس 10 مجم 20 اقراص,,93.0,algo_match,brand_index,,
88698,DALOLIFE 10 SACHETS,DALOLIFE 10 SACHET,دالولايف 10 اكياس,1992783.0,97.3,algo_match,brand_index,,
60750,DAN OFF HAIR SHAMPOO 250ML,DAN OFF HAIR SHAMPOO 250 ML,دان اوف هير شامبو 250 مل,2113290.0,100.0,algo_match,brand_index,,
46758,DANDEL ANTI DANDRUF SHAMPOO 250 ML,,,,,,no_match,,
76222,DANDEL CREAM INTENSIVE REPAIR&COND 100GM,,,,,,no_match,,
73934,DANSET 4 MG 3 AMP/2 ML,DANSET 4 MG / 2 ML 3 AMP.,دانست 4 مجم / 2 مل 3 امبول,903264.0,87.0,ai_confirmed,ai_verified,0.0,
75645,DANSET 4MG/2ML 1 AMP.,,,,,,no_match,,
75638,DANSET 8MG 1 AMP,DANSET 8 MG / 4 ML 1 AMP.,دانست 8 مجم / 4 مل 1 امبول,,82.9,ai_confirmed,ai_verified,0.0,
75077,DANSET 8MG 3AMP,DANSET 8 MG / 4 ML 3 AMP.,دانست 8 مجم / 4 مل 3 امبول,2312923.0,82.9,ai_confirmed,ai_verified,0.0,
dan,DANSHIRO MOUTH SPRAY 30ML,,,,,,no_match,,
73851,DANTRELAX 30 CAP,DANTRELAX 25 MG 30 CAPS.,دانتريلاكس 25 مجم 30 كبسول,2396470.0,82.1,ai_confirmed,ai_verified,0.0,
73818,DANTRELAX COMPOUND 30CAP,DANTRELAX COMPOUND 30 CAPS.,دانتريلاكس مركب 30 كبسول,2436099.0,98.0,algo_match,brand_index,,
58297,DAONIL 30 TAB,DAONIL 5 MG 30 TAB.,دوانيل 5 مجم 30 اقراص,,83.9,ai_confirmed,ai_verified,0.0,
83674,DAPABLIX 10 MG 30 TABS,DAPABLIX 10 MG 30 F.C.TABS,دابابليكس 10 مجم 30 اقراص,948149.0,91.7,algo_match,brand_index,,
87718,DAPABLIX 5 MG 30 TABLETS,DAPABLIX 5 MG 30 F.C.TABS,دابابليكس 5 مجم 30 اقراص,903236.0,85.7,ai_confirmed,ai_verified,0.0,
84382,DAPABLIX MET XR 10 /1000 MG 30 TABS,DAPABLIX MET 10 / 1000 MG 30 TABLETS,دابابليكس ميت 10 / 1000 مجم 30 قرص,939293.0,84.5,ai_confirmed,ai_verified,0.0,
80517,DAPAGLIF 10MG 14TABLETS,DAPAGLIF 10 MG 14 F.C. TABS.,داباجليف 10 مجم 14 اقراص,2157655.0,86.3,ai_confirmed,ai_verified,0.0,
88210,DAPAGLIFLOZIN-EVA 10 MG 30 F.C. TABS.,DAPAGLIFLOZIN EVA 10 MG 30 F.C. TABS.,داباجليفلوزين 10 مجم 30 اقراص,2150466.0,100.0,algo_match,brand_index,,
81526,DAPAVELDACTIN 10 MG 30 TABS,DAPAVELDACTIN 10 MG 28 F.C. TABS.,دابافيلداكتين 10 مجم 28 اقراص,1433850.0,86.2,ai_confirmed,ai_verified,0.0,
81525,dapaveldactin 5 mg tab,DAPAVELDACTIN 5 MG 28 F.C. TABS.,دابافيلداكتين 5 مجم 28 اقراص,1031747.0,84.6,ai_confirmed,ai_verified,0.0,
81316,DAPAVELDACTIN 5/850 PLUS 28 TABS,DAPAVELDACTIN PLUS 5 / 850 MG 28 F.C. TABS.,دابافيلداكتين بلس 5 / 850 مجم 28 اقراص,2436087.0,84.9,ai_confirmed,ai_verified,0.0,
79537,DAPAVELDACTIN PLUS 5/1000,DAPAVELDACTIN PLUS 5 / 1000 MG 28 F.C. TABS.,دابافيلداكتين بلس 5 / 1000 مجم 28 اقراص,1422936.0,83.7,ai_confirmed,ai_verified,0.0,
65950,DAPOXTARD 60 MG 3 TAB,DAPOXTARD 60 MG 3 F.C. TABS.,دابوكستارد 60 مجم 3 اقراص,1883871.0,89.4,ai_confirmed,ai_verified,0.0,
84560,DAPOXTARD 60 MG 6 TAB,DAPOXTARD 60 MG 6 F.C. TABS.,دابوكستارد 60 مجم 6 اقراص,,89.4,ai_confirmed,ai_verified,0.0,
90767,DAPSOCYRL 30G TOPICAL GEL,,,,,,no_match,,
67310,DAPSON 100 MG 20 TAB,DAPSONE 100 MG 20 TABS.,دابسون 100 مجم 20 اقراص,2096137.0,95.2,algo_match,brand_index,,
edarfpoi,darjaer4mta,,,,,,no_match,,
77496,DAVALINDI 1000IU 100 TABS,DAVALINDI 1000 I.U. 100 TABS.,دافاليندي 1000 وحده 100 اقراص,,94.3,algo_match,brand_index,,
87614,DAVALINDI 200.000 IU/ML 2 AMPOULES,DAVALINDI 200000 IU 2 AMP,دافاليندي 200000 وحده 2 امبول,,86.2,ai_confirmed,ai_verified,0.0,
516112,DAVALINDI 5000MG 30 TABS,DAVALINDI 5000 I.U. 30 TABS,دافاليندي 5000 وحده 30 اقراص,2369304.0,90.2,algo_match,brand_index,,
83768,DAVALINDI VIT D3 10.000 I.U 30 TABS,,,,,,no_match,,
85572,DECAFORTIS 1000MG/4ML AMP.,DECAFORTIS 1000 MG / 4 ML AMP.,ديكافورتيس 1000 مجم / 4 مل 1 امبول,2513875.0,89.3,ai_confirmed,ai_verified,0.0,
5372,DECAL B12 SYRUP,DECAL B 12 N SYRUP 120 ML,ديكال ب 12 ان شراب 120 مل,,100.0,algo_match,token_set_ratio,,
63919,DECANCIT S.R 20 F.C. TAB,DECANCIT S.R 20 F.C.TAB,ديكانست اس ار 20 اقراص,2313009.0,100.0,algo_match,brand_index,,
77466,DECAPEPTYL 0.1MG/ML 7 SYRINGES,DECAPEPTYL 0.1 MG / ML 7 PREFILLED SYRINGE,ديكاببتيل 0.1 مجم / مل 7 امبول,,81.4,ai_confirmed,ai_verified,0.0,
82653,DECAPRENO 200.00 I.U/1ML 2 AMP,,,,,,no_match,,
6934,DECLOPHEN 100mg 5 SUPPS,DECLOPHEN 100 MG 5 SUPP.,ديكلوفين 100 مجم 5 لبوس,2469665.0,97.9,algo_match,brand_index,,
62707,DECLOPHEN 12.5 MG SUPP,DECLOPHEN 12.5 MG 5 INFANTILE SUPP.,ديكلوفين 12.5 مجم للاطفال 5 لبوس,2436233.0,100.0,algo_match,token_set_ratio,,
57420,DECLOPHEN 25 MG SUPP,DECLOPHEN 25 MG 5 INFANTILE SUPP.,ديكلوفين 25 مجم للاطفال 5 لبوس,2232720.0,100.0,algo_match,token_set_ratio,,
74656,DECLOPHEN 3AMP,DECLOPHEN 75 MG / 3 ML 3 AMPS,ديكلوفين 75 مجم / 3 مل 3 امبول,1023191.0,84.6,ai_confirmed,ai_verified,0.0,
75865,DECLOPHEN GEL30GM.,DECLOPHEN GEL 1 % 30 GM,ديكلوفين فاست فوار,2682641.0,90.5,algo_match,brand_index,,
76986,deconadal 10mg,DECONADAL 10 MG 21 F.C. TABS.,ديكونادال 10 مجم 21 اقراص,1729578.0,100.0,algo_match,token_set_ratio,,
85489,DECONADAL 20 MG 21 F.C. TABS.,DECONADAL 20 MG 21 F.C. TABS.,ديكونادال 20 مجم 21 اقراص,903480.0,100.0,algo_match,brand_index,,
74145,DECONGESTYL SUPP,DECONGESTYL N 12 RECTAL SUPP.,ديكونجستيل ان 12 لبوس,2142555.0,100.0,algo_match,token_set_ratio,,
82457,DEEP FREEZE cold GEL,,,,,,no_match,,
78498,deep freeze gel 100gm,,,,,,no_match,,
83685,DEEP FREEZE PAIN RELIEF COLD SPRAY 125 ML,DEEP FREEZE PAIN RELIEF COLD GEL 100 GM,ديب فريز كولد جل 100 جم مستورد,2508849.0,80.0,ai_confirmed,ai_verified,0.0,
78495,DEEP FREEZE PAIN RELIEF COLD SPRAY 150 ML,DEEP FREEZE PAIN RELIEF COLD SPRAY 150 ML,ديب فريز كولد بخاخ 150 مل مستورد,,100.0,algo_match,brand_index,,
85229,DEGREASIAN 1 GM 28 S.G. CAPS.,DEGREASIAN 1 GM 28 S.G. CAPS.,ديجريزيان 1 جم 28 اقراص,2312992.0,100.0,algo_match,brand_index,,
89356,DEKADEL 200MG/5ML ORAL SOLUTION 125 ML,DEKADEL 200 MG / 5 ML ORAL SOLUTION 125 ML,ديكاديل 200 مجم / 5 مل محلول 125 مل,2512145.0,92.7,algo_match,brand_index,,
88024,DELAREX 5MG 30 TAB,DELAREX 5 MG 30 F.C.TAB,ديلاريكس 5 مجم 30 اقراص,2436241.0,90.5,algo_match,brand_index,,
75748,DELAREX syrup,DELAREX 0.05 G / 100 ML SYRUP 60 ML,ديلاريكس 0.05 جم / 100 مل شراب 60 مل,,100.0,algo_match,token_set_ratio,,
90198,DELECAR CREAM 50 GM,DELECAR CREAM 50 GM,ديليكار كريم 50 جم,2552653.0,100.0,algo_match,brand_index,,
64292,DELEPE 60 MG 3 TAB,DELEPE 60 MG 3 F.C. TABS.,ديليبي 60 مجم 3 اقراص,,87.8,ai_confirmed,ai_verified,0.0,
88114,DELEPE 60 MG 6 TABS,DELEPE 60 MG 6 F.C. TABS,ديليبي 60 مجم 6 اقراص,903296.0,90.5,algo_match,brand_index,,
61322,DELMOXA 400 MG 5 TAB,DELMOXA 400 MG 5 F.C.TAB.,ديلموكسا 400 مجم 5 اقراص,1774028.0,90.9,algo_match,brand_index,,
91405,DELOITTE BONE 30 CAPS,DELOITTE BONE 30 CAPS,ديلويت بون 30 كبسول,2422733.0,100.0,algo_match,brand_index,,
91863,DELOITTE MAG 20 TABS,DELOITTE MAG 20 TABS,ديلويت ماج 20 اقراص,2604663.0,100.0,algo_match,brand_index,,
91685,DELOITTE ROSE 20 CAPS,DELOITTE ROSE 20 CAPS,ديلويت روز 20 اقراص,2328381.0,100.0,algo_match,brand_index,,
86975,DELPANTO 40MG 14 E.C.TABS,DELPANTO 40 MG 14 E.C.TABS,ديلبانتو 40 مجم 14 كبسول,903295.0,100.0,algo_match,brand_index,,
88423,DELTACLAV 1 GM 14 F.C.TAB,DELTACLAV 1 GM 14 TABS,دلتاكلاف 1 جم 14 اقراص,1428638.0,89.4,ai_confirmed,ai_verified,0.0,
39921,DELTACLAV 457 MG SUSP 80 ML,DELTACLAV 457 MG / 5 ML PD. FOR ORAL 80 ML SUSP.,دلتاكلاف 457 مجم / 5 مل شراب 80 مل,2436125.0,100.0,algo_match,token_set_ratio,,
83896,DELTACLAV 642.9MG/5ML PD. FOR ORAL SUSP. 75ML,,,,,,no_match,,
73534,DELTARHINO NASAL SPRAY,DELTARHINO NASAL SPRAY 15 ML,دلتارينو بخاخ للانف 15 مل,1632527.0,88.0,ai_confirmed,ai_verified,0.0,
74565,DELTASONE 0.75 MG 30 TAB,DELTASONE 0.75 MG 30 TAB.,دلتازون 0.75 مجم 30 اقراص,2226218.0,100.0,algo_match,brand_index,,
73133,DELTAVIT B12 TAB,DELTAVIT B 12 1 MG 30 SUBLINGUAL TAB,دلتا كلاف 457 شرب,2340687.0,100.0,algo_match,token_set_ratio,,
85137,DELZOSIN 500MG 6TAB,DELZOSIN 500 MG 6 F.C.TABS,دلزوسين 500 مجم 6 اقراص,903303.0,89.4,ai_confirmed,ai_verified,0.0,
89911,DELZOSIN 600MG 6 F.C. TAB,DELZOSIN 600 MG 6 F.C.TABS,دلزوسين 600 اقراص,2680859.0,98.0,algo_match,brand_index,,
75334,DEMAFIGHT 5 MG 30 TAB,DEMAFIGHT 5 MG 30 SCORED TABS.,ديمافايت 5 مجم 30 اقراص,,84.0,ai_confirmed,ai_verified,0.0,
82428,demancortil 2 mg amp,DEMANCORTIL 2 ML 1 AMP,ديمانكورتيل 2 مل 1 امبول,2559013.0,90.5,algo_match,brand_index,,
58285,DEMARK CREAM 100 GM,DEMARK CREAM 100 GM,ديمارك كريم 100 جم,,100.0,algo_match,brand_index,,
86113,DEMAS D3 10.000 I.U 30 TABS,DEMAS D 3 10000 IU 30 TABS,ديماس 10000 وحده 30 اقراص,995354.0,94.3,algo_match,brand_index,,
90626,DENDRA 30TAB,DENDRA 30 TABS,ديندرا 30 اقراص,1496172.0,96.3,algo_match,brand_index,,
73973,DENSITIN 30 CAP,DENSITIN 30 CAPS.,دينستين 30 كبسول,2520024.0,96.8,algo_match,brand_index,,
73262,DENTINOX INFANT COLIC DROPS 30 ML,,,,,,no_match,,
79162,depa calcium 120ml SYRUP,,,,,,no_match,,
90167,depa dolls massage cream,DEPADOLLS CREAM MASSAGE 100 GM,ديبادولز كريم مساج 100 جم,2621868.0,85.2,ai_confirmed,ai_verified,0.0,
73901,DEPAKINE 200 MG 40 TAB,DEPAKINE 200 MG 40 GASTRO RESISTANT TABS.,ديباكين 200 مجم 40 اقراص,2306019.0,90.0,algo_match,token_set_ratio,,
81108,DEPAKINE CHRONO 500MG TABS,DEPAKINE CHRONO 500 MG 30 SCORED PROLONGED REL. F.C. TAB.,ديباكين كرونو 500 مجم 30 اقراص,903401.0,89.8,ai_confirmed,ai_verified,0.0,
73660,DEPAKINE DROPS,,,,,,no_match,,
73838,DEPAKINE SYRUP 125 ML,,,,,,no_match,,
75393,DEPO-PEN 1.2 MIU VIAL.,DEPO PEN 1.2 MIU VIAL,ديبو بن 1.2 مليون وحده امبول,1272320.0,100.0,algo_match,brand_index,,
91049,DEPO LUTIN 30 CAP,DEPO LUTIN 30 CAP,ديبو لوتين 30 كبسول,,100.0,algo_match,brand_index,,
79315,DEPOFORT B12 1MG/ML 5 AMP.,DEPOFORT B 12 1 MG / ML 5 AMP.,ديبوفورت ب 12 1 مجم / مل 5 امبول,,92.9,algo_match,brand_index,,
47683,DEPOVIT B12 3AMP,DEPOVIT B 12 1000 MCG / ML 3 I.M. AMP,ديبوفيت ب 12 1000 مكجم / مل 3 امبول,,100.0,algo_match,token_set_ratio,,
DT,DEPOVIT B12 5 AMP,DEPOVIT B 12 1000 MCG / ML 5 I.M. AMP.,ديبوفيت ب 12 1000 مكجم / مل 5 امبول,1996806.0,100.0,algo_match,token_set_ratio,,
92300,DEPOVIT PLUS 30 LOZENGES,DEPOVIT PLUS 30 TAB,ديبوفيت بلس 30 اقراص,2515465.0,88.2,ai_confirmed,ai_verified,0.0,
46782,DEPRAM 20MG TAB,DEPRAM 20 MG 20 F.C. TAB,ديبرام 20 مجم 20 اقراص,1653780.0,82.1,ai_confirmed,ai_verified,0.0,
82842,DEPRAM 40MG 20TAB,DEPRAM 40 MG 20 F.C. TAB.,ديبرام 40 مجم 20 اقراص,2312987.0,90.5,algo_match,brand_index,,
90529,DEPRATIOX 10 MG 20 F.C. TABS,DEPRATIOX 10 MG 20 TAB,ديبراتيوكس 10 مجم 20 اقراص,,89.8,ai_confirmed,ai_verified,0.0,
5219,DEPREBAN CAP,DEPREBAN 20 MG 10 CAPS.,ديبريبان 20 مجم 10 كبسول,,80.0,ai_confirmed,ai_verified,0.0,
74613,DERILGY 60MG 3CAP,DERILGY 60 MG 3 F.C. TABS.,درلجي 60 مجم 3 شريط 80 باكو,2644040.0,88.2,ai_confirmed,ai_verified,0.0,
86472,DERILGY 60MG 6CAP,DERILGY 60 MG 6 F.C. TABS.,درلجي 60 مجم 6 اقراص,2456096.0,88.2,ai_confirmed,ai_verified,0.0,
50767,DERMA-TULLE 10-20,DERMA TULLE 10 20 CM,ديرما تول شاش فازلين 10 20 سم,,91.9,algo_match,brand_index,,
87948,DERMA ACTIVE ACTI-CLEAR FOAMING GEL 250 ML,,,,,,no_match,,
87939,DERMA ACTIVE ACTI-REPAIR GEL 200 ML,,,,,,no_match,,
87940,DERMA ACTIVE ACTI-SOLAIRE +50MELATING CREAM 50 ML,,,,,,no_match,,
87801,DERMA ACTIVE ACTI-WHITE DEPIGMENTING CREAM 50 ML,,,,,,no_match,,
88066,DERMA ACTIVE ACTI REPAIR EMOLLIENT EXTREME 200 ML,,,,,,no_match,,
90864,DERMA ACTIVE ACTI REPAIR FOOT CREAM 60ML,,,,,,no_match,,
87773,DERMA ACTIVE ANTI HAIR LOSS SHAMPOO 200 ML,,,,,,no_match,,
87339,DERMA ACTIVE BODY MILK 2*1 200ML,,,,,,no_match,,
88201,DERMA ACTIVE GLOBAL CREAM GEL 50 ML,,,,,,no_match,,
87905,DERMA ACTIVE SUN PROTECT FLURIED + 50 ML,,,,,,no_match,,
77910,DERMA SOFT CREAM,DERMA SOFT CREAM 60 ML,ديرما سوفت كريم 60 مجم,2448238.0,84.2,ai_confirmed,ai_verified,0.0,
89512,DERMA SOFT PLUS CREAM 100 GM,DERMA SOFT PLUS CREAM 100 GM,ديرما سوفت بلس كريم 100 جم,1528512.0,100.0,algo_match,brand_index,,
75710,DERMA SOFT PLUS CREAM 60 GM,DERMA SOFT PLUS CREAM 60 GM,ديرما سوفت بلس كريم 60 جم,2673268.0,100.0,algo_match,brand_index,,
28288,DERMA WHITE CREAM 30gm.,DERMA WHITE CREAM 30 GM,ديرما وايت كريم 30 جم,903286.0,100.0,algo_match,brand_index,,
90172,dermactive tricho-act HAIR SKIN&NAILS 60 GUMMIES,,,,,,no_match,,
10489,DERMATIN CREAM,DERMATIN 1 % TOP. CREAM 14 GM,ديرماتين 1 % كريم 14 جم,1422843.0,100.0,algo_match,token_set_ratio,,
22373,DERMOCALM LOTION 120 ML,DERMOCALM TOPICAL LOTION 120 ML,درموكالم لوسيون 120 مل,2143778.0,85.2,ai_confirmed,ai_verified,0.0,
19142,DERMOFIX CREAM,DERMOFIX 2 % CREAM 15 GM,ديرموفكس 2 % كريم 15 جم,,100.0,algo_match,token_set_ratio,,
73585,DERMOVATE CREAM 25 GM,DERMOVATE 0.05 % TOP. CREAM 25 GM,درموفيت 0.05 % كريم 25 جم,1637421.0,100.0,algo_match,token_set_ratio,,
74098,DERMOVATE OINT,,,,,,no_match,,
74125,DESA 5 MG 20TAB,DESA 5 MG 20 F.C.TAB.,ديسا 5 مجم 20 اقراص,2164427.0,88.9,ai_confirmed,ai_verified,0.0,
74408,DESA SYRUP 100 ML,DESA 2.5 MG / 5 ML SYRUP 100 ML,ديسا 2.5 مجم / 5 مل شراب 100 مل,1504391.0,100.0,algo_match,token_set_ratio,,
81884,DESIO SOLUTION 100ML,,,,,,no_match,,
81356,DESLORASTAMINE SYRUP,DESLORASTAMINE 0.5 MG / ML SYRUP 120 ML,ديسلورستامين 0.5 مجم / مل شراب 120 مل,2369316.0,100.0,algo_match,token_set_ratio,,
91705,DESMODJUST 0.1 30TAB,DESMODJUST 0.1 MG 30 TAB,ديزمودجاست 0.1 مجم 30 اقراص,2066433.0,93.3,algo_match,brand_index,,
91857,DESMODJUST 0.2 30TAB,DESMODJUST 0.2 MG 30 TAB,ديزمودجاست 0.2 مجم 30 اقراص,2585138.0,93.3,algo_match,brand_index,,
47273,DEVAROL-S-200.000 I.U 1 AMP,DEVAROL S 200000 I.U / 2 ML SOLUTION FOR I.M INJ. 1 AMP.,ديفارول اس 200000 وحده / 2 مل 1 امبول,1295120.0,100.0,algo_match,token_set_ratio,,
83855,DEVART D3 1000 I.U 30 TABS,DEVART D 3 1000 I.U. 30 TABS,ديفارت دي 3 1000 وحده 30 اقراص,,100.0,algo_match,brand_index,,
76161,DEVIT-3 1 AMP IMP,,,,,,no_match,,
46850,DEXAFLOX 5 ML EYE DROPS,DEXAFLOX EYE DROPS 5 ML,ديكسافلوكس قطره 5 مل,1597710.0,100.0,algo_match,brand_index,,
73955,DEXAGLOBE 1AMP,DEXAGLOBE 1 AMP 2 ML,ديكساجلوب 2 مل 1 امبول,2150339.0,85.7,ai_confirmed,ai_verified,0.0,
dex,DEXAMETHASONE-AMRIYA 8MG/2ML 3 AMP,,,,,,no_match,,
dxi,DEXAMETHASONE-INAD 8MG/2ML 3AMP,DEXAMETHASONE 8 MG / 2 ML 3 AMP INAD PHARMA,ديكساميثازون 8 مجم / 2 مل 3 امبول ايناد فارما,1878317.0,83.1,ai_confirmed,ai_verified,0.0,
61463,DEXAMETHASONE 8 MG 5AMP,DEXAMETHASONE MUP 8 MG / 2 ML 5 AMP.,ديكساميثازون 8 مجم / 2 مل 5 امبول المهن,1284853.0,81.4,ai_confirmed,ai_verified,0.0,
DX,DEXAMETHAZONE 5 AMP MUP,,,,,,no_match,,
78553,DEXAMETHSONE 5-AMP EPICO,,,,,,no_match,,
79316,DEXANOCORTEN 8MG/2ML 3 AMP,DEXANOCORTEN 8 MG / 2 ML 3 AMP,ديكسانوكورتن 8 مجم / 2 مل 3 امبول,2145308.0,89.7,ai_confirmed,ai_verified,0.0,
29252,DEXAPHEN SYRUP,DEXAPHEN SYRUP 120 ML,ديكسافين شراب 120 مل,903457.0,80.0,ai_confirmed,ai_verified,0.0,
84410,DEXATHALM 3ML20 UNIT SOLUTION,,,,,,no_match,,
84409,DEXATHALM 5ML SOLUTION,,,,,,no_match,,
75348,DEXATOBRIN DROPS,,,,,,no_match,,
48068,DEXATOBRIN EYE OINT. 5 GM,DEXATOBRIN EYE OINT. 5 GM,ديكساتوبرين مرهم للعين 5 جم,1901353.0,100.0,algo_match,brand_index,,
2354,DEXATROL DROPS,DEXATROL EYE / EAR DROPS 5 ML,ديكساترول قطره للعين / الاذن 5 مل,903449.0,100.0,algo_match,token_set_ratio,,
75153,DEXATROL EYE OINT. 5 GM,DEXATROL EYE OINT. 5 GM,ديكساترول مرهم للعين 5 جم,2430476.0,100.0,algo_match,brand_index,,
84925,dexawest 60 mg 14 cap,DEXAWEST 60 MG 14 CAPS,ديكساويست 60 مجم 14 اقراص,1612176.0,97.7,algo_match,brand_index,,
82928,DEXAZONE 60 TAB,,,,,,no_match,,
89692,DEXIGLOFOZIN 10 MG 30 F.C. TABS,DEXIGLOFOZIN 10 MG 30 TABS,ديكسيجلوفوزون 10 مجم 30 اقراص,,92.9,algo_match,brand_index,,
89658,DEXIGLOFOZIN PLUS 10/1000,DEXIGLOFOZIN PLUS XR 10 / 1000 MG 30 TABS,ديكسيجلوفوزون بلس اكس ار 10 / 1000 مجم 30 اقراص,2422949.0,81.0,ai_confirmed,ai_verified,0.0,
75410,DEXKETO CARE 25 MG 30 TAB,DEXKETO CARE 25 MG 30 F.C.TAB.,ديكسكيتو كير 25 مجم 30 اقراص,2163957.0,92.6,algo_match,brand_index,,
59027,DEXTRAFAST 25 MG 20 TAB,DEXTRAFAST 25 MG 20 F.C. TABS.,دكسترافاست 25 مجم 20 اقراص,1853016.0,90.2,algo_match,brand_index,,
46771,DG-CARE MOUTHWASH CLOVE 125 ML,,,,,,no_match,,
78334,DG Care M.W Flourid,,,,,,no_match,,
64792,DHEA 50 MG 100 TAB Puritans,,,,,,no_match,,
46774,DIABENOR 2MG 30TAB,DIABENOR 2 MG 30 TAB.,ديابينور 2 مجم 30 اقراص,1608260.0,100.0,algo_match,brand_index,,
80021,DIABENOR 3MG 30TABS,DIABENOR 3 MG 30 TAB.,ديابينور 3 مجم 30 اقراص,903371.0,97.6,algo_match,brand_index,,
80027,DIABETIN 15MG 30TABS,DIABETIN 15 MG 30 TAB.,ديابيتين 15 مجم 30 اقراص,2674343.0,97.7,algo_match,brand_index,,
46766,DIABETIN 30MG 30TAB,DIABETIN 30 MG 30 TAB.,ديابيتين 30 مجم 30 اقراص,2674344.0,100.0,algo_match,brand_index,,
47545,DIABETONORM 45 MG 15 TAB,DIABETONORM 45 MG 15 TAB.,ديابيتونورم 45 مجم 15 اقراص,1027906.0,100.0,algo_match,brand_index,,
63225,DIACALDERM TOPICAL OINT. 20 GM,DIACALDERM TOPICAL OINT. 20 GM,دياكالديرم مرهم 20 جم,2312972.0,100.0,algo_match,brand_index,,
73394,DIACEREIN 30 CAP,DIACEREIN 50 MG 30 CAP.,دياسيرين 50 مجم 30 كبسول,1739723.0,84.2,ai_confirmed,ai_verified,0.0,
81072,DIACURIMAP 10 MG,DIACURIMAP 10 MG 30 F.C. TABS.,دياكيوريماب 10 مجم 30 اقراص,903382.0,100.0,algo_match,token_set_ratio,,
80023,DIACURIMAP 25MG 30TABS,DIACURIMAP 25 MG 30 F.C. TABS.,دياكيوريماب 25 مجم 30 اقراص,2469596.0,92.3,algo_match,brand_index,,
86972,DIACURIMAP PLUS 10/5 MG 30 TAB,DIACURIMAP PLUS 25 / 5 MG 30 TAB,دياكيوريماب بلس 5 / 25 مجم 30 اقراص,2462876.0,90.3,algo_match,brand_index,,
86971,DIACURIMAP PLUS 25/5 MG 30 TAB,DIACURIMAP PLUS 25 / 5 MG 30 TAB,دياكيوريماب بلس 5 / 25 مجم 30 اقراص,2462876.0,90.3,algo_match,brand_index,,
80017,DIAFLOZIMET 10/1000MG 30TABS,DIAFLOZIMET 10 / 1000 MG 30 EXT. REL . F.C. TABS.,ديافلوزيمت 10 / 1000 مجم 30 اقراص,1547210.0,84.6,ai_confirmed,ai_verified,0.0,
81670,diaflozimet 10/500 tab,,,,,,no_match,,
80018,DIAFLOZIMET 5/1000MG 30TABS,DIAFLOZIMET 10 / 1000 MG 30 EXT. REL . F.C. TABS.,ديافلوزيمت 10 / 1000 مجم 30 اقراص,1547210.0,86.3,ai_confirmed,ai_verified,0.0,
80016,DIAFLOZIMET 5/500MG 30TAB,,,,,,no_match,,
54994,DIAMEDIZEN 60 MR 30 TAB,DIAMEDIZEN 60 MG MR 30 F.C.TAB.,دياميدزين ام ار 60 مجم 30 اقراص,2466810.0,86.8,ai_confirmed,ai_verified,0.0,
DI30,DIAMICRON 30 MR 30 TAB,DIAMICRON MR 30 MG 30 TAB.,دياميكرون ام ار 30 مجم 30 اقراص,2469602.0,93.6,algo_match,brand_index,,
DI60,DIAMICRON 60 MR 30 TAB,DIAMICRON MR 30 MG 30 TAB.,دياميكرون ام ار 30 مجم 30 اقراص,2469602.0,89.4,ai_confirmed,ai_verified,0.0,
74620,DIAMONRECTA 20MG 2 CAP,DIAMONRECTA 20 MG 2 F.C. TAB.,ديامونركتا 20 مجم 2 اقراص,2145551.0,84.0,ai_confirmed,ai_verified,0.0,
77711,DIAMONRECTA 20MG 4 TABS,DIAMONRECTA 20 MG 4 F.C. TAB.,ديامونركتا 20 مجم 4 اقراص,2469598.0,90.2,algo_match,brand_index,,
90941,DIAMONRECTA 20MG 5 FLIM,DIAMONRECTA 20 MG 5 ORO DISPERSIBLE FILMS,ديامونركتا 20 مجم 5 فيلم,2128487.0,88.4,ai_confirmed,ai_verified,0.0,
78597,DIAMONRECTA 5MG 30-TAB,DIAMONRECTA 5 MG 30 F.C. TAB.,ديامونركتا 5 مجم 30 اقراص,2168122.0,92.0,algo_match,brand_index,,
81172,Diane imp,,,,,,no_match,,
48016,DIAPER CREAM,,,,,,no_match,,
DI,diaper oint,,,,,,no_match,,
56744,DIASMECT 10 SACHETS,DIASMECT 3 GM 10 SACHETS,دياسميكت 3 جم 10 اكياس,1534777.0,88.4,ai_confirmed,ai_verified,0.0,
56791,DIASMECT 60 ML SUSP,DIASMECT 20 % SUSP. 60 ML,دياسميكت 20 % شراب 60 مل,2494354.0,88.4,ai_confirmed,ai_verified,0.0,
79165,DIASTOP SUSP. 60ML,DIASTOP SUSP. 60 ML,دياستوب شراب 60 مل,2436167.0,100.0,algo_match,brand_index,,
29211,DIAVANCE 5MG TAB,,,,,,no_match,,
74816,DIAX 200 MG 12 CAP,DIAX 200 MG 12 CAPS.,دياكس 200 مجم 12 كبسول,2436175.0,97.3,algo_match,brand_index,,
73406,DIAX 220MG/5ML 60ML SUSP.,DIAX 220 MG / 5 ML 60 ML SUSP.,دياكس 220 مجم / 5 مل 60 مل شراب,2159662.0,89.3,ai_confirmed,ai_verified,0.0,
78599,DIBAVALLY 50MG 28TABS,DIBAVALLY 50 MG 28 TABS.,ديبافالي 50 مجم 28 اقراص,,100.0,algo_match,brand_index,,
80026,DIBAVALLY PLUS 50/1000MG 28TABS,DIBAVALLY PLUS 50 / 1000 MG 28 TABS.,ديبافالي بلس 50 / 1000 مجم 28 اقراص,1089866.0,82.4,ai_confirmed,ai_verified,0.0,
67326,DICETEL 100MG 20TAB,DICETEL 100 MG 20 F.C. TABS.,ديستيل 100 مجم 20 اقراص,2668416.0,89.4,ai_confirmed,ai_verified,0.0,
74286,DICLAC-N 4% GEL 30 GM,DICLAC N 4 % GEL 30 GM,ديكلاك ان 4 % جل 30 جم,2469661.0,93.0,algo_match,brand_index,,
88545,DICLAC-N 4% GEL 50 GM,DICLAC N 4 % GEL 50 GM,ديكلاك ان 4 % جل 50 جم,2181343.0,93.0,algo_match,brand_index,,
81032,DICLAC 150 ID 20 TABS,DICLAC 150 ID 20 PROLONGED R.TABS,ديكلاك 150 مجم 20 اقراص,903464.0,100.0,algo_match,token_set_ratio,,
89834,DICLAC 75 MG 20TAB,,,,,,no_match,,
89059,DICLAC 75 MG 30 TABS,DICLAC 75 MG 30 TAB,ديكلاك 75 مجم 30 اقراص,2158739.0,97.4,algo_match,brand_index,,
74704,DICLAC 75 MG 5 AMP,DICLAC 75 MG / 3 ML 5 AMPS.,ديكلاك 75 مجم / 3 مل 5 امبول,2262424.0,81.8,ai_confirmed,ai_verified,0.0,
88328,DICLAC 75 MG 6 AMPOULE,DICLAC 75 MG / 3 ML 6 AMPS,ديكلاك 75 مجم / 3 مل 6 امبول,2254475.0,81.8,ai_confirmed,ai_verified,0.0,
59103,DICLASIUM 50 MG 10 TAB,DICLASIUM 50 MG 30 F.C. TABS.,ديكلاسيوم 50 مجم 30 اقراص,2469657.0,85.7,ai_confirmed,ai_verified,0.0,
91890,DICLOFLAM 50MG 10 SUGAR COATED TAB,DICLOFLAM 50 MG 10 SUGAR COATED TAB.,ديكلوفلام 50 مجم 10 اقراص,2496971.0,100.0,algo_match,brand_index,,
63927,DICLONATRIUM 75 MG SR 20 TAB,DICLONATRIUM SR 75 MG 20 F.C. TABS.,ديكلونتريوم اس ار 75 مجم 20 اقراص,1856374.0,91.8,algo_match,brand_index,,
87575,DICLOPRO 150 MG ID 20 TABS,DICLOPRO 150 MG ID 20 TABS,ديكلوبرو 150 مجم 20 اقراص,1130192.0,100.0,algo_match,brand_index,,
95543,DICLOPRO 50 GM GEL,DICLOPRO 1 % GEL 50 GM,ديكلوبرو 1 % جل 50 جم,2361220.0,90.0,algo_match,brand_index,,
83884,DICLOPRO K 50 MG 10 SACHET,DICLOPRO K 50 MG 10 SACHET,ديكلوبرو ك 50 مجم 10 اكياس,2113353.0,100.0,algo_match,brand_index,,
89297,DICLOSP S.R. 75MG 30 F.C. TABS,DICLOSP S.R. 75 MG 30 F.C. TABS.,ديكلوسب 75 اس ار,2682095.0,100.0,algo_match,brand_index,,
74129,DICYNONE 250 MG 3 AMP,DICYNONE 250 MG / 2 ML 3 AMPS.,ديسينون 250 مجم / 2 مل 3 امبول,2312932.0,84.0,ai_confirmed,ai_verified,0.0,
22959,DICYNONE 500MG TAB,DICYNONE 500 MG 14 TABS.,ديسينون 500 مجم 14 اقراص,,90.5,algo_match,brand_index,,
80325,DiCytotec 200MCG 28TABS,,,,,,no_match,,
90290,dicytotec 28 tabs,,,,,,no_match,,
87371,DIDDER CREAM 75 MG,,,,,,no_match,,
86718,DIENODIVA 2/0.03 MG 21 TAB,,,,,,no_match,,
4772,DIET SWEET 100TAB,DIET SWEET 100 TABS,دايت سويت 100 اقراص,2169055.0,97.3,algo_match,brand_index,,
4760,DIET SWEET 350TAB,DIET SWEET 350 TABS,دايت سويت 350 اقراص,2169054.0,97.3,algo_match,brand_index,,
4785,DIET SWEET 50TAB,DIET SWEET 50 TABS,دايت سويت 50 اقراص,,97.1,algo_match,brand_index,,
73907,DIFLUCAN 150MG CAP,DIFLUCAN 150 MG 1 CAPS.,ديفلوكان 150 مجم 1 كبسول,903434.0,92.7,algo_match,brand_index,,
36783,DIFLUCAN 2mg VIAL 50ML,DIFLUCAN 2 MG / ML ( 50 ML) I.V. INFUSION,ديفلوكان 2 مجم / مل 50 مل امبول وريد,1739769.0,88.4,ai_confirmed,ai_verified,0.0,
74720,DIFLUCAN 50 MG 7,DIFLUCAN 50 MG 7 CAPS.,ديفلوكان 50 مجم 7 كبسول,1547260.0,86.5,ai_confirmed,ai_verified,0.0,
58989,DIFLUCAN VIAL 2 MG 100 CM3,,,,,,no_match,,
47619,DIFLUSTERO 0.5% OPHTHALMIC EMULSION 5 ML,,,,,,no_match,,
90631,DIGEASIA CAPS,,,,,,no_match,,
47748,DIGENORM 120 ML SYRUP,DIGENORM SYRUP 120 ML,دايجينورم شراب 120 مل,903277.0,100.0,algo_match,brand_index,,
74758,DIGEST EZE 20 CAPS.,DIGEST EZE 20 CAPS.,دايجست ايز 20 كبسول,2469509.0,100.0,algo_match,brand_index,,
74236,DIGESTIN 20 TAB,DIGESTIN 20 TABS.,ديجستين 20 اقراص,2144083.0,96.8,algo_match,brand_index,,
81523,DIGESTOZYME 20 COATED TABLETS 250MG,,,,,,no_match,,
91484,DIGICOMAG CHEWABLE 20 TAB,,,,,,no_match,,
79921,DIGLIFLOZ 10MG 30 TABS,DIGLIFLOZ 10 MG 30 F.C. TABS.,ديجليفلوز 10 مجم 30 اقراص,2312993.0,92.0,algo_match,brand_index,,
81533,DIGLIFLOZ 5 MG 30 TABS,DIGLIFLOZ 5 MG 30 F.C. TABS.,ديجليفلوز 5 مجم 30 اقراص,903415.0,91.7,algo_match,brand_index,,
85158,diglifloz 5/850 plus tab,,,,,,no_match,,
80025,DIGLIFLOZ PLUS 5/1000MG 30TABS,DIGLIFLOZ PLUS 5 / 1000 MG 30 F.C. TABS.,ديجليفلوز بلس 5 / 1000 مجم 30 اقراص,903416.0,80.0,ai_confirmed,ai_verified,0.0,
90668,diglifloz plus xr 10/1000,,,,,,no_match,,
64212,DILATROL 25 MG 30 TAB,DILATROL 25 MG 30 TAB.,ديلاترول 25 مجم 30 اقراص,1554653.0,100.0,algo_match,brand_index,,
64210,DILATROL 6.25 MG 30 TAB,DILATROL 6.25 MG 30 TAB.,ديلاترول 6.25 مجم 30 اقراص,903482.0,100.0,algo_match,brand_index,,
DILLENGO,DILLENGO 120 ML SYRUP,,,,,,no_match,,
92038,DILTIARECT 2% RECTAL CREAM,DILTIARECT 2 % CREAM 30 GM,ديلتياريكت 2 % كريم 30 جم,2682933.0,82.6,ai_confirmed,ai_verified,0.0,
88333,DIMAKLARIC 0.15/0.03MG 21 TAB.,DIMAKLARIC 0.15 / 0.03 MG 21 TAB.,ديماكلاريك 0.15 / 0.03 مجم 21 اقراص,2406664.0,83.9,ai_confirmed,ai_verified,0.0,
73132,DIMRA 20 TAB,DIMRA 20 F.C.TAB.,ديمرا 20 اقراص,2145179.0,85.7,ai_confirmed,ai_verified,0.0,
1051,DINITRA 10MG TAB,DINITRA 10 MG 60 TAB.,دينيترا 10 مجم 60 اقراص,2339325.0,91.9,algo_match,brand_index,,
18850,DIOSED C TAB,DIOSED C 20 TAB.,ديوسيد سي 20 اقراص,1658560.0,88.9,ai_confirmed,ai_verified,0.0,
63126,DIOSMIN PLUS 30 TAB,DIOSMIN PLUS 500 MG 30 F.C.TAB.,دايزومين بلس كبسول,2681057.0,100.0,algo_match,token_set_ratio,,
56190,DIPROCORTIN 1 AMP 2 ML,DIPROCORTIN 1 AMP. 2 ML,ديبروكورتين 1 امبول,2682680.0,100.0,algo_match,brand_index,,
90933,DIPROSALIC 30G OINTMENT,DIPROSALIC OINT. 30 GM,ديبروساليك مرهم 30 جم,2623687.0,88.9,ai_confirmed,ai_verified,0.0,
73237,DIPROSALIC LOTION 30 ml,DIPROSALIC LOTION 30 ML,ديبروساليك محلول 30 مل,2452705.0,100.0,algo_match,brand_index,,
73062,DIPROSALIC OINT 15 GM,DIPROSALIC OINT. 15 GM,ديبروساليك مرهم 15 جم,1396484.0,100.0,algo_match,brand_index,,
86953,DIPROSONE 0.05% CREAM 30 GM,DIPROSONE 0.05 % CREAM 30 GM,ديبروزون 0.05 % كريم 30 جم,2436191.0,94.5,algo_match,brand_index,,
74817,DIPROSONE CREAM 10 GM,DIPROSONE 0.05 % CREAM 10 GM,ديبروزون 0.05 % كريم 10 جم,2553940.0,85.7,ai_confirmed,ai_verified,0.0,
34157,DIPROSONE OINT,DIPROSONE 0.05 % OINT. 10 GM,ديبروزون 0.05 % مرهم 10 جم,948276.0,100.0,algo_match,token_set_ratio,,
52408,DISAAR CLEANSING FOAM WITH VIT-C 200 ML بفرشاة,,,,,,no_match,,
87119,DISAAR COLLAGEN 12ML,,,,,,no_match,,
87907,DISAAR FACIAL WADH VITAMIN C 100 ML,,,,,,no_match,,
83442,DISAAR VITAMIN C SERUM,,,,,,no_match,,
87485,DISPATIGRA 10 MG 4 ORODISPERSIBLE TABS.,DISPATIGRA 10 MG 4 ORODISPERSIBLE TABS.,ديسباتيجرا 10 مجم 4 اقراص,,100.0,algo_match,brand_index,,
21009,DISPERCAM 20MG TAB,DISPERCAM 20 MG 5 SUPP.,ديسبركام 20 مجم 5 لبوس,,86.5,ai_confirmed,ai_verified,0.0,
55986,DISPERCAM 30 GM GEL,DISPERCAM 0.5 % GEL 30 GM,ديسبركام 0.5 % جل 30 جم,2549314.0,86.4,ai_confirmed,ai_verified,0.0,
56538,DISPERCAM 6 AMP,DISPERCAM 20 MG / ML 6 AMP.,ديسبركام 20 مجم / مل 6 امبول,2341125.0,100.0,algo_match,token_set_ratio,,
75364,DISPRELON-D 20 MG 20 TAB,DISPRELONE OD 20 MG 30 ORODISPERSABLE TABS,ديسبريلون او دي 20 مجم 30 قرص,2476406.0,81.8,ai_confirmed,ai_verified,0.0,
91100,DISPRELONE-OD 20 MG 30 TABS,DISPRELONE OD 20 MG 30 ORODISPERSABLE TABS,ديسبريلون او دي 20 مجم 30 قرص,2476406.0,100.0,algo_match,token_set_ratio,,
83060,DISPRELONE-OD 5 MG 30 TABS,DISPRELONE OD 5 MG 30 ORODISPERSABLE TABS.,ديسبرلون د 30 اقراص,2673276.0,100.0,algo_match,token_set_ratio,,
W50,DISTILLED WATER SYRUP,,,,,,no_match,,
87170,DITTO SPRAY FOR WOMEN 200ML,DITTO SPRAY FOR WOMEN ADELE 200 ML,ديتو بخاخ حريمي 200 مل ايديل,,90.3,algo_match,brand_index,,
47184,DIVAKOTE ER 250MG TAB,DIVAKOTE 250 MG 20 E.R. TAB,ديفاكوت اي ار 250 مجم 20 اقراص,,87.5,ai_confirmed,ai_verified,0.0,
74336,DIVAKOTE ER 500 MG 20 TABS,DIVAKOTE 500 MG 20 E.R. TAB.,ديفاكوت اي ار 500 مجم 20 اقراص,2144625.0,92.3,algo_match,brand_index,,
54472,DIVIDO 75 MG 30 TAB,DIVIDO 75 MG 30 DUAL RELEASE CAPS.,ديفيدو 75 مجم 30 كبسول,,88.2,ai_confirmed,ai_verified,0.0,
79843,DIVITON_D 200 I.U. 10ML,,,,,,no_match,,
79844,DIVITON_D FORTE 4000 IU 20ML,,,,,,no_match,,
65729,DIVOZINE CREAM,DIVOZINE CREAM 30 GM,ديفوزين كريم 30 جم,2146365.0,82.4,ai_confirmed,ai_verified,0.0,
87307,DIXVIT 10.000 I.U. 20 TABS.,DIXVIT 10000 I.U 20 TAB,ديكسفيت 10000 وحده 20 اقراص,2475559.0,97.9,algo_match,brand_index,,
89314,DODGE HAIR TONIC LOTION 120 ML,,,,,,no_match,,
88989,DODGE LEAVE IN WITH ARGAN OIL 250 GM,,,,,,no_match,,
92393,DODGE LEAVE IN WITH ARGAN OIL 450 GM,,,,,,no_match,,
92392,DODGE LEAVE IN WITH SHEA BUTTER CREAM 450 GM,,,,,,no_match,,
74582,DOGMATIL 50mg. 30CAP,DOGMATIL 50 MG 30 CAPS.,دوجماتيل 50 مجم 30 كبسول,,97.7,algo_match,brand_index,,
32906,DOGMATIL FORTE TAB,,,,,,no_match,,
74847,DOLABACTIN 400MG 5TAB,DOLABACTIN 400 MG 5 F.C.TAB.,دولاباكتين 400 مجم 5 اقراص,903332.0,92.0,algo_match,brand_index,,
57850,DOLCYL 2 MG 30 TAB,DOLCYL 2 MG 30 TAB.,دولسيل 2 مجم 30 اقراص,2312953.0,100.0,algo_match,brand_index,,
57605,DOLCYL 3 MG 30 TAB,DOLCYL 3 MG 30 TAB.,دولسيل 3 مجم 30 اقراص,2582913.0,100.0,algo_match,brand_index,,
65949,DOLCYL 4MG 30 TAB,DOLCYL 4 MG 30 TAB.,دولسيل 4 مجم 30 اقراص,2469553.0,100.0,algo_match,brand_index,,
65557,DOLCYL 6 MG 30 TAB,DOLCYL 6 MG 30 TAB.,دولسيل 6 مجم 30 اقراص,903339.0,100.0,algo_match,brand_index,,
76561,dolcyl m 2/500mg 20 tab,DOLCYL M 2 / 500 MG 20 F.C. TAB,دولسيل ام 2 / 500 مجم 20 اقراص,1710354.0,85.7,ai_confirmed,ai_verified,0.0,
87693,DOLIAN 120 ML SYRUP,DOLIAN SYRUP 120 ML,دوليان شراب 120 مل,,100.0,algo_match,brand_index,,
89771,DOLIPRANE 1 GM 20 TABS,,,,,,no_match,,
80131,DOLIPRANE 1000 MG 15 TABS,,,,,,no_match,,
80626,DOLIPRANE 8 TABLETS,,,,,,no_match,,
91015,dollar white 10 % 30 gm,WHITE PPT,راسب ابيض كريم,2313038.0,80.0,ai_confirmed,ai_verified,0.0,
76782,DOLO-D PLUS 115ML SYRUP,DOLO D PLUS ORAL SUSP. 115 ML,دولو دي بلس شراب 115 مل,,84.6,ai_confirmed,ai_verified,0.0,
81229,DOLO-D PLUS 20 TABS.,DOLO D PLUS 20 TAB.,دولو دي بلس 20 اقراص,,97.3,algo_match,brand_index,,
73329,DOLO D 200MG 20 TAB,DOLO D 20 TAB.,دالو لايف فوار 10 اكياس سيف لايف,2161284.0,100.0,algo_match,token_set_ratio,,
84749,DOLO D 60 ML SYRP,DOLO D ORAL SUSP. 60 ML,دولو دي شراب 60 مل,,82.8,ai_confirmed,ai_verified,0.0,
46744,DOLO D SUSPENSION 115 ML,,,,,,no_match,,
46762,DOLPHIN - K 75MG 6 AMP,DOLPHIN K 75 MG / 3 ML I.M. 6 AMP.,دولفين ك 75 مجم / 3 مل 6 امبول,1516315.0,100.0,algo_match,token_set_ratio,,
74107,DOLPHIN -K 75 MG SUPP,DOLPHIN K 75 MG 5 SUPP.,دولفين ك 75 مجم 5 لبوس,2312960.0,95.2,algo_match,brand_index,,
78120,DOLPHIN 12.5 MG 10-SUPP,DOLPHIN 12.5 MG 10 SUPP.,دولفين 12.5 مجم 10 لبوس,903341.0,100.0,algo_match,brand_index,,
77646,DOLPHIN 25MG 10 SUPP,DOLPHIN 25 MG 10 SUPP.,دولفين 25 مجم 10 لبوس,903340.0,100.0,algo_match,brand_index,,
76704,DOLPHIN 50 MG 10 SUPP,DOLPHIN 50 MG 10 SUPP.,دولفين 50 مجم 10 لبوس,907729.0,100.0,algo_match,brand_index,,
64082,DOLPHIN 75 MG/3ML 3AMP,,,,,,no_match,,
49525,DOLPHIN GEL 3% 30 GM,DOLPHIN 3 % TOPICAL GEL 30 GM,دولفين 3 % جل موضعي 30 جم,2425974.0,91.9,algo_match,token_set_ratio,,
91277,DOLPHIN GEL 3% 60 GM,DOLPHIN 3 % TOPICAL GEL 60 GM,دولفين 3 % جل موضعي 60 جم,2469557.0,91.9,algo_match,token_set_ratio,,
47565,DOLPHIN K 50 MG 20 TAB,DOLPHIN K 50 MG 20 F.C. TAB.,دولفين ك 50 مجم 20 اقراص,2160329.0,91.7,algo_match,brand_index,,
89446,DOM VIT ORAL DROPS 30 ML,DOM VIT DROP 30 ML,دوم فيت قطره 30 مل,,85.7,ai_confirmed,ai_verified,0.0,
68749,DONAZIL 5 MG 30 TAB,DONAZIL 5 MG 30 F.C.TAB.,دونازيل 5 مجم 30 اقراص,2625671.0,90.5,algo_match,brand_index,,
49486,DONEPEZIL 10 MG 14TAB,DONEPEZIL 10 MG 14 F.C. TABS,دونبيزيل 10 مجم اقراص,2631686.0,89.8,ai_confirmed,ai_verified,0.0,
52027,DONHIMER 5 MG 30 TAB,DONHIMER 5 MG 30 F.C. TAB.,دونهايمر 5 مجم 30 اقراص,903355.0,90.9,algo_match,brand_index,,
81510,DONIFOXATE 40 TAB,DONIFOXATE 40 MG 30 F.C. TABLETS,دونيفوكسات 40 مجم 30 اقراص,2576137.0,86.7,ai_confirmed,ai_verified,0.0,
74234,DONIFOXATE 80 MG 30 F.C. TABLETS,DONIFOXATE 80 MG 30 F.C. TABLETS,دونيفوكسات 80 مجم 30 اقراص,988632.0,100.0,algo_match,brand_index,,
12094,DORMIVAL CAP,DORMIVAL 20 CAPS.,دورميفال 20 كبسول,903313.0,85.7,ai_confirmed,ai_verified,0.0,
73416,DOROFEN 30 CAPS,DOROFEN 30 CAPS.,دوروفين 30 كبسول,2158737.0,100.0,algo_match,brand_index,,
19121,DOSIN 4MG 20 TABS,DOSIN 4 MG 20 TAB.,دوزين 4 مجم 20 اقراص,2161575.0,97.1,algo_match,brand_index,,
79540,DOSTILACT 2 TABLETS,DOSTILACT 0.5 MG 2 TABS,دوستيلاكت 0.5 مجم 2 اقراص,2049485.0,84.2,ai_confirmed,ai_verified,0.0,
452534,DOSTINEX .5 MG 2TAB,,,,,,no_match,,
91367,doumega 60/100 mg 8 tab,DOUMEGA 60 / 100 MG 8 TAB,دوميجا 100 / 60 مجم 8 اقراص,2304394.0,87.5,ai_confirmed,ai_verified,0.0,
74280,DOWNOPRAZOL 20 MG 14 TAB,,,,,,no_match,,
78375,DOWNOPRAZOL 20/1680MG PD. 7 SACHETS,DOWNOPRAZOL 20 / 1680 MG PD. FOR ORAL SUSP. 7 SACHETS,داونوبرازول 1860 / 20 مجم 7 اكياس,1658402.0,87.1,ai_confirmed,ai_verified,0.0,
74225,DOWNOPRAZOL 40 MG 14 TAB,,,,,,no_match,,
DN,DOWNOPRAZOL 40/1680MG PD. 7 SACHETS,DOWNOPRAZOL 20 / 1680 MG PD. FOR ORAL SUSP. 7 SACHETS,داونوبرازول 1860 / 20 مجم 7 اكياس,1658402.0,87.1,ai_confirmed,ai_verified,0.0,
73962,DOWNSTEROLIN 10/20 MG 28 TAB,DOWNSTEROLIN 10 / 20 MG 28 F.C. TABS.,داونستيرولين 10 / 20 مجم 28 اقراص,2193080.0,85.7,ai_confirmed,ai_verified,0.0,
73946,DOWNSTEROLIN 10/40 MG 28 TAB,DOWNSTEROLIN 10 / 40 MG 28 F.C. TABS.,داونستيرولين 10 / 40 مجم 28 اقراص,2159051.0,85.7,ai_confirmed,ai_verified,0.0,
64061,DOXIPROCT OINT,,,,,,no_match,,
48294,DOXIPROCT PLUS OINTMENT,,,,,,no_match,,
74557,DOXIRAZOL 30 MG 14 TAB,DOXIRAZOL 30 MG 14 CAPS.,دوكسيرازول 30 مجم 14 كبسول,903329.0,80.0,ai_confirmed,ai_verified,0.0,
74358,DOXIRAZOL 60 MG 14 TAB,DOXIRAZOL 60 MG 14 CAPS.,دوكسيرازول 60 مجم 14 كبسول,903331.0,80.0,ai_confirmed,ai_verified,0.0,
74146,DOXIUM 500MG 30 CAPS,DOXIUM 500 MG 30 CAPS.,دكسيوم 500 مجم 30 كبسول,971953.0,100.0,algo_match,brand_index,,
60075,DOXYCOST 200 MG 10 TAB,DOXYCOST 200 MG 10 TABS.,دوكسي كوست 200 مجم 10 اقراص,2312949.0,97.8,algo_match,brand_index,,
81346,DOXYCOST 50MG 30 TABS,DOXYCOST 50 MG 30 TABS.,دوكسي كوست 50 مجم 30 اقراص,2469544.0,100.0,algo_match,brand_index,,
68748,DOXYDOX 100 MG 10 CAP,DOXYDOX 100 MG 10 CAPS.,دوكسي بروكت مرهم,2670541.0,97.7,algo_match,brand_index,,
88007,DOZOVA ASHWAGANDHA 300 MG 60 CAPS,DOZOVA ASHWAGANDHA 60 CAPS,دوزوفا اشواجند,2640278.0,88.1,ai_confirmed,ai_verified,0.0,
92049,DR OXYGEN CALCIUM 30 TABLETS,DR OXYGEN CALCIUM 30 TABS,د اكسجين كالسيوم 30 اقراص,2646834.0,94.3,algo_match,brand_index,,
91745,DR OXYGEN IMMUNITY KIDS 120 ML SYRUP,DR. OXYGEN IMMUNITY KIDS SYRUP 120 ML,د اكسجين اميونتي كيدز شراب 120 مل,2114251.0,100.0,algo_match,brand_index,,
92426,dr oxygen vitamin d drops,DR. OXYGEN VITAMIN D ORAL DROPS 15 ML,د اكسجين فيتامين دال قطره بالفم 15 مل,2653340.0,82.0,ai_confirmed,ai_verified,0.0,
88272,DRAKON WHITENING FACIAL WASH 200 ML,DRAKON WHITENING FACIAL WASH FOR OILY SKIN 200 ML,دراكون غسول للوجه بشره دهنيه بامب 200 مل,1669397.0,83.3,ai_confirmed,ai_verified,0.0,
74179,DRAMENEX 50 MG 20 TAB,DRAMENEX 50 MG 20 TABS.,درامينكس 50 مجم 20 اقراص,1637420.0,97.7,algo_match,brand_index,,
89759,DRAVIRON 20 TABLETS,DRAVIRON 20 TAB,درافيرون 20 اقراص,,88.2,ai_confirmed,ai_verified,0.0,
89760,DRAVOCAL 120 ML,DRAVOCAL SYRUP 120 ML,درافوكال شراب 120 مل,,83.3,ai_confirmed,ai_verified,0.0,
87189,DRINKING 100G POWDER,DRINKING POWDER 100 GM,درينكينج بودر 100 جم برطمان,1653702.0,97.7,algo_match,brand_index,,
79023,DRINKING 10SACHETS,DRINKING 10 SACHETS 5 GM,درينكنج بودر 50 جم اكياس,2672752.0,88.4,ai_confirmed,ai_verified,0.0,
79278,DROPIFLOX EAR DROP,,,,,,no_match,,
80779,DROSPADIOL 0.03/3MG 21 F.C.TABS,DROSPADIOL 0.03 / 3 MG 21 F.C.TAB.,دروسباديول 0.03 / 3 مجم 21 اقراص,2061925.0,89.2,ai_confirmed,ai_verified,0.0,
82803,DROSPIFEM 3/0.03MG 21TABS,,,,,,no_match,,
83984,DROSPINETTA 4 MG 28 F.C. TABS,DROSPINETTA 4 MG 28 F.C.TABS.,دروسبينيتا 4 مجم 28 اقراص,2296819.0,100.0,algo_match,brand_index,,
91882,DugoFem Cap,DUGOFEM 30 CAPS,دوجوفيم 30 اقراص,2100183.0,84.6,ai_confirmed,ai_verified,0.0,
90696,dugofertin 20tab,DUGOFERTIN 20 TABS,دوجوفيريتن 20 اقراص,2565256.0,97.1,algo_match,brand_index,,
92245,DUGOFOLA 20 TABS,DUGOFOLA 20 TABS,دوجوفولا 20 اقراص,2499206.0,100.0,algo_match,brand_index,,
91414,DUGONER 20 CAPSULES,DUGONER 20 CAPS,دوجونير 20 اقراص,2565258.0,88.2,ai_confirmed,ai_verified,0.0,
73988,DULAGEN 10 PACKETS.,DULAGEN 10 SACHETS,دولاجين 10 اكياس,2462523.0,88.9,ai_confirmed,ai_verified,0.0,
88088,DULOXEPRIN 20 MG 28 CAPSULES,DULOXEPRIN 20 MG 28 CAPS,ديلوكسيبرن 20 مجم 28 كبسول,2312963.0,92.3,algo_match,brand_index,,
76985,DULOXEPRIN 30 MG 28 CAPS,DULOXEPRIN 30 MG 28 CAPS.,ديلوكسيبرن 30 مجم 28 كبسول,903349.0,100.0,algo_match,brand_index,,
79542,DULOXEPRIN 60MG 28CAPSULES,DULOXEPRIN 60 MG 28 CAPS.,ديلوكسيبرن 60 مجم 28 كبسول,2112727.0,92.3,algo_match,brand_index,,
88704,DULOXIFUTAL 30 MG 30 CAPS,DULOXIFUTAL 30 MG 30 CAPS,دولوكسيفوتال 30 مجم 30 اقراص,2469564.0,100.0,algo_match,brand_index,,
72335,DUODART 0.5/0.4 MG 30 CAP (GSK),DUODART 0.5 / 0.4 MG 30 CAPS.,دودارت 0.5 / 0.4 مجم 30 كبسول,2145225.0,88.0,ai_confirmed,ai_verified,0.0,
76522,DUOEFFECTUM EYE DROPS 10 ML,DUOEFFECTUM EYE DROPS 10 ML,ديوافكتم قطره 10 مل,2129706.0,100.0,algo_match,brand_index,,
47699,DUOTRAV EYE DROPS. 2.5 ML,DUOTRAV EYE DROPS. 2.5 ML,ديوتراف قطره 2.5 مل,1396541.0,100.0,algo_match,brand_index,,
79164,DUPHALAC 667GM/L SYRUP 200ML,DUPHALAC 667 GM / L SYRUP 200 ML,دوفالاك 667 جم / لتر شراب 200 مل,2251620.0,93.5,algo_match,brand_index,,
73609,DUPHASTON 10 MG 60 TAB,DUPHASTON 10 MG 60 F.C.TABS.,دوفاستون 10 مجم 60 اقراص,1653719.0,89.8,ai_confirmed,ai_verified,0.0,
46795,DURAZAC WEEKLY 90MG 4 DELAYED RELEASE CAPS.,DURAZAC WEEKLY 90 MG 4 DELAYED RELEASE CAPS.,ديورازاك 90 مجم 4 كبسول,903496.0,100.0,algo_match,brand_index,,
66795,DUREX MUTUAL PLEASURE 3 CONDOMS,,,,,,no_match,,
87802,DUREX PERFECT GLIDE 50 ML,,,,,,no_match,,
87804,DUREX REAL FEEL 50 ML,,,,,,no_match,,
87803,DUREX WARMING 50 ML,,,,,,no_match,,
60182,DUREX. FETHERLITE ULTRA 3 CONDOMS,,,,,,no_match,,
8554,DURICEF 1 GM 6 DISPTAB,DURICEF 1 GM 6 DISPERSABLE TAB.,ديورسيف 1 مجم 6 اقراص فواره,2537423.0,80.8,ai_confirmed,ai_verified,0.0,
73495,DURICEF 1 GM 8 TAB,DURICEF 1 GM 8 F.C. TABS.,ديورسيف 1 جم 8 اقراص,2469686.0,87.8,ai_confirmed,ai_verified,0.0,
74518,DURICEF 125MG SUSP,DURICEF 125 MG / 5 ML SUSP. 60 ML,ديورسيف 125 مجم / 5 مل شراب 60 مل,,100.0,algo_match,token_set_ratio,,
74604,DURICEF 250MG SUSP,DURICEF 250 MG / 5 ML SUSP. 60 ML,ديورسيف 250 مجم / 5 مل شراب 60 مل,1658557.0,100.0,algo_match,token_set_ratio,,
8975,DURICEF 500 MG 12 CAP,DURICEF 500 MG 12 CAPS.,ديورسيف 500 مجم 12 كبسول,903501.0,97.7,algo_match,brand_index,,
6121,DURICEF 500MG SUSP,DURICEF 500 MG / 5 ML SUSP. 60 ML,ديورسيف 500 مجم / 5 مل شراب 60 مل,903500.0,100.0,algo_match,token_set_ratio,,
64430,DURJOY 60 MG 3 TAB,DURJOY 60 MG 3 F.C. TABS,ديورجوي 60 مجم 3 اقراص,1534856.0,87.8,ai_confirmed,ai_verified,0.0,
88202,DURY 10 SACHETS,DURY 10 SACHET,ديوري 10 اكياس,2250388.0,96.6,algo_match,brand_index,,
75013,DUSPATALIN RETARD 200 MG 30 CAP,DUSPATALIN RETARD 200 MG 30 CAPS.,دوسباتالين ريتارد 200 مجم 30 كبسول,988605.0,98.4,algo_match,brand_index,,
30289,E-MOX 125MG SUSP,E MOX 125 MG / 5 ML SUSP. 80 ML,ايموكس 125 مجم / 5 مل شراب 80 مل,2513271.0,100.0,algo_match,token_set_ratio,,
30290,E-MOX 250MG SUSP,E MOX 250 MG / 5 ML SUSP. 80 ML,ايموكس 250 شرب,2683634.0,100.0,algo_match,token_set_ratio,,
1587,E-MOX 500MG CAP,E MOX 500 MG 16 CAPS.,ايموكس 500 مجم 16 كبسول,2473769.0,88.9,ai_confirmed,ai_verified,0.0,
74741,E-MOXCLAV 156MG SUSP,E MOXCLAV 156 MG / 5 ML SUSP. 60 ML,ايموكسكلاف 156 مجم / 5 مل شراب 60 مل,902453.0,100.0,algo_match,token_set_ratio,,
73959,E-MOXCLAV 1GM TAB,E MOXCLAV 625 MG 10 TAB.,ايموكسكلاف 625 م,2683635.0,82.9,ai_confirmed,ai_verified,0.0,
61436,E-MOXCLAV 228.5GM,E MOXCLAV 228.5 MG DRY SUSP. 75 ML,ايموكسكلاف 228.5 مجم شراب 75 مل,902454.0,90.9,algo_match,token_set_ratio,,
74324,E-MOXCLAV 312MG SUSP,E MOXCLAV 312 MG / 5 ML DRY MIX FOR ORAL SUSP. 60 ML,ايموكسكلاف 312 مجم / 5 مل شراب 60 مل,2498097.0,100.0,algo_match,token_set_ratio,,
74203,E-MOXCLAV 625MG TAB,E MOXCLAV 625 MG 10 TAB.,ايموكسكلاف 625 م,2683635.0,93.0,algo_match,brand_index,,
82955,E-MOXCLAV 642.9MG/5ML SUSP. 75 ML,E MOXCLAV 642.9 MG / 5 ML SUSP. 75 ML,ايموكسكلاف 642.9 مجم / 5 مل شراب 75 مل,2369301.0,91.4,algo_match,brand_index,,
74423,E-MOXCLAV SYP 457 MG 70 ML,,,,,,no_match,,
49636,E-YEAST 20 TAB,,,,,,no_match,,
92684,eadbaz c 125 ml,EADBAZ C SYRUP 125 ML,ايدباذ سي شراب 125 مل,,83.3,ai_confirmed,ai_verified,0.0,
58906,EASY SLIM ORLISTAT 120 MG 10 CAPS,,,,,,no_match,,
79277,EASYCOL BABY ORAL DROPS 15 ML,,,,,,no_match,,
86860,EAU DE MER ISTONIC NASAL CLEANING 100 ML,,,,,,no_match,,
154651,EAZEX-LINE GEL 30 GM,EAZEX LINE GEL 30 GM,ايزكس لاين جل 30 جم هيلث لاين,2146275.0,100.0,algo_match,brand_index,,
88582,EAZEX-LINE GEL 50 GM,EAZEX LINE GEL 50 GM,ايزكس لاين جل 50 جم هيلث لاين,2221276.0,100.0,algo_match,brand_index,,
67534,EBA-ACT HAIR LOTION 120ML,EBA ACT HAIR LOTION 120 ML,ايبا اكت لوشن للشعر 120 مل,2187710.0,100.0,algo_match,brand_index,,
74715,EBAFIX HAIR SERUM 120ML,EBAFIX HAIR SERUM 120 ML,ايبيافيكس سيروم للشعر 120 مل,2142852.0,100.0,algo_match,brand_index,,
66311,EBAFIX HAIR SHAMPO 200 ML,,,,,,no_match,,
90550,EBAMYLASE OR 100ML SYRUP,,,,,,no_match,,
86924,EBASTINE-BORG 0.1% SYRUP 60 ML,EBASTINE BORG 0.1 % SYRUP 60 ML,ايباستين برج 0.1 % شراب 60 مل,,95.1,algo_match,brand_index,,
47560,EBIXA 10MG 28TAB,EBIXA 10 MG 28 F.C. TAB.,ابيكسا 10 مجم 28 اقراص,,90.0,algo_match,brand_index,,
88004,ECLATREM 120 GM CR,,,,,,no_match,,
79218,ECONOPRED PLUS 1% EYE DROPS 5ML,ECONOPRED PLUS 1 % EYE DROPS 5 ML,ايكونوبريد بلس 1 % قطره 5 مل,,95.4,algo_match,brand_index,,
91464,ECOTO 20 PIECES,ECOTO 20 PIECES,ايكوتو 20 قطعه,2146178.0,100.0,algo_match,brand_index,,
83684,ECTOHYLO EYE DROPS 20AMP,ECTOHYLO EYE DROPS 0.35 ML 20 AMP,اوكتاهيلو قطره 0.35 مل 20 امبول,,86.2,ai_confirmed,ai_verified,0.0,
30100,ECTOMETHRIN 5%EMULSION,ECTOMETHRIN 5 % EMULSION 50 ML,اكتومثرين 5 % مستحلب 50 مل,,80.8,ai_confirmed,ai_verified,0.0,
73458,ECTOMETHRIN 5%LOTION 50 ML,ECTOMETHRIN 5 % LOTION 50 ML,اكتومثرين 5 % لوسيون 50 مل,2474951.0,92.6,algo_match,token_set_ratio,,
75329,ECTONEX NASAL SPRAY ADULT,,,,,,no_match,,
75127,ECTONEX NASAL SPRAY KIDS,,,,,,no_match,,
33005,EDEMEX 1 MG 20 TAB,EDEMEX 1 MG 20 TAB.,اديمكس 1 مجم 20 اقراص,901764.0,100.0,algo_match,brand_index,,
90839,EDICIN 1 GM PD. FOR I.V. INF. VIAL,,,,,,no_match,,
79543,EDUROPAN 20TABLETS,,,,,,no_match,,
74899,EFALEX 30 CAP,EFALEX 30 CAPS.,ايفالكس 30 كبسول,2254862.0,96.3,algo_match,brand_index,,
81502,EFECTINIX 5 MG TAB,EFECTINIX 5 MG 20 TABS.,ايفيكتنيكس 5 مجم 20 اقراص,2609420.0,90.0,algo_match,brand_index,,
67464,EFEMYO DROPS 10 ML,EFEMYO EYE SUSP. DROPS 10 ML,افيميو قطره عين 10 مل,,80.0,ai_confirmed,ai_verified,0.0,
37108,EFEXOR XR 75 MG CAP,EFEXOR XR 75 MG 14 CAPS.,ايفكسور اكس ار 75 مجم 14 كبسول,902428.0,90.5,algo_match,brand_index,,
26676,EFEXOR XR150 MG 14 CAP,EFEXOR XR 150 MG 14 CAPS.,ايفكسور اكس ار 150 مجم 14 كبسول,902429.0,97.9,algo_match,brand_index,,
82730,EFFEGAD 75 14 CAP,EFFEGAD 75 MG 14 E.R.CAPS.,ايفيجاد 75 مجم 14 كبسول,2683625.0,81.0,ai_confirmed,ai_verified,0.0,
59993,EFLOTISM CREAM 15 GM,EFLOTISM 13.9 % TOPICAL CREAM 15 GM,ايفلوتيزم 13.9 كريم 15 جم,,100.0,algo_match,token_set_ratio,,
90714,EFUCISAN 1% 5GM,EFUCISAN 1 % VISCOUS EYE 5 GM,افيوسيزان 1 % قطره عين 5 جرام,,89.7,ai_confirmed,ai_verified,0.0,
66008,EGY-TRON 10 SACHETS,EGY TRON 10 SACHETS,ايجي ترون 10 اكياس,2144797.0,100.0,algo_match,brand_index,,
55223,EGY DRONATE 2 TAB,EGY DRONATE 2 SCORED TABS,ايجي درونيت 2 اقراص,2010388.0,81.0,ai_confirmed,ai_verified,0.0,
83504,EGY PEDICAL PLUS SYRUP 100ML,EGY PEDICAL PLUS SYRUP 100 ML,ايجي بيديكال بلس شراب 100 مل,2469049.0,100.0,algo_match,brand_index,,
81254,EGYCOFER 10SACHET,EGYCOFER 10 SACHET,ايجيكوفير 10 اكياس,2157531.0,100.0,algo_match,brand_index,,
83146,EGYCUSATE PLUS 30TABS,EGYCUSATE PLUS 30 F.C.TABS.,ايجيكيوسات بلس 30 اقراص,2169071.0,91.7,algo_match,brand_index,,
63217,EGYCUSATE SYRUP 100ML,EGYCUSATE 20 MG / 5 ML SYRUP 100 ML,ايجيكيوسات 20 مجم / 5 مل شراب 100 مل,2301086.0,100.0,algo_match,token_set_ratio,,
79161,EGYGASTREAZ 100MG 60ML SUSP,EGYGASTREAZ 100 MG / 5 ML PD. FOR ORAL 60 ML SUSP.,ايجي جاستريز 100 مجم / 5 مل شراب 60 مل,2370818.0,100.0,algo_match,token_set_ratio,,
66047,EGYNIR 125 MG SUSP 60 ML,EGYNIR 125 MG / 5 ML PD. FOR ORAL SUSP. 60 ML,ايجينير 125 مجم / 5 مل شراب 60 مل,2292739.0,100.0,algo_match,token_set_ratio,,
65954,EGYPRO 5 MG 30 TAB,EGYPRO 5 MG 30 TAB.,ايجيبرو 5 مجم 30 اقراص,902348.0,100.0,algo_match,brand_index,,
90254,ekiroz 40 mg 14 tab,EKIROZ 40 MG 14 TABS,اكيروز 40 مجم 14 اقراص,2223000.0,97.4,algo_match,brand_index,,
81512,ELARPIC 20 MG TABS,ELARPIC 20 MG 20 F.C.TABS,ايلاربيك 20 مجم 20 اقراص,2645868.0,83.7,ai_confirmed,ai_verified,0.0,
91003,ELAY 70ML SPRAY,,,,,,no_match,,
85912,ELBALLERGE 30 MG 100 ML SYRUP,ELBALLERGE 100 ML SYRUP,الباليرج 100 مل شراب,1041449.0,88.5,ai_confirmed,ai_verified,0.0,
87719,ELBALURAN 20 MG 30 TABLETS,ELBALURAN 20 MG 30 F.C. TABS.,البالوران 20 مجم 30 اقراص,2566295.0,86.8,ai_confirmed,ai_verified,0.0,
86540,ELBALURAN 80 MG 30 TAB,ELBALURAN 80 MG 30 F.C. TABS.,البالوران 80 مجم 30 اقراص,2468327.0,89.8,ai_confirmed,ai_verified,0.0,
23031,ELBAVIT SYP 60 ML,,,,,,no_match,,
73839,ELBAVIT SYP W/IRON 60 ML,,,,,,no_match,,
47094,ELICA M CREAM 3OM,ELICA M CREAM 30 GRAM,اليكا ام كريم 30 جم,1251328.0,87.2,ai_confirmed,ai_verified,0.0,
59702,ELICASAL OINTMENT 15GM,,,,,,no_match,,
52053,ELICASAL OINTMENT 30GM,ELICASAL TOPICAL OINT. 30 GM,اليكاسال مرهم موضعي 30 جم,2312422.0,80.0,ai_confirmed,ai_verified,0.0,
23595,ELIDEL CREAM 15 GM,ELIDEL 1 % CREAM 15 GM,اليديل 1 % كريم 15 جم,2474790.0,90.0,algo_match,brand_index,,
79367,ELIMASSAGE GEL 50GM,,,,,,no_match,,
79545,ELIMBOSIS 2.5MG,ELIMBOSIS 2.5 MG 30 F.C. TABS,اليمبوسيس 2.5 مجم 30 اقراص,947272.0,100.0,algo_match,token_set_ratio,,
80000,ELIMBOSIS 5MG 30TABS,ELIMBOSIS 5 MG 30 F.C. TABS,اليمبوسيس 5 مجم 30 اقراص,947273.0,91.7,algo_match,brand_index,,
68753,ELIQUIS 2.5 MG 20 TAB,ELIQUIS 2.5 MG 20 F.C. TABS.,اليكويس 2.5 مجم 20 اقراص,2296778.0,89.4,ai_confirmed,ai_verified,0.0,
68754,ELIQUIS 5 MG 20 TAB,ELIQUIS 5 MG 20 F.C. TABS.,اليكويس 5 مجم 20 اقراص,954553.0,88.4,ai_confirmed,ai_verified,0.0,
57101,ELITAC CREAM 50 GM,ELITAC CREAM 50 GM,اليتاك كريم 50 جم,2143428.0,100.0,algo_match,brand_index,,
91181,ELIXOZOLID 2MG/ML IV SOL. 300 ML,ELIXOZOLID 2 MG / ML IV SOL. 300 ML,اليكسوزوليد 2 مجم / مل محلول وريدي 300 مل,,93.9,algo_match,brand_index,,
80385,ELIXOZOLID 600MG 10TABS,ELIXOZOLID 600 MG 10 F.C.TABS.,اليكسوزوليد 600 مجم 10 اقراص,,92.6,algo_match,brand_index,,
92017,ELMODOXACIN 750MG 10 TAB,ELMODOXACIN 750 MG 10 F.C.TAB.,المودوكساسين 750 مجم 10 اقراص,,92.6,algo_match,brand_index,,
73684,ELONDA 0.5MG 2 TAB,ELONDA 0.5 MG 2 TAB.,ايلوندا 0.5 مجم 2 اقراص,902011.0,100.0,algo_match,brand_index,,
84465,ELONE KERATIN CREAM 120ML,,,,,,no_match,,
89315,ELPRO 20 TABS,ELPRO 20 TABS,البرو 20 اقراص,1612255.0,100.0,algo_match,brand_index,,
90462,ELTROXIN-50MCG 100 TAB IMP,,,,,,no_match,,
89889,eltroxin 100,ELTROXIN 100 MCG 100 TABS,التروكسين 100 مجم 100 اقراص,,100.0,algo_match,token_set_ratio,,
37837,ELTROXIN 100 MG 100 TAB (ASPEN) IMP,,,,,,no_match,,
45461,ELTROXIN 50MG TAB,ELTROXIN 50 MCG 100 TABS,التروكسين 50 مجم 100 اقراص,,85.7,ai_confirmed,ai_verified,0.0,
23300,EM-EX 1 MG 1 ML 3AMP,EM EX 1 MG / ML 3 AMPS.,ام اكس 1 مجم / مل 3 امبول,1435626.0,93.0,algo_match,brand_index,,
37404,EM-EX 3 MG 3 ML 1AMP,EM EX 3 MG / 3 ML 1 AMP,ام اكس 3 مجم / مل 1 امبول,,95.5,algo_match,brand_index,,
81661B,EMAITOPRIDE 30 TAB,EMA ITOPRIDE 50 MG 30 TABS,ايما ايتوبرايد 50 مجم 30 اقراص,,81.8,ai_confirmed,ai_verified,0.0,
89071,EMANA CHOCOLATE FLAVOR 10 SACHETS,,,,,,no_match,,
82697,EMBANODEX 5MG ODT,EMBANODEX 5 MG 20 ORALLY DISINTEGRATING TABS.,امبانودكس 5 مجم 20 اقراص,,87.5,ai_confirmed,ai_verified,0.0,
82562,EMBANODEX SYRUP100 ML,EMBANODEX 0.5 MG / ML SYRUP 100 ML,امبانودكس 0.5 مجم / مل شراب 100 مل,,100.0,algo_match,token_set_ratio,,
91086,EMBROSITOL 1:6.3 FORTE 30 FLIM,,,,,,no_match,,
90762,EMBROSITOL 40/1-30 TAB,,,,,,no_match,,
90489,EMBROSITOL 40:1 60 TAB,,,,,,no_match,,
66010,EMEREST 4 MG 5 AMP,EMEREST 4 MG / 2 ML 5 AMP.,ايميرست 4 مجم / 2 مل 5 امبول,2144862.0,83.7,ai_confirmed,ai_verified,0.0,
90766,EMEREST 8MG 3 AMP,EMEREST 8 MG / 4 ML 3 AMP,اميريست 8 مجم / 4 مل 3 امبول,2468781.0,83.7,ai_confirmed,ai_verified,0.0,
74602,EMETREX-N AMP,,,,,,no_match,,
28685,EMETREX 20TAB,EMETREX 20 TAB.,اميتركس 20 اقراص,2156328.0,100.0,algo_match,brand_index,,
88219,EMILIA HAIR OIL ROSEMARY 250 ML,,,,,,no_match,,
87462,EMILIA LASH SERUM,,,,,,no_match,,
87975,EMILIA LOTION HAND BODY 212 RED,,,,,,no_match,,
54312,EMLA CREAM 7.5% 30 GM,,,,,,no_match,,
63290,EMMYROSA HAIR LOTION 120ML,EMMYROSA HAIR LOTION 120 ML,ايميروزا لوشن للشعر 120 مل,2192453.0,100.0,algo_match,brand_index,,
74968,EMO SOFT CREAM 15GM,EMO SOFT CREAM 15 GM,ايمو سوفت كريم 15 جم,2341132.0,100.0,algo_match,brand_index,,
30592,EMO SOFT CREAM 30GM,EMO SOFT CREAM 30 GM,ايمو سوفت كريم 30 جم,2587981.0,100.0,algo_match,brand_index,,
90527,EMPACOMBMET XR 25/1000MG 30 TAB,,,,,,no_match,,
79549,EMPACOZA 10 MG 30 F.C TABS,EMPACOZA 10 MG 30 F.C.TABS,ايمباكوزا 10 مجم 30 اقراص,1652991.0,100.0,algo_match,brand_index,,
78692,EMPACOZA 25 MG 30 TABS,EMPACOZA 25 MG 30 F.C.TABS.,ايمباكوزا 25 مجم 30 اقراص,1739031.0,91.7,algo_match,brand_index,,
83694,EMPACOZA PLUS 10/5 MG 30 F.C TABS.,EMPACOZA PLUS 10 / 5 MG 30 F.C TABS,ايمباكوزا بلس 10 / 5 مجم 30 اقراص,1464785.0,91.2,algo_match,brand_index,,
84936,EMPACOZA PLUS 25\5MG 30TAB,EMPACOZA PLUS 25 / 5 MG 30 F.C TABS,ايمباكوزا بلس 25 / 5 مجم 30 اقراص,1552492.0,82.5,ai_confirmed,ai_verified,0.0,
88411,EMPACOZA TRIO XR 10/5/1000 MG 30 F.C TABLETS,EMPACOZA TRIO 10 / 5 / 1000 MG 30 F.C TABS,ايمباكوزا تريو 10 / 5 / 1000 مجم 30 اقراص,1652996.0,81.4,ai_confirmed,ai_verified,0.0,
88410,EMPACOZA TRIO XR 25/5/1000 MG 30 F.C TABLETS,EMPACOZA TRIO 10 / 5 / 1000 MG 30 F.C TABS,ايمباكوزا تريو 10 / 5 / 1000 مجم 30 اقراص,1652996.0,81.4,ai_confirmed,ai_verified,0.0,
91793,EMPACYRL 5/10 30 TABS,EMPACYRL 10 / 5 MG 30 F.C. TABS,امباكيرل 10 / 5 مجم 30 اقراص,1989002.0,86.5,ai_confirmed,ai_verified,0.0,
92532,EMPACYRL 5/25 30 tab,,,,,,no_match,,
82622,empagliform 12.5/1000 tab,,,,,,no_match,,
80060,EMPAGLIFORM 12.5/500 30 TABS,EMPAGLIFORM 12.5 / 500 MG 30 F.C. TABS.,امباجليفورم 12.5 / 500 مجم 30 اقراص,2145651.0,83.1,ai_confirmed,ai_verified,0.0,
81509,EMPAGLIMAX 10 TAB,EMPAGLIMAX 10 MG 30 F.C. TABS.,امباجليماكس 10 مجم 30 اقراص,2606091.0,86.7,ai_confirmed,ai_verified,0.0,
89777,ENAROFERTY 30 CAPS,ENAROFERTY 30 CAPS,ايناروفيرتي 30 كبسول,,100.0,algo_match,brand_index,,
87366,ENCHANTTEUR ALLWRING PERFUM 236 ML,,,,,,no_match,,
87367,ENCHANTTEUR ENTICING PERFUM 236 ML,,,,,,no_match,,
87368,ENCHANTTEUR ROMANTIC BODY SPLASH 236 ML,,,,,,no_match,,
79548,ENDLIXABAN 2.5 20TABLETS,ENDLIXABAN 2.5 MG 20 F.C. TABS.,اندليكسابان 2.5 مجم 20 اقراص,2146009.0,81.5,ai_confirmed,ai_verified,0.0,
81507,ENDLIXABAN 5 MG TAB,ENDLIXABAN 5 MG 20 F.C. TABS,اندليكسابان 5 مجم 20 اقراص,2146008.0,82.6,ai_confirmed,ai_verified,0.0,
85205,ENDODRAVA 2MG 28 TABS,ENDODRAVA 2 MG 28 TABS.,اندودرافا 2 مجم 28 اقراص,2653269.0,100.0,algo_match,brand_index,,
20458,ENEMACORT,,,,,,no_match,,
2944,ENEMAX 120ML VIAL,,,,,,no_match,,
82971,ENERA COLLAGEN 10SACHETS,ENERA COLLAGEN 10 SACHETS,انيرا كولاجين 10 اكياس,2176171.0,100.0,algo_match,brand_index,,
86565,ENERA SHOTS DRINKABLE AMPOULE,,,,,,no_match,,
87888,ENERGY HAIR FOOD COCONUT CREAM 200 ML,,,,,,no_match,,
81886,ENHANTIN 400MG 30CAPS,ENHANTIN 400 ML 30 CAPS,انهانتين 400 مل 30 كبسول,2624767.0,95.7,algo_match,brand_index,,
90980,ENNERVITA RICH 30CAP,ENNERVITA RICH 30 CAPS,انرفيتا ريتش 30 كبسول,2445021.0,97.7,algo_match,brand_index,,
73455,ENRICH ORAL DROPS 30 ML,ENRICH ORAL DROPS 30 ML,انريتش قطره 30 مل,902136.0,100.0,algo_match,brand_index,,
73541,ENRICH SYRUP 100 ML,ENRICH SYRUP 100 ML,انريتش شراب 100 مل,902135.0,100.0,algo_match,brand_index,,
47253,ENSURE VANILIA MILK GM,,,,,,no_match,,
80163,ENTEROGERMINA 2 BILLION 10 VIALS,ENTEROGERMINA 2 BILLION / 5 ML ORAL SUSP. 10 MINI BOTTLES,انتروجرمينا 2 بليون / 5 مل شراب 10 امبول,2471625.0,89.7,ai_confirmed,ai_verified,0.0,
87445,ENTEROGERMINA 4 BILLION/5ML ORAL SUSP. 10 MINI BOT,ENTEROGERMINA 4 BILLION / 5 ML ORAL SUSP. 10 MINI BOTTLES,انتروجرمينا 4 بليون / 5 مل شراب 10 امبول,2513211.0,90.6,algo_match,brand_index,,
92127,ENTRADA SYP 120 ML,,,,,,no_match,,
74928,ENTRESTO 100 MG 28 TAB,ENTRESTO 100 MG 49 / 51 MG 28 F.C.TABS,انتريستو 100 مجم 49 / 51 مجم 28 اقراص,1657536.0,90.0,algo_match,token_set_ratio,,
74927,ENTRESTO 200 MG 56 TAB,ENTRESTO 200 MG 97 / 103 MG 56 F.C.TABS,انتريستو 200 مجم 97 / 103 مجم 56 اقراص,1657537.0,90.0,algo_match,token_set_ratio,,
74991,ENTRESTO 50 MG 28 TAB,ENTRESTO 50 MG 24 / 26 MG 28 F.C.TABS,انتريستو 50 مجم 24 / 26 مجم 28 اقراص,1033597.0,89.5,ai_confirmed,ai_verified,0.0,
91382,ENZYMAX DUOBIOTICS 10 DOUBLE CAPS,,,,,,no_match,,
59429,EPANUTIN 100MG 100 CAP IMP,,,,,,no_match,,
20109,EPHEDRINE AMP,,,,,,no_match,,
90695,epi-dinetra 10 tab,,,,,,no_match,,
1361,EPI-DINITRA 5MG 30 TAB,EPI DINITRA 5 MG 30 SUBLINGUAL TABLETS,ابي دينيترا 5 مجم 30 اقراص,1842062.0,90.5,algo_match,token_set_ratio,,
46356,EPIAO 4000IU VIAL,EPIAO 4000 I.U. / ML VIAL,ابياو 4000 وحده امبول,,85.7,ai_confirmed,ai_verified,0.0,
59966,EPICEPHIN 1 GM I.M VIAL,EPICEPHIN 1 GM I.M.VIAL,ابيسيفين 1 جم امبول عضل,2671551.0,100.0,algo_match,brand_index,,
73601,EPICEPHIN 1 GM I.V VIAL,EPICEPHIN 1 GM I.V. VIAL,ابيسيفين 1 جم امبول وريد,2126756.0,100.0,algo_match,brand_index,,
64469,EPICEPHIN 2 GM I.V VIAL,EPICEPHIN 2 GM I.V. VIAL,ابيسيفين 2 جم امبول وريد,2559887.0,100.0,algo_match,brand_index,,
74532,EPICEPHIN 500 GM I.M VIAL,EPICEPHIN 500 MG I.M.VIAL,ابيسيفين 500 مجم امبول عضل,,88.0,ai_confirmed,ai_verified,0.0,
1611,EPICOCILLIN 500MG CAP,EPICOCILLIN 500 MG 16 CAPS.,ابيكوسيللين 500 مجم 16 كبسول,2434951.0,91.7,algo_match,brand_index,,
2797,EPICOGEL SUSP. 180ML,EPICOGEL SUSP. 180 ML,ابيكوجيل شراب 180 مل,901680.0,100.0,algo_match,brand_index,,
84565,EPICOMB CREAM 15 GM,EPICOMB CREAM 15 G,ايبيكومب كريم 15 جم,1487911.0,97.3,algo_match,brand_index,,
86835,EPICOPENTIN 300 MG 30 CAPS,EPICOPENTIN 300 MG 30 CAPS,ابيكوبنتين 300 مجم 30 اقراص,2506924.0,100.0,algo_match,brand_index,,
88722,EPICOPENTIN 400 MG 30 CAPS,EPICOPENTIN 400 MG 30 CAPS,ابيكوبنتين 400 مجم 30 اقراص,901675.0,100.0,algo_match,brand_index,,
2090,EPICOPHYLLINE PHENOBARBITONE SYRUP,EPICOPHYLLINE PHENOBARBITONE SYRUP 125 ML,ابيكوفيللين فينوباربيتون شراب 125 مل,,90.7,algo_match,brand_index,,
2042,EPICOPHYLLINE SYRUP,EPICOPHYLLINE 2.5 G / 100 ML SYRUP 125 ML,ابيكوفيللين 2.5 جم / 100 مل شراب 125 مل,901681.0,100.0,algo_match,token_set_ratio,,
79553,EPICOPRED 20MG 20 TABLETS,EPICOPRED 20 MG 20 ORODISPERSIBLE TABS.,ابيكوبريد 20 مجم 20 اقراص,2166857.0,84.4,ai_confirmed,ai_verified,0.0,
78730,EPICOPRED 5 MG 30 TAB,EPICOPRED 5 MG 30 ORODISPERSIBLE TABS.,ابيكوبريد 5 مجم 30 اقراص,1022426.0,89.5,ai_confirmed,ai_verified,0.0,
19101,EPICOTIL 20 MG 10 TAB,EPICOTIL 20 MG 10 F.C.TAB.,ابيكوتيل 20 مجم 10 اقراص,2149193.0,91.3,algo_match,brand_index,,
73313,EPICOTIL 20 MG 3 VIAL,EPICOTIL 20 MG I.M. / I.V. 3 VIAL,ابيكوتيل 20 مجم 3 امبول,,80.8,ai_confirmed,ai_verified,0.0,
779,EPICOTIL SUPP,EPICOTIL 20 MG 5 ADULT SUPP.,ابيكوتيل 20 مجم 5 لبوس للكبار,2143859.0,100.0,algo_match,token_set_ratio,,
75835,EPIDERM SOOTHING CREAM 50 GM,EPIDERM SOOTHING CREAM 50 GM,ابيديرم كريم 50 جم,2312240.0,100.0,algo_match,brand_index,,
81247,epidexone eye oint,EPIDEXONE 0.05 % EYE OINT. 5 GM,ابيدكسون 0.05 % مرهم 5 جم,2600652.0,100.0,algo_match,token_set_ratio,,
23823,EPIDEXONE PLUS 1MG/ML EYE/EAR DROPS 5 ML,EPIDEXONE PLUS 1 MG / ML EYE / EAR DROPS 5 ML,ابيدكسون بلس 1 مجم / مل قطره 5 مل,1671069.0,83.7,ai_confirmed,ai_verified,0.0,
73600,EPIDRON 4 MG VIAL,EPIDRON 4 MG / ML VIAL 2 ML,ابيدرون 4 مجم / مل امبول 2 مل,,100.0,algo_match,token_set_ratio,,
49747,EPIFASI 5000 IU 1 AMP,EPIFASI 5000 I.U. AMP.,ابيفاسي 5000 وحده امبول,1986591.0,92.7,algo_match,brand_index,,
75737,EPIFENAC 100 MG 20 TAB,EPIFENAC 100 MG 5 RECTAL SUPP.,ابيفيناك 100 مجم 5 لبوس,1608263.0,85.0,ai_confirmed,ai_verified,0.0,
47688,EPIFENAC 100MG SUPP,EPIFENAC 100 MG 5 RECTAL SUPP.,ابيفيناك 100 مجم 5 لبوس,1608263.0,81.6,ai_confirmed,ai_verified,0.0,
47535,EPIFENAC 25MG SUPP,EPIFENAC 25 MG 5 SUPP.,ابيفيناك 25 مجم 5 لبوس,1700729.0,95.0,algo_match,brand_index,,
74705,EPIFENAC 50 MG 20 TAB,EPIFENAC 50 MG 20 ENTERIC COATED TAB.,ابيفيناك 50 مجم 20 اقراص,2685011.0,100.0,algo_match,token_set_ratio,,
83833,EPIFENAC 75 MG S.R. 10 TABS.,EPIFENAC 75 MG S.R. 10 TABS.,ابيفيناك اس ار 75 مجم 10 اقراص,2145915.0,100.0,algo_match,brand_index,,
75678,EPIFENAC AMP,EPIFENAC 75 MG / 3 ML I.M. / I.V. 3 AMP.,ابيفيناك 75 مجم / 3 مل 3 امبول,2113291.0,100.0,algo_match,token_set_ratio,,
2243,EPIFENAC DROPS,EPIFENAC 0.1 % EYE DROPS 5 ML,ابيفيناك 0.1 % قطره 5 مل,925434.0,100.0,algo_match,token_set_ratio,,
57849,EPIGONAL75 MG AMP,EPIGONAL 75 I.U. 1 AMP.,ابيجونال 75 وحده 1 امبول,2553912.0,82.1,ai_confirmed,ai_verified,0.0,
1416,EPILAT CAP,EPILAT 10 MG 30 S.G.CAPS.,ابيلات 10 مجم 30 كبسول,2434953.0,90.0,algo_match,partial_token_sort_ratio,,
916,EPILAT RETARD 20 TAB,EPILAT RETARD 20 MG SR. 20 F.C.TAB.,ابيلات ريتارد اس ار 20 مجم 20 اقراص,,100.0,algo_match,token_set_ratio,,
18103,EPIMAG EFF SACHETS,,,,,,no_match,,
79550,EPIMIRAFLU 10 CAPSULES,EPIMIRAFLU 75 MG 10 CAPS.,ابيميرافلو 75 مجم 10 كبسول,2589105.0,83.7,ai_confirmed,ai_verified,0.0,
36211,EPINEPHRINE 25 AMP,,,,,,no_match,,
EPI,EPINEPHRINE AMPOULE ADRINALINE 1MG,,,,,,no_match,,
18583,EPINOR 400 MG 14 TAB,EPINOR 400 MG 14 TAB.,ابينور 400 مجم 14 اقراص,2129543.0,100.0,algo_match,brand_index,,
1576,EPIRAZOLE CAP,EPIRAZOLE 20 MG 14 CAPS.,ابيرازول 20 مجم 14 كبسول,2452821.0,81.8,ai_confirmed,ai_verified,0.0,
30371,EPIRIZINE 10 MG 10 TAB,EPIRIZINE 10 MG 10 TAB.,ابيريزين 10 مجم 10 اقراص,1555218.0,100.0,algo_match,brand_index,,
72576,EPIROVASTIN 10 MG 7 TAB (EPICO),,,,,,no_match,,
90390,EPIROVASTIN 10MG 14TAB,EPIROVASTIN 10 MG 14 SCORED F.C. TAB,ابيروفاستين 10 مجم 14 اقراص,2434911.0,81.4,ai_confirmed,ai_verified,0.0,
72577,EPIROVASTIN 20 MG 7 TAB (EPICO),EPIROVASTIN 20 MG 7 F.C. TAB,ابيروفاستين 20 مجم 7 اقراص,2487280.0,92.0,algo_match,token_set_ratio,,
89176,EPIROVASTIN20 MG 14 F.C TABS,EPIROVASTIN 20 MG 14 TABS,ابيروفاستين 20 مجم 14 اقراص,1545709.0,92.6,algo_match,brand_index,,
61119,EPISOPT EYE DROPS 5 ML,EPISOPT EYE DROPS 5 ML,ابيسوبت قطره 5 مل,2434929.0,100.0,algo_match,brand_index,,
1076,EPITENS 30 TAB,EPITENS 30 TAB,ابيتنس 30 اقراص,,100.0,algo_match,brand_index,,
78596,EPIZITHRO 500MG 3-CAP,EPIZITHRO 500 MG 3 CAPS,ابيزيثرو 500 مجم 3 كبسول,2401797.0,97.8,algo_match,brand_index,,
76501,EPIZOLONE-DEPOT VAIL,EPIZOLONE DEPOT 40 MG / ML 1 ML I.M. VIAL,ابيزولون ديبو 40 مجم / مل 1 مل امبول,,85.7,ai_confirmed,ai_verified,0.0,
27457,EPOETIN 4000 IU VIAL,,,,,,no_match,,
67316,ERALONER 25MG 20TAB,ERALONER 25 MG 20 F.C.TAB.,ايرالونير 25 مجم 20 اقراص,902363.0,91.3,algo_match,brand_index,,
67308,ERALONER 50MG 20TAB,ERALONER 50 MG 20 F.C. TAB.,ايرالونير 50 مجم 20 اقراص,2584963.0,91.3,algo_match,brand_index,,
55579,ERASTAPEX 20 MG 30 TAB,ERASTAPEX 20 MG 30 F.C.TAB.,ايراستابكس 20 مجم 30 اقراص,2468683.0,91.7,algo_match,brand_index,,
55564,ERASTAPEX 40 MG 30 TAB,ERASTAPEX 40 MG 30 F.C.TAB.,ايراستابكس 40 مجم 30 اقراص,2312574.0,91.7,algo_match,brand_index,,
75852,ERASTAPEX CO 20\5 30 TAB.,ERASTAPEX 20 MG 30 F.C.TAB.,ايراستابكس 20 مجم 30 اقراص,2468683.0,84.0,ai_confirmed,ai_verified,0.0,
75738,ERASTAPEX CO 40M/5M 30 TABS,ERASTAPEX 40 MG 30 F.C.TAB.,ايراستابكس 40 مجم 30 اقراص,2312574.0,87.3,ai_confirmed,ai_verified,0.0,
75853,ERASTAPEX CO 40M\10M 30TAB.,ERASTAPEX 40 MG 30 F.C.TAB.,ايراستابكس 40 مجم 30 اقراص,2312574.0,87.3,ai_confirmed,ai_verified,0.0,
56173,ERASTAPEX PLUS 20/12.5 MG 30 TAB,ERASTAPEX PLUS 40 / 12.5 MG 30 F.C.TAB.,ايراستابكس بلس 12.5 / 40 مجم 30 اقراص,902356.0,85.7,ai_confirmed,ai_verified,0.0,
56158,ERASTAPEX PLUS 40/12.5 MG 30 TAB,ERASTAPEX PLUS 40 / 12.5 MG 30 F.C.TAB.,ايراستابكس بلس 12.5 / 40 مجم 30 اقراص,902356.0,85.7,ai_confirmed,ai_verified,0.0,
75245,ERASTAPEX TRIO 10/40/25MG 30 TABS,,,,,,no_match,,
82410,ERASTAPEX TRIO 20M/5M/12.5M 30FILM TALETS,,,,,,no_match,,
83513,ERASTAPEX TRIO 40/5/12.5,,,,,,no_match,,
79551,ERDOLYTIC 20 CAPSULES,,,,,,no_match,,
81592,ERDOSOLVINE 300 MG 10 CAPS,ERDOSOLVINE 300 MG 10 CAPS.,اردوسولفين 300 مجم 10 كبسول,2128657.0,100.0,algo_match,brand_index,,
E,EREC 100 MG 12 TAB,EREC 100 MG 12 F.C. TABS.,اريك 100 مجم 12 اقراص,2453291.0,87.8,ai_confirmed,ai_verified,0.0,
72947,ERECTALIS 20 MG 2 F.C. TABS.,ERECTALIS 20 MG 2 F.C. TAB.,اريكتاليس 20 مجم 2 اقراص,2145166.0,98.0,algo_match,brand_index,,
91313,ERECTALIS 20 MG 4 F.C.TABS,ERECTALIS 20 MG 4 F.C. TAB,اريكتاليس 20 مجم 4 اقراص,2435046.0,98.0,algo_match,brand_index,,
91807,ERECTALIS 5MG 30TABS,ERECTALIS 5 MG 30 TABS,اريكتاليس 5 مجم 30 اقراص,2435047.0,100.0,algo_match,brand_index,,
84612,ERECTAMAX 20 2 TAB,ERECTAMAX 20 MG 2 F.C.TABS,اريكتاماكس 20 مجم 2 اقراص,2453292.0,81.8,ai_confirmed,ai_verified,0.0,
89606,erectamax 20mg 4tab,ERECTAMAX 20 MG 4 F.C.TABS,اريكتاماكس 20 مجم 4 اقراص,901814.0,89.4,ai_confirmed,ai_verified,0.0,
87964,ERECTOBACK 20 MG 2 F.C TABLETS,ERECTOBACK 20 MG 2 TAB,اريكتوباك 20 مجم 2 اقراص,,84.6,ai_confirmed,ai_verified,0.0,
86781,ERGOPRENO 600.000 I.U./1.5ML 3 I.M./ORAL AMP,ERGOPRENO 600.000 I.U. / 1.5 ML 3 I.M. / ORAL AMP.,ارجوبرينو 600.000 وحده 3 امبول,2386852.0,84.4,ai_confirmed,ai_verified,0.0,
89613,ERRICOVAN 20 TABS,ERRICOVAN 20 TAB,اريكوفان 20 اقراص,1860663.0,97.0,algo_match,brand_index,,
85294,ESCANOR VIT 20 TABS,ESCANOR VIT 20 TABS,ايسكانور فيت 20 اقراص,,100.0,algo_match,brand_index,,
61239,ESCITALOBORG 20 MG 10 TAB,ESCITALOBORG 20 MG 10 TABS.,اسيتالوبرج 20 مجم 10 اقراص,1738584.0,98.0,algo_match,brand_index,,
82998,escitapram 20m,ESCITAPRAM 10 MG 20 TAB,اسيتابرام 10 مجم 20 اقراص,2255449.0,92.9,algo_match,token_set_ratio,,
87397,esctikana10 mg 28 tab,,,,,,no_match,,
75322,ESLIZEPINE 400 MG 20 TAB,ESLIZEPINE 400 MG 20 TABS.,ايزليزيبين 400 مجم 20 اقراص,1425724.0,98.0,algo_match,brand_index,,
68763,ESLIZEPINE 800 MG 20 TAB,ESLIZEPINE 800 MG 20 SCORED TABS.,ايزليزيبين 800 مجم 20 اقراص,2471637.0,85.7,ai_confirmed,ai_verified,0.0,
65942,ESMATAC 20 MG 14 CAP,ESMATAC 20 MG DR 14 CAPS.,ازماتاك 20 مجم 14 كبسول,2497486.0,90.9,algo_match,brand_index,,
81679,ESMATAC 40 MG 28 GELATIN CAPS,ESMATAC 40 MG 28 D.R. CAPS,ازماتاك 40 مجم 28 كبسول,901827.0,91.3,algo_match,token_set_ratio,,
64443,ESMOPUMP 20 MG 14 TAB,ESMOPUMP 20 MG 14 E.C.TABS.,ايزموبمب 20 مجم 14 اقراص,2275414.0,89.4,ai_confirmed,ai_verified,0.0,
57674,ESMOPUMP 40 MG 14 TAB,ESMOPUMP 40 MG 14 F.C. TABS.,ايزموبمب 40 مجم 14 اقراص,2435461.0,89.4,ai_confirmed,ai_verified,0.0,
6562266,ESMORAP 10 MG,ESMORAP 10 MG 7 SACHET,ازموراب 10 مجم 7 اكياس,2146636.0,100.0,algo_match,token_set_ratio,,
75039,ESMORAP 20 MG 14 CAP,ESMORAP 20 MG 14 CAPS.,ازموراب 20 مجم 14 كبسول,,97.6,algo_match,brand_index,,
74048,ESMORAP 40 MG 14 CAP,ESMORAP 40 MG 14 CAPS.,ازموراب 40 مجم 14 كبسول,2149282.0,97.6,algo_match,brand_index,,
86400,ESMORAP 40 MG POWDER FOR SOLUTION,ESMORAP 40 MG POWDER FOR I.V. INF. VIAL,ازموراب 40 مجم امبول,,84.2,ai_confirmed,ai_verified,0.0,
68762,ESOGERDAZOLE 40 MG MG DR 14 CAP,ESOGERDAZOLE 40 MG DR. 14 CAPS.,ايزوجيردازول 40 مجم 14 كبسول,1428179.0,93.3,algo_match,brand_index,,
85284,ESOMEPRAZOLE-EVA 40MG 20 E.C. TABS.,ESOMEPRAZOLE EVA 40 MG 20 E.C. TABS.,ايزوميبرازول ايفا 40 مجم 20 اقراص,2129231.0,100.0,algo_match,brand_index,,
85698,ESOMEPRAZOLE 20 MG 20 TAB,ESOMEPRAZOLE EVA 20 MG 20 E.C. TABS.,ايزوميبرازول ايفا 20 مجم 20 اقراص,,84.7,ai_confirmed,ai_verified,0.0,
81146,ESOMIUM 40MG 14 S.R. CAPS.,ESOMIUM 40 MG 14 S.R. CAPS.,ايزوميم 40 مجم 14 كبسول,2145729.0,100.0,algo_match,brand_index,,
90441,ESOVAXOLE 40MG 28TAB,ESOVAXOLE 40 MG 28 CAPS,ايزوفاكسول 40 مجم 28 اقراص,2628414.0,80.0,ai_confirmed,ai_verified,0.0,
83129,ESSENTIALE 300MG 30CAPS,ESSENTIALE 300 MG 30 CAPS,اسنشيال 300 مجم 30 كبسول,2486381.0,100.0,algo_match,brand_index,,
84772,ESTERO-MAP 20 MG 30 TABS,ESTERO MAP 20 MG 30 F.C.TAB,استيروماب 20 مجم 30 اقراص,901845.0,90.2,algo_match,brand_index,,
83016,ESTERO - MAP 10 MG 30 TAb,ESTERO MAP 10 MG 30 F.C.TAB,استيروماب 10 مجم 30 اقراص,901844.0,92.0,algo_match,brand_index,,
47769,ESTIKAN 10MG TAB,ESTIKAN 10 MG 14 F.C.TABS.,استيكان 10 مجم 14 اقراص,2143536.0,81.0,ai_confirmed,ai_verified,0.0,
47770,ESTIKAN 20MG 14 TAB,ESTIKAN 20 MG 14 F.C.TAB.,استيكان 20 مجم 14 اقراص,2144273.0,90.9,algo_match,brand_index,,
73351,ESTOHALT 40 MG 14 CAP,ESTOHALT 40 MG 14 CAPS.,استوهالت 40 مجم 14 كبسول,901843.0,97.7,algo_match,brand_index,,
82927,ESTRACEPTIVE 21 TABS,ESTRACEPTIVE 0.25 / 0.035 MG 21 TABS.,استراسيبتيف 0.25 / 0.035 مجم 21 اقراص,2508912.0,100.0,algo_match,token_set_ratio,,
91261,ESTRAVODOSE 2 MG 28 F.C. TABS,ESTRAVODOSE 2 MG 28 TABS,استرافودوز 2 مجم 28 اقراص,,92.3,algo_match,brand_index,,
55700,ETHOXA 120 ML 250 MG SYRUP,ETHOXA 250 MG / 5 ML SYRUP 120 ML,ايثوكسا 250 مجم / 5 مل شراب 120 مل,1737923.0,88.1,ai_confirmed,ai_verified,0.0,
82791,ETICOXIA 90MG 14TABS,ETICOXIA 90 MG 14 F.C.TABS,اتيكوكسيا 90 مجم 14 اقراص,,91.7,algo_match,brand_index,,
81505,ETORICOX-HEXAL 90 MG 30TABS,ETORICOX HEXAL 90 MG 30 F.C.TABS,اتوريكوكس هيكسال 90 مجم 30 اقراص,1686517.0,93.3,algo_match,brand_index,,
76487,EUCAL CREAM 30 GM,EUCAL CREAM 30 GM,يوكال كريم 30 جم,1766636.0,100.0,algo_match,brand_index,,
74690,EUCAL CREAM 50 GM,EUCAL CREAM 50 GM,يوكال كريم 50 جم,902472.0,100.0,algo_match,brand_index,,
73542,EUCAL GEL 50 GM,EUCAL GEL 50 GM,ايوكال جل 75,2607106.0,100.0,algo_match,brand_index,,
91067,EUCAL GEL MASSAGE 30 GM,EUCAL GEL 30 GM,ايوكال جل كبير,2669012.0,100.0,algo_match,token_set_ratio,,
62131,EUCAL HERBAL MASSAGE GEL 30 GM,,,,,,no_match,,
73522,EUCARBON 30 TABS.,EUCARBON 30 TABS.,اوكاربون 30 اقراص,1669343.0,100.0,algo_match,brand_index,,
90923,EUCERIN SERUM,,,,,,no_match,,
384,EUMOVATE CREAM,EUMOVATE 0.05 % TOP. CREAM 15 GM,ايموفيت 0.05 % كريم 15 جم,,100.0,algo_match,token_set_ratio,,
19100,EUROCOX 200MG TAB,EUROCOX 200 MG 10 TAB.,يوروكوكس 200 مجم 10 اقراص,2442241.0,92.3,algo_match,brand_index,,
84911,EUTHROX50MG TAB50,,,,,,no_match,,
91461,EUTHYROX 100MCG 100TAB,EUTHYROX 100 MCG 100 TAB,يوثيروكس 100 مكجم 100 اقراص,,100.0,algo_match,brand_index,,
91462,EUTHYROX 100MCG 50TAB,EUTHYROX 100 MCG 50 TAB.,يوثيروكس 100 مكجم 50 اقراص,,100.0,algo_match,brand_index,,
81702,euthyrox 25 ug 100 tab,EUTHYROX 50 MCG 100 TAB,يوثيروكس 50 مكجم 100 اقراص,,80.0,ai_confirmed,ai_verified,0.0,
67312,EUTHYROX 25MG 50TAB,EUTHYROX 25 MCG 50 TAB.,يوثيروكس 25 مكجم 50 اقراص,,97.7,algo_match,brand_index,,
91403,EUTHYROX 50MCG 100 TAB,EUTHYROX 50 MCG 100 TAB,يوثيروكس 50 مكجم 100 اقراص,,100.0,algo_match,brand_index,,
91460,EUTHYROX 50MCG 50 TABS,EUTHYROX 50 MCG 50 TAB,يوثيروكس 50 مكجم 50 اقراص,,97.8,algo_match,brand_index,,
91459,EUTHYROX 75 MCG 100 TABS,EUTHYROX 75 MCG 100 TAB,يوثيروكس 75 مكجم 100 اقراص,,97.9,algo_match,brand_index,,
87456,EVA BEBE LOTION 200 ML,,,,,,no_match,,
87378,EVA BODY SPLASH 240 ML MYSTIC ORCHID,,,,,,no_match,,
87560,EVA MEDIUM HEALYHY,,,,,,no_match,,
74753,EVACULAX 500MG 20 TABS,EVACULAX 20 F.C. TABS.,ايفاكيولاكس 20 اقراص,2312592.0,83.7,ai_confirmed,ai_verified,0.0,
90785,EVANEOTRIM 120 EXT. F.C. TABS.,EVANEOTRIM 120 EXT. F.C. TABS,ايفانيوتريم 120 اقراص,2541426.0,100.0,algo_match,brand_index,,
47557,EVASTINE 10MG 20TAB,EVASTINE 10 MG 20 F.C.TAB.,ايفاستين 10 مجم 20 اقراص,939286.0,91.3,algo_match,brand_index,,
20249,EVASTINE SYRUP 100 ML,EVASTINE 5 MG / 5 ML SYRUP 100 ML,ايفاستين 5 مجم / 5 مل شراب 100 مل,902416.0,100.0,algo_match,token_set_ratio,,
73236,EXAMIDE 10 MG 30 TAB,EXAMIDE 10 MG 30 TAB,اكساميد 10 مجم 30 اقراص,2312361.0,100.0,algo_match,brand_index,,
82497,examide 100mg 20tab,EXAMIDE 100 MG 20 TABS,اكساميد 100 مجم 20 اقراص,1738618.0,97.7,algo_match,brand_index,,
73511,EXAMIDE 20 MG 20 TAB,EXAMIDE 20 MG 20 TAB.,اكساميد 20 مجم 20 اقراص,919489.0,100.0,algo_match,brand_index,,
73459,EXAMIDE 5 MG 30 TAB,EXAMIDE 5 MG 30 TAB.,اكساميد 5 مجم 30 اقراص,2312360.0,100.0,algo_match,brand_index,,
79558,EXARETIC 10 MG 30TABLETS,EXARETIC 10 MG 30 TAB,اكساريتيك 10 مجم 30 اقراص,901903.0,91.3,algo_match,brand_index,,
79557,EXARETIC 20 MG 30 TABLETS,EXARETIC 20 MG 30 TAB.,اكساريتيك 20 مجم 30 اقراص,2489809.0,91.3,algo_match,brand_index,,
91050,EXCELSA 20MG 14TAB,EXCELSA 20 MG 14 F.C.TAB,اكسليسا 20 مجم 14 اقراص,1850281.0,90.9,algo_match,brand_index,,
90715,EXCEPTION 20 CAP,EXCEPTION 20 CAPS,اكسبشن 20 كبسول,,97.0,algo_match,brand_index,,
82570,EXEEDOGAST 40 M TAB,EXEEDOGAST 40 MG 20 CAPS.,اكسيدوجاست 40 مجم 20 كبسول,901927.0,81.2,ai_confirmed,ai_verified,0.0,
45111,EXELON 3 MG 28 CAP,EXELON 3 MG 28 CAPS.,اكسيلون 3 مجم 28 كبسول,,97.3,algo_match,brand_index,,
90551,EXELON 4.6MG,,,,,,no_match,,
73909,EXFORGE 10/160 MG 14 TAB,,,,,,no_match,,
73630,EXFORGE 5/160 MG 14 TAB,,,,,,no_match,,
74304,EXFORGE HCT 5/160 /12.5 MG MG 14 TAB,EXFORGE HCT 5 / 160 / 12.5 MG 14 F.C. TAB.,اكسفورج اتش سي تي 5 / 160 / 12.5 مجم 14 اقراص,901919.0,81.6,ai_confirmed,ai_verified,0.0,
73463,EXFORGE HCT 10 /160 /25 MG MG 14 TAB,EXFORGE HCT 10 / 160 / 25 MG 14 F.C. TAB.,اكسفورج اتش سي تي 10 / 160 / 25 مجم 14 اقراص,2205844.0,91.4,algo_match,token_set_ratio,,
88302,EXOSIRYLIC 250 MG 20 F.C TABLETS,EXOSIRYLIC 250 MG 20 F.C.TABS,اكسوسيرليك 250 مجم 20 اقراص,2143403.0,95.1,algo_match,brand_index,,
89218,EXOSIRYLIC 500 MG 20 F.C. TABS,EXOSIRYLIC 500 MG 20 F.C.TABS,اكسوسيرليك 500 مجم 20 اقراص,2435127.0,100.0,algo_match,brand_index,,
90716,EXOSPAST 100MG 30 TAB,EXOSPAST 100 MG 30 TABS,ايكسوسباست 100 مجم 30 اقراص,,97.8,algo_match,brand_index,,
47320,EXTRA CREAM,EXTRA CREAM 50 GM,اكسترا بانتين بلس كريم 50 جم,2684811.0,100.0,algo_match,token_set_ratio,,
59550,EXTRAGESIC 400 MG 20 TAB,EXTRAGESIC 400 MG 20 F.C. TABS.,اكستراجيسيك 400 مجم 20 اقراص,2146285.0,90.6,algo_match,brand_index,,
88261,EXTRAUMA DNA 40GCREAM,EXTRAUMA DNA CREAM 40 GM,اكستروما دي ان ايه كريم 40 جم,,91.3,algo_match,token_set_ratio,,
66835,EXTRAUMA DNA CREAM 25 GM,EXTRAUMA DNA CREAM 25 GM,اكستروما دي ان ايه كريم 25 جم,2642061.0,100.0,algo_match,brand_index,,
73334,EXTRAUMA FORTE GEL 25 GM,,,,,,no_match,,
75185,EXTRAUMA FORTE GEL 40 GM,,,,,,no_match,,
56785,EXTREME 20 PIECES,,,,,,no_match,,
30510,EXUPAR 15 MG 20 TAB,EXUPAR 15 MG 20 TAB.,اكسيوبار 15 مجم 20 اقراص,,100.0,algo_match,brand_index,,
86382,EZACARD 100 MG 30 TABS,EZACARD 100 MG 30 E.C. TABS.,ايزاكارد 100 مجم 30 اقراص,902379.0,91.7,algo_match,brand_index,,
18192,EZACARD 75MG 30 TAB,EZACARD 75 MG 30 ENTERIC COATED TAB.,ايزاكارد 75 مجم 30 اقراص,902381.0,100.0,algo_match,token_set_ratio,,
46465,EZAMOL C 20TAB,EZAMOL C 20 TAB.,ايزامول سي 20 اقراص,2585499.0,100.0,algo_match,brand_index,,
87348,EZAPRIL-CO 20/12.5MG 30 TABS,EZAPRIL CO 20 / 12.5 MG 30 TABS,ايزابريل كو 20 / 12.5 مجم 30 اقراص,2143799.0,90.0,algo_match,brand_index,,
88332,EZAPRIL 10 MG 30 TABLETS,EZAPRIL 10 MG 30 TAB,ايزابريل 10 مجم 30 اقراص,902378.0,90.9,algo_match,brand_index,,
73249,EZAPRIL 20 MG 20 TAB,EZAPRIL 20 MG 20 TAB,ايزابريل 20 مجم 20 اقراص,,100.0,algo_match,brand_index,,
88259,EZAPRIL 20 MG 30 TABS,EZAPRIL 20 MG 30 TAB,ايزابريل 20 مجم 30 اقراص,2312585.0,97.6,algo_match,brand_index,,
58633,EZOGAST 20 MG 14 CAP,EZOGAST 20 MG 14 DELA. REL. CAPS.,ايزوجاست 20 مجم 14 كبسول,2159452.0,80.0,ai_confirmed,ai_verified,0.0,
87843,ezogast 40 28 capsules,EZOGAST 40 MG 28 CAPS,ايزوجاست 40 مجم 28 كبسول,2468716.0,83.7,ai_confirmed,ai_verified,0.0,
76716,EZOGAST 40 MG 14 CAP,EZOGAST 40 MG 14 DELA. REL. CAPS,ايزوجاست 40 مجم 14 كبسول,902392.0,80.0,ai_confirmed,ai_verified,0.0,
91695,EZOKO 100/60 MG 8 F.C. TABS,EZOKO 100 / 60 MG 8 TAB,ايزوكو 100 / 60 مجم 8 اقراص,2296807.0,81.6,ai_confirmed,ai_verified,0.0,
82772,FAGLOZINO 10MG TAB,FAGLOZINO 10 MG 30 F.C. TABS.,فاجلوزينو 10 مجم 30 اقراص,,82.6,ai_confirmed,ai_verified,0.0,
82820,faglozino 25mg 30 tab,FAGLOZINO 25 MG 30 F.C.TABS,فاجلوزينو 25 مجم 30 اقراص,,89.8,ai_confirmed,ai_verified,0.0,
73875,FAKTU 8 SUPP,FAKTU 8 RECTAL SUPP.,فاكتو 8 لبوس,904234.0,100.0,algo_match,token_set_ratio,,
73631,FAKTU OINTMENT 30 GM,FAKTU OINT. 30 GM,فاكتو مرهم 30 جم,904235.0,88.9,ai_confirmed,ai_verified,0.0,
90081,fam 10mg 30tab,FAM 10 MG 30 TAB,فام 10 مجم 30 اقراص,2436765.0,100.0,algo_match,brand_index,,
88087,FAMICHEW 30 CHEEWABLE TAB,FAMICHEW 30 TABS,فاميتشو 30 اقراص,,89.7,ai_confirmed,ai_verified,0.0,
18856,FAMOTAK 20MG TAB,FAMOTAK 20 MG 20 F.C.TAB.,فاموتاك 20 مجم 20 اقراص,904242.0,82.9,ai_confirmed,ai_verified,0.0,
23141,FAMOTAK 40MG 20TAB,FAMOTAK 40 MG 20 TAB.,فاموتاك 40 مجم 20 اقراص,2144031.0,100.0,algo_match,brand_index,,
33094,FAMOTIN 40MG TAB,FAMOTIN 40 MG 20 TAB.,فاموتين 40 مجم 20 اقراص,2436769.0,91.9,algo_match,brand_index,,
84748,FANGRARE SHOWER GEL 200 ML,FANGRARE SHOWER GEL 200 ML,فانج رير شاور جل 200 مل,2146906.0,100.0,algo_match,brand_index,,
19009,FARCOCIN CREAM 20 GM,FARCOCIN 0.1 % CREAM 20 GM,فاركوسين 0.1 % كريم 20 جم,2035735.0,87.0,ai_confirmed,ai_verified,0.0,
19011,FARCOCIN OINT,FARCOCIN 0.1 % OINT. 20 GM,فاركوسين 0.1 % مرهم 20 جم,1432181.0,100.0,algo_match,token_set_ratio,,
7623,FARCOLIN SOLUTION,,,,,,no_match,,
73094,FARCOLIN SYRUP 120 ML,FARCOLIN SYRUP 120 ML,فاركولين شراب 120 مل,,100.0,algo_match,brand_index,,
16584,FARCOTILIUM SYRUP,,,,,,no_match,,
81224,FARCOVIT B12 30 TABS,FARCOVIT B 12 30 CAPS.,فاركوفيت ب 12 كبسول,1547873.0,90.5,algo_match,token_set_ratio,,
75140,FARMACTIVE SILVER SPRAY 125 ML,FARMACTIVE SILVER SPRAY 125 ML,فارماكتيف سيلفر بخاخ 125 مل,2169086.0,100.0,algo_match,brand_index,,
81222,FAROVIGA 100MG 12 F.C. TAB,FAROVIGA 100 MG 12 F.C.TAB.,فاروفيجا 100 مجم 12 اقراص,2313276.0,100.0,algo_match,brand_index,,
50396,FAST CARE D ANTIDANdruff SHAMPOO 150 ML,,,,,,no_match,,
50394,FAST CARE P SHAMPOO 250 ML,,,,,,no_match,,
81832,FAST FREEZE GEL 100 GM,FAST FREEZE GEL 100 GM,فاست فريز جل 100 جم,904216.0,100.0,algo_match,brand_index,,
83182,FAST FREEZE SPRAY,,,,,,no_match,,
18942,FAST SYRUP,FAST SYRUP 120 ML,فاست شراب 120 مل,2475486.0,100.0,algo_match,token_set_ratio,,
56686,FASTCURE 40 MG 14 CAP,FASTCURE 40 MG 14 CAPS.,فاست كيور 40 مجم 14 كبسول,2313280.0,97.7,algo_match,brand_index,,
47546,FASTCURE 20 MG 14 CAP,FASTCURE 20 MG 14 CAPS.,فاست كيور 20 مجم 14 كبسول,2332513.0,97.7,algo_match,brand_index,,
80996,FASTEL 120 MG 20 F.C TABS.,FASTEL 120 MG 20 F.C.TABS.,فاستل 120 مجم 20 اقراص,942921.0,100.0,algo_match,brand_index,,
80963,FASTEL 180 MG 20 TAB,FASTEL 180 MG 20 F.C.TABS.,فاستل 180 مجم 20 اقراص,,88.9,ai_confirmed,ai_verified,0.0,
77087,FASTER GEL 80GM,FASTER GEL 80 GM,فاستر جيل 80 جم,2470336.0,100.0,algo_match,brand_index,,
87044,FASTER HAIR BACK BLACK GARLIC OILEX OIL 100 ML,,,,,,no_match,,
87505,FASTER HAIR BACK OILEX OIL CAFFEINE,,,,,,no_match,,
77089,FASTUM GEL 15GM,FASTUM 2.5 % TOPICAL GEL 15 GM,فاستم 2.5 % جل موضعي 15 جم,2313287.0,100.0,algo_match,token_set_ratio,,
74290,FASTUM GEL 60 GM,FASTUM 2.5 % TOPICAL GEL 60 GM,فاستم 2.5 % جل موضعي 60 جم,2436749.0,100.0,algo_match,token_set_ratio,,
91757,FAT BOM 30 CAP,,,,,,no_match,,
75173,FATTACHE GUIDE 30 TAB,FATTACHE GUIDE 30 TABLETS,فاتاشي جايد 30 كبسول,2216030.0,91.3,algo_match,brand_index,,
46839,FAVERIN 100 MG 30 TAB,FAVERIN 100 MG 30 F.C. SCORED TAB.,فافيرين 100 مجم 30 اقراص,1547895.0,100.0,algo_match,token_set_ratio,,
1684315,FAVERIN 50MG 60 TAB,FAVERIN 50 MG 60 F.C. SCORED TAB.,فافيرين 50 مجم 60 اقراص,1033662.0,100.0,algo_match,token_set_ratio,,
fa,FAWAR FRUIT 6 SACHETS,FAWAR FRUIT 6 SACHETS,فوار فروت 6 اكياس,1654514.0,100.0,algo_match,brand_index,,
78358,FAYCID HAIR OIL 60 ML,FAYCID HAIR OIL 60 ML,فايسيد زيت شعر 60 مل,2384573.0,100.0,algo_match,brand_index,,
63146,FEBURIC 120MG 10TAB,FEBURIC 120 MG 10 F.C. TABLETS,فبيوريك 120 مجم 10 اقراص,904395.0,84.0,ai_confirmed,ai_verified,0.0,
81451,feburic 40 mg tab,FEBURIC 40 MG 20 F.C. TABLETS,فبيوريك 40 مجم 20 اقراص,2313301.0,86.7,ai_confirmed,ai_verified,0.0,
65945,FEBURIC 80MG 30TAB,FEBURIC 80 MG 30 F.C. TABLETS,فيبوريك 80 مجم 30 اقراص,2326166.0,83.3,ai_confirmed,ai_verified,0.0,
74202,FELDENE 20 MG DISPERSIBLE 10 CAP,FELDENE 20 MG 10 DISPERSIBLE TAB,فلدين 20 مجم 10 اقراص فواره,2671660.0,87.5,ai_confirmed,ai_verified,0.0,
74757,FELDENE 20 MG DISPERSIBLE 10 TAB.,FELDENE 20 MG 10 DISPERSIBLE TAB,فلدين 20 مجم 10 اقراص فواره,2671660.0,100.0,algo_match,brand_index,,
78175,FELDENE 20MG/ML I.M. 3 AMP,FELDENE 20 MG / ML I.M. 3 AMP.,فلدين 20 مجم / مل 3 امبول,1504079.0,92.6,algo_match,brand_index,,
74127,FELDENE 20MG/ML I.M. 6 AMP.,FELDENE 20 MG / ML I.M. 6 AMP.,فلدين 20 مجم / مل 6 امبول,1169305.0,92.6,algo_match,brand_index,,
6773,FELDORAL AMP,FELDORAL 20 MG / ML 3 AMP.,فلدورال 20 مجم / مل 3 امبول,2127592.0,100.0,algo_match,token_set_ratio,,
80691,FEMAPENT 2.5MG 14 TABS,FEMAPENT 2.5 MG 14 F.C.TABS,فيمابنت 2.5 مجم 14 اقراص,,92.0,algo_match,brand_index,,
91463,FEMAPENT 2.5MG 30 TABS,FEMAPENT 2.5 MG 30 F.C.TABS,فيمابنت 2.5 مجم 30 اقراص,2387031.0,92.0,algo_match,brand_index,,
32365656,FEMARA 2.5,FEMARA 2.5 MG 30 F.C.TABS.,فيمارا 2.5 مجم 30 اقراص,904469.0,100.0,algo_match,token_set_ratio,,
41034,FEMARA 2.5 MG 30 TAB,FEMARA 2.5 MG 30 F.C.TABS.,فيمارا 2.5 مجم 30 اقراص,904469.0,88.9,ai_confirmed,ai_verified,0.0,
87105,FEMI LIQUID CLEANSER,,,,,,no_match,,
fem,FEMOGESAL 0.03/0.075MG 21 F.C.TABS,FEMOGESAL 0.03 / 0.075 MG 21 F.C. TABS.,فيموجيسال 0.03 / 0.075 مجم 21 اقراص,2145236.0,94.3,algo_match,brand_index,,
91368,femoston2/10mg 28 tap,FEMOSTON 1 / 10 MG 28 F.C.TABS,فيموستون 1 / 10 مجم 28 اقراص,2616746.0,82.6,ai_confirmed,ai_verified,0.0,
86023,FEMTONEX FOR WOMAN 30 TABS,,,,,,no_match,,
11253,FENISTIL DROPS,FENISTIL 1 MG / ML ORAL DROPS 15 ML,فينيستيل 1 مجم / مل قطره 15 مل,2569619.0,100.0,algo_match,token_set_ratio,,
79234,FENTEX MOUTH SPRAY 60 ML,FENTEX MOUTH SPRAY 60 ML,فينتكس بخاخ للفم 60 مل,2470569.0,100.0,algo_match,brand_index,,
91984,FENUPOLYEN 30 CAP,FENUPOLYEN 30 CAPS,فينوبولين 30 كبسول,2476129.0,97.1,algo_match,brand_index,,
90781,FERLAGE 20 CAPS,FERLAGE 20 CAPS,فيرلاج 20 كبسول,2637275.0,100.0,algo_match,brand_index,,
89006,FERMED 100MG/5ML 5 AMP,FERMED 100 MG / 5 ML 5 AMP.,فيرميد 100 مجم / 5 مل 5 امبول,,88.0,ai_confirmed,ai_verified,0.0,
59738,FERNILAR 20 TAB,FERNILAR 5 MG 20 F.C. TAB.,فيرنيلار 5 مجم 20 اقراص,1226603.0,100.0,algo_match,token_set_ratio,,
59336,FERNILAR SYRUP,FERNILAR 0.5 MG / ML SYRUP 120 ML,فيرنيلار 0.5 مجم / مل شراب 120 مل,2252045.0,100.0,algo_match,token_set_ratio,,
90620,feroglobi b12 liquid syrp,,,,,,no_match,,
74187,FEROGLOBIN 30 CAP,FEROGLOBIN 30 CAPS,فيروجلوبين 30 كبسول,1627515.0,97.1,algo_match,brand_index,,
87820,feroglobin 30 cap مستورد,FEROGLOBIN 30 CAPS,فيروجلوبين 30 كبسول,1627515.0,81.0,ai_confirmed,ai_verified,0.0,
74574,FEROGLOBIN SYRUP 120 ML,,,,,,no_match,,
91446,FEROJUST 30 CAPS,FEROJUST 30 CAP,فيروجست 30 اقراص,2433459.0,96.8,algo_match,brand_index,,
11737,FEROSAC 100MG/5ML 5 AMP.,FEROSAC 100 MG / 5 ML 5 AMP.,فيروساك 100 مجم / 5 مل 5 امبول,2310993.0,88.5,ai_confirmed,ai_verified,0.0,
79555,FERRINO 30 TABLETS,,,,,,no_match,,
82514,FERRODEP 150 ML SYP,,,,,,no_match,,
81972,FERRODEP 30 CAP,FERRODEP 30 CAPS,فيروديب 30 كبسول,2409835.0,96.8,algo_match,brand_index,,
78139,FERRODUONAL 30-CAP,FERRODUONAL 30 CAP.,فيروديونال 30 كبسول,,100.0,algo_match,brand_index,,
47691,FERROFOL CAP,FERROFOL 30 CAPS.,فيروفول 30 كبسول,,85.7,ai_confirmed,ai_verified,0.0,
82909,FERROHEALTHY 120ML SYRUP,FERROHEALTHY SYRUP 120 ML,فيرو هيلثي شراب 120 مل,904434.0,100.0,algo_match,brand_index,,
85545,FERRONEX PLUS 20CAPS,,,,,,no_match,,
83752,FERROPOLYN 30 CAPS,FERROPOLYN 30 CAPS,فيروبولين 30 كبسول,2146806.0,100.0,algo_match,brand_index,,
84408,FERROSWAB ORAL SOLUTION 20 UNIT,,,,,,no_match,,
92000,FERROTRON 30 CAP,FERROTRON 30 CAPS.,فيروترون 30 كبسول,904437.0,97.0,algo_match,brand_index,,
92452,FERROTRON FORTE 30 CAPS,,,,,,no_match,,
85142,FERTINA BONAVIDEA 30 HARD CAPSULES,,,,,,no_match,,
83020,FERTITONEX 30 CAP,FERTITONEX 30 CAP,فيرتيتونكس 30 كبسول,904419.0,100.0,algo_match,brand_index,,
84661,FETTARM DROPS,,,,,,no_match,,
89244,FEVONOXOL 1 GM 20 TABLETS,FEVONOXOL 1000 MG 20 F.C. TABS,فيفونوكسول 1 جم,2683643.0,80.0,ai_confirmed,ai_verified,0.0,
17820,FEWMIG CAP,FEWMIG 20 CAPSULES,فيوميج 20 كبسول,,82.4,ai_confirmed,ai_verified,0.0,
47270,FEXON 120MG TAB,FEXON 120 MG 10 F.C.TAB.,فيكسون 120 مجم 10 اقراص,2471746.0,82.1,ai_confirmed,ai_verified,0.0,
40551,FEXON 180MG TAB,FEXON 180 MG 10 F.C.TAB.,فيكسون 180 مجم 10 اقراص,2128709.0,82.1,ai_confirmed,ai_verified,0.0,
91427,FEXOSTADINE 120 MG 20 TABS,FEXOSTADINE 120 MG 20 TAB,فيكسوستادين 120 مجم 20 اقراص,2599987.0,98.0,algo_match,brand_index,,
88213,FIANCEE ANION & CASTOR 240 ML CREAM,,,,,,no_match,,
88214,FIANCEE LEMON & ALOE 240 ML CREAM,,,,,,no_match,,
61994,FINASTURA 5 MG 30 TAB,FINASTURA 5 MG 30 F.C.TAB.,فيناستورا 5 مجم 30 اقراص,1740464.0,91.3,algo_match,brand_index,,
83600,FINE DERM CREAM 30GM,FINE DERM 0.25 % RECTAL CREAM 30 GM,فاين ديرم 0.25 % كريم 30 جم,904254.0,100.0,algo_match,token_set_ratio,,
83601,FINE DERM CREAM 50GM,FINE DERM 0.25 % RECTAL CREAM 50 GM,فاين ديرم 0.25 % كريم 50 جم,1674231.0,100.0,algo_match,token_set_ratio,,
91624,FINOXLAB 20 MG 20 F.C.TABS,FINOXLAB 20 MG 20 F.C.TABS,فينوكسلاب 20 مجم 20 اقراص,2630011.0,100.0,algo_match,brand_index,,
86214,FIRSTVOC HAIR LOTION 120 ML,FIRSTVOC HAIR LOTION 120 ML,فيرست فوك لوشن الشعر 120 مل,2501037.0,100.0,algo_match,brand_index,,
88767,FIRSTVOC SHAMPOO&COONDITIONER FRIZZ CONTROL 200 ML,,,,,,no_match,,
88504,FISH TOOTHBRUSH SILICONE,,,,,,no_match,,
84958,FITAMART CREAM 50GM,FITAMART CREAM 50 GM,فيتامارت كريم 50 جم,2146415.0,100.0,algo_match,brand_index,,
86089,FITMOTUS 30 F.C. TABS.,FITMOTUS 30 CAPS,فيتموتوس 30 اقراص,2434350.0,83.3,ai_confirmed,ai_verified,0.0,
79387,FITO CREAM,,,,,,no_match,,
57416,FITT-BAR SOAP,FITT BAR SOAP 100 GM,فيت بار صابون 100 جم,2140973.0,100.0,algo_match,token_set_ratio,,
83319,FLACORT 30 MG 20 TABS.,FLACORT 30 MG 20 TABS.,فلاكورت 30 مجم 20 اقراص,1325377.0,100.0,algo_match,brand_index,,
82923,FLACORT 6 MG 20 TABS.,FLACORT 6 MG 20 TABS.,فلاكورت 6 مجم 20 اقراص,2436791.0,100.0,algo_match,brand_index,,
3220,FLADAZOLE 500 MG 4 TAB,FLADAZOLE 500 MG 4 TAB.,فلادازول 500 مجم 4 اقراص,2457351.0,100.0,algo_match,brand_index,,
46667,FLAGELLAT FORTE 200 MG SUSP,FLAGELLAT FORTE 200 MG / 5 ML SUSP. 100 ML,فلاجيلات فورت 200 مجم / 5 مل شراب 100 مل,1397051.0,100.0,algo_match,token_set_ratio,,
90253,flagoshown 20 tab,,,,,,no_match,,
73371,FLAGYL 500 MG 20 TAB,FLAGYL 500 MG 20 TAB.,فلاجيل 500 مجم 20 اقراص,1601677.0,100.0,algo_match,brand_index,,
73296,FLAGYL SUSP 125 MG 100 ML,FLAGYL 125 MG / 5 ML SUSP. 100 ML,فلاجيل 125 مجم / 5 مل شراب 100 مل,904272.0,87.7,ai_confirmed,ai_verified,0.0,
81452,flamifast 50 mg tab,FLAMIFAST 50 MG 30 ORALLY DISINTEGRATING TABS.,فلاميفاست 50 مجم 30 اقراص,904282.0,88.2,ai_confirmed,ai_verified,0.0,
63147,FLAMIFAST 50MG 30 TAB,FLAMIFAST 50 MG 30 ORALLY DISINTEGRATING TABS.,فلاميفاست 50 مجم 30 اقراص,904282.0,90.0,algo_match,token_set_ratio,,
91016,FLAMOFENAC 5ML EYE DROP,FLAMOFENAC 0.09 % EYE DROPS 5 ML,فلاموفيناك 0.09 % قطره للعين 5 مل,,85.7,ai_confirmed,ai_verified,0.0,
75036,FLAMOGEN 30 TAB,FLAMOGEN 30 ENTERIC COATED TABS.,فلاموجين 30 اقراص,,89.7,ai_confirmed,ai_verified,0.0,
86315,FLAMOGEST 30 TABS,FLAMOGEST 30 TAB,فلاموجيست 30 اقراص,2436793.0,97.0,algo_match,brand_index,,
63999,FLAMOTAL 400MG 30TAB,FLAMOTAL 400 MG 30 F.C. TAB.,فلاموتال 400 مجم 30 اقراص,2161022.0,91.7,algo_match,brand_index,,
63152,FLAMOTAL 600MG 20TAB,FLAMOTAL 600 MG 20 F.C.TAB.,فلاموتال 600 مجم 20 اقراص,2160677.0,91.7,algo_match,brand_index,,
57836,FLAMOTAL 800 MG 10 TAB,FLAMOTAL 800 MG 10 TAB.,فلاموتال 800 مجم 10 اقراص,904280.0,100.0,algo_match,brand_index,,
79736,FLASH ACT 9 SACHETS,FLASH ACT 50 MG 9 SACHETS,فلاش اكت 50 مجم 9 اكياس,1740339.0,86.4,ai_confirmed,ai_verified,0.0,
32190,FLATIDYL 30 CHEWABLE TAB,FLATIDYL 40 MG 30 CHEWABLE TAB.,فلاتيديل 40 مجم 30 اقراص,955291.0,88.9,ai_confirmed,ai_verified,0.0,
84307,FLAVICEF 100/5ML 30ML SUSP,FLAVICEF 100 MG / 5 ML PD. FOR ORAL SUSP. 30 ML,فلافيسيف 100 مجم / 5 مل شراب 30 مل,1243752.0,86.4,ai_confirmed,ai_verified,0.0,
81695,FLAVICEF 100/5ML 60 ML SUSP,FLAVICEF 100 MG / 5 ML PD. FOR ORAL SUSP. 60 ML,فلافيسيف 100 مجم / 5 مل شراب 60 مل,904275.0,86.4,ai_confirmed,ai_verified,0.0,
57324,FLAVICEF ORAL SUSP 60 ML,FLAVICEF 100 MG / 5 ML PD. FOR ORAL SUSP. 60 ML,فلافيسيف 100 مجم / 5 مل شراب 60 مل,904275.0,100.0,algo_match,token_set_ratio,,
75187,FLAZACOR 30 MG 10 TAB,FLAZACOR 30 MG 10 TABS.,فلازاكور 30 ​​مجم 10 اقراص,1535377.0,97.7,algo_match,brand_index,,
43854,FLAZACOR 6 MG 10 TAB,FLAZACOR 6 MG 10 TABS.,فلازاكور 6 ​​مجم 10 اقراص,1661879.0,97.6,algo_match,brand_index,,
55989,FLEBOTON 3 AMP,FLEBOTON 3 I.M. AMPS.,فليبوتون 3 امبول,904314.0,84.8,ai_confirmed,ai_verified,0.0,
73208,FLECTOR 50 MG 30 CAP,FLECTOR 50 MG 30 CAPS.,فليكتور 50 مجم 30 كبسول,904318.0,97.6,algo_match,brand_index,,
73142,FLECTOR GEL 25 GM,FLECTOR 1 % TOPICAL GEL 25 GM,فليكتور 1 % جل 25 جم,904317.0,100.0,algo_match,token_set_ratio,,
79364,FLEXEZE MASSAGE GEL 50GM,FLEXEZE MASSAGE GEL 50 GM,فليكسيز جل مساج 50 جم,2172584.0,100.0,algo_match,brand_index,,
65946,FLEXILAX 50/500 MG 30 TAB,FLEXILAX 30 F.C.TAB.,فليكسيلاكس 30 اقراص,904320.0,88.2,ai_confirmed,ai_verified,0.0,
18209,FLEXOFAN 20 CAP,FLEXOFAN 20 CAPS.,فليكسوفان 20 كبسول,1579681.0,96.8,algo_match,brand_index,,
85083,FLEXOLYTE 240 ML CALASIC,,,,,,no_match,,
82449,flexolyte 240 ml orange,,,,,,no_match,,
82450,FLEXOLYTE STRAW. ORAL REHYDRATION SOL. 240 ML,,,,,,no_match,,
55141,FLEXPRO EXTRA 20 TAB,FLEXPRO EXTRA 20 F.C.TAB.,فليكسبرو اكسترا 20 اقراص,,90.9,algo_match,brand_index,,
64094,FLIX NASAL SPRAY 50 MCG/METERED SPRAY DOSE,FLIX NASAL SPRAY 50 MCG / METERED SPRAY DOSE,فيليكس 50 مكجم بخاخ للانف,2113790.0,95.3,algo_match,brand_index,,
73840,FLIXONASE SPRAY,FLIXONASE 50 MCG / METERED NASAL SPRAY 120 DOSE,فليكسونيز 50 مكجم / بخاخ انفي 120 جرعه,2156759.0,100.0,algo_match,token_set_ratio,,
249,FLIXOTIDE EVOHALER 125 MG,FLIXOTIDE EVOHALER 125 MCG / ACTUATION INHALER,فليكسوتايد ايفوهالر 125 مكجم بخاخه,2471736.0,93.6,algo_match,token_set_ratio,,
74404,FLIXOTIDE DISKUS 250MCG,FLIXOTIDE DISKUS 250 MCG / DOSE 60 DOSES,فليكسوتايد ديسكوس 250 مكجم / جرعه 60 جرعه,2626645.0,100.0,algo_match,token_set_ratio,,
75114,FLIXOTIDE EVOHALER 50MCG,FLIXOTIDE EVOHALER 50 MCG / ACTUATION INHALER,فليكسوتايد ايفوهالر 50 مكجم بخاخه,2568950.0,100.0,algo_match,token_set_ratio,,
65934,FLOPADEX 4 MG 20 CAP,FLOPADEX 4 MG 20 CAPSULES,فلوبادكس 4 مجم 20 كبسول,907750.0,88.9,ai_confirmed,ai_verified,0.0,
75515,FLOPADEX 8 MG 30 CAP,FLOPADEX 8 MG 30 CAPSULES,فلوبادكس 8 مجم 30 كبسول,,88.9,ai_confirmed,ai_verified,0.0,
87004,FLORAX 20 CAP,,,,,,no_match,,
82481,FLORAX 24PIECES 2STRIPS,FLORAX 20 PIECES,فلوراكس 20 قطعه,1659069.0,89.7,ai_confirmed,ai_verified,0.0,
74566,FLOTAC 75 MG 20 CAP,FLOTAC 75 MG 20 CAPS.,فلوتاك 75 مجم 20 كبسول,1453429.0,97.4,algo_match,brand_index,,
85444,flowadjust 25 30 tab,FLOWADJUST 25 MG 30 TABS,فلوداجيست 25 مجم 30 اقراص,1226831.0,90.9,algo_match,brand_index,,
73709,FLOXAMO 1 GM 16 TAB,FLOXAMO 1 GM 16 TABS,فلوكسامو 1 جم 16 اقراص,1503466.0,97.4,algo_match,brand_index,,
79195,FLOXEPCI 10 TABLETS,,,,,,no_match,,
90615,FLOZIGLIPTIN 10/5 MG 30 F.C. TABS,FLOZIGLIPTIN 10 / 5 MG 30 TAB,فلوزيجليبتين 5 / 10 مجم 30 اقراص,2291692.0,85.2,ai_confirmed,ai_verified,0.0,
49613,FLU-C EFF 6 SACHETS,,,,,,no_match,,
23033,FLUB SUSP,FLUB 20 MG / ML SUSP. 30 ML,فلوب 20 مجم / مل شراب 30 مل,1171825.0,100.0,algo_match,token_set_ratio,,
53784,FLUCA DROPS 5 ML,,,,,,no_match,,
30350,FLUCAMOX 1GM VIAL,FLUCAMOX 1 GM VIAL,فلوكاموكس 1 جم امبول,2651103.0,100.0,algo_match,brand_index,,
18842,FLUCORAL 2CAPS,FLUCORAL 150 MG 2 CAPS,فلوكورال 150 مجم 2 كبسول,2436811.0,81.1,ai_confirmed,ai_verified,0.0,
92298,FLUCORAL 4 CAPS,FLUCORAL 150 MG 4 CAPS,فلوكورال 150 مجم 4 كبسول,1725952.0,81.1,ai_confirmed,ai_verified,0.0,
74308,FLUGENIL 600 MG 10 VAG OVULES,FLUGENIL 600 10 VAGINAL OVULES,فلوجينيل 600 10 لبوس مهبلي,2145817.0,88.1,ai_confirmed,ai_verified,0.0,
64363,FLUIMUCIL 600 MG 10 EFF TAB,FLUIMUCIL 600 MG 10 EFF. TABS.,فلوموسيل 600 مجم 10 اقراص فوراه,2313327.0,98.2,algo_match,brand_index,,
73785,FLUMOX 1 GM I.M/I.V. VIAL,FLUMOX 1 GM I.M / I.V. VIAL,فلوموكس 1 جم امبول,2544409.0,88.0,ai_confirmed,ai_verified,0.0,
73486,FLUMOX 1000MG 15CAP,FLUMOX 1000 MG 15 F.C. TABS.,فلوموكس 1000 مجم 15 اقراص,904306.0,80.9,ai_confirmed,ai_verified,0.0,
73496,FLUMOX 250MG CAP,FLUMOX 250 MG 12 CAPS.,فلوموكس 250 مجم 12 كبسول,,89.5,ai_confirmed,ai_verified,0.0,
73310,FLUMOX 500 MG 16 CAP,FLUMOX 500 MG 16 CAPS.,فلوموكس 500 مجم 16 كبسول,2470418.0,97.6,algo_match,brand_index,,
81458,flunzapine 12/50 cap,,,,,,no_match,,
81456,flunzapine 6/25 cap,,,,,,no_match,,
91137,FLUOROCARE ORAL GEL,,,,,,no_match,,
34952,FLUOXETINE CAP,FLUOXETINE 20 MG 10 CAPS.,فلوكستين 20 مجم 10 كبسول,,83.3,ai_confirmed,ai_verified,0.0,
FLU,FLUREST 20 TAB,FLUREST N 20 TABS.,فلورست ان 20 اقراص,2436807.0,90.3,algo_match,brand_index,,
84597,FLUROFLOX 400 mg 10 TAB,FLUROFLOX 400 MG 10 F.C. TABS.,فلوروفلوكس 400 مجم 10 اقراص,904295.0,90.2,algo_match,brand_index,,
59476,FLUROQUINOMOX 05% 5 ML,,,,,,no_match,,
20148,FLUTIN CAP,FLUTIN 20 MG 14 CAPS.,فلوتين 20 مجم 14 كبسول,2449879.0,90.0,algo_match,partial_token_sort_ratio,,
17360,FLUVER SUSPENSION,,,,,,no_match,,
20149,FLUVER TAB,,,,,,no_match,,
48174,FLUXOPRIDE 5 MG 30 TAB,FLUXOPRIDE 5 MG 30 FAST DISSOLVING IN MOUTH TAB.,فلوكسوبرايد 5 مجم 30 اقراص,2313310.0,100.0,algo_match,token_set_ratio,,
89261,FOCUSTIN 250MG/5ML SYRUP 60 ML,FOCUSTIN SYRUP 60 ML,فوكاستين 250 مجم شراب 60 مل 110,2637246.0,100.0,algo_match,token_set_ratio,,
89184,FOCUSTIN 500 MG 20 CAPS,FOCUSTIN 20 CAPS,فوكاستين 20 اقراص,1740391.0,82.1,ai_confirmed,ai_verified,0.0,
87828,FOGG OSSUM FANTASY 120 ML,,,,,,no_match,,
86136,fogg spray fizzy dew 120 ml,,,,,,no_match,,
89941,FOLAFLIC 20 CAPS,FOLAFLIC 20 CAPS,فولافوليك 20 كبسول,2610684.0,100.0,algo_match,brand_index,,
77091,FOLDEX CREAM 50ML,FOLDEX CREAM 50 ML,فولدكس كريم 50 مل,904370.0,100.0,algo_match,brand_index,,
86930,FOLEX 30 CHEW. TABS,FOLEX 30 CHEW. TABS,فوليكس 30 اقراص للمضغ,1659112.0,100.0,algo_match,brand_index,,
73297,FOLIC ACID (MEPACO) 500 MCG 20 TABS.,FOLIC ACID (MEPACO) 500 MCG 20 TAB.,فوليك اسيد (ميباكو) 500 مكجم 20 اقراص,1770927.0,98.6,algo_match,brand_index,,
77759,FOLIC ACID 5 MG 20-TAB EPICO,,,,,,no_match,,
78323,FOLIC ACID 5 MG 30 TABS,,,,,,no_match,,
89663,FOLIC B COMPLEX 20 TABS,FOLIC B COMPLEX 20 TABS,فوليك ب كومبلكس 20 اقراص جديد / بروكسي كير,2646151.0,100.0,algo_match,brand_index,,
77086,FOLICAP 2.5MG 24-CAP,FOLICAP 2.5 MG 24 CAP.,فوليكاب 2.5 مجم 24 كبسول,1869968.0,100.0,algo_match,brand_index,,
92100,FOLIPLEX LOZENGES,FOLIPLEX 24 LOZENGES,فوليبلكس 24 قطعه,,91.9,algo_match,brand_index,,
86777,FOLLIGANT SHAMPOO 250 ML,,,,,,no_match,,
46674,FOLLITONE HAIR OIL 120ML,FOLLITONE HAIR OIL 120 ML,فوليتون زيت شعر 120 مل,1659113.0,100.0,algo_match,brand_index,,
38776,FOLLITONE HAIR SPRAY,FOLLITONE HAIR SPRAY 100 ML,فوليتون بخاخ للشعر 100 مل,2557584.0,85.1,ai_confirmed,ai_verified,0.0,
87927,FONDACLAV 1 GM 12 F.C TABLETS,FONDACLAV 1 GM 12 F.C. TABS.,فونداكلاف 1 جرام,2682848.0,94.5,algo_match,brand_index,,
78381,FOOT SMART CREAM 60 GM,FOOT SMART CREAM 60 GM,فوت سمارت كريم 60 جم,1612819.0,100.0,algo_match,brand_index,,
89363,FOR KIDS D3 400 I.U./DROP ORAL DROPS 15 ML,FOR KIDS D 3 400 I.U. / DROP ORAL DROPS 15 ML,فور كيدز دي 3 400 وحده قطره بالفم 15 مل,,89.7,ai_confirmed,ai_verified,0.0,
91854,For Kids Parrot Syurp,,,,,,no_match,,
81337,FORACT MASSAGE CREAM 50GM,FORACT MASSAGE CREAM 50 GM,فوراكت مساج كريم 50 جم,,100.0,algo_match,brand_index,,
89600,FORADIL 60CAPS,FORADIL 12 MCG 60 CAPS + INHALER,فوراديل 12 مكجم 60 كبسول,1347767.0,100.0,algo_match,token_set_ratio,,
78342,FORBUDES 400/12MCG 60 INH. CAPS.+INHALER,FORBUDES 400 / 12 MCG 60 INHALATION CAPS.+INHALER,فوربيودس 400 / 12 مكجم 60 كبسول استنشاق,904345.0,83.1,ai_confirmed,ai_verified,0.0,
81449,FORFLOZIN 10 MG 30 F.C.TABS,FORFLOZIN 10 MG 30 F.C. TABS.,فورفلوزين 10 مجم 30 اقراص,2569365.0,100.0,algo_match,brand_index,,
86535,FORFLOZIN 5 MG 30 TABS,FORFLOZIN 5 MG 30 F.C.TABS,فورفلوزين 5 مجم 30 اقراص,2145960.0,91.7,algo_match,brand_index,,
83846,FORMAMY 30 TABS,FORMAMY 30 C. TABS,فورمامي 30 قرص,2249128.0,93.8,algo_match,brand_index,,
87880,FORMAMY NIPPLE CREAM 50 GM,FORMAMY NIPPLE CREAM 50 GM,فورمامي كريم لتشققات الثدي 50 جم,,100.0,algo_match,brand_index,,
91794,FORMAMY SCAR GEL 30 ML,FORMAMY SCAR GEL 30 ML,فورمامي سكار جل 30 جم,,100.0,algo_match,brand_index,,
75614,FORMOHALE 12 UGM 30 CAP,,,,,,no_match,,
74243,FORTAMIND 100MG/ML ORAL DROPS 30 ML,FORTAMIND 100 MG / ML ORAL DROPS 30 ML,فورتامايند 100 مجم / مل قطره 30 مل شراب,2474202.0,94.6,algo_match,brand_index,,
77090,FORTAMIND 1GRAM 5-AMP,FORTAMIND 500 MG / 4 ML 5 AMP FOR IV / IM INJ,فورتامايند 500 مجم / 4 مل 5 امبول,2471739.0,81.1,ai_confirmed,ai_verified,0.0,
77295,fortazedim 1g vial,FORTAZEDIM 1 GM VIAL,فورتازيديم 1 جم امبول,2564710.0,97.4,algo_match,brand_index,,
66326,FORTIBIOTIC 1500 MG VIAL,FORTIBIOTIC 1500 MG I.M. / I.V. VIAL,فورتي بيوتك 1500 مجم امبول,2558375.0,82.8,ai_confirmed,ai_verified,0.0,
81938,fortibone 10 sachet,FORTIBONE 10 SACHETS,فورتيبون 10 اكياس,1804739.0,97.4,algo_match,brand_index,,
82800,FORTIFERRUM 14 SACHET,FORTIFERRUM 14 SACHETS,فورتيفيروم 14 اكياس,2145953.0,97.7,algo_match,brand_index,,
67408,FORTRUSTEP 60 MG 6 TABS,FORTRUSTEP 60 MG 6 F.C. TABS.,فورتروستيب 60 مجم 6 اقراص,904348.0,92.0,algo_match,brand_index,,
73417,FORTUM 1 GM VIAL,FORTUM 1 GM VIAL.,فورتام 1 جم امبول,1923643.0,100.0,algo_match,brand_index,,
73538,FORTUM 500MG VIAL,FORTUM 500 MG VIAL.,فورتام 500 مجم امبول,2653405.0,100.0,algo_match,brand_index,,
59478,FORTYMOX 0.5% 10 ML,FORTYMOX 0.5 % EYE DROPS 10 ML,فورتموكس 0.5 % قطره 10 مل,2164430.0,84.8,ai_confirmed,ai_verified,0.0,
79215,FORTYMOX PLUS EYE DROPS,FORTYMOX PLUS EYE DROPS 5 ML,فورتموكس بلس قطره 5 مل,2145324.0,90.2,algo_match,brand_index,,
3954,FORXIGA 10 MG 28 TAB (ASTRAZENECA),FORXIGA 10 MG 28 TABS.,فورسيجا 10 مجم 28 اقراص,2328365.0,86.5,ai_confirmed,ai_verified,0.0,
77107,FORXIGA 5MG 28-TAB,FORXIGA 5 MG 28 TABS.,فورسيجا 5 مجم 28 اقراص,1688285.0,97.4,algo_match,brand_index,,
18268,FOSAMAX 70MG TAB,,,,,,no_match,,
46832,FOSAVANCE 70MG/2800UI 2TAB,,,,,,no_match,,
59560,FOSTIMON 150 i u VIAL,FOSTIMON 150 I.U. I.M. / S.C. VIAL,فوستيمون 150 وحده امبول,2422665.0,80.8,ai_confirmed,ai_verified,0.0,
10409,FOSTIMON 75 I.U VIAL,FOSTIMON 75 I.U. I.M. / S.C. VIAL,فوستيمون 75 وحده امبول,2538437.0,80.0,ai_confirmed,ai_verified,0.0,
90676,FOSTINEOCORT 20GM,,,,,,no_match,,
92130,FOSTMON 150 I.U,,,,,,no_match,,
98259,FOUR VENT SYRUP 125ML,FOUR VENT SYRUP 125 ML,فور فنت شراب 125 مل,2369248.0,100.0,algo_match,brand_index,,
88400,FOWGO 30 SOFT GELATIN CAPSULES,,,,,,no_match,,
80105,FOX-125MG 10TABS,,,,,,no_match,,
92036,FOXILAGE 30 ML ORAL DROPS,FOXILAGE ORAL DROPS 30 ML,فوكسيلاج قطره بالفم 30 مل,2378520.0,100.0,algo_match,brand_index,,
32130,FOXIME 1 GM IM VIAL,FOXIME 1 GM I.M / I.V VIAL,فوكسيم 1 جم امبول,2623511.0,84.4,ai_confirmed,ai_verified,0.0,
77093,FOXIME 500MG VAIL,FOXIME 500 MG I.M. / I.V.VIAL,فوكسيم 500 مجم امبول,2522160.0,83.9,ai_confirmed,ai_verified,0.0,
39916,FREE BABY SYP,,,,,,no_match,,
91165,FREE SYRUP,,,,,,no_match,,
83353,FREE VIT 20 TABLETS,FREE VIT 20 TABS,فري فيت 20 اقراص,2371027.0,91.4,algo_match,brand_index,,
85525,FRESH BREATH STRAWBEERY SPRAY 30ML,,,,,,no_match,,
87469,FRIOMED MASSAGE GEL,FRIOMED MASSAGE GEL 75 GM,فرايوميد مساج جل 75 جم,2337010.0,86.4,ai_confirmed,ai_verified,0.0,
87468,FROST MAX TOPICAL SPRAY 200 ML,FROST MAX TOPICAL SPRAY 200 ML,فروست ماكس بخاخ 200 مل,2560764.0,100.0,algo_match,brand_index,,
55841,FROST SPRAY 100 ML,FROST TOPICAL SPRAY 100 ML,فروست بخاخ موضعي 100 مل,2513318.0,81.8,ai_confirmed,ai_verified,0.0,
66043,FROST TOPICAL GEL 100 GM,FROST TOPICAL SPRAY 100 ML,فروست بخاخ موضعي 100 مل,2513318.0,80.0,ai_confirmed,ai_verified,0.0,
84169,FUCI-TOP-C CREAM 15 GM,FUCI TOP C CREAM 15 GM,فيوسي توب سي كريم 15 جم,,100.0,algo_match,brand_index,,
65503,FUCICORT 20 GM CREAM,FUCICORT CREAM 20 GM,فيوسيكورت كريم 20 جم,2313410.0,100.0,algo_match,brand_index,,
56040,FUCICORT 30 GM CREAM,FUCICORT CREAM 30 GM,فيوسيكورت كريم 30 جم,2215300.0,100.0,algo_match,brand_index,,
77303,FUCICORT CREAM 15GM,FUCICORT CREAM 15 GM,فيوسيكورت كريم 15 جم,1437668.0,100.0,algo_match,brand_index,,
74691,FUCIDEL CREAM 15 GM,FUCIDEL 2 % CREAM 15 GM,فيوسيديل 2 % كريم 15 جم,1464801.0,90.5,algo_match,brand_index,,
77095,FUCIDIN 20GM CREAM,FUCIDIN 2 % CREAM 20 GM,فيوسيدين 2 % كريم 20 جم,2221156.0,90.5,algo_match,brand_index,,
74240,FUCIDIN CREAM 15 GM,FUCIDIN 2 % CREAM 15 GM,فيوسيدين 2 % كريم 15 جم,2215298.0,90.5,algo_match,brand_index,,
73290,FUCIDIN CREAM 30 GM,FUCIDIN 2 % CREAM 30 GM,فيوسيدين 2 % كريم 30 جم,2224255.0,90.5,algo_match,brand_index,,
10745,FUCIDIN OINT 15 GM,FUCIDIN 2 % OINTMENT 15 GM,فيوسيدين 2 % مرهم 15 جم,,81.8,ai_confirmed,ai_verified,0.0,
74692,FUCIDIN OINTMENT 20 GM,FUCIDIN 2 % OINTMENT 20 GM,فيوسيدين 2 % مرهم 20 جم,,91.7,algo_match,brand_index,,
73548,FUCIDIN OINTMENT 30 GM,FUCIDIN 2 % OINTMENT 30 GM,فيوسيدين 2 % مرهم 30 جم,,91.7,algo_match,brand_index,,
90995,FULPRAZAL 40 MG 14 CAPS.,FULPRAZAL 40 MG 14 CAPS,فولبرازال 40 مجم 14 كبسول,904290.0,100.0,algo_match,brand_index,,
83006,FULPRAZAL 40MG 20 TABS,FULPRAZAL 40 MG 20 CAPS,فولبرازال 40 مجم 20 كبسول,,91.3,algo_match,token_set_ratio,,
74767,FUNGIBACID NAIL SOLUTION 5 ML,,,,,,no_match,,
81735,FUNGICAN 150 MG 2 CAP,FUNGICAN 150 MG 2 CAPS.,فانجيكان 150 مجم 2 كبسول,2454727.0,97.7,algo_match,brand_index,,
19691,FUNGICARE SOAP 80 GM,FUNGICARE SOAP 80 GM,فنجي كير صابون 80 جم,2538717.0,100.0,algo_match,brand_index,,
86086,FUNGICLEAR 200 MG 4 CAPS,FUNGICLEAR 200 MG 4 CAPS,فنجيكلير 200 مجم 4 كبسول,1946978.0,100.0,algo_match,brand_index,,
89423,FUNGILIMIT 200 MG 10 F.C.TABS,FUNGILIMIT 200 MG 10 F.C. TABS.,فانجيليميت 200 مجم 10 اقراص,,100.0,algo_match,brand_index,,
1088,FURAZOL TAB,FURAZOLE 20 TAB.,فيورازول 20 اقراص,2143682.0,84.6,ai_confirmed,ai_verified,0.0,
83361,fusamic 10 mg,,,,,,no_match,,
89701,FUSI-ZON CREAM 30 GM,FUSI ZON CREAM 30 GM,فيوسي زون كريم 30 جم,2436937.0,100.0,algo_match,brand_index,,
91390,FUSI 2% OINT. 30 GM,FUSI 2 % OINT. 30 GM,فيوسي 2 % مرهم 30 جم,2387117.0,91.9,algo_match,brand_index,,
83120,FUSI 30GM CREAM,FUSI 2 % CREAM 30 GM,فيوسي 2 % كريم 30 جم,904491.0,88.9,ai_confirmed,ai_verified,0.0,
74268,FUSI CREAM 15 GM,FUSI 2 % CREAM 15 GM,فيوسي 2 % كريم 15 جم,1516318.0,88.9,ai_confirmed,ai_verified,0.0,
83258,FUSI CREAM 30GM,FUSI 2 % CREAM 30 GM,فيوسي 2 % كريم 30 جم,904491.0,88.9,ai_confirmed,ai_verified,0.0,
76429,FUSI OINT 15 GM,FUSI 2 % OINT. 15 GM,فيوسي 2 % مرهم 15 جم,1609752.0,88.2,ai_confirmed,ai_verified,0.0,
73764,FUSI ZONE CREAM 15 GM,FUSI ZON CREAM 15 GM,فيوسي زون كريم 15 جم,2647144.0,97.6,algo_match,brand_index,,
10971,FUSIDERM CREAM,FUSIDERM 2 % CREAM 15 GM,فيوسيدرم 2 % كريم 15 جم,2186380.0,100.0,algo_match,token_set_ratio,,
10975,FUSIDERM OINT,FUSIDERM 2 % OINT. 15 GM,فيوسيدرم 2 % مرهم 15 جم,1903592.0,100.0,algo_match,token_set_ratio,,
84259,FUTACOXIB 60 MG 30 TABS,FUTACOXIB 60 MG 30 F.C.TABS,فيوتاكوكسيب 60 مجم 30 اقراص,2487255.0,92.0,algo_match,brand_index,,
91458,FUTACOXIB 90 MG 30 TABS,FUTACOXIB 90 MG TAB,فيوتاكوكسيب 90 مجم 30 اقراص,2146081.0,90.5,algo_match,brand_index,,
81196,FUTAPAN 40 MG 1 VIAL,FUTAPAN 40 MG POWDER FOR I.V. INF. VIAL,فيوتابان 40 مجم امبول,904484.0,94.7,algo_match,token_set_ratio,,
85556,FUTAPAN 40 MG 28 TABS,FUTAPAN 40 MG 28 E.C.TABS.,فيوتابان 40 مجم 28 اقراص,904483.0,91.3,algo_match,brand_index,,
81834,futapan 40mg 28 tablets,FUTAPAN 40 MG 28 E.C.TABS.,فيوتابان 40 مجم 28 اقراص,904483.0,85.7,ai_confirmed,ai_verified,0.0,
72848,FUTATREAT 500 MG 20 TAB,FUTATREAT 500 MG 20 F.C. TAB,فيوتاتريت 500 مجم 20 اقراص,2436931.0,92.0,algo_match,brand_index,,
79605,FUTAVILDIX 50/1000 MG 30 F.C. TABS.,FUTAVILDIX 50 / 1000 MG 30 F.C. TABS.,فيوتافيلدكس 50 / 1000 مجم 30 اقراص,904486.0,82.4,ai_confirmed,ai_verified,0.0,
79606,futavildix 50/850mg 30tablets,FUTAVILDIX 50 / 850 MG 30 F.C. TABS.,فيوتافيلدكس 50 / 850 مجم 30 اقراص,1476793.0,83.1,ai_confirmed,ai_verified,0.0,
90406,g l mama check,,,,,,no_match,,
GC,G.C.MOL 250ML 6 SACH,,,,,,no_match,,
80360,g.t.n. cream,G.T.N CREAM 50 GM,جي تي ان كريم 2 برطمان,2643207.0,100.0,algo_match,token_set_ratio,,
63151,GABALEPSY 300 MG 20 CAP,GABALEPSY 300 MG 20 CAPS,جاباليبسي 300 مجم 20 كبسول,,97.9,algo_match,brand_index,,
89465,GABAPENTIN 100MG 30CAPS,GABAPENTIN 100 MG 30 TAB,جابابنتين 100 مجم 30 اقراص,2637918.0,81.6,ai_confirmed,ai_verified,0.0,
81219,GABAPENTIN 300MG 30 TABS,GABAPENTIN 300 MG 30 F.C. TAB.,جابابنتين 300 مجم 30 اقراص,2469293.0,90.6,algo_match,brand_index,,
87402,gabapentin 800 20 tab,GABAPENTIN 800 MG 20 F.C. TAB.,جابابنتين 800 مجم 20 اقراص,1689656.0,85.7,ai_confirmed,ai_verified,0.0,
90859,GABAVERONA 300 MG 30 H.G. CAPS,GABAVERONA 300 MG 30 H.G. CAPS,جابافيرونا 300 مجم 30 اقراص,2509300.0,100.0,algo_match,brand_index,,
90259,GABAVERONA 400 MG 30 H.G. CAPS,GABAVERONA 400 MG 30 H.G. CAPS,جابافيرونا 400 مجم 30 اقراص,2509292.0,100.0,algo_match,brand_index,,
67208,gabimash 300mg 30 tab,GABIMASH 300 MG 30 TABS.,جابيماش 300 مجم 30 اقراص,2145103.0,97.8,algo_match,brand_index,,
84225,GABIMASH 800MG 30 CAPS,GABIMASH 800 MG 30 TABS,جابيماش 800 مجم 30 اقراص,903078.0,91.3,algo_match,token_set_ratio,,
73341,GALVUS 50 MG 28 TAB,GALVUS 50 MG 28 TAB.,جالفز 50 مجم 28 اقراص,2128123.0,100.0,algo_match,brand_index,,
gal850,GALVUS MET 50 MG 850 MG 30 TAB,,,,,,no_match,,
gal500,GALVUS MET 50 MG /500 MG 30 TAB,,,,,,no_match,,
gal1000,GALVUS MET 50/1000 MG 30 TAB,GALVUS MET 50 / 1000 MG 30 F.C. TABS,جالفز ميت 50 / 1000 مجم 30 اقراص,2475131.0,82.5,ai_confirmed,ai_verified,0.0,
84935,gamabion tab,GAMABION 30 TABS,جامابيون 30 قرص,903109.0,85.7,ai_confirmed,ai_verified,0.0,
84330,GAMAFER 20TAB,,,,,,no_match,,
85207,GAMAGEN GEL 60 GM,,,,,,no_match,,
89062,GAMASTEINE 10 SACHETS,GAMASTEINE 300 MG 10 SACHETS,جاماستين 300 مجم 10 اكياس,1699673.0,85.7,ai_confirmed,ai_verified,0.0,
90022,GAMATERN 20 TABS,GAMATERN 20 TABS,جاماترن 20 كبسول,2635986.0,100.0,algo_match,brand_index,,
88919,GAMPYRCETAL 1 GM/100ML VIAL FOR I.V. INF,GAMPYRCETAL 100 ML VIAL,جامبيرسيتال محلول وريدي 100 مل,,90.5,algo_match,token_set_ratio,,
87161,GAMRENO 20CAPSULES,GAMRENO 20 CAP,جامرينو 20 اقراص,1739506.0,84.8,ai_confirmed,ai_verified,0.0,
27539,GANATON 50 MG 30 TAB,GANATON 50 MG 30 F.C.TABS.,جاناتون 50 مجم 30 اقراص,903112.0,88.9,ai_confirmed,ai_verified,0.0,
79608,GANTOLIEF 50 MG 30 F.C.TABS.,GANTOLIEF 50 MG 30 F.C.TAB.,جانتوليف 50 مجم 30 اقراص,2189498.0,98.1,algo_match,brand_index,,
67457,GANVIR EYE GEL 10 GM,GANVIR 0.15 % EYE GEL 10 GM,جانفير 0.15 % جل للعين 10 جم,2161151.0,85.1,ai_confirmed,ai_verified,0.0,
73275,GAPTIN 100MG 30CAP,GAPTIN 100 MG 30 CAPS.,جابتين 100 مجم 30 كبسول,2312844.0,97.6,algo_match,brand_index,,
47574,GAPTIN 300MG 30CAP,GAPTIN 300 MG 30 CAPS.,جابتين 300 مجم 30 كبسول,903074.0,97.6,algo_match,brand_index,,
47575,GAPTIN 400MG 30CAP,GAPTIN 400 MG 30 CAPS.,جابتين 400 مجم 30 كبسول,903076.0,97.6,algo_match,brand_index,,
18479,GARAMYCIN 20MG 6 AMP,GARAMYCIN 20 MG / 2 ML 6 AMPS.,جاراميسين 20 مجم / 2 مل 6 امبول,2435942.0,84.0,ai_confirmed,ai_verified,0.0,
18199,GARAMYCIN 40MG AMP,GARAMYCIN 40 MG / ML 6 AMPS.,جاراميسين 40 مجم / مل 6 امبول,,82.6,ai_confirmed,ai_verified,0.0,
73878,GARAMYCIN 80MG 3 AMP,GARAMYCIN 80 MG / 2 ML 3 AMPS.,جاراميسين 80 مجم / مل 3 امبول,903080.0,84.0,ai_confirmed,ai_verified,0.0,
75635,GARAMYCIN CREAM 15gm,GARAMYCIN 0.1 % CREAM 15 GM,جاراميسين 0.1 % كريم 15 جم,,87.5,ai_confirmed,ai_verified,0.0,
92238,Garamycin cream 30gm,GARAMYCIN 0.1 % CREAM 30 GM,جاراميسين 0.1 % كريم 30 جم,2161644.0,87.5,ai_confirmed,ai_verified,0.0,
77101,GARAMYCIN OINT 15GM,GARAMYCIN 0.1 % OINT. 15 GM,جاراميسين 0.1 % مرهم 15 جم,1128616.0,87.0,ai_confirmed,ai_verified,0.0,
83811,GARIPE WATER SMILE 120ML,,,,,,no_match,,
87806,GARNIER SKIN ACTIVE FAST CLEAN 2% 150 ML,,,,,,no_match,,
87999,GARNIER SKIN ACTIVE FAST CLEAN 50 ML,,,,,,no_match,,
55592,GAROPRIDE 50 MG 30 TAB,GAROPRIDE 50 MG 30 F.C. TABS.,جاروبرايد 50 مجم 30 اقراص,2469315.0,89.8,ai_confirmed,ai_verified,0.0,
73608,GASIFLATYL 40 MG 30 CHEWABLE TABS,GASIFLATYL 40 MG 30 CHEW. TABS,جاسيفلاتيل 40 مجم 30 اقراص,2100352.0,93.5,algo_match,brand_index,,
54779,GASMOVAC 30 TABS,GASMOVAC 5 MG 30 TAB.,جاسموفاك 5 مجم 30 اقراص,2312861.0,83.3,ai_confirmed,ai_verified,0.0,
84967,GASMOVAC 5 MG 30 TAB,GASMOVAC 5 MG 30 TAB.,جاسموفاك 5 مجم 30 اقراص,2312861.0,100.0,algo_match,brand_index,,
73848,GAST-REG 100MG 30 TAB,GAST REG 100 MG 30 TAB.,جاست ريج 100 مجم 30 اقراص,903085.0,100.0,algo_match,brand_index,,
73357,GAST-REG 200 MG 30 TAB,GAST REG 200 MG 30 TAB.,جاست ريج 200 مجم 30 اقراص,2435950.0,100.0,algo_match,brand_index,,
40049,GAST-REG 50MG 3AMP,GAST REG 50 MG / 5 ML I.V. / I.M. 3 AMP.,جاست ريج 50 مجم / 5 مل 3 امبول,2469319.0,100.0,algo_match,token_set_ratio,,
73214,GAST-REG SYRUP 125 ML,GAST REG 24 MG / 5 ML 125 ML SUSP.,جاست ريج 24 مجم / 5 مل 125 مل شراب,,83.3,ai_confirmed,ai_verified,0.0,
64009,GASTORELIVE 50 MG 30 TAB,GASTORELIVE 50 MG 30 F.C.TAB.,جاستوريليف 50 مجم 30 اقراص,2536123.0,92.3,algo_match,brand_index,,
75083,GASTROBIOTIC 200 MG 20 TAB,GASTROBIOTIC 200 MG 20 F.C.TAB,جاستروبيوتك 200 مجم 20 اقراص,1653531.0,92.9,algo_match,brand_index,,
82482,GASTROBIOTIC 200 MG 30 F.C. TAB,GASTROBIOTIC 200 MG 30 F.C.TAB.,جاستروبيوتك 200 مجم 30 اقراص,,100.0,algo_match,brand_index,,
73902,GASTROBIOTIC 550 MG 30 TAB,GASTROBIOTIC 550 MG 30 F.C. TAB,جاستروبيوتك 550 مجم 30 اقراص,1396242.0,92.9,algo_match,brand_index,,
89672,GASTROBIOTIC 550 MG 20 F.C. TAB,GASTROBIOTIC 550 MG 20 F.C. TAB,جاستروبيوتك 550 مجم 20 اقراص,2444664.0,100.0,algo_match,brand_index,,
17389,GASTRODOMINA 20MG 20 TAB,GASTRODOMINA 20 MG 20 TAB.,جاسترودومينا 20 مجم 20 اقراص,2513608.0,100.0,algo_match,brand_index,,
20665,GASTRODOMINA 40MG 30TAB,GASTRODOMINA 40 MG 30 TAB.,جاسترودومينا 40 مجم 30 اقراص,2127099.0,100.0,algo_match,brand_index,,
941,GASTROFAIT 1GM TAB,GASTROFAIT 1 GM 20 TAB.,جاستروفيت 1 جم 20 اقراص,,92.7,algo_match,brand_index,,
47644,GASTROLOC 40 mg 20CAP,GASTROLOC 40 MG 20 CAPS.,جاسترولوك 40 مجم 20 كبسول,2435957.0,97.8,algo_match,brand_index,,
17702,GASTROMOTIL SUSP,GASTROMOTIL 1 MG / ML ORAL SUSP. 200 ML,جاستروموتيل 1 مجم / مل شراب 200 مل,2144015.0,100.0,algo_match,token_set_ratio,,
90220,GASTROPEXY 10 MG 28 TAB,GASTROPEXY 10 MG 28 TABS,جاستروبيكسي 10 مجم 28 اقراص,2454002.0,97.9,algo_match,brand_index,,
88421,GASTROPEXY 20 MG 28 TABS,GASTROPEXY 20 MG 28 TABS,جاستروبيكسي 20 مجم 28 اقراص,1521089.0,100.0,algo_match,brand_index,,
79400,GASTROTIDIN 3 AMPULES,GASTROTIDINE 20 MG / 2 ML 3 I.V. AMPS.,جاستروتيدين 20 مجم / 2 مل 3 امبول,,85.7,ai_confirmed,ai_verified,0.0,
91926,GASTROTIDIN 6 AMP,GASTROTIDINE 20 MG / 2 ML 6 I.V. AMPS,جاستروتيدين 20 مجم / 2 مل 6 امبول,2539029.0,94.1,algo_match,partial_token_sort_ratio,,
74578,GATISTAR 0.5 % EYE DROPS 5 ML,GATISTAR 0.5 % EYE DROPS 5 ML,جاتيستار 0.5 % قطره 5 مل,903079.0,100.0,algo_match,brand_index,,
86852,GATZA SEA WATER 60ML,,,,,,no_match,,
74227,GAVISCON ADVANCE 150 ML SYRUP,,,,,,no_match,,
GND,GAVISCON DOUBLE ACTION 24 SACHETS,GAVISCON DOUBLE ACTION 24 SACHETS 10 ML,جافيسكون دابل اكشن 10 مل 24 اكياس,2312899.0,91.7,algo_match,brand_index,,
GN,GAVISCON LIQUID 24 SACHETS*10 ML,,,,,,no_match,,
92018,GEENBEST MASSAGE CREAM 75GM,GEENBEST MASSAGE CREAM 75 GM,جين بيست مساج كريم 75 جم,,100.0,algo_match,brand_index,,
82078,GELINOSE GEL 20 GM,,,,,,no_match,,
88124,gelogar agar drops,,,,,,no_match,,
64461,GENGIGEL GENGIVAL GEL 20 ML,,,,,,no_match,,
68952,GENGIGEL HYDROGEL 150ML MOUTH RINSE,,,,,,no_match,,
72019,GENGIGEL TEETHING GEL 20 ML,,,,,,no_match,,
9300,GENTIAN VIOLET 1% 15 GM,GENTIAN VIOLET SPRAY,مس ازرق 12 ق,1779298.0,81.1,ai_confirmed,ai_verified,0.0,
80912,GENUPHIL 10 sachets,,,,,,no_match,,
83621,GENUPHIL 30 SACHETS,,,,,,no_match,,
73205,GENUPHIL ORIGINAL 50 TAB,GENUPHIL ORIGINAL 50 F.C. TAB.,جينوفيل اورجنال جديد,2682391.0,92.3,algo_match,brand_index,,
89019,GENUPHIL WOMAN 10 SACHETS,GENUPHIL WOMAN 10 SACHETS,جينوفيل سيدات 10 اكياس,939292.0,100.0,algo_match,brand_index,,
88371,GEO ALIN 20 tablets,,,,,,no_match,,
74762,GEO POTA-K 600 SR 30 SUGAR TAB,GEO POTA K 600 SR 30 TABS,جيو بوتا كي 600 اس ار 30 اقراص,2624696.0,87.3,ai_confirmed,ai_verified,0.0,
60425,GEOCAND PLUS 16.0MG 21 TAB,,,,,,no_match,,
86627,GEOPROST 30 TABS,GEOPROST 30 TABS,جيوبروست 30 اقراص,1614890.0,100.0,algo_match,brand_index,,
81463,GERDCARE 5mg 30tab,GERDCARE 5 MG 30 F.C.TAB.,جيردكير 5 مجم 30 اقراص,1750530.0,90.9,algo_match,brand_index,,
83918,germa 30ml,,,,,,no_match,,
83094,GERON 20 PIECES,,,,,,no_match,,
84901,GESOMEZOL 40 14 TAB,GESOMEZOL 40 MG 14 CAPS.,جيزوميزول 40 مجم 14 اقراص,2486374.0,88.2,ai_confirmed,ai_verified,0.0,
85120,GESTAFEMIN 21 tab,GESTAFEMIN 21 F.C.TABS.,جستافيمين 21 اقراص,2604583.0,87.2,ai_confirmed,ai_verified,0.0,
28026,GESTONE AMP,,,,,,no_match,,
79869,GESTRANIL 21TABS,GESTRANIL 0.03 / 0.075 MG 21 COATED TAB.,جيسترانيل 0.03 / 0.075 مجم 21 اقراص,903210.0,82.4,ai_confirmed,ai_verified,0.0,
91101,GIFLOG 10 MG 30 F.C. TABS.,GIFLOG 10 MG 30 TABS,جيفلوج 10 مجم 30 اقراص,2621854.0,90.9,algo_match,brand_index,,
88938,GIFLOG 25 MG 30 F.C. TABS,GIFLOG 25 MG 30 TAB,جيفلوج 25 مجم 30 اقراص,2643696.0,88.4,ai_confirmed,ai_verified,0.0,
54602,GINCOSTAZEN 30 CAP,GINCOSTAZEN 30 CAP,جينكوستازين 30 كبسول,2406591.0,100.0,algo_match,brand_index,,
11848,GINGER TAB,GINGER 30 TABLETS,جنجر 30 اقراص,2436033.0,100.0,algo_match,partial_token_sort_ratio,,
91366,GINIPIN 60 CAPS,,,,,,no_match,,
82864,GINIPIN WITH VITAMINS C-E,,,,,,no_match,,
73457,GINKGO BILOBA 30 CAP,,,,,,no_match,,
65733,GINKO ORAL DROPS 30 ML,,,,,,no_match,,
73687,GINKO PLUS 20 CAP,GINKO PLUS 20 CAPS.,جنكو بلس 20 كبسول,2469409.0,97.1,algo_match,brand_index,,
86762,GINKOFIT 30 CAPS,GINKOFIT 30 CAPS,جينكوفيت 30 كبسول,,100.0,algo_match,brand_index,,
90726,GINKONORO PLUS 30 CAP,GINKONORO PLUS 30 CAP,جينكونورو بلس 30 كبسول,2140618.0,100.0,algo_match,brand_index,,
89790,GINKORAVIA 80MG 20CAPSULES,GINKORAVIA 20 CAPS,جنكوريفيا 20 اقراص,2568924.0,83.9,ai_confirmed,ai_verified,0.0,
61738,GINSENG COMPLEX 75 CAP,,,,,,no_match,,
91734,GINSO MAX 30 CAPSULE,GINSOMAX 30 CAP,جنسوماكس 30 اقراص,,85.7,ai_confirmed,ai_verified,0.0,
63232,GIRLY CREAM 100G,,,,,,no_match,,
55448,GIRLY HAIR OIL 120 ML,GIRLY HAIR OIL 120 ML,جيرلي اويل 125,2453005.0,100.0,algo_match,brand_index,,
80128,GIRLY SHAMPOO 250ML,,,,,,no_match,,
23302,GIT 20 CAP,GIT 20 CAPS.,جي اي تي (جيت) 20 كبسول,903204.0,95.2,algo_match,brand_index,,
64010,GLAPTIVIA 100 MG 30 TAB,GLAPTIVIA 100 MG 30 F.C.TAB.,جلابتيفيا 100 مجم 30 اقراص,1116007.0,92.0,algo_match,brand_index,,
85346,GLAPTIVIA PLUS 50/1000 MG 30 TABS,GLAPTIVIA PLUS 50 / 1000 MG 30 F.C.TAB.,جلابتيفيا بلس 50 / 1000 مجم 30 اقراص,2312871.0,84.5,ai_confirmed,ai_verified,0.0,
84636,GLAPTIVIA PLUS 50/500 MG 30 TABS,GLAPTIVIA PLUS 50 / 500 MG 30 F.C.TAB.,جلابتيفيا بلس 50 / 500 مجم 30 اقراص,2312870.0,87.0,ai_confirmed,ai_verified,0.0,
91811,GLARGIVIN 100 I.U./ML 5 CARTRIDGES,GLARGIVIN 100 I.U. / ML 5 CARTRIDGES,جلارجيفين 100 وحده / مل 5 خرطوشه,,92.8,algo_match,brand_index,,
60885,GLARYL 2 MG 30 TAB,GLARYL 2 MG 30 TABS.,جلاريل 2 مجم 30 اقراص,2471944.0,97.3,algo_match,brand_index,,
56433,GLARYL 3 MG 30 TAB,GLARYL 3 MG 30 TAB.,جلاريل 3 مجم 30 اقراص,2192988.0,100.0,algo_match,brand_index,,
56432,GLARYL 4 MG 30 TAB,GLARYL 4 MG 30 TAB.,جلاريل 4 مجم 30 اقراص,903142.0,100.0,algo_match,brand_index,,
90782,GLASBIFLU 20 TABLETS,GLASBIFLU 20 TABS,جلاسبيفلو 20 اقراص,2499838.0,91.9,algo_match,brand_index,,
85026,glasbylong 60 mg 3 tab,GLASBYLONG 60 MG 3 TABLETS,جلاسبيلونج 60 مجم 3 اقراص,,91.7,algo_match,brand_index,,
83829,GLEAM MIX 50gm CREAM,,,,,,no_match,,
83828,GLEAM MIX FOR ACNE PRONE FACIAL WASH 150 ML,,,,,,no_match,,
90992,GLEAM MIX SUNSCREEN CREAM 50MG,GLEAM MIX SUN SCREEN CREAM 50 GM,جليم مكس كريم جديد,2534848.0,85.7,ai_confirmed,ai_verified,0.0,
55515,GLEMAX 4 MG 30 CAP,GLEMAX 4 MG 30 CAPLETS,جليماكس 4 مجم 30 كبسول,2224923.0,90.0,algo_match,brand_index,,
77293,glenosalic 15gm oint,GLENOSALIC TOP. OINT. 15 GM,جلينوساليك مرهم 15 جم,2149431.0,91.3,algo_match,brand_index,,
86833,GLEPTOMET 50/1000MG 30 F.C.TABS,GLEPTOMET 50 / 1000 MG 30 F.C. TAB.,جليبتوميت 50 / 1000 مجم 30 اقراص,1322209.0,80.0,ai_confirmed,ai_verified,0.0,
197345,GLEPTOMET 50/500MG 30 F.C.TABS,GLEPTOMET 50 / 500 MG 30 F.C. TAB.,جليبتامت 50 / 500 مجم 30 اقراص,2680982.0,92.1,algo_match,brand_index,,
82752,gliflozamet 12.5/1000 xr t,,,,,,no_match,,
81362,gliflozamet 25mg/1000mg xr,GLIFLOZAMET XR 25 / 1000 MG 30 F.C.TABS,جليفلوزاميت اكس ار 25 / 1000 مجم 30 اقراص,903162.0,83.3,ai_confirmed,ai_verified,0.0,
81097,GLIFLOZINO 10MG 30TAB,GLIFLOZINO 10 MG 30 F.C. TABS,جليفلوزينو 10 مجم 30 اقراص,2145766.0,90.2,algo_match,brand_index,,
82509,GLIFLOZINO 5MG 30TAB,GLIFLOZINO 5 MG 30 F.C.TABS,جليفلوزينو 5 مجم 30 اقراص,2436017.0,89.8,ai_confirmed,ai_verified,0.0,
76301,glimadel 3mg 30tab,GLIMADEL 3 MG 30 F.C.TAB.,جليماديل 3 مجم 30 اقراص,2436024.0,90.9,algo_match,brand_index,,
82852,GLIMADEL 4 MG 30 TAB,GLIMADEL 4 MG 30 F.C. TAB.,جليماديل 4 مجم 30 اقراص,1739565.0,90.9,algo_match,brand_index,,
68783,GLIMEPIRIDE-PLUS 4/30 MG 30 TAB,GLIMEPIRIDE PLUS 4 / 30 MG 30 TABS.,جليمبيريد بلس 4 / 30 مجم 30 اقراص,2144999.0,89.2,ai_confirmed,ai_verified,0.0,
47556,GLIMET 30TAB,,,,,,no_match,,
53461,GLIMET FORTE 800/5 MG 30 TAB,,,,,,no_match,,
80322,GLIMPACARE 25MG 21TABS,GLIMPACARE 25 MG 21 TABS.,جليمباكير 25 مجم 21 اقراص,2469401.0,100.0,algo_match,brand_index,,
91141,GLIMPACARE PLUS 10MG/5MG 30 TAB,GLIMPACARE PLUS 10 / 5 MG 30 TABS,جليمباكير بلس 10 / 5 مجم 30 اقراص,2624640.0,84.8,ai_confirmed,ai_verified,0.0,
88071,GLIMPACARE PLUS 5/25 30TAB,GLIMPACARE PLUS 10 / 5 MG 30 TABS,جليمباكير بلس 10 / 5 مجم 30 اقراص,2624640.0,80.0,ai_confirmed,ai_verified,0.0,
86858,GLIPTALINA 2.5/1000MG 30 F.C. TABS,GLIPTALINA XR 5 / 1000 MG 30 TABLETS,جليبتالينا اكس ار 5 / 1000 مجم 30 اقراص,,80.0,ai_confirmed,ai_verified,0.0,
89756,GLIPTALINA 2.5/500MG 30 F.C. TABS,,,,,,no_match,,
92147,GLIPTALINA XR 5/1000MG 30 F.C. TABS,GLIPTALINA XR 5 / 1000 MG 30 TABLETS,جليبتالينا اكس ار 5 / 1000 مجم 30 اقراص,,81.7,ai_confirmed,ai_verified,0.0,
84962,gliptopack 25mg 30tab,GLIPTOPACK 25 MG 30 TAB,جليبتوباك 25 مجم 30 اقراص,,100.0,algo_match,brand_index,,
73140,GLIPTUS 50 MG 30 TAB,GLIPTUS 50 MG 30 TABS.,جليبتس 50 مجم 30 اقراص,903156.0,97.6,algo_match,brand_index,,
73910,GLIPTUS PLUS 50/1000 MG 30 TAB,,,,,,no_match,,
88409,GLIPTUS PLUS 50/500MG 30 TABS.,GLIPTUS PLUS 50 / 500 MG 30 TABS,جليبتس بلس 50 / 500 مجم 30 اقراص,1171314.0,93.5,algo_match,brand_index,,
74152,GLIPTUS PLUS 50/850 MG 30 TAB,GLIPTUS PLUS 50 / 850 MG 30 TABLETS,جليبتس بلس 50 / 850 مجم 30 اقراص,903158.0,87.5,ai_confirmed,ai_verified,0.0,
89313,GLOBA 20 PCS,GLOBA 20 TAB,جلوبا اي يو سي 20 اقراص / اي يو سي,2567898.0,80.0,ai_confirmed,ai_verified,0.0,
80123,glomethasone 3 ampules,GLOMETHASONE 8 MG / 2 ML IM / IV 3 AMP.,جلوميثازون 8 مجم / 2 مل 3 امبول,1503242.0,81.8,ai_confirmed,ai_verified,0.0,
88764,GLOSSY CONDITIONER CREAM WITH KERATIN 200 GM,,,,,,no_match,,
92637,GLOWELIXIR GEL 50 GM,,,,,,no_match,,
91297,GLUCOADJUST 12.5/500 MG 30 F.C. TABS,GLUCOADJUST 5 / 500 MG 30 F.C. TABS,جلوكوداجاست 500 / 5 مجم 30 اقراص,,81.2,ai_confirmed,ai_verified,0.0,
75110,GLUCOLIGHT XR 1000 MG 30 TAB,GLUCOLIGHT XR 1000 MG 30 EX. REL .F.C. TAB.,جلوكولايت 1000 اكس ار 30 اقراص,2510776.0,83.6,ai_confirmed,ai_verified,0.0,
91675,GLUCOLIPTIN M XR 5/1000MG 30 F.C.TABS,GLUCOLIPTIN M XR 5 / 1000 MG 30 F.C.TABS,جلوكوليبتين ام اكس ار 1000 / 2.5 مجم اقراص,2681659.0,87.2,ai_confirmed,ai_verified,0.0,
33062,GLUCOPHAGE 1000 MG TAB,GLUCOPHAGE 1000 MG 30 F.C.TAB.,جلوكوفاج 1000 مجم 30 اقراص,2337448.0,86.3,ai_confirmed,ai_verified,0.0,
20202,GLUCOPHAGE 500 MG TAB,GLUCOPHAGE 500 MG 50 F.C.TAB.,جلوكوفاج 500 مجم 50 اقراص,2328587.0,85.7,ai_confirmed,ai_verified,0.0,
75601,GLUCOPHAGE XR 1000 MG 30 TAB,GLUCOPHAGE XR 1000 MG 30 TABS.,جلوكوفاج اكس ار 1000 مجم 30 اقراص,,98.2,algo_match,brand_index,,
87234,GLUCOPHAGE XR 500MG,GLUCOPHAGE XR 500 MG 30 TABS,جلوكوفاج اكس ار 500 مجم 30 اقراص,,83.3,ai_confirmed,ai_verified,0.0,
64428,GLUCOSE 10% 500 ML,,,,,,no_match,,
21993,GLUCOSE 5% 500 ML,GLUCOSE 5 % 500 ML ATCO,جلوكوز 5 % اتيكو محلول 500 مل,1427751.0,80.0,ai_confirmed,ai_verified,0.0,
71802,GLUCOSE 5% 500 ML FIPCO,GLUCOSE 5 % 500 ML GIPCCO,جلوكوز % 5 محلول,2149934.0,87.5,ai_confirmed,ai_verified,0.0,
GLU,GLUCOSE 5% 500CC,GLUCOSE 5 % MOTTAHEDOON I.V. INF. 500 ML RUBBER CAP,جلوكوز 5 % المتحدون 500 مل بالكاب,,88.2,ai_confirmed,ai_verified,0.0,
77919,GLUCOVANCE 1000/5MG 30 F.C TAB.,GLUCOVANCE 1000 / 5 MG 30 F.C.TAB.,جلوكوفانس 1000 / 5 مجم 30 اقراص,1426331.0,90.6,algo_match,brand_index,,
73228,GLUCOVANCE 500/2.5 MG 30 TAB,GLUCOVANCE 500 / 2.5 MG 30 F.C.TAB.,جلوكوفانس 500 / 2.5 مجم 30 اقراص,,85.7,ai_confirmed,ai_verified,0.0,
73508,GLUCOVANCE 500/5MG 30TAB,GLUCOVANCE 500 / 5 MG 30 F.C.TAB.,جلوكوفانس 500 / 5 مجم 30 اقراص,,82.8,ai_confirmed,ai_verified,0.0,
89630,GLUTANA 30 CAPS,,,,,,no_match,,
85473,glybofen 2.5\500mg 30tab,GLYBOFEN 2.5 / 500 MG 30 F.C.TABS,جليبوفين 2.5 / 500 مجم 30 اقراص,2637458.0,84.7,ai_confirmed,ai_verified,0.0,
73766,GLYBOFEN 5/1000 MG 30 TAB,GLYBOFEN 5 / 1000 MG 30 F.C. TAB,جليبوفين 5 / 1000 مجم 30 اقراص,1517852.0,85.7,ai_confirmed,ai_verified,0.0,
82957,GLYBOFEN 5/500MG 30 F.C TABS,GLYBOFEN 5 / 500 MG 30 F.C.TABS,جليبوفين 5 / 500 مجم 30 اقراص,1677533.0,93.3,algo_match,brand_index,,
45203,GLYCERIN ADULT SUPP GALAXO,GLYCERIN ADULT 10 SUPP. GLAXO,جلسرين لبوس للكبار 10 لبوس جلاكسو,,92.6,algo_match,brand_index,,
73987,GLYCERIN ADULT SUPP PHARCO,GLYCERIN ADULT 5 SUPP. (PHARCO),جلسرين اطفال فاركو,2660506.0,92.9,algo_match,token_set_ratio,,
19027,GLYCERIN INF SUPP (GALAXO),,,,,,no_match,,
6884,GLYCERIN INFANTILE 5 SUPP. (PHARCO),GLYCERIN INFANTILE 5 SUPP. (PHARCO),جلسرين رضع 5 لبوسه فاركو,2552727.0,100.0,algo_match,brand_index,,
74446,GLYCODAL 30 TAB,GLYCODAL 30 CHEW. TAB.,جليكودال 30 اقراص,1996594.0,85.7,ai_confirmed,ai_verified,0.0,
79405,GOLD FEM FOAM 150ML,GOLD FEM FOAM 150 ML,جولد جل 150,2669111.0,100.0,algo_match,brand_index,,
73588,GOLD PLUS VAG.DOUCHE 250 ML,GOLD PLUS VAG DOUCHE 250 ML,جولد بلس غسول مهبلي 250 مل,2145294.0,100.0,algo_match,brand_index,,
91389,GOLDEN FER-F 30 CHEW. TABS,GOLDEN FER F 30 CHEW. TABS.,جولدن فير اقراص,2344275.0,100.0,algo_match,brand_index,,
82395,GOLDEN FER 100ML SYRUP,GOLDEN FER 10 MG / ML SYRUP 100 ML,جولدن فير 10 مجم / مل شراب 100 مل,903195.0,80.7,ai_confirmed,ai_verified,0.0,
91364,GONABE 20 CAPSULES,GONABE 20 CAPS,جونابي 20 كبسول,2255433.0,87.5,ai_confirmed,ai_verified,0.0,
84329,GONAPURE 150 I.U 10 VIALS,,,,,,no_match,,
67539,GONAPURE 150 I.U./ML I.M./S.C. 1 VIAL,GONAPURE 150 I.U. / ML I.M. / S.C. VIAL,جونابيور 150 وحده / مل امبول (تلاجه),,86.1,ai_confirmed,ai_verified,0.0,
67543,GONAPURE 75IU,GONAPURE 75 I.U. / ML I.M. / S.C. VIAL,جونابيور 75 وحده / مل امبول (تلاجه),,88.0,ai_confirmed,ai_verified,0.0,
79643,gonatestone amp,GONATESTON 250 MG / ML I.M AMP.,جوناتستون 250 مجم / مل امبول,,93.3,algo_match,partial_token_sort_ratio,,
90480,GONE -SHAMPOO,,,,,,no_match,,
83630,gotal whiteing lotion 75ml,GOTAL WHITENING LOTION 75 ML,جوتال لوشن تفتيح 75 مل,1738039.0,98.2,algo_match,brand_index,,
87125,GOURYST 0.5 MG 100 TABS,GOURYST 0.5 MG 100 TAB,جاوريست 0.5 مجم 100 اقراص,2435980.0,97.8,algo_match,brand_index,,
65940,GOUTIFADE 40 MG 30 TABS,GOUTIFADE 40 MG 30 F.C. TABLETS,جاوتيفيد 40 مجم 30 اقراص,2312865.0,86.8,ai_confirmed,ai_verified,0.0,
81326,GOUTIFADE 80 MG 30 TAB,GOUTIFADE 80 MG 30 F.C. TABLETS,جاوتيفيد 80 مجم 30 اقراص,1422842.0,84.6,ai_confirmed,ai_verified,0.0,
76298,goutyless 30tab,GOUTYLESS 30 TABS.,جاوتيلس 30 اقراص,2607499.0,97.0,algo_match,brand_index,,
75741,GOUUTYLESS 30 TAB,,,,,,no_match,,
79602,GRALIPENTIN XR 300 MG TABS,GRALIPENTIN XR 300 MG 30 F.C. TABS.,جراليبنتين اكس ار 300 مجم 30 اقراص,948077.0,88.1,ai_confirmed,ai_verified,0.0,
79603,GRALIPENTIN XR 600 MG 30 TABS,GRALIPENTIN XR 600 MG 30 F.C. TABS.,جراليبنتين اكس ار 600 مجم 30 اقراص,903119.0,93.5,algo_match,brand_index,,
30188,GRAND VIT IRON SYP,,,,,,no_match,,
88089,GRANITRYL 1 MG/1 ML 6 AMPOULES,GRANITRYL 1 MG / ML 6 I.V. AMPS.,جرانيتريل 1 مجم / مل 6 امبول,2146438.0,80.0,ai_confirmed,ai_verified,0.0,
79601,granitryl 2mg 5tablets,GRANITRYL 2 MG 5 F.C. TABS.,جرانيتريل 2 مجم 5 اقراص,2145314.0,85.7,ai_confirmed,ai_verified,0.0,
55726,GRANITRYL3 MG 6 AMP,GRANITRYL 3 MG / 3 ML 6 AMPS. I.V.,جرانيتريل 3 مجم / 3 مل 6 امبول,2146534.0,88.9,ai_confirmed,ai_verified,0.0,
68785,GRAPEXON 30 CAP,GRAPEXON 30 CAPS,جريبكسون 30 كبسول,2156904.0,96.8,algo_match,brand_index,,
88264,GRAPEXON ADVANCE 30 CAPSULES,GRAPEXON ADVANCE 30 CAPS,جريبكسون ادفانس 30 كبسول,2146344.0,92.3,algo_match,brand_index,,
27699,GREEN TEA WITH MINT 12 FILTER,ISIS GREEN TEA WITH MINT 12 FILTER BAGS,ايزيس شاي اخضر بالنعناع 12 اكياس,1846335.0,100.0,algo_match,token_set_ratio,,
92680,GREENTAL 30 CAPS,GREENTAL 30 CAP,جرينتال 30 كبسوله,2622756.0,96.8,algo_match,brand_index,,
39937,GREENY CAP,,,,,,no_match,,
27200,GRIPE WATER BAMBINO SYRUP 120 ML,GRIPE WATER BAMBINO SYRUP 120 ML,ماء غريب بامبينو شراب 120 مل,1659530.0,100.0,algo_match,brand_index,,
80961,GRIPEWATER SMILE 120ML,GRIPE WATER SMILE SYRUP 120 ML,ماء غريب سمايل شراب 120 مل نابكو,2313618.0,86.8,ai_confirmed,ai_verified,0.0,
18115,GROWTH FORMULA ADULT CHOCOLATE,,,,,,no_match,,
78559,GROWTH FORMULA BANANA WG 400 GM POWDER,,,,,,no_match,,
69392,GROWTH FORMULA CHOCOLATE 10 SACHETS 330 GM,,,,,,no_match,,
91696,GROWTH FORMULA FOR KIDS STRAWBERRY 10 SACHETS,,,,,,no_match,,
76239,GROWTH FORMULA FOR PREGNANT WOMAN CHOCOLATE,,,,,,no_match,,
12182,GROWTH FORMULA KIDS BANANA,,,,,,no_match,,
40648,GROWTH FORMULA KIDS CHOCOLATE 400GM,,,,,,no_match,,
18671,GROWTH FORMULA KIDS STRAWBERRY 400GM,,,,,,no_match,,
18122,GROWTH FORMULA KIDS VANILIA,,,,,,no_match,,
81925,GROWTH FORMULA PREGNANT WOMAN 250 GM VANILIA,GROWTH FORMULA PREGNANT WOMAN 10 SACHETS 250 GM VANILLA,جروث فورميلا للحوامل 10 اكياس 250 جم فانيليا,1396271.0,86.9,ai_confirmed,ai_verified,0.0,
87658,GROWTH FORMULA SILVER 50 + CHOCLATE,GROWTH FORMULA SILVER 50 + 400 GM CHOCOLAT,جروث فورميلا فضي + 50 400 جم شيكولاته,,88.3,ai_confirmed,ai_verified,0.0,
78560,GROWTH FORMULA STRAWBERRY WG 400 GM POWDER,,,,,,no_match,,
77100,GROWTH FORMULA WG ADULT VANILLA,,,,,,no_match,,
86845,GROZA 20 TABS,GROZA 20 TAB,جروزا 20 اقراص,2469365.0,96.0,algo_match,brand_index,,
90875,GROZAX 3000 SYRUP 70ML,GROZAX SYRUP 70 ML,جروزاكس شراب 70 مل,2255092.0,87.8,ai_confirmed,ai_verified,0.0,
76519,GTN cr 50gr,,,,,,no_match,,
GTN,GTN CREAM,,,,,,no_match,,
22363,GUAFLEX SYRUP,GUAFLEX N SYRUP 120 ML,جوافليكس ان شراب 120 مل,2436035.0,100.0,algo_match,token_set_ratio,,
87769,GUAIADESCA SYRUP 120 ML,GUAIADESCA SYRUP 120 ML,جواياديسكا شراب 120 مل,2142443.0,100.0,algo_match,brand_index,,
11706,GUAVA SYRUP 120 ML,GUAVA SYRUP 120 ML,جوافه شراب 120 مل,1552904.0,100.0,algo_match,brand_index,,
91110,GYBENASH 400 MG 30 CAPS.,,,,,,no_match,,
88329,GYBENASH 600 MG 30 CAPSULES,GYBENASH 600 MG 30 CAPS,جابيناش 600 مجم 30 اقراص,2469305.0,92.0,algo_match,brand_index,,
GYN,GYNERA 21 C. TABS,GYNERA 21 COATED TAB.,جينيرا 21 اقراص,1562902.0,83.3,ai_confirmed,ai_verified,0.0,
47342,GYNOCONAZOLE 0.4% VAG CREAM,GYNOCONAZOL 0.4 % VAG. CREAM 30 GM,جينوكونازول 0.4 % كريم مهبلي 30 جم,1770363.0,83.3,ai_confirmed,ai_verified,0.0,
74172,GYNOCONAZOLE 0.8% VAG CREAM,,,,,,no_match,,
47931,GYNOCONAZOLE 80 MG VAG 3 SUPPS,GYNOCONAZOL 80 MG 3 VAG. SUPP,جينوكونازول 80 مجم 3 لبوس مهبلي,2173492.0,96.6,algo_match,brand_index,,
74137,GYNODAKTARIN VAGINAL CREAM,,,,,,no_match,,
89698,GYNOMONIX 80 MG 3 VAG. OVULES,GYNOMONIX 80 MG 3 VAG. OVULES,جينومونيكس 80 مجم 3 لبوس مهبلي,2621855.0,100.0,algo_match,brand_index,,
88017,GYNOMONIX VAGINAL CREAM 30 GM,,,,,,no_match,,
82206,gynoprogest 2mg tabs,GYNOPROGEST 2 MG 28 TABS.,جينوبروجيست 2 مجم 28 اقراص,1089309.0,93.3,algo_match,brand_index,,
73661,GYNOTRAZONAGEN 600 MG 3 VAGINAL OVULES,GYNOTRAZONAGEN 600 MG 3 VAGINAL OVULES+APPLICATOR,جينوترا زوناجين 600 مجم 3 لبوس مهبلي,1799776.0,87.4,ai_confirmed,ai_verified,0.0,
77084,GYNOZOL 200MG 6-V.CAP,GYNOZOL 200 MG 6 VAG. OVULES,جينوزول 200 مجم 6 لبوس مهبلي,2469449.0,84.2,ai_confirmed,ai_verified,0.0,
73309,GYNOZOL 400MG 3VAGINAL SUPP,,,,,,no_match,,
75203,GYNOZOL VAGINAL CREAM,,,,,,no_match,,
90427,GYPOLIN 120MG SYRP,,,,,,no_match,,
88703,GYPRAVASTIN 20 MG 7 F.C. TABS,GYPRAVASTIN 20 MG 7 F.C. TABS,جيبرافاستين 20 مجم 7 اقراص,,100.0,algo_match,brand_index,,
48228,HAEMACTIN 20 CAP,,,,,,no_match,,
74603,HAEMOJET AMP.,HAEMOJET 100 MG / 2 ML 6 AMPS.,هيموجيت 100 مجم / 2 مل 6 امبول,2313748.0,80.0,ai_confirmed,ai_verified,0.0,
55115,HAEMOJET SYRUP 100 ML,HAEMOJET 50 MG / 5 ML SYRUP 100 ML,هيموجيت 50 مجم / 5 مل شراب 100 مل,905482.0,100.0,algo_match,token_set_ratio,,
4497,HAEMOKION 10 MG 3 AMP,HAEMOKION 10 MG / ML 3 AMP.,هيموكيون 10 مجم / مل 3 امبول,,89.4,ai_confirmed,ai_verified,0.0,
4546,HAEMOSTOP AMP,HAEMOSTOP 250 MG / 2 ML 3 AMP.,هيموستوب 250 مجم / 2 مل 3 امبول,,100.0,algo_match,token_set_ratio,,
87594,HAHYAH CICA LAB GEL APPAISANTE 50 ML,,,,,,no_match,,
87578,HAIR BACK OILEX OIL FOUR 100ML,,,,,,no_match,,
10735,HAIR BACK PLUS 2% LOTION,,,,,,no_match,,
51530,HAIR PLUS BACK 5% TOPICAL FOAM 100 ML,HAIR PLUS BACK 5 % FOAM 100 ML,هيرباك بلس 5 % فوم 100 مل,2561023.0,83.6,ai_confirmed,ai_verified,0.0,
27692,HAIR PLUS BACK 5% LOTION,,,,,,no_match,,
61210,HAIRODEX HAIR SERUM 120 ML,HAIRODEX HAIR SERUM 120 ML,هيروديكس سيروم للشعر 120 مل,1769531.0,100.0,algo_match,brand_index,,
88298,HAIROOTS CREAM 100 ML,,,,,,no_match,,
88300,HAIROOTS HAIR MASK 150 ML,HAIROOTS HAIR MASK 150 ML,هيروتس ماسك للشعر 150 مل,,100.0,algo_match,brand_index,,
88297,HAIROOTS SHAMPOO 200 ML,HAIROOTS SHAMPOO 200 ML,هيروتس شامبو معالج لتساقط الشعر 200 مل,,100.0,algo_match,brand_index,,
80434,HAIRTONIC FOR HEALTHY HAIR 60CAPS,,,,,,no_match,,
90025,HAIRVOGINE 30 TABS.,HAIRVOGINE 30 TABS,هيرفوجين 30 اقراص,2398932.0,100.0,algo_match,brand_index,,
12402,HALDOL DECANOAS 50 MG/ML AMP.,HALDOL DECANOAS 50 MG / ML AMP.,هالدول ديكانوس 50 مجم / مل امبول,,93.1,algo_match,brand_index,,
83897,halnide 400mg 60tab,,,,,,no_match,,
58090,HALONACE 1.5 MG 10 TAB,HALONACE 1.5 MG 10 TABS.,هالونيز 1.5 مجم 10 اقراص,,97.8,algo_match,brand_index,,
58248,HALONACE 5 MG 10 TAB,HALONACE 5 MG 10 TABS.,هالونيز 5 مجم 10 اقراص,,97.6,algo_match,brand_index,,
40048,HALOPERIDOL 5 AMP,HALOPERIDOL 5 MG / ML I.M. / I.V. 5 AMP.,هالوبيريدول 5 مجم / مل 5 امبول,,100.0,algo_match,token_set_ratio,,
29244,HALOPERIDOL RETARD 1AMP,HALOPERIDOL RETARD 50 MG / ML I.M.AMP.,هالوبيريدول ريتارد 50 مجم / مل امبول,,95.7,algo_match,token_set_ratio,,
81343,halopredol 5 mg amp,HALOPROL 5 MG / ML I.M. 3 AMP.,هالوبرول 5 مجم / مل 3 امبول,2685192.0,84.2,ai_confirmed,ai_verified,0.0,
90603,HAMMER OF THOR 30 CAP,,,,,,no_match,,
81022,hanzo 10 sachets,HANZO 10 SACHETS,هانزو 10 اكياس,2255445.0,100.0,algo_match,brand_index,,
88054,HAPPINESS BABY DREAMS SHAMPOO 400 ML,,,,,,no_match,,
61014,HARVY SPRAY SOLUTION 120 ML,,,,,,no_match,,
43820,HAYAH UREPAR 10% UREA FOOT CREAM 75 ML,,,,,,no_match,,
89197,healiorptic 100mg 20tablets,,,,,,no_match,,
49703,HEALOSOL SPRAY 150 ML,HEALOSOL 2 % TOPICAL SPRAY 150 ML,هيلوسول 2 % بخاخ موضعي 150 مل,1471562.0,100.0,algo_match,token_set_ratio,,
73846,HEALSEC 10 MG 14 CAP,HEALSEC 10 MG 14 CAPS,هيلسك 10 مجم 14 كبسول,,97.6,algo_match,brand_index,,
73507,HEALSEC 20 MG 14 CAP,HEALSEC 20 MG 14 CAPS,هيلسك 20 مجم 14 كبسول,,97.6,algo_match,brand_index,,
57726,HEALSEC 40 MG 14 CAP,HEALSEC 40 MG 14 CAPS.,هيلسك 40 مجم 14 كبسول,,97.6,algo_match,brand_index,,
92711,HEALTHFEROL 30 TABS,HEALTHFEROL D 3 + K 2 30 TABS,هيلثفيرول دي 3 ك 2 30 اقراص,2353980.0,100.0,algo_match,token_set_ratio,,
85214,healthy B C,HEALTHY BC 30 TAB,هيلثي بي سي 30 اقراص,2645883.0,90.9,algo_match,partial_token_sort_ratio,,
47154,HEBITAXIME 1000MG VIAL,,,,,,no_match,,
61790,HELARIUM CREAM 15 GM,HELARIUM CREAM 15 GM,هيلاريم كريم 15 جم,2668508.0,100.0,algo_match,brand_index,,
46418,HELARIUM CREAM 30 GM,HELARIUM CREAM 30 GM,هيلاريم كريم 30 جم,2233086.0,100.0,algo_match,brand_index,,
66038,HELERTEX CREAM 30 GM,HELERTEX CREAM 30 GM,هيلرتكس كريم 30 جم,1428033.0,100.0,algo_match,brand_index,,
49578,HELERTEX CREAM 50 GM,HELERTEX CREAM 50 GM,هيلرتكس كريم 50 جم,1857140.0,100.0,algo_match,brand_index,,
23006,HELI-CURE 500/20/500 MG 14 E.C. TAB,,,,,,no_match,,
87109,helpa 20 tablet,,,,,,no_match,,
73319,HEMOCLAR CREAM 30 GM,HEMOCLAR 0.5 % CREAM 30 GM,هيموكلار 0.5 % كريم 30 جم,2653461.0,87.0,ai_confirmed,ai_verified,0.0,
87401,HEPACHAIN 30 TAB,HEPACHAIN 30 F.C.TABS.,هيباتشين 30 اقراص,2157889.0,86.5,ai_confirmed,ai_verified,0.0,
18895,HEPAMARIN 140MG 30 CAPS,HEPAMARIN 140 MG 30 CAPS.,هيبامارين 140 مجم 30 كبسول,2343084.0,100.0,algo_match,brand_index,,
58993,HEPARIN SODIUM 3 AMP,HEPARIN SODIUM CID 5000 I.U. / ML 6 S.C. AMP.,هيبارين صوديوم سيد 5000 وحده / مل 6 امبول,1659793.0,94.7,algo_match,token_set_ratio,,
23122,HEPATICUM 30CAP,HEPATICUM 140 MG 30 CAPS,هيباتيكم 140 مجم 30 كبسول,,80.0,ai_confirmed,ai_verified,0.0,
17106,HEPATICUM SYRUP,,,,,,no_match,,
65523,HEPATO-FORTE 30 CAP,HEPATO FORTE 30 CAPS,هيباتو فورت 30 كبسول,2386384.0,97.4,algo_match,brand_index,,
90894,HEPTA CARBAMIDE BODY LOTION 120 ML,HEPTA CARBAMIDE BODY LOTION 120 ML,هيبتا كارباميد لوسيون للجسم 120 مل,2342954.0,100.0,algo_match,brand_index,,
85097,HEPTA CARBAMIDE CREAM 50 GM,,,,,,no_match,,
91997,HEPTA CARBAMIDE TWENTY WITH 20% UREA 50GM,HEPTA CARBAMIDE TWENTY WITH 20 % UREA CREAM 50 GM,هيبتا كارباميد توينتي 20 % يوريا كريم 50 جرام,2583547.0,90.1,algo_match,brand_index,,
83228,HEPTA PANTHENOL 50mg CREAM,HEPTA PANTHENOL MAX CREAM 50 GM,هيبتا بانثينول ماكس كريم 50 جم,2140483.0,89.7,ai_confirmed,ai_verified,0.0,
90351,HEPTA PANTHENOL CREAM MAX FOR FACE AND BODY,HEPTA PANTHENOL MAX CREAM 50 GM,هيبتا بانثينول ماكس كريم 50 جم,2140483.0,89.3,ai_confirmed,ai_verified,0.0,
91326,hepta panthenol cream pink 50 gm,HEPTA PANTHENOL PINK CREAM 50 GM,هيبتا بانثينول بينك كريم 50 جم,2673056.0,100.0,algo_match,brand_index,,
83306,HEPTA PANTHENOL HAIR CREAM 100GM,HEPTA PANTHENOL HAIR CREAM 100 GM,بانثينول هيبتا سيرم للشعر ستار,2585164.0,100.0,algo_match,brand_index,,
91327,hepta panthenol hair mask 300 gm,HEPTA PANTHENOL HAIR MASK 300 GM,هيبتا بانثينول ماسك للشعر 300 جم,1991768.0,100.0,algo_match,brand_index,,
89124,HEPTA PANTHENOL HAIR OIL 120 ML,HEPTA PANTHENOL HAIR OIL 120 ML,هيبتا بانثينول زيت للشعر 120 مل,2476293.0,100.0,algo_match,brand_index,,
85210,HEPTA PANTHENOL KIDS HAIR CREAM 100 GM,HEPTA PANTHENOL KIDS HAIR CREAM 100 GM,بانثينول هيبتا كريم شعر كبار جديد 185,2685214.0,100.0,algo_match,brand_index,,
90349,HEPTA PANTHENOL PLUS CARBAMIDE,HEPTA PANTHENOL PLUS CARBAMIDE CREAM 50 GM,بانثينول هيبتا بلس كارباميد,2628713.0,83.3,ai_confirmed,ai_verified,0.0,
91827,HEPTA PANTHENOL PLUS CARBAMIDE BODY LOTION 120 ML,HEPTA PANTHENOL PLUS CARBAMIDE BODY LOTION 120 ML,هيبتا بانثينول بلس كارباميد لوسيون للجسم 120 مل,2595295.0,100.0,algo_match,brand_index,,
89138,HEPTA PANTHENOL RICH BODY LOTION 100 ML,HEPTA PANTHENOL BODY LOTION RICH 100 ML,هيبتا بانثينول ريتش لوسيون للجسم 100 مل,2474227.0,100.0,algo_match,brand_index,,
88238,HEPTA PANTHENOL RICH BODY LOTION 250 ML,HEPTA PANTHENOL BODY LOTION RICH 250 ML,هيبتا بانثينول ريتش لوسيون للجسم 250 مل,1766702.0,100.0,algo_match,brand_index,,
81091,herba trend 10 bags,HERBATREND 10 SACHETS,هيرباتريند 10 اكياس,,81.2,ai_confirmed,ai_verified,0.0,
91647,HERBA TREND 25 BAGS,HERBATREND 25 SACHETS,هيرباتريند 25 اكياس,,81.2,ai_confirmed,ai_verified,0.0,
87135,HERBAL SENSATION HAIR MASK WITH ARGAN OIL 600ML,,,,,,no_match,,
22319,HERBAMIX SHAMPOO 200ML,,,,,,no_match,,
87627,HERBANA 30 CAPS,HERBANA 30 CAPS,هيربانا 30 كبسول,2333553.0,100.0,algo_match,brand_index,,
67234,HERMPRO 10 MG 20 TAB,HERMPRO 10 MG 20 F.C. TAB.,هيرمبرو 10 مجم 20 اقراص,1492657.0,90.9,algo_match,brand_index,,
80369,HERO 8CEREALS &APPLE WITH MILK 150GM,,,,,,no_match,,
90837,hero baba potato 120gm,,,,,,no_match,,
47798,HERO BABY APPLE COMPOTE 120GM JAR,,,,,,no_match,,
75263,HERO BABY AR MILK,HERO BABY AR MILK 400 GM,هيرو بيبي ايه ار لبن 400 جم,,82.9,ai_confirmed,ai_verified,0.0,
80500,HERO BABY DIGEST MILK 400G,HERO BABY DIGEST MILK 400 GM,هيرو بيبي دايجست لبن 400 جم,2157366.0,98.2,algo_match,brand_index,,
80664,HERO BABY FEH 400 GM,,,,,,no_match,,
75431,HERO BABY HA MILK,HERO BABY HA MILK 400 GM,هيرو بيبي اتش ايه لبن 400 جم,2607498.0,82.9,ai_confirmed,ai_verified,0.0,
66292,HERO BABY LF MILK,HERO BABY LF MILK 400 GM,هيرو بيبي ال اف لبن 400 جم,1670502.0,82.9,ai_confirmed,ai_verified,0.0,
47796,HERO BABY MILK 1,,,,,,no_match,,
47797,HERO BABY MILK 2,,,,,,no_match,,
47781,HERO BABY MIXED FRUITS JAR,HERO BABY MIXED FRUITS 190 GM,هيرو بيبي فواكه مشكله 190 جرام,1917044.0,80.0,ai_confirmed,ai_verified,0.0,
82606,HERO BABY NUTRADEFENSE 1 PLUS MILK 400 GM,,,,,,no_match,,
58236,HERO BABY Nutradefense 2 MILK,HERO BABY NUTRADEFENSE 2 MILK 400 GM,هيرو بيبي نيوتراديفنس بلس 2 لبن 400 جم,2144527.0,89.2,ai_confirmed,ai_verified,0.0,
58237,HERO BABY Nutradefense PLUS 3 MILK,,,,,,no_match,,
79566,HERO BABY NUTRASENSE 1 MILK,HERO BABY NUTRASENSE 1 MILK 400 GM,هيرو بيبي نيوتراسنس 1 لبن 400 جم,1654947.0,88.5,ai_confirmed,ai_verified,0.0,
80227,HERO baby NUTRASENSE 2 400GM MILK,HERO BABY NUTRASENSE 2 MILK 400 GM,هيرو بيبي نيوتراسنس 2 لبن 400 جم,2575530.0,100.0,algo_match,brand_index,,
81296,HERO BABY NUTRASENSE 3,HERO BABY NUTRASENSE 3 MILK 400 GM,هيرو بيبي نيوتراسنس 3 لبن 400 جم,2455097.0,100.0,algo_match,token_set_ratio,,
64572,HERO BABY PRUNES,,,,,,no_match,,
52222,HERO BABY WHEAT& OAt FOLLOW ON MILK 150 ML,,,,,,no_match,,
57401,HERO BABY YOGHURT PEAR JAR,HERO BABY YOGHURT PEAR JAR 120 GM,هيرو بيبي مهروس كمثري وزبادي 120 جم,2073351.0,88.1,ai_confirmed,ai_verified,0.0,
89743,HERO ORS STRAWBERRY,,,,,,no_match,,
89491,HERO PRO DROP 7.5 ML,HERO PRO 7.5 ML DROPS,هيرو برو 7.5 مل قطره,2158046.0,97.6,algo_match,brand_index,,
90415,HERO VI D3 15ML DROPS,HERO V D 3 DROPS 15 ML,هيرو في دي 3 قطره 15 مل,2584962.0,97.8,algo_match,brand_index,,
89684,HERO VITAMIN D3 + K2 DROPS 10 ML,,,,,,no_match,,
90799,HERORASH CREAM 60 GM,HERORASH CREAM 60 GM,هيروراش كريم 60 جم,,100.0,algo_match,brand_index,,
85884,HEROXACIN 500MG 10 TABS,HEROXACIN 500 MG 10 SCORED F.C. TAB.,هيروكساسين 500 مجم 10 اقراص,2500023.0,88.4,ai_confirmed,ai_verified,0.0,
73250,HEXITOL MOUTHWASH 100 ML,,,,,,no_match,,
89247,HEYA A2Z FEMININE WASH 250 ML,HEYA A 2 Z FEMININE WASH WASH 250 ML,هي ايه تو زد غسول نسائي 250 مل,2114013.0,92.5,algo_match,brand_index,,
21441,HI-CAL SYRUP,HI CAL 1200 MG / 5 ML SYRUP 100 ML,هاي كال 1200 مجم / 5 مل شراب 100 مل,949724.0,100.0,algo_match,token_set_ratio,,
28429,HI-GLITAZONE 15MG TAB,HI GLITAZONE 15 MG 30 TAB.,هاي جليتازون 15 مجم 30 اقراص,2144128.0,93.6,algo_match,brand_index,,
81441,hi-glitazone 30 mg tab,HI GLITAZONE 30 MG 30 TAB.,هاي جليتازون 30 مجم 30 اقراص,905414.0,93.6,algo_match,brand_index,,
3676,HI POTENCY FORMULA30 CAP,HI POTENCY FORMULA 30 TABS.,هاي بوتنسي فورميولا 30 اقراص,2340996.0,82.4,ai_confirmed,ai_verified,0.0,
79365,HI_COOL MASSAGE CREAM 100 GM,HI COOL MASSAGE CREAM 100 GM,هاي كول كريم مساج 100 جم,1655360.0,82.1,ai_confirmed,ai_verified,0.0,
73234,HIBIOTIC 1000 MG 16 TAB,,,,,,no_match,,
3454,HIBIOTIC 375 MG 20 TAB,HIBIOTIC 375 MG 20 TABS.,هاي بيوتك 375 مجم 20 اقراص,1941853.0,97.8,algo_match,brand_index,,
73798,HIBIOTIC 625 MG 16 TAB ANTI_B,HIBIOTIC 625 MG 16 TAB.,هاي بيوتك 625 مجم 16 اقراص,2195106.0,86.3,ai_confirmed,ai_verified,0.0,
77113,HIBIOTIC N 228.5 SUSP,HIBIOTIC N 228 MG / 5 ML SUSP. 60 ML,هاي بيوتك ان 228 مجم / 5 مل شراب 60 مل,1946493.0,83.3,ai_confirmed,ai_verified,0.0,
73646,HIBIOTIC N 457 MG SUSP 60 ML,HIBIOTIC N 457 MG / 5 ML SUSP. 60 ML,هاي بيوتك ان 457 مجم / 5 مل شراب 60 مل,905410.0,88.9,ai_confirmed,ai_verified,0.0,
73989,HIBIOTIC N 600 MG SUSP,HIBIOTIC N 600 MG SUSP. 80 ML,هاي بيوتك ان 600 مجم شراب 80 مل,2160143.0,88.0,ai_confirmed,ai_verified,0.0,
75445,HIDERM CREAM 50 GM,HIDERM CREAM 50 GM,هاي ديرم كريم 50 جم,2128091.0,100.0,algo_match,brand_index,,
28428,HIDERM LOTION 100 ML,HIDERM TOPICAL LOTION 100 ML,هاي ديرم لوسيون 100 مل,1744799.0,83.3,ai_confirmed,ai_verified,0.0,
61237,HIDERM SOAP 75 GM,,,,,,no_match,,
75854,HIDRASEC 100MG. 10CAPS,HIDRASEC 100 MG 10 CAPS.,هيدراسيك 100 مجم 10 كبسول,1754281.0,100.0,algo_match,brand_index,,
28957,HIGH SEAS SYP,,,,,,no_match,,
73385,HIHAEM IRON 1000 MG 30 CAP,,,,,,no_match,,
60912,HIMAX SPRAY 100 ML,HIMAX TOPICAL SPRAY 100 ML,هاي ماكس بخاخ موضعي 100 مل,2112917.0,81.8,ai_confirmed,ai_verified,0.0,
47994,HIMAX CREAM 30 GM,HIMAX CREAM 30 GM,هاي ماكس كريم 30 جم,945856.0,100.0,algo_match,brand_index,,
88578,HIMAX VIT SYRUP,HIMAX VIT SYRUP 120 ML,هاي ماكس فيت شراب 120 مل,1880309.0,81.1,ai_confirmed,ai_verified,0.0,
19410,HIPAMAX 20CAP,HIPAMAX 20 CAPSULES,هيباماكس 20 كبسول,2585431.0,84.8,ai_confirmed,ai_verified,0.0,
23264,HIPAMAX PLUS 20CAP,HIPAMAX PLUS 20 CAPS.,هيباماكس بلس 20 كبسول,2402328.0,97.4,algo_match,brand_index,,
60792,HIPANTHEN PLUS CREAM 60 GM,HIPANTHEN PLUS CREAM 60 GM,هاي بانتين بلس كريم 60 جم,2685136.0,100.0,algo_match,brand_index,,
62382,HIPANTHEN PLUS SKIN LOTION 120ML,HIPANTHEN PLUS TOPICAL LOTION 120 ML,هاي بانتين بلس لوسيون 120 مل,2616617.0,87.0,ai_confirmed,ai_verified,0.0,
76486,HISATRUP 10MG 30TAB,HISATRUP 10 MG 30 F.C. TABS.,هيساتروب 10 مجم 30 اقراص,2462411.0,89.4,ai_confirmed,ai_verified,0.0,
16853,HISTAFREE TAB,HISTAFREE 120 MG 10 TAB.,هيستافري 120 مجم 10 اقراص,2471548.0,100.0,algo_match,token_set_ratio,,
90223,HISTAMEDIZEN 30MG/ML,HISTAMEDIZEN 30 MG / 5 ML SUSP,هيستاميدزين شراب,2427473.0,83.3,ai_confirmed,ai_verified,0.0,
80361,HISTAZINE1 20 TABS,HISTAZINE 1 10 MG 20 TABS,هيستازين 1 10 مجم 20 اقراص,2156219.0,86.4,ai_confirmed,ai_verified,0.0,
40004,HISTAZINE1 DROPS,HISTAZINE 1 100 MG / 10 ML ORAL DROPS 10 ML,هيستازين 1 100 مجم / 10 مل قطره فمويه 10 مل,,100.0,algo_match,token_set_ratio,,
73501,HISTAZINE1 SYRUP 100 ML,HISTAZINE 1 0.1 % SYRUP 100 ML,هيستازين 1 0.1 % شراب 100 مل,905462.0,88.9,ai_confirmed,ai_verified,0.0,
48178,HISTOTEC 16 MG 20 TAB,HISTOTEC 16 MG 20 F.C. TAB.,هيستوتك 16 مجم 20 اقراص,2036773.0,91.3,algo_match,brand_index,,
90642,HOFFLASE ORAL DROPS 20ML,HOFFLASE ORAL DROP 20 ML,هوفليز قطره بالفم 20 مل,,98.0,algo_match,brand_index,,
86438,HOSTI REST SYRUP 120 ML,HOSTI REST SYRUP 120 ML,هوستي ريست شراب 120 مل,,100.0,algo_match,brand_index,,
89198,HPG GINKGO 40 MG 20 F.C. TABS,HPG GINKGO 40 MG 20 TAB,اتش بي جي جينكو 40 مجم 20 اقراص,,90.2,algo_match,brand_index,,
74688,HUMALOG 100 U/ MI KWIKPEN,,,,,,no_match,,
77255,HUMALOG 100U/ML 5-CARTRIDGES,HUMALOG 100 I.U. / ML ( 5 CARTRIDGES),هيومالوج 100 وحده / مل 5 خرطوشه,,83.1,ai_confirmed,ai_verified,0.0,
65508,HUMAN ALBUMIN 20% 1 VIAL 50 ML,,,,,,no_match,,
91924,HUMAXIN MIX 70/30 100 I.U./ML 5*3ML PENFILLS,,,,,,no_match,,
72337,HUMIRA 40MG/0.8ML 2 AMP,,,,,,no_match,,
10660,HUMULIN 70/30 5 CARTRIDGES ممنوع التجزئة,,,,,,no_match,,
85152,HUNTER CREAM 50MG,HUNTER CREAM 50 GM,هانتر كريم 50 جم,1992800.0,83.3,ai_confirmed,ai_verified,0.0,
85850,HYACARENOL 10ML EYE DROPS,HYACARENOL EYE DROPS 10 ML,هياكيرينول قطره عين 10 مل,2146818.0,100.0,algo_match,brand_index,,
79356,HYALO 4 100GM CREAM,HYALO 4 CONTROL CREAM 100 GM,هيالو 4 كونترول كريم 100 جم,1652059.0,83.3,ai_confirmed,ai_verified,0.0,
68861,HYALO4 CONTROL CREAM 25 GM,HYALO 4 CONTROL CREAM 25 GM,هيالو 4 كونترول كريم 25 جم,2471512.0,100.0,algo_match,brand_index,,
84114,hyalo4 skin cream,HYALO 4 SKIN CREAM 25 GM,هيالو 4 سكين كريم 25 جم,2086859.0,85.7,ai_confirmed,ai_verified,0.0,
68860,HYALO4 SKIN GEL 30 GM,HYALO 4 SKIN GEL 30 GM,هيالو 4 سكين جل 30 جم,1824253.0,100.0,algo_match,brand_index,,
90597,HYALONE 60MG,HYALONE 60 MG / 4 ML INTRA ARTICULAR PREFILLED SYRINGE,هيالون 60 مجم / 4 مل سرنجه,,100.0,algo_match,token_set_ratio,,
91658,HYALONE 60MG 4ML INTRA-ARTICULAR PREFILLED SYRINGE,HYALONE 60 MG / 4 ML INTRA ARTICULAR PREFILLED SYRINGE,هيالون 60 مجم / 4 مل سرنجه,,98.1,algo_match,brand_index,,
90802,HYCYANARO 1.5 % EYE DROPS 5 ML,HYCYANARO EYE DROP 5 ML,هايسيانارو قطره للعين 5 مل,,86.8,ai_confirmed,ai_verified,0.0,
35860,HYDRAFEET CREAM 60 GM,HYDRAFEET CREAM 60 GM,هيدرافيت كريم 60 جم,2465368.0,100.0,algo_match,brand_index,,
89629,HYDRATEARS EYE DROPS 10 ML,HYDRATEARS EYE DROPS 10 ML,هيدراتيرز قطره للعين 10 مل,2065395.0,100.0,algo_match,brand_index,,
73956,HYDRO-SAFE 10 SACHETS,HYDRO SAFE 10 SACHET,هيدروسيف 10 اكياس,1585541.0,97.6,algo_match,brand_index,,
62016,HYDROCORT TOPICAL CREAM 20 GM,HYDROCORT 0.1 % TOPICAL CREAM 20 GM,هيدروكورت 0.1 % كريم موضعي 20 جم,2500849.0,90.6,algo_match,brand_index,,
78253,Hydrocortisone 100mg VIAL,,,,,,no_match,,
73558,HYDROFERRIN DROPS 30 ML,HYDROFERRIN 50 MG / ML ORAL DROPS 30 ML,هيدروفيرين 50 مجم / مل قطره 30 مل,,100.0,algo_match,token_set_ratio,,
90265,HYDROFERRIN SYR 50MG/5ML,,,,,,no_match,,
85043,HYDROFUSIDIC CREAM,HYDROFUSIDIC CREAM 20 GM,هيدروفيوسيديك كريم 20 جم,2059542.0,85.7,ai_confirmed,ai_verified,0.0,
10702,HYDROQUINE 200 MG 20 TAB,HYDROQUINE 200 MG 20 TABS.,هيدروكين 200 مجم 20 اقراص,2437663.0,98.0,algo_match,brand_index,,
28532,HYFRESH 0.2% EYE DROPS 10 ML,HYFRESH 0.2 % EYE DROPS 10 ML,هاي فريش 0.2 % قطره 10 مل,1407451.0,94.7,algo_match,brand_index,,
79613,HYGI-TADINE 5MG TABS,HYGI TADINE 5 MG 20 F.C. TABS.,هايجي تادين 5 مجم 20 اقراص,2644704.0,85.7,ai_confirmed,ai_verified,0.0,
90925,HYPEROIL 50ML,HYPEROIL 50 ML GLASS DROPPING BOTTLE,هايبر اويل 50 مل زجاجه,,100.0,algo_match,token_set_ratio,,
92688,HYPOTHYRONOR 50 MG 100,,,,,,no_match,,
92505,HYRIMOZ 40 MG/ 0.8 ML 2 PREF SYRINGES,,,,,,no_match,,
76411,HYSTROGEST 200 MG 30 CAPS,HYSTROGEST 200 MG 30 S.G.CAPS.,هيستروجست 200 مجم 30 كبسول,2471549.0,92.6,algo_match,brand_index,,
77265,HYZAAR 100/12.5,,,,,,no_match,,
74343,HYZAAR 50/12.5 MG 14 TAB,HYZAAR 50 / 12.5 MG 14 F.C. TAB.,هيزار 50 / 12.5 مجم 14 اقراص,,81.5,ai_confirmed,ai_verified,0.0,
91156,IBANDROCARE 150MG 2 F.C.TAB.,IBANDROCARE 150 MG 2 F.C.TAB,اباندروكير 150 مجم 2 اقراص,901629.0,100.0,algo_match,brand_index,,
90737,IBANDROCARE 150MG 2 TAB,IBANDROCARE 150 MG 2 F.C.TAB,اباندروكير 150 مجم 2 اقراص,901629.0,92.3,algo_match,brand_index,,
59088,IBANDROCARE 2 TAB,IBANDROCARE 150 MG 2 F.C.TAB,اباندروكير 150 مجم 2 اقراص,901629.0,100.0,algo_match,token_set_ratio,,
46331,IBIAMOX 400MG SUSP,IBIAMOX 400 MG / 5 ML SUSP. 80 ML,ابياموكس 400 مجم / 5 مل شراب 80 مل,1883162.0,100.0,algo_match,token_set_ratio,,
3717,IBIAMOX 500MG CAP,IBIAMOX 500 MG 12 CAPS.,ابياموكس 500 مجم 12 كبسول,1876695.0,90.0,algo_match,brand_index,,
73821,IBIDROXIL 1 GM 8 TAB,IBIDROXIL 1 GM 8 F.C. TABS.,ابيدروكسيل 1 جم 8 كبسول,,88.9,ai_confirmed,ai_verified,0.0,
112,IBIDROXIL 250MG SUSP,IBIDROXIL 250 MG / 5 ML SUSP. 60 ML,ابيدروكسيل 250 مجم / 5 مل شراب 60 مل,,100.0,algo_match,token_set_ratio,,
74199,IBIDROXIL 500 MG CAP,IBIDROXIL 500 MG 8 CAPS.,ابيدروكسيل 500 مجم 8 كبسول,,93.0,algo_match,brand_index,,
85321,IBUMENTOL 100 GM GEL,,,,,,no_match,,
79351,IBUMENTOL 50GM GEL,,,,,,no_match,,
78185,ICANDRA PLUS 50/1000 30-TAB,,,,,,no_match,,
82877,ICOSALIP 1GM 20CAPS,ICOSALIP 1 GM 20 CAPS,ايكوزاليب 1 جم 20 كبسول,1336523.0,100.0,algo_match,brand_index,,
80521,IDELOX 5 ML EYE DPS,IDELOX 0.5 % EYE DROPS 5 ML,ايدلوكس 0.5 % قطره 5 مل,2143627.0,82.6,ai_confirmed,ai_verified,0.0,
89490,IDOMALTOL 30 MG 56 CAPS,IDOMALTOL 30 MG 56 CAPS,ايدوماتول 56 كبسول,2532998.0,100.0,algo_match,brand_index,,
92052,IGEA MARINE COLLAGEN 60CAPS,IGEA MARINE COLLAGEN 60 CAPSULES,ايجيا مارين كولاجين 60 كبسول,,93.3,algo_match,brand_index,,
77520,iksaront 2.5mg tab,IKSARONT 2.5 MG 30 F.C. TABS.,ايكسارونت 2.5 مجم 30 اقراص,2157312.0,82.6,ai_confirmed,ai_verified,0.0,
79592,IKSARONT 5 MG 30 F.C. TABS,IKSARONT 5 MG 30 F.C. TABS.,اكسارونت 5 مجم 30 اقراص,901902.0,100.0,algo_match,brand_index,,
88625,ILEX YEAST 20TAB,ILEX YEAST 20 TAB,ايليكس يست 20 اقراص,2549227.0,100.0,algo_match,brand_index,,
91782,IMATINIB 400 MG,,,,,,no_match,,
90945,IMEGLISPIRE 500MG 30 TAB,IMEGLISPIRE 500 MG 30 F.C. TABS,اميجليسبير 500 مجم 30 اقراص,2293078.0,90.9,algo_match,brand_index,,
19004,IMIGRAN 50MG TAB,IMIGRAN 50 MG 2 F.C. TAB.,ايميجران 50 مجم 2 اقراص,,85.0,ai_confirmed,ai_verified,0.0,
57415,IMIPRAMINE 25 MG 50 TAB,IMIPRAMINE 25 MG 50 TAB.,ايمبرامين 25 ق,2683288.0,100.0,algo_match,brand_index,,
81201,immuguard colostrum SACHS,,,,,,no_match,,
67381,IMMUGUARD14 SACHETS,IMMUGUARD 14 SACHETS,اميوجارد 14 اكياس,2435243.0,100.0,algo_match,brand_index,,
73728,IMMULANT 20 CAP,IMMULANT 20 CAPS,اميولانت 20 كبسول,2468455.0,96.8,algo_match,brand_index,,
26932,IMMULANT PLUS CAP,IMMULANT PLUS 20 CAPS,اميولانت بلس 20 كبسول,2312452.0,89.5,ai_confirmed,ai_verified,0.0,
73509,IMMULANT SYRUP,IMMULANT SYRUP 120 ML,اميولانت شراب 120 مل,1766233.0,80.0,ai_confirmed,ai_verified,0.0,
91983,IMMUNE BCG-T 90MG 3ML VIAL,,,,,,no_match,,
82663,IMMUNIPHAR 30 TABS,,,,,,no_match,,
89069,IMMUNIZZARE KIDS SYRUP 120 ML,,,,,,no_match,,
40138,IMMUNO-MASH 30 F.C.TABS.,IMMUNO MASH D D 3 10.000 I.U. 30 F.C.TABS,امينوماش اقراص 120,2645945.0,100.0,algo_match,token_set_ratio,,
85206,IMMUNO-MASH D (D3) 10.000 I.U. 30 F.C.TABS.,IMMUNO MASH D D 3 10.000 I.U. 30 F.C.TABS,امينوماش اقراص 120,2645945.0,92.5,algo_match,brand_index,,
85655,IMMUNO-MASH D VITAMIN D3 5000 TAB,,,,,,no_match,,
22222222,IMMUNO-MASH KIDS SYRUP 100 ML,IMMUNO MASH KIDS SYRUP 100 ML,اميونو ماش كيدز 100 مل شراب,2164440.0,100.0,algo_match,brand_index,,
78588,IMMUNO-MASH VITAMIN C & ZINC,,,,,,no_match,,
12382,IMODIUM 6CAP IMPORTED,,,,,,no_match,,
81003,imoflora 10 tab,IMOFLORA 2 / 125 MG 10 TAB,ايموفلورا 2 / 125 مجم 10 اقراص,,100.0,algo_match,token_set_ratio,,
92707,IMP ARENCIA CREAM 30 ML,,,,,,no_match,,
57268,IMP B COMPLEX Puritans Pride 90tab,,,,,,no_match,,
31254,imp BEPANTHENE 250 MG 6 AMP,,,,,,no_match,,
68678,imp CO Q 10 100 MG 60 TAB,,,,,,no_match,,
85260,IMP CYTOTIC 42 TAB,,,,,,no_match,,
54168,imp DHEA 50 MG 60 TAB (NATROL),,,,,,no_match,,
20998,imp DIANE 35 TAB,,,,,,no_match,,
22552,IMP DOOZ 14000 DELAY SPRAY F/MEN WITH VIT.E,,,,,,no_match,,
92571,IMP FERRARI CHOCALATE FOR WOMEN,,,,,,no_match,,
19670,IMP FOLIC ACID 400MG 250 TAB (PURITANS PRIDE)$$$,,,,,,no_match,,
57612,imp FOLIC ACID 800 MCG 250 TAB PURITANS PRIDE,,,,,,no_match,,
91800,IMP GONAPURE 150 مستورد,,,,,,no_match,,
91864,IMP GONAPURE 75 I.U./ML I.M./S.C. VIAL,,,,,,no_match,,
48177,IMP HYDREA CAPSULES 500 MG 100 CAP,,,,,,no_match,,
29049,imp HYDROCORTISONE -POS N 2.5% EYE OINTMENT,,,,,,no_match,,
91350,imp iron tab,,,,,,no_match,,
56079,IMP KENACORT-A ORABASE 5 G ORAL,,,,,,no_match,,
90,IMP LAVEZONE ONE TAB,,,,,,no_match,,
58805,IMP METHYCOBAL INJECTION 500 MG 10 AMP,,,,,,no_match,,
90530,imp mfs plus,,,,,,no_match,,
59305,imp MOOV RAPID RELIFE 100 G,,,,,,no_match,,
57482,imp MOOV SPRAY RAPID RELIFE 150 ML,,,,,,no_match,,
56875,IMP MOVE FREE ADVANCED PLUS 1500MGMSM 120TAB GREEN,,,,,,no_match,,
60441,IMP PANADOL ADVANCE 24 TAB,,,,,,no_match,,
68673,imp PERFECTIL MAX 28 TAB,,,,,,no_match,,
72475,IMP PERFECTIL PLUS hair EXTRA SUPPORT 60 TAB,,,,,,no_match,,
92728,IMP PRIMARIN - E VAGINAL CREAM 14 MG,,,,,,no_match,,
75247,imp PROGYNOVA 2MG BAYER,,,,,,no_match,,
37933,imp SOLPADEIN EFF 20 TAB,,,,,,no_match,,
92129,IMP SOLU-MEDROL 500MG VIAL,,,,,,no_match,,
71786,IMP STEROGYL 15 H 600000 IU,,,,,,no_match,,
68683,imp wfs+la-180 cap,,,,,,no_match,,
88962,IMP+++++CENTRUM FOR WOMEN,,,,,,no_match,,
85289,impacta massage gel,,,,,,no_match,,
19371,IMURAN 50 MG 100 TAB,IMURAN 50 MG 100 F.C.TABS.,اميوران 50 مجم 100 اقراص,,88.9,ai_confirmed,ai_verified,0.0,
86091,IMUTREXATE 10 MG 10 TABS.,IMUTREXATE 10 MG 10 TABS.,اميوتريكسات 10 مجم 10 اقراص,2468447.0,100.0,algo_match,brand_index,,
87319,IMUTREXATE 15 MG 10 TABS,IMUTREXATE 15 MG 10 TABS.,اميوتريكسات 15 مجم 10 اقراص,1949028.0,100.0,algo_match,brand_index,,
87582,IMUTREXATE 2.5 10 TAB,IMUTREXATE 2.5 MG 10 TABS.,اميوتريكسات 2.5 مجم 10 اقراص,2668304.0,91.3,algo_match,brand_index,,
89508,IMUTREXATE 5 MG 10 TABS,IMUTREXATE 5 MG 10 TABS.,اميوتريكسات 5 مجم 10 اقراص,1958550.0,100.0,algo_match,brand_index,,
88003,IMUTREXATE 7.5 MG 10 TABS,IMUTREXATE 7.5 MG 10 TABS.,اميوتريكسات 7.5 مجم 10 اقراص,2468451.0,100.0,algo_match,brand_index,,
91806,IN & OUT SHOWER GEL 200ML,,,,,,no_match,,
84809,IN&OUT HAIR OIL 120 ML,,,,,,no_match,,
89319,INCAN-D 30 TABS,INCAN D 30 TABS,انكان دي 30 اقراص,2422950.0,100.0,algo_match,brand_index,,
55698,INCONT L.A. 30 TAB 4 MG,INCONT L.A. 4 MG 30 TAB.,انكونت ال ايه 4 مجم 30 اقراص,2144511.0,100.0,algo_match,brand_index,,
47723,INDERAL 10 MG 50TAB,INDERAL 10 MG 50 TABS,اندرال 10 مجم 50 اقراص,902117.0,97.6,algo_match,brand_index,,
47724,INDERAL 40 MG 50 TAB,INDERAL 40 MG 50 TABS,اندرال 40 مجم 50 اقراص,2468487.0,97.6,algo_match,brand_index,,
73418,INDOMETACIN 100 MG 10 SUPPS,,,,,,no_match,,
34534,INDOMETHACIN SUPP MISR,INDOMETHACIN 100 MG 10 SUPP. B.P. 2014,اندوميثاسين العربيه 100 مجم 10 لبوس,902132.0,87.2,ai_confirmed,ai_verified,0.0,
86437,INESTAFENAC 50 MG 10 SACHETS,INESTAFENAC 50 MG 10 SACHET,انستافيناك 50 مجم 10 اكياس,1159509.0,98.2,algo_match,brand_index,,
63345,INFATRINI FOR INFANTS 400 G MILK,,,,,,no_match,,
82602,INFECTOCURE 125MG,INFECTOCURE 125 MG / 5 ML SUSP. 60 ML,انفيكتوكيور 125 مجم / 5 مل شراب 60 مل,2513395.0,100.0,algo_match,token_set_ratio,,
86825,INFECTOCURE 250 MG,INFECTOCURE 250 MG / 5 ML SUSP. 60 ML,انفيكتوكيور 250 مجم / 5 مل شراب 60 مل,2638457.0,100.0,algo_match,token_set_ratio,,
82381,INFECTOCURE 250MG 14TABS,INFECTOCURE 250 MG 14 F.C. TABS.,انفيكتوكيور 250 مجم 14 اقراص,2189501.0,92.9,algo_match,brand_index,,
82380,INFECTOCURE 500MG 14TABS,INFECTOCURE 500 MG 14 F.C. TABS.,انفيكتوكيور 500 مجم 14 اقراص,1937748.0,92.9,algo_match,brand_index,,
64005,INFECTOMYCIN 500 MG 6 TAB,INFECTOMYCIN 500 MG 6 F.C. TABS.,انفكتوميسين 500 مجم 6 اقراص,2464864.0,90.9,algo_match,brand_index,,
91880,INFINITY BUNNY VITA D DROPS 15ML,INFINITY BUNNY VITA D ORAL DROPS 15 ML,انفينتي باني فيتا د قطره بالفم 15,,93.0,algo_match,brand_index,,
83279,infinity care sunscreen lotion offer1+1,,,,,,no_match,,
87066,INFINITY HYALU COLLAGEN CREAM 2% 50 GM,INFINITY HYALU COLLAGEN CREAM 50 GM,انفينتي هيالو كولاجين كريم 50 جم,,95.9,algo_match,brand_index,,
87085,INFINITY LASCAR GEL 60GM,,,,,,no_match,,
87987,INFINITY MOISTURIZINC CREAM 120 ML,INFINITY MOISTURIZING CREAM 120 ML,انفينتي كريم مرطب 120 مل,2200146.0,97.1,algo_match,brand_index,,
87667,INFINITY PROTECT &GLOW KIT SUNSCREEN + SERUM OFFER,,,,,,no_match,,
88974,INFINITY PURIFYING CLEANSING GEL 200ML,INFINITY PURIFYING CLEANSING GEL 200 ML,انفينتي بيوريفاينج غسول جل للوجه 200 مل,,100.0,algo_match,brand_index,,
87884,INFINITY SOOTHING WASH + INFINITY SOOTHING GEL 1+1,INFINITY SOOTHING GEL 120 ML + INFINITY MOISTURIZING CREAM 120 ML,انفينتي جل ملطف 120 مل + انفينتي كريم مرطب 120 مل,,83.6,ai_confirmed,ai_verified,0.0,
81361,infinity top hair shampo250 ml,,,,,,no_match,,
87883,INFINITY TREATO HAIR PROTECTION SERUM 80 ML,,,,,,no_match,,
88271,INFINITY VITAMIN C CLEANSER + SERUM OFFER 1+1,INFINITY VITAMIN C CLEANSER 200 ML + SERUM,انفينتي فيتامين سي غسول 200 مل + انفينتي فيتامين سي سيرم,902170.0,85.1,ai_confirmed,ai_verified,0.0,
88192,INFINITY WHITENING CREAM 60 GM 1 + 1,INFINITY WHITENING CREAM 60 GM OFFER 1 + 1,انفينتي كريم تفتيح 60 جم عرض 1 + 1,2146441.0,92.3,algo_match,brand_index,,
83770,INFINTY CARE SUNSCREAN MIST 50,,,,,,no_match,,
87157,INFINTY HAYAN COLLAGEN SERUM,,,,,,no_match,,
83675,INFINTY VIT C SERUM 1&1,,,,,,no_match,,
91742,INFLAMOFEN 3% FOAM 50 GM,INFLAMOFEN 3 % TOPICAL FOAM SPRAY 50 ML,انفلاموفين 3 % فوم بخاخ 50 مل,,85.7,ai_confirmed,ai_verified,0.0,
87231,influprop spray,INFLUPROP NASAL SPRAY 65 ML,انفلوبروب بخاخ 65 مل,1824425.0,100.0,algo_match,token_set_ratio,,
40564,INFLUVAC TETRA 1 PREF.SYRINGE SUSP. FOR I.M. S.C.,INFLUVAC TETRA 1 PREF.SYRINGE SUSP. FOR I.M. S.C. INJ 0.5 ML.,انفلوفاك تترا 1 سرنجه 0.5 مل,2150421.0,89.3,ai_confirmed,ai_verified,0.0,
79593,INHALEX 18MCG 30 INH. CAPS.+ INH. DEVICE,INHALEX 18 MCG 30 INH. CAPS.+ INH. DEVICE,انهالكس 18 مكجم 30 كبسول + جهاز استنشاق,1425558.0,100.0,algo_match,brand_index,,
91398,INJECTAFER 50MG/1ML 1 VIAL FOR I.V,,,,,,no_match,,
59134,INJECTMOL 1 GM/100ML VIAL FOR I.V. INF.,INJECTMOL 1 GM / 100 ML VIAL FOR I.V. INF.,انجكتمول 1 جم / 100 مل امبول,,87.2,ai_confirmed,ai_verified,0.0,
79884,INLETAIR 10MG 10TABS,INLETAIR 10 MG 10 F.C.TAB.,انلت اير 10 مجم 10 اقراص,902174.0,89.4,ai_confirmed,ai_verified,0.0,
88456,INNOFER SACHET10,INNOFER 10 SACHETS,اينوفير 10 اكياس,2630241.0,97.1,algo_match,brand_index,,
90951,INODEP CAPSULES 30,INODEP 30 CAPS,اينوديب 30 كبسول,1877778.0,87.5,ai_confirmed,ai_verified,0.0,
84834,INOFOLIC 30 CAPS,INOFOLIC 30 CAPS.,انوفوليك 30 كبسوله,1474756.0,100.0,algo_match,brand_index,,
91144,INOFOLIC COMBI HP SOFT GELATIN CAP 30,,,,,,no_match,,
91143,INOFOLIC HP SOFT GELATIN CAP 30,,,,,,no_match,,
92308,INSTANOM 20 CAPS,INSTANOM 20 CAPS,انستانوم 20 كبسول,,100.0,algo_match,brand_index,,
85101,INSTOLAB 20CAPS,INSTOLAB 20 CAPS,انستولاب 20 كبسول,,100.0,algo_match,brand_index,,
79401,INSULATARD 10ML 100 IU/ML,INSULATARD HM 100 I.U. / ML 10 ML VIAL,انسولاتارد اتش ام 100 وحده / مل 10 مل امبول,1750341.0,87.0,ai_confirmed,ai_verified,0.0,
79397,insulatard penfill 100 IU/ML,,,,,,no_match,,
23139,INSULIN H MIX 100UNIT,,,,,,no_match,,
74674,INSULINAGYPT 70/30 100 UNITS 10 ML,,,,,,no_match,,
66765,INSULINAGYPT N 100 UNITS 10 ML,INSULINAGYPT N 100 I.U. / ML ( 10 ML) VIAL,انسوليناجيبت ان 100 وحده / 10 مل امبول,2290430.0,88.9,ai_confirmed,ai_verified,0.0,
66760,INSULINAGYPT R 100 UNITS 10 ML,INSULINAGYPT R 100 I.U. / ML 10 ML VIAL,انسوليناجيبت ار 100 وحده / مل 10 مل امبول,,88.9,ai_confirmed,ai_verified,0.0,
68847,INSUPEN 4 MM 100 PCS شكاكات انسولين,,,,,,no_match,,
79594,integrol 10 mg 30tablets,INTEGROL 10 MG 30 F.C. TABS.,انتجرول 10 مجم 30 اقراص,2168422.0,86.3,ai_confirmed,ai_verified,0.0,
90879,INTIROSE FEMININE WASH 250ML,,,,,,no_match,,
61247,INTRAFER 30 TAB,INTRAFER B 30 TABS,انترافير بي 30 اقراص,2468466.0,90.9,algo_match,brand_index,,
82081,INTRAFER B FOR ADULTS 30 TABS,,,,,,no_match,,
57052,INVANZ 1GM Vial,INVANZ 1 GM PD. FOR I.V. INF. OR I.M. INJ.,انفانز 1 جم امبول,,81.5,ai_confirmed,ai_verified,0.0,
89248,INVESTA HAIR SERUM 120 ML,,,,,,no_match,,
92254,INVESTA OIL REPLACEMENT 120 GM,INVESTA OIL REPLACEMENT 120 GM,انفيستا بديل الزيت 120 جم,2146976.0,100.0,algo_match,brand_index,,
77257,INZAD 1GM VIAL,INZAD 1 GM VIAL I.M. / I.V.,انزاد 1 جم امبول,,100.0,algo_match,token_set_ratio,,
48119,IOPROST DROPS,IOPROST 50 MCG / ML EYE DROPS 30 X 0.2 ML SDU,ايوبروست 50 مكجم / مل سنجل دوز 30 امبول,2192456.0,100.0,algo_match,token_set_ratio,,
77501,IPANTEN 100MG 50 CAPS,IPANTEN 100 MG 50 CAPS.,ايبانتين 100 مجم 50 كبسول,2674233.0,100.0,algo_match,brand_index,,
90958,IPANTEN 30MG/5ML ORAL SUSP,,,,,,no_match,,
74983,IPANTEN 50MG CAP,IPANTEN 50 MG 50 CAPS,ايبانتين 50 مجم 50 كبسول,,89.5,ai_confirmed,ai_verified,0.0,
58348,IPRAVENT - S INHALATION,,,,,,no_match,,
84659,IQ PLUS SYRUP,IQ PLUS 75 ML SYRUP,اي كيو بلس 75 مل شراب,,81.2,ai_confirmed,ai_verified,0.0,
81353,IRNO 15 SACHET,,,,,,no_match,,
80166,IROFERIN 30CAPS,IROFERIN 30 CAPS,ايروفرين 30 كبسول,2464936.0,100.0,algo_match,brand_index,,
90878,IROKINZO 30 CAPSULES,IROKINZO 30 CAPS,ايروكينزو 30 كبسول,,88.9,ai_confirmed,ai_verified,0.0,
78227,irolamin 30caps,IROLAMIN 30 CAPS.,ايرولامين 30 كبسول,2435449.0,100.0,algo_match,brand_index,,
86384,IROLIVATAL 30 CAPS,IROLIVATAL 30 CAPS,ايروليفتال 30 كبسول,2435451.0,100.0,algo_match,brand_index,,
87057,iromoon 30 cap,IROMOON 30 CAPS,ايرومون 30 كبسول,,96.6,algo_match,brand_index,,
79562,ironoglor_max 30capsules,,,,,,no_match,,
87654,IROSPECT 20 CAPSULS,,,,,,no_match,,
88624,IROSPECT SYRUP 120ML,IROSPECT SYRUP 120 ML,ايروسبكت شراب 120 مل,1737926.0,100.0,algo_match,brand_index,,
82862,IROVAST TABS,IROVAST 30 F.C. TABS,ايروفاست 30 اقراص,2192372.0,100.0,algo_match,token_set_ratio,,
23126,IRUXOL OINT 15 GM,IRUXOL TOPICAL OINT. 15 GM,ايروكسول مرهم موضعي 15 جم,902373.0,81.0,ai_confirmed,ai_verified,0.0,
77258,ISILIN SYRUP,ISILIN SYRUP 120 ML,ايزيلين شراب 120 مل,1522123.0,100.0,algo_match,token_set_ratio,,
37636,ISIS ANISE 12 BAGS,ISIS ANISE 12 FILTER BAGS,ايزيس ينسون 12 اكياس,902407.0,83.7,ai_confirmed,ai_verified,0.0,
21386,ISIS ANISE 20BAGS,ISIS ANISE 12 FILTER BAGS,ايزيس ينسون 12 اكياس,902407.0,90.9,algo_match,token_set_ratio,,
21389,ISIS CARAWAY 20BAGS,ISIS CARAWAY 20 FILTER BAGS,ايزيس كراويه 20 اكياس,2471639.0,85.1,ai_confirmed,ai_verified,0.0,
48000,ISIS CHAMOMILE 12FILTERS,ISIS CHAMOMILE 12 FILTER BAGS,ايزيس بابونج كاموميل 12 اكياس,2582795.0,88.9,ai_confirmed,ai_verified,0.0,
21385,ISIS CHAMOMILE 20BAGSكاموميل,,,,,,no_match,,
91306,ISIS CINNAMON apple 20 FILTER BAGS,,,,,,no_match,,
40098,ISIS CINNAMON WITH GINGER,,,,,,no_match,,
58580,ISIS CINNAMON WITH GINGER 20 BAG,,,,,,no_match,,
91232,ISIS GREEN COFFEE PLUS 20 PACKET.,,,,,,no_match,,
28627,ISIS GREEN TEA 12FILTERS,ISIS GREEN TEA 12 FILTER BAGS,ايزيس شاي اخضر 12 اكياس,1657765.0,88.9,ai_confirmed,ai_verified,0.0,
37632,ISIS HIBISCUS 12FILTERSكركدية,,,,,,no_match,,
21391,ISIS HIBISCUS 20 BAGS كركدية,ISIS HIBISCUS 20 FILTER BAGS,ايزيس كركديه 20 اكياس,2233548.0,85.7,ai_confirmed,ai_verified,0.0,
28495,ISIS PEPPERMINT 20FILTER,ISIS PEPPERMINT 20 FILTER BAGS,ايزيس نعناع 20 كيس,2342421.0,90.9,algo_match,brand_index,,
21384,ISIS TILIO 12 BAGS,,,,,,no_match,,
83072,ISO ACNETIN 20MG 30CAPS,ISO ACNETIN 20 MG 30 CAPS,ايزو اكنتين 20 مجم 30 كبسول,2360536.0,100.0,algo_match,brand_index,,
88379,ISOCA 10 SACHET,ISOCA 10 SACHETS,ايزوكا 10 اكياس,,96.8,algo_match,brand_index,,
21453,ISOPRINOSINE SYRUP,ISOPRINOSINE 60 ML SYRUP,ايزوبرينوزين 60 مل شراب,,85.7,ai_confirmed,ai_verified,0.0,
40163,ISOPTIN 80MG 30TAB,ISOPTIN 80 MG 30 F.C. TABS.,ايسوبتن 80 مجم 30 اقراص,,88.9,ai_confirmed,ai_verified,0.0,
86832,ISOPTIN RETARD 240 MG 30 F.C.TABS,ISOPTIN RETARD 240 MG 30 F.C.TABS.,ايسوبتن ريتارد 240 مجم 30 اقراص,1513025.0,100.0,algo_match,brand_index,,
13257,ISOPTO MAXITROL DROPS,ISOPTO MAXITROL EYE DROPS 5 ML,ايزوبتو ماكسيترول قطره 5 مل,,82.4,ai_confirmed,ai_verified,0.0,
67402,ISOROMYDERM GEL 30 GM,ISOROMYDERM TOPICAL GEL 30 GM,ايزوروميديرم جل موضعي 30 جم,2144881.0,84.0,ai_confirmed,ai_verified,0.0,
92065,isotretam 20mg 20 cap,,,,,,no_match,,
87016,ISOTRETINOIN 20MG 30 SOFT GELATIN CAPS,ISOTRETINOIN 20 MG 30 SOFT GELATIN CAPS,ايزوتريتينوين 20 مجم 30 كبسول,1234551.0,100.0,algo_match,brand_index,,
87217,ISOTRETONINE 10MG 30 CAP,,,,,,no_match,,
88233,ISTIKREMA CREAM,ISTIKREMA CREAM 30 GM,استكريما كريم 30 جم,1545868.0,83.3,ai_confirmed,ai_verified,0.0,
30373,ITEM SHAMPOO 60ML,ITEM N SHAMPOO 60 ML,ايتم ان شامبو 60 مل,2220064.0,94.7,algo_match,brand_index,,
84768,ITOFERROSE 5 AMP,ITOFERROSE 100 MG / 5 ML 5 AMP. FOR IV INJ. OR INF.,ايتوفيروز 100 مجم / 5 مل 5 امبول,2128788.0,100.0,algo_match,token_set_ratio,,
59246,itomash 50 mg 30 tab,ITOMASH 50 MG 30 TAB.,ايتوماش 50 مجم 30 اقراص,2552257.0,100.0,algo_match,brand_index,,
67256,ITOPRIDE 50 MG 30 TAB,ITOPRIDE 50 MG 30 SCORED TAB,ايتوبريد 50 مجم 30 اقراص,,85.7,ai_confirmed,ai_verified,0.0,
26602,ITRACON 100 MG 14 CAP,ITRACON 100 MG 14 CAPS.,اتراكون 100 مجم 14 كبسول,2180031.0,97.7,algo_match,brand_index,,
26601,ITRACON 4CAP,ITRACON 100 MG 4 CAPS.,اتراكون 100 مجم 4 كبسول,,81.8,ai_confirmed,ai_verified,0.0,
64018,ITRAFUNGEX 15 CAP,ITRAFUNGEX 100 MG 15 CAPS.,اترافنجكس 100 مجم 15 كبسول,2434964.0,81.0,ai_confirmed,ai_verified,0.0,
59817,ITRAFUNGEX 4 CAP,ITRAFUNGEX 100 MG 4 CAPS.,اترافنجكس 100 مجم 4 كبسول,2562501.0,80.0,ai_confirmed,ai_verified,0.0,
9387,ITRANOX 15 CAPS,ITRANOX 100 MG 15 CAPS.,اترانوكس 100 مجم 15 كبسول,2468124.0,81.1,ai_confirmed,ai_verified,0.0,
68793,ITRANOX 5 CAPS,ITRANOX 100 MG 5 CAPS,اترانوكس 100 مجم 5 كبسول,2635903.0,80.0,ai_confirmed,ai_verified,0.0,
10474,ITRAPEX 100 MG 15CAP,ITRAPEX 100 MG 15 CAPS.,اترابكس 100 مجم 15 كبسول,901702.0,97.7,algo_match,brand_index,,
10477,ITRAPEX 100MG 4 CAPS.,ITRAPEX 100 MG 4 CAPS.,اترابكس 100 مجم 4 كبسول,901701.0,100.0,algo_match,brand_index,,
79531,iverzine 30gm topical cream,IVERZINE 1 % CREAM 30 GM,ايفرزين 1 % كريم 30 جم,2291952.0,90.9,algo_match,token_set_ratio,,
79926,IVERZINE 6MG 24TAB,IVERZINE 6 MG 24 TABS.,ايفرزين 6 مجم 24 اقراص,2250567.0,97.6,algo_match,brand_index,,
26979,IVERZINE LOTION 6O ML,IVERZINE 1 % LOTION 60 ML,ايفرزين 1 % لوشن 60 مل,1737929.0,85.1,ai_confirmed,ai_verified,0.0,
79668,ivoreen 10 sachets,IVOREEN 10 SACHETS,ايفورين 10 اكياس,2448310.0,100.0,algo_match,brand_index,,
83753,IVY ZAD SYRUP,IVY ZAD 120 ML SYRUP,ايفي زاد 120 مل شراب,2146276.0,100.0,algo_match,token_set_ratio,,
85548,IVYBRONCH SYRUP 120ML,IVY BRONCH SYRUP 120 ML,ايفي برونش شراب 120 مل,2252526.0,84.4,ai_confirmed,ai_verified,0.0,
81243,IVYCAN 120ML SYRUP,IVYCAN SYRUP 120 ML,ايفي كان شراب 120 مل,2146376.0,100.0,algo_match,brand_index,,
91645,IVYMEDIUM 120 ML SYRUP,IVYMEDIUM SYRUP 120 ML,ايفي ميديوم شراب 120 مل,2385076.0,100.0,algo_match,brand_index,,
73387,IVYPRONT COUGH 100 ML SYRUP,,,,,,no_match,,
IVY,IVYPTO 120 ML SYRUP,,,,,,no_match,,
89375,IVYRONC SYRUP 100 ML,IVYRONC SYRUP 100 ML,ايفيرونك شراب 100 مل,,100.0,algo_match,brand_index,,
73063,IVYROSPAN SYRUP 100 ML,IVYROSPAN SYRUP 100 ML,ايفيروسبان شراب 100 مل,2166550.0,100.0,algo_match,brand_index,,
90914,J&J SLEEP TIME BATH 500ML,,,,,,no_match,,
79350,J.B.C cream 50gm,J.B.C CREAM 50 GM,جي بي سي كريم 50 جم,903201.0,100.0,algo_match,brand_index,,
90683,JACKODAN FACIAL WASH 150ML,JACKODAN FACIAL WASH 150 ML,جاكودان غسول للوجه 150 مل,2146788.0,100.0,algo_match,brand_index,,
75836,JACKODAN GEL 60 ML,JACKODAN GEL 60 GM,جاكودان جل 60 جم,2145721.0,83.3,ai_confirmed,ai_verified,0.0,
80298,JAKARANDA 0.5MG 4TABS,JAKARANDA 0.5 MG 4 TABS.,جاكراندا 0.5 مجم 4 اقراص,1343576.0,100.0,algo_match,brand_index,,
75256,JAKMESTON 500/25 MG 20 TAB,JAKMESTON 500 / 25 MG 20 F.C. TABS.,جاكمستون 500 / 25 مجم 20 اقراص,2509537.0,80.8,ai_confirmed,ai_verified,0.0,
86925,JANAGLIP 100MG 28TAB,JANAGLIP 100 MG 28 F.C. TAB.,جاناجليب 100 مجم 28 اقراص,2270561.0,91.7,algo_match,brand_index,,
88026,JANAGLIP PLUS 50/1000 28 F.C TABLETS,JANAGLIP PLUS 50 / 1000 MG 28 F.C. TAB.,جاناجليب بلس 50 / 1000 مجم 28 اقراص,1739508.0,82.2,ai_confirmed,ai_verified,0.0,
74116,JANUMET 50 MG /1000 MG 56 TAB,,,,,,no_match,,
74340,JANUMET 50 MG /500 MG 56 TAB,,,,,,no_match,,
74117,JANUVIA 100 MG 28 TAB,JANUVIA 100 MG 28 F.C. TAB.,جانوفيا 100 مجم 28 اقراص,2112899.0,91.3,algo_match,brand_index,,
75435,JANUVIA 50 MG 28 TAB,JANUVIA 50 MG 28 F.C. TAB.,جانوفيا 50 مجم 28 اقراص,,90.9,algo_match,brand_index,,
74186,JARDIANCE 25 MG 30 TAB,JARDIANCE 25 MG 30 F.C. TABS.,جارديانس 25 مجم 30 اقراص,2179471.0,89.8,ai_confirmed,ai_verified,0.0,
90956,JAXOLIC 30 CHEWABLE TABS,JAXOLIC 30 TABS,جاكسوليك 30 اقراص,2632067.0,100.0,algo_match,token_set_ratio,,
80690,JENONAL 20 TABS,,,,,,no_match,,
89883,JEPARILON 10 MG 10 CHEW. TABS,JEPARILON 10 MG 10 CHEW. TABS,جيباريلون 10 مجم 10 اقراص للمضغ,1521391.0,100.0,algo_match,brand_index,,
79614,JEPARILON 20 TABS,JEPARILON 10 MG 20 CHEW. TABS,جيباريلون 10 مجم 20 اقراص للمضغ,,100.0,algo_match,token_set_ratio,,
91099,JOCADO 300 MG 20 CAPSULE,,,,,,no_match,,
73581,JOFLEX 30 CAP,JOFLEX 500 MG 30 CAPS.,جوفليكس 500 مجم 30 كبسول,2469417.0,81.8,ai_confirmed,ai_verified,0.0,
88199,JOHNSON OIL GEL 200 ML ALOVERA,,,,,,no_match,,
90724,JOINT GUARD PLUS 30CAP,JOINT GUARD PLUS 30 CAPS,جوينت جارد بلس 30 كبسول,2377417.0,97.9,algo_match,brand_index,,
88107,JOINT GUARD ULTRA 30 CAPSULES,JOINT GUARD ULTRA 30 CAPS,جوينت جارد الترا 30 اقراص,1690397.0,92.6,algo_match,brand_index,,
83715,JOINT PLUS 60 TABS,JOINT PLUS 60 TABS,جوينت بلس 60 قرص,2541691.0,100.0,algo_match,brand_index,,
82323,JOINTA 30 TABS,JOINTA 30 TABS,جنتا كيور كريم,2635940.0,100.0,algo_match,brand_index,,
86919,JOINTGUARD 30 CAPS,,,,,,no_match,,
87919,jointinal 30 tablets,JOINTINAL 30 CAPS,جونتينال 30 قرص,1534655.0,82.8,ai_confirmed,ai_verified,0.0,
81431,jointone x tab,JOINTONEX 30 TAB,جوينتونكس 30 اقراص,2146000.0,80.0,ai_confirmed,ai_verified,0.0,
88000,JOJOBA OIL ARA 100 ML,,,,,,no_match,,
74342,JONMERA 10 SACHETS WITH VITAMIN C,JONMERA 10 SACHETS,جونميرا 10 اكياس,2628367.0,100.0,algo_match,token_set_ratio,,
86846,JONMERA ROSEHIP SACHET,JONMERA ROSEHIP 10 SACHETS,جونميرا روزهيب 10 اكياس,1767368.0,91.7,algo_match,brand_index,,
91778,joviapram 20 mg 30 Film Coated Tablets,JOVIAPRAM 20 MG 30 F.C TABS,جوفيابرام 20 مجم 30 اقراص,,83.1,ai_confirmed,ai_verified,0.0,
89571,JOYDROPS GEL STRAWMERRY 100 ML,,,,,,no_match,,
J,JOYPOX 60 MG 6TAB,JOYPOX 60 MG 6 F.C. TABS.,جويبوكس 60 اقراص 6 اقراص عرض,2197729.0,87.8,ai_confirmed,ai_verified,0.0,
82766,JUNEL CARE VAG FOAMING SOLUTION 250 ML,,,,,,no_match,,
78360,JUSPRIN 81MG 60 TAB,JUSPRIN 81 MG 60 ENTERIC COATED TAB.,جوسبرين 81 مجم 60 اقراص,2469416.0,100.0,algo_match,token_set_ratio,,
74398,JUSTECHOL 10 MG 14 TAB,JUSTECHOL 10 MG 14 F.C. TABS,جستيكول 10 مجم 14 اقراص,2312859.0,89.8,ai_confirmed,ai_verified,0.0,
84561,JUSTECHOL 10 MG 28 F.C. TABS.,JUSTECHOL 10 MG 28 F.C. TABS,جستيكول 10 مجم 28 اقراص,1036416.0,100.0,algo_match,brand_index,,
75038,JUSTECHOL 20 MG 14 TAB,JUSTECHOL 20 MG 14 F.C. TABS,جستيكول 20 مجم 14 اقراص,2113713.0,89.8,ai_confirmed,ai_verified,0.0,
74311,JUSTECHOL 20 MG 28 TAB,JUSTECHOL 20 MG 28 F.C. TABS,جاستيكول 20 مجم 28 اقراص,2680740.0,89.8,ai_confirmed,ai_verified,0.0,
80248,JUSTIN BLUE 175ML SHAMPOO,JUSTIN BLUE HAIR SHAMPOO 175 ML,جاستن بلو شامبو للشعر 175 مل,1141678.0,91.2,algo_match,brand_index,,
91299,JUSTIN BLUE HAIR SHAMPOO 80 ML,JUSTIN BLUE HAIR SHAMPOO 80 ML,جاستن بلو شامبو للشعر 80 مل,2400144.0,100.0,algo_match,brand_index,,
54193,K-uyLE LUBRICATING JELLY 85 GMeco,,,,,,no_match,,
31245,K VITON TAB,K VITON 10 MG 20 SUGAR COATED TAB.,ك فيتون 10 مجم 20 اقراص,,100.0,algo_match,token_set_ratio,,
14120,K Y JELLY 82 GM,,,,,,no_match,,
91264,KALEMAPEX 10 MEQ (1080 MG) 30 XR TABS,KALEMAPEX 10 MEQ 1080 MG 30 XR TABS,كاليمابيكس 10 مكجم 30 اقراص,2400821.0,91.7,algo_match,brand_index,,
89200,KALEMAPEX 15 MEQ (1620 MG) 30 XR TABS,KALEMAPEX 10 MEQ 1080 MG 30 XR TABS,كاليمابيكس 10 مكجم 30 اقراص,2400821.0,88.9,ai_confirmed,ai_verified,0.0,
19886,KALOBIN DROPS,KALOBIN ORAL DROPS 20 ML,كالوبين قطره 20 مل,904570.0,100.0,algo_match,token_set_ratio,,
61010,KANSARTAN PLUS 150/12.5 MG 30 TAB,KANSARTAN PLUS 300 / 12.5 MG 30 F.C. TABS.,كانزارتان 300 / 12.5 بلس,2683162.0,82.2,ai_confirmed,ai_verified,0.0,
61309,KANSARTAN PLUS 300/12.5 30 TAB,,,,,,no_match,,
30308,KAPECT COMP SUSP,,,,,,no_match,,
73922,KAPRON 5 M 6AMP,KAPRON 500 MG / 5 ML 6 I.V. AMP.,كابرون 500 مجم / 5 مل 6 امبول,2156867.0,93.3,algo_match,token_set_ratio,,
73478,KAPRON 500 MG 20 F.C. TABS,KAPRON 500 MG 20 F.C. TABS.,كابرون 500 مجم 20 اقراص,904503.0,100.0,algo_match,brand_index,,
80297,KARBALTA 30 MG 28 CAP,KARBALTA 30 MG 28 CAPS.,كاربالتا 30 مجم 28 كبسول,2199704.0,97.7,algo_match,brand_index,,
67252,KARBALTA 60 MG 30 CAP,KARBALTA 60 MG 30 CAPS.,كاربالتا 60 مجم 30 كبسول,2646964.0,97.7,algo_match,brand_index,,
88802,karinoba 25/20mg tabs,,,,,,no_match,,
51781,KAST 10MG 10TAB,KAST 10 MG 10 F.C. TAB.,كاست 10 مجم 10 اقراص,1488921.0,89.5,ai_confirmed,ai_verified,0.0,
53470,KAST 5 MG 14TAB,KAST 5 MG 14 CHEW. TAB.,كاست 5 مجم 14 اقراص,2470646.0,86.5,ai_confirmed,ai_verified,0.0,
88666,KATIVAROX 10 MG/ML 100 ML SYRUP,KATIVAROX SYRUP 100 ML,كاتيفاروكس شراب 100 مل,2540561.0,83.0,ai_confirmed,ai_verified,0.0,
88185,KATIVAROX 100 MG 30 F.C TABLETS,KATIVAROX 100 MG 30 F.C. TABS.,كاتيفاروكس 100 مجم 30 اقراص,2289755.0,94.9,algo_match,brand_index,,
87287,KATIVAROX 50 MG 30 F.C.TABS,KATIVAROX 50 MG 30 F.C.TABS.,كاتيفاروكس 50 مجم 30 اقراص,2390211.0,100.0,algo_match,brand_index,,
KA,KATREX 30-TAB,,,,,,no_match,,
88597,KAVEDA ORAL DROPS 30ML,KAVEDA ORAL DROPS,كافيدا قطره للفم,1397243.0,85.0,ai_confirmed,ai_verified,0.0,
81840,keelac gel,,,,,,no_match,,
74061,KEFADIM 1GM VIAL,KEFADIM 1 GM VIAL,كيفاديم 1 جم امبول,2586438.0,100.0,algo_match,brand_index,,
48041,KEFENTECH 30 MG 7 PLASTER SHEET.,KEFENTECH 30 MG 7 PLASTER SHEET.,كيفن تيك 30 مجم 7 لزقه,,100.0,algo_match,brand_index,,
81238,keflex 1000mg 16tabs,KEFLEX 1 GM 16 TABS.,كيفلكس 1 جم 16 اقراص,1515510.0,87.8,ai_confirmed,ai_verified,0.0,
90053,KEFLEX 1000NG 16 TAB,KEFLEX 1 GM 16 TABS.,كيفلكس 1 جم 16 اقراص,1515510.0,85.0,ai_confirmed,ai_verified,0.0,
10667,KEFLEX 250MG SUSP,KEFLEX 250 MG / 5 ML PD. FOR ORAL SUSP. 60 ML,كيفليكس 250 مجم / 5 مل 60 مل شراب,2569264.0,100.0,algo_match,token_set_ratio,,
81236,keflex 500gm 12 taps,KEFLEX 500 MG 12 CAPS.,كيفليكس 500 مجم 12 كبسول,1705666.0,81.0,ai_confirmed,ai_verified,0.0,
85110,KELATOP CREAM 50GM,KELATOP CREAM 50 GM,كيلاتوب كريم 50 جم,1548341.0,100.0,algo_match,brand_index,,
21474,KELLAGON 10 SACHETS,KELLAGON 10 EFF. SACHETS,كلاجون فوار 10 اكياس,1518673.0,90.5,algo_match,brand_index,,
73336,KELLAGON 20 CAP,KELLAGON 20 MG 20 CAPS.,كلاجون 20 مجم 20 كبسول,2346407.0,81.1,ai_confirmed,ai_verified,0.0,
86486,KEMAGEL SILICONE 15 GM,KEMAGEL SILICONE GEL 15 GM,كيماجل سيليكون جيل 15 جم,2149780.0,91.7,algo_match,brand_index,,
61012,KEMAGRA 100MG 4 TAB,KEMAGRA 100 MG 4 F.C. TAB.,كيماجرا 100 مجم 4 اقراص,2313554.0,90.9,algo_match,brand_index,,
85058,kemiforge 5/160 tab 20,KEMIFORGE 10 / 160 MG 20 F.C. TAB,كيميفورج 10 / 160 مجم 20 قرص,2509545.0,84.2,ai_confirmed,ai_verified,0.0,
79314,KEMPOPIM 1 GM VIAL,KEMPOPIM 1 GM I.M / I.V VIAL,كيمبوبيم 1 جم امبول,2510814.0,100.0,algo_match,token_set_ratio,,
85384,KEMPORIC 20 MG 1 TAB,KEMPORIC 20 MG 1 TABS,كيمبوريك 20 مجم 1 اقراص,2550341.0,97.6,algo_match,brand_index,,
79313,KEMPOXONE 1 GM VIAL,KEMPOXONE 1 GM I.M. VIAL,كيمبوكسون 1 جم امبول عضل,1849309.0,90.5,algo_match,brand_index,,
58202,KEMPROST SR 4 MG 20 CAP,,,,,,no_match,,
73368,KENACOMB CREAM 15 GM,KENACOMB TOPICAL CREAM 15 GM,كيناكومب كريم موضعي 15 جم,1460790.0,83.3,ai_confirmed,ai_verified,0.0,
73403,KEPPRA 1000MG 30 F.C. TAB,KEPPRA 1000 MG 30 F.C. TAB.,كيبرا 1000 مجم 30 اقراص,2671078.0,100.0,algo_match,brand_index,,
74087,KEPPRA 500 MG 30 TAB,KEPPRA 500 MG 30 F.C. TAB.,كيبرا 500 مجم 30 اقراص,1005288.0,90.9,algo_match,brand_index,,
67213,KEPRADIL 500 MG 30 TAB,KEPRADIL 500 MG 30 F.C. TABS.,كبراديل 500 مجم 30 اقراص,2162871.0,89.8,ai_confirmed,ai_verified,0.0,
88515,KEPRADIL XR 500MG 30 EXTENDED F.C. TABS.,KEPRADIL XR 500 MG 30 EXTENDED F.C. TABS.,كبراديل اكس ار 500 مجم 30 اقراص,2497294.0,100.0,algo_match,brand_index,,
78991,KEPRADIL XR 750 MG TABS,KEPRADIL XR 750 MG 30 EXTENDED F.C. TABS.,كبراديل اكس ار 750 مجم 30 اقراص,2194176.0,100.0,algo_match,token_set_ratio,,
75837,KERAQOUZ HAIR SHAMPOO 250 ML,,,,,,no_match,,
89137,KERATOHYL 30 CAPS,KERATOHYL 30 CAP,كيراتوهيل 30 كبسول,2631217.0,97.0,algo_match,brand_index,,
29319,KERELLA LOTION 30 ML,KERELLA LOTION 30 ML,كيريللا لوسيون 30 مل,1833113.0,100.0,algo_match,brand_index,,
29272,KERELLA OINTMENT 15 GM,KERELLA OINT. 15 GM,كيريللا مرهم 15 جم,904604.0,90.0,algo_match,brand_index,,
15907,KEROVIT 15 S.G CAPS,KEROVIT 15 SOFT GELATIN CAPS.,كيروفيت 15 كبسول,2313550.0,80.9,ai_confirmed,ai_verified,0.0,
87680,KESH KING SCALP AND HAIR MEDICINE 200ML,,,,,,no_match,,
79563,KETOFAN 100 SR 30 CAPSULES,KETOFAN 100 MG SR 30 CAPS.,كيتوفان 100 مجم اس ار 30 كبسول,,86.3,ai_confirmed,ai_verified,0.0,
5248,KETOFAN 200 SR 14 CAP,KETOFAN 200 MG S.R. 14 CAPS.,كيتوفان 200 مجم اس ار 14 كبسول,,85.1,ai_confirmed,ai_verified,0.0,
79564,KETOFAN 25MG 30TABLETS,KETOFAN 25 MG 30 TABS.,كيتوفان 25 مجم 30 اقراص,1174066.0,93.3,algo_match,brand_index,,
k50,KETOFAN 50 MG 30 .CAPS,KETOFAN 50 MG 30 CAPS,كيتوفان 30 كبسول,2437175.0,100.0,algo_match,brand_index,,
18275,KETOFAN AMP,KETOFAN 100 MG / 2 ML I.M. 3 AMP.,كيتوفان 100 مجم / 2 مل 3 امبول,,100.0,algo_match,token_set_ratio,,
73332,KETOLAC 20 TAB,KETOLAC 10 MG 20 TAB.,كيتولاك 10 مجم 20 اقراص,2552600.0,82.4,ai_confirmed,ai_verified,0.0,
ket,KETOLAC 30MG/2ML 5 AMP. FOR I.M./I.V. INF.,KETOLAC 30 MG / 2 ML 5 AMP. FOR I.M. / I.V. INF.,كيتولاك 30 مجم / 2 مل 5 امبول,904786.0,89.4,ai_confirmed,ai_verified,0.0,
3430,KETOLGIN 200SR CAP,KETOLGIN SR 200 MG 10 CAPS.,كيتولجين اس ار 200 مجم 10 كبسول,906707.0,84.4,ai_confirmed,ai_verified,0.0,
60213,KETOLGIN 50MG 30TAB,KETOLGIN 50 MG 30 FILM COATED TAB.,كيتولجين 50 مجم 30 اقراص,1397432.0,100.0,algo_match,token_set_ratio,,
4522,KETOLGIN AMP,KETOLGIN 100 MG 3 AMP.,كيتولجين 100 مجم 3 امبول,,100.0,algo_match,token_set_ratio,,
77689,KETOPREK 75 MG 20 CAPS,KETOPREK 75 MG 20 CAPS.,كيتوبريك 75 مجم 20 كبسول,,100.0,algo_match,brand_index,,
80775,ketoprek sup,,,,,,no_match,,
54543413,KETORAL PLUS SHAMPOO,,,,,,no_match,,
KETO,KETOROLIN 30MG/2ML 5 AMPS,KETOROLIN 30 MG / 2 ML 5 AMP.,كيتورولين 30 مجم / 2 مل 5 امبول,2675446.0,87.3,ai_confirmed,ai_verified,0.0,
49912,KETOSTERIL 100 TAB,KETOSTERIL 100 F.C. TABS.,كيتوستريل 100 اقراص,1656519.0,87.8,ai_confirmed,ai_verified,0.0,
59101,kevork 500 mg 10 tab,KEVORK 500 MG 10 F.C. TAB,كيفورك 500 مجم 10 اقراص,2144417.0,90.9,algo_match,brand_index,,
66013,kevork 750 mg 5 tab,KEVORK 750 MG 5 F.C.TABS,كيفورك 750 مجم 5 اقراص,,88.4,ai_confirmed,ai_verified,0.0,
85753,KIDDO D3 ORAL DROPS 10ML,KIDDO 3 ORAL DROPS 10 ML,كيدو 3 قطره للفم 10 مل,,96.0,algo_match,brand_index,,
91433,KIDI MARCAL SYRUP 120 ML,KIDI MARCAL SYRUP 120 ML,كيدي ماركال شراب 120 مل,2610857.0,100.0,algo_match,brand_index,,
91744,KIDS APPETITE SYRUP 125 ML,KIDS APPETITE SYRUP 125 ML,كيدز ابيتيت شراب 125 مل,2146543.0,100.0,algo_match,brand_index,,
88579,KIDSOMEAL SYRUP,KIDSOMEAL SYRUP BANANA FLAVOR 120 ML,كيدزو ميل شراب بنكهه الموز 120 مل,,100.0,algo_match,token_set_ratio,,
86510,KIDZONA OMEGA ORAL DROP,KIDZONA OMEGA 30 ML ORAL DROP,كيدزونا اوميجا 30 مل قطره للفم,2128817.0,88.5,ai_confirmed,ai_verified,0.0,
87574,KIN-D CAL 30 TAB,KIN D CAL 30 TABS,كين دي كال 30 اقراص,,97.0,algo_match,brand_index,,
61703,KINGOSAN 30 TAB,,,,,,no_match,,
83645,kinomoxi 400mg 10tab,KINOMOXI 400 MG 10 F.C.TABS,كينوموكسي 400 مجم 10 اقراص,1636830.0,89.8,ai_confirmed,ai_verified,0.0,
90892,KIROMIX PRO 10 SACHETS,KIROMIX PRO 10 SACHETS,كيروميكس برو 10 اكياس,2637235.0,100.0,algo_match,brand_index,,
77233,KITADAN ANTI-DANDRUFF SHAMPOO 200ML,,,,,,no_match,,
77543,KITADAN HAIR SPRAY 120 ML,KITADAN HAIR SPRAY 120 ML,كيتادان بخاخ 275,2669697.0,100.0,algo_match,brand_index,,
74023,KLACID 250 MG 14 F.C. TABS,KLACID 250 MG 14 F.C.TABS.,كلاسيد 250 مجم 14 اقراص,1397310.0,100.0,algo_match,brand_index,,
74722,KLACID 500 MG 14 TABS,KLACID 500 MG 14 F.C.TABS.,كلاسيد 500 مجم 14 اقراص,2198922.0,91.3,algo_match,brand_index,,
75066,KLACID 500MG XL 14 TAB,KLACID XL 500 MG 14 F.C.TABS.,كلاسيد اكس ال 500 مجم 14 اقراص,2074120.0,90.2,algo_match,brand_index,,
21866,KLARIMIX 500MG 14TAB,KLARIMIX 500 MG 14 TAB.,كلاريميكس 500 مجم 14 اقراص,1610374.0,100.0,algo_match,brand_index,,
47886,KLENVA SOLUTION 250 ML V.WASH,,,,,,no_match,,
44459,KLIMADYNON 30 TABS,KLIMADYNON 30 TAB.,كليمادينون 30 اقراص,2437064.0,97.1,algo_match,brand_index,,
74889,KLY JELLY 82 G,,,,,,no_match,,
58406,KLY JELLY42 G,,,,,,no_match,,
63176,KOKAST 10MG 10 TAB,KOKAST 10 MG 10 F.C. TABS.,كوكاست 10 مجم 10 اقراص,904698.0,88.4,ai_confirmed,ai_verified,0.0,
39969,KOKAST 4MG 7TAB,KOKAST 4 MG 7 CHEWABLE TAB.,كوكاست 4 م قديم,2559429.0,100.0,algo_match,token_set_ratio,,
87500,KOLAGRA ROLL ON 2 PIECES WHITENING,,,,,,no_match,,
91166,KOLAGRA SUNSCREEN GEL CREAM SPF 50 1+1,,,,,,no_match,,
88067,KOLAGRA SUNSCREEN+KOLAGRA ROLL ON,,,,,,no_match,,
91543,KREON 25000 100CAP IMP,,,,,,no_match,,
87922,KUZA INDIAN HEMP HAIR 113 GM,,,,,,no_match,,
91648,L-ARGININE MARVEL 1000 MG 30 TABS,L ARGININE MARVEL 1000 MG 30 TABS,ال ارجينين مارفيل 1000 مجم 30 اقراص,2468314.0,100.0,algo_match,brand_index,,
86907,L-ARGININE MEPACO 60 TABS,L ARGININE MEPACO 60 TABS.,ال ارجينين ميباكو 60 اقراص,2453359.0,100.0,algo_match,brand_index,,
75598,L-CARNITINE 20 CAP,L CARNITINE 350 MG 20 CAPS.,ال كارنيتين 350 مجم 20 كبسول,901937.0,81.8,ai_confirmed,ai_verified,0.0,
75199,L-CARNITINE 5 AMP,L CARNITINE 1 GM / 5 ML 5 I.V. AMP.,ال كارنيتين 1 جم / 5 مل 5 امبول,2608130.0,100.0,algo_match,token_set_ratio,,
73500,L-CARNITINE PLUS 20 TAB,L CARNITINE PLUS 20 F.C. TAB.,ال كارنيتين بلس 20 اقراص,2144431.0,92.0,algo_match,brand_index,,
73350,L-CARNITINE SYRUP 30 ML,L CARNITINE 300 MG / ML SYRUP 30 ML,ال كارنيتين 300 مجم / مل شراب 30 مل,901940.0,100.0,algo_match,token_set_ratio,,
87376,LABELLO CARING SCRUB 5.5 ML,,,,,,no_match,,
80928,LABIPRESS 30 TAB 100 MG,LABIPRESS 100 MG 30 F.C. TAB.,لابيبريس 100 مجم 2 شريط,2680590.0,92.0,algo_match,brand_index,,
86423,LACOSAMET 100 MG 20 F.C. TABS,LACOSAMET 100 MG 30 F.C. TABS,لاكوزاميت 100 مجم 30 اقراص,2345160.0,96.4,algo_match,brand_index,,
88191,LACOSAMET 100 MG 30 F.C. TABS,LACOSAMET 100 MG 30 F.C. TABS,لاكوزاميت 100 مجم 30 اقراص,2345160.0,100.0,algo_match,brand_index,,
92679,LACOSAMET 200 MG 30 F.C. TABS,LACOSAMET 200 MG 30 F.C. TABS,لاكوزاميت 200 مجم 30 اقراص,2466478.0,100.0,algo_match,brand_index,,
87334,LACOSAMET 50 MG 30 TAB,LACOSAMET 50 MG 30 F.C. TABS,لاكوزاميت 50 مجم 30 اقراص,2645513.0,89.8,ai_confirmed,ai_verified,0.0,
87077,LACOSAMET ORAL SOLUTION 200 ML,,,,,,no_match,,
81073,Lacovimp 100 mg 30 tab,LACOVIMP 100 MG 30 F.C.TABS.,لاكوفيمب 100 مجم 30 اقراص,2146280.0,89.8,ai_confirmed,ai_verified,0.0,
86480,LACOVIMP 50 30 TAB,LACOVIMP 50 MG 30 F.C.TABS.,لاكوفيمب 50 مجم 30 اقراص,2145981.0,81.8,ai_confirmed,ai_verified,0.0,
81076,Lacovimp 50 mg 30 tab,LACOVIMP 50 MG 30 F.C.TABS.,لاكوفيمب 50 مجم 30 اقراص,2145981.0,89.4,ai_confirmed,ai_verified,0.0,
91862,LACRICARMIN 4MG/0.4ML EYE DROPS 30 SDU,LACRICARMIN 4 MG / 0.4 ML EYE DROPS 30 X 0.4 ML SDU,لاكريكارمين 4 مجم / 0.4 مل قطره للعين 30 امبول * 0.4 مل,,90.5,algo_match,token_set_ratio,,
75047,LACRITEARS 0.5% 15 ML E DROPS,LACRITEARS EYE DROPS 15 ML,لاكريتيرز قطره 15 مل,904841.0,87.3,ai_confirmed,ai_verified,0.0,
80576,LACTAGYN 10 VAGINAL OVULIS,LACTAGYN 10 VAG OVULES,لاكتاجين 10 لبوس مهبلي,,87.5,ai_confirmed,ai_verified,0.0,
90845,LACTASE 750 DROPS 15ML,LACTASE 750 ORAL DROPS 15 ML,لاكتيز 750 مجم قطره بالفم 15 مل,2157995.0,90.2,algo_match,brand_index,,
89499,LACTASE ORAL DROPS 15 ML,LACTASE ORAL DROPS 15 ML,لاكتيز 1000 مجم قطره بالفم 15 مل,1635553.0,100.0,algo_match,brand_index,,
10502,LACTEOL FORTE CAP,LACTEOL FORTE 5 BILLION 12 CAPS.,لاكتيول فورت 12 كبسول,2541692.0,86.7,ai_confirmed,ai_verified,0.0,
10483,LACTEOL FORTE SACHET,LACTEOL FORTE 10 BILLION 6 SACHET,لاكتيول فورت 6 اكياس,1535745.0,100.0,algo_match,token_set_ratio,,
74556,LACTEVENOR 0.03MG 35 COATED TAB.,LACTEVENOR 0.03 MG 35 COATED TAB.,لاكتيفينور 0.03 مجم 35 اقراص,904838.0,100.0,algo_match,brand_index,,
87741,LACTO-APEX 5 - 20 CAPS,LACTO APEX 5 20 CAPS,لاكتو ابيكس 5 20 كبسول,2145669.0,100.0,algo_match,brand_index,,
80994,LACTO-mash 30 CAP,LACTO MASH 100 MG 30 CAPS.,لاكتو ماش 100 مجم 30 كبسول,,81.0,ai_confirmed,ai_verified,0.0,
90109,LACTO 1 400G MILK,LACTO 1 MILK 400 GM,لاكتو 1 لبن 400 جم,2470990.0,97.3,algo_match,brand_index,,
46621,LACTO 1 ADVANCED MILK 400 GM,LACTO 1 ADVANCED MILK 400 GM,لاكتو 1 ادفانسيد لبن 400 جم,2332521.0,100.0,algo_match,brand_index,,
90492,LACTO 400 GM 2 MILK,LACTO 2 MILK 400 GM,لاكتو 2 لبن 400 جم,2402567.0,100.0,algo_match,brand_index,,
3025,LACTODEL 20 TAB,LACTODEL 2.5 MG 20 TAB.,لاكتوديل 2.5 مجم 20 اقراص,2437201.0,81.1,ai_confirmed,ai_verified,0.0,
85046,lactogemikan tap,LACTOGEMIKAN 30 CAPS,لاكتوجيميكان 30 كبسول,2622748.0,85.7,ai_confirmed,ai_verified,0.0,
76334,LACTOMAX 10 SACHETS,LACTOMAX 10 SACHETS,لاكتوماكس 10 اكياس,2475452.0,100.0,algo_match,brand_index,,
19472,LACTOMAX 20 CAP,LACTOMAX 20 CAPS,لاكتوماكس 20 قرص,2277999.0,96.8,algo_match,brand_index,,
91118,LACTOPRESS 30CAP,,,,,,no_match,,
88186,LADY SPEED STICK SHOWER FRESH 39.6 G,,,,,,no_match,,
90632,LAFERMAX TABS,,,,,,no_match,,
17901,LAMICTAL 100 MG 30 TAB,LAMICTAL 100 MG 30 TAB.,لاميكتال 100 مجم اقراص,2685133.0,100.0,algo_match,brand_index,,
18724,LAMICTAL 25 MG 30 TAB,LAMICTAL 25 MG 30 TAB.,لاميكتال 25 مجم 30 اقراص,2206024.0,100.0,algo_match,brand_index,,
18110,LAMICTAL 50 MG 30 TAB,LAMICTAL 50 MG 30 TAB.,لاميكتال 50 مجم 30 اقراص,2607280.0,100.0,algo_match,brand_index,,
58679,LAMIDINE 100 MG 30 TAB,LAMIDINE 100 MG 30 F.C. TAB.,لاميدين 100 مجم 30 اقراص,904847.0,91.7,algo_match,brand_index,,
59446,LAMIDINE 150 mg 10 TAB,LAMIDINE 150 MG 10 F.C.TAB,لاميدين 150 مجم 10 اقراص,2552443.0,91.7,algo_match,brand_index,,
46602,LAMIFEN 125MG TAB,LAMIFEN 125 MG 14 TAB.,لاميفين 125 مجم 14 اقراص,2437214.0,92.3,algo_match,brand_index,,
37142,LAMIFEN 250MG TAB,LAMIFEN 250 MG 14 TAB.,لاميفين 250 مجم 14 اقراص,904852.0,92.3,algo_match,brand_index,,
46601,LAMIFEN CREAM 15 GM,LAMIFEN 1 % CREAM 15 GM,لاميفين 1 % كريم 15 جم,2369320.0,90.5,algo_match,brand_index,,
27888,LAMISIL 250MG 14TAB,LAMISIL 250 MG 14 TAB.,لاميزيل 250 مجم 14 اقراص,,100.0,algo_match,brand_index,,
23184,LAMOTRINE 100MG TAB,LAMOTRINE 100 MG 30 TAB.,لاموترين 100 مجم 30 اقراص,904844.0,93.0,algo_match,brand_index,,
23216,LAMOTRINE 25MG 30 TAB,LAMOTRINE 25 MG 30 TAB.,لاموترين 25 مجم 30 اقراص,2455071.0,100.0,algo_match,brand_index,,
29158,LAMOTRINE 50 MG 30 TAB,LAMOTRINE 50 MG 30 TAB.,لاموترين 50 مجم 30 اقراص,2623499.0,100.0,algo_match,brand_index,,
87923,LANEIGE LIP MASK 15 GM,,,,,,no_match,,
21483,LANTANON CAP,LANTANON 30 MG 10 CAPS.,لانتانون 30 مجم 10 كبسول,2437216.0,80.0,ai_confirmed,ai_verified,0.0,
79575,LANTOPEP 30 MG 14 CAPS,LANTOPEP 30 MG 14 CAPS,لانتوبيب 30 مجم 14 كبسول,2646170.0,100.0,algo_match,brand_index,,
78677,lantopep 60mg 14 tab,LANTOPEP 60 MG 14 CAPS.,لانتوبيب 60 مجم 14 كبسول,2470972.0,89.5,ai_confirmed,ai_verified,0.0,
73733,LANTUS 100 UNITS 5 CARTIDGES,LANTUS 100 I.U. / ML 5 CARTRIDGES,لانتوس 100 وحده / مل 5 خراطيش,1939963.0,80.0,ai_confirmed,ai_verified,0.0,
73843,LANTUS SOLOSTAR 5 PENS 100UNITS/ML,LANTUS SOLOSTAR 100 I.U. / ML 5 PENS,لانتوس سولوستار 100 وحده / مل 5 اقلام,,80.0,ai_confirmed,ai_verified,0.0,
58361,LANZOFUTAL 15 MG 10 CAP,LANZOFUTAL 15 MG 10 CAPS.,لانزوفيوتال 15 مجم 10 كبسول,2622454.0,97.9,algo_match,brand_index,,
89492,LANZOFUTAL 30 MG 14 CAPS,LANZOFUTAL 30 MG 14 CAPS.,لانزوفيوتال 30 مجم 14 كبسول,1817331.0,100.0,algo_match,brand_index,,
23124,LARIVEX 500 MG 5 TABS,LARIVEX 500 MG 5 TAB.,لاريفكس 500 مجم 5 اقراص,904828.0,97.6,algo_match,brand_index,,
88267,LAROSUZET 10/10 MG 30 F . C TABLETS,LAROSUZET 10 / 10 MG 30 FC TABS,لاروسوزت 10 / 10 مجم 30 اقراص,2320075.0,84.4,ai_confirmed,ai_verified,0.0,
88268,LAROSUZET 20/10 MG 30 F . C TABLETS,LAROSUZET 10 / 10 MG 30 FC TABS,لاروسوزت 10 / 10 مجم 30 اقراص,2320075.0,81.2,ai_confirmed,ai_verified,0.0,
88269,LAROSUZET 40/10 MG 30 F . C TABLETS,LAROSUZET 10 / 10 MG 30 FC TABS,لاروسوزت 10 / 10 مجم 30 اقراص,2320075.0,85.2,ai_confirmed,ai_verified,0.0,
lary,LARYPRO 20 TAB,LARYPRO 20 LOZENGES,لاري برو 20 اقراص استحلاب,904826.0,83.3,ai_confirmed,ai_verified,0.0,
60210,LASILACTONE 100 MG / 20 MG 30 TAB,,,,,,no_match,,
60073,LASILACTONE 50MG 30 TAB,,,,,,no_match,,
59862,LASIX 20 mg 3 AMP,LASIX 20 MG / 2 ML 3 AMP,لازيكس 20 مجم / 2 مل 3 امبول,904831.0,82.9,ai_confirmed,ai_verified,0.0,
73295,LASIX 40 MG 24 TAB,LASIX 40 MG 24 TABS,لازيكس 40 مجم 24 اقراص,904832.0,97.3,algo_match,brand_index,,
50480,LASIX 500 MG مستورد,,,,,,no_match,,
75742,lastlerge 10 mg 14 tab,LASTLERGE 10 MG 14 SCORED M.R. F.C. TABS.,لاستليرج ام ار 10 مجم 14 اقراص,1828603.0,90.0,algo_match,token_set_ratio,,
10950,LAXEOL-PI TAB 25 STRIPS,LAXEOL PI 5 MG 25 STRIPS X 10 TAB.,لاكسيول بي 5 مجم 25 شريط * 10 اقراص,,82.1,ai_confirmed,ai_verified,0.0,
75098,LAXEOL PI 20 TAB,LAXEOL PI 5 MG 20 TABS.,لاكسيول بي 5 مجم 20 اقراص,2156737.0,84.2,ai_confirmed,ai_verified,0.0,
21371,LAXOLAC SYRUP 120ML,LAXOLAC 3.35 GM / 5 ML SYRUP 120 ML,لاكسولاك 3.35 جم / 5 مل شراب 120 مل,,100.0,algo_match,token_set_ratio,,
87471,LEANOZA 30 CAP,LEANOZA 30 CAP,لينوزا 30 اقراص,,100.0,algo_match,brand_index,,
74223,LEE FLOX 500MG TAB,LEE FLOX 500 MG 5 F.C.TAB.,لي فلوكس 500 مجم 5 اقراص,904927.0,86.4,ai_confirmed,ai_verified,0.0,
47742,LEE FLOX 750MG TAB,LEE FLOX 750 MG 7 F.C.TAB.,لي فلوكس 750 مجم 7 اقراص,2475470.0,86.4,ai_confirmed,ai_verified,0.0,
59705,LELIPEL 10 MG 20 TAB,LELIPEL 10 MG 20 F.C. TABS.,ليليبيل 10 مجم 20 اقراص,2492292.0,88.9,ai_confirmed,ai_verified,0.0,
73154,LELIPEL 4 MG 14 SACHETS,LELIPEL 4 MG 14 ORAL GRANULES IN SACHETS,ليليبيل 4 مجم 14 اكياس,2473596.0,100.0,algo_match,token_set_ratio,,
76436,lelipel 5 mg 20 tab,LELIPEL 5 MG 20 CHEW. TABS.,ليليبيل 5 مجم 20 اقراص مضغ,2471105.0,86.4,ai_confirmed,ai_verified,0.0,
89775,LENEX FOOT CREAM 50 GM,LENEX FOOT CREAM 50 GM,لينكس 50 جم كريم,2451575.0,100.0,algo_match,brand_index,,
81766,LENTOJESTON 250MG AMP,LENTOJESTON 250 MG / ML I.M. AMP.,لنتوجيستون 250 مجم / مل امبول,2174181.0,83.0,ai_confirmed,ai_verified,0.0,
79746,LENTRA 10 GM SACHET,LENTRA 10 SACHETS,لينترا 10 اكياس,2169072.0,88.9,ai_confirmed,ai_verified,0.0,
81170,LEPOZENE 30 CAP IMP,,,,,,no_match,,
88823,LEPSIRAMP 4 MG 14 F.C.TABS,LEPSIRAMP 4 MG 14 F.C.TABS.,ليبسيرامب 4 مجم 14 اقراص,1443878.0,100.0,algo_match,brand_index,,
86248,LERGEBLOCK,LERGEBLOCK 1.5 % EYE DROPS 10 ML,ليرجبلوك 1.5 % قطره 10 مل,,100.0,algo_match,token_set_ratio,,
60061,LERGICARE 120 ML,LERGICARE 2.5 MG / 5 ML SYRUP 120 ML,ليرجيكير 2.5 مجم / 5 مل شراب 120 مل,904902.0,100.0,algo_match,token_set_ratio,,
79576,LERGICARE 5 MG 30 F.C. TABS.,LERGICARE 5 MG 30 F.C.TABS.,ليرجيكير 5 مجم 30 اقراص,2319758.0,100.0,algo_match,brand_index,,
90849,LETRACITOLIN SYRUP 120ML,LETRACITOLIN 120 ML SYRUP,ليتراسيتولين شراب 120 مل,2173812.0,100.0,algo_match,brand_index,,
68784,LETROZOLE 2.5MG 30 TAB,LETROZOL 2.5 MG 30 F.C.TABS.,ليتروزول 2.5 مجم 30 اقراص,2144816.0,88.0,ai_confirmed,ai_verified,0.0,
63260,LEVANIC 500MG 7TAB,LEVANIC 500 MG 7 F.C. TAB,ليفانيك 500 مجم 7 اقراص,1427667.0,90.9,algo_match,brand_index,,
46589,LEVANIC 750MG 5TAB,LEVANIC 750 MG 5 F.C. TAB.,ليفانيك 750 مجم 5 اقراص,2313601.0,90.9,algo_match,brand_index,,
79577,levanox N 20 capsules,LEVANOX N 20 CAPS,ليفانوكس ان 20 كبسول,,89.5,ai_confirmed,ai_verified,0.0,
73464,LEVCET 5MG 20 TAB,LEVCET 5 MG / ML ORAL DROPS 20 ML,ليفسيت 5 مجم / مل قطره للفم 20 مل,2471100.0,87.5,ai_confirmed,ai_verified,0.0,
82480,LEVCET ORAL DROPS,LEVCET 5 MG / ML ORAL DROPS 20 ML,ليفسيت 5 مجم / مل قطره للفم 20 مل,2471100.0,100.0,algo_match,token_set_ratio,,
73080,LEVCET SYRUP 120 ML,LEVCET 2.5 MG / 5 ML SYRUP 120 ML,ليفسيت 2.5 مجم / 5 مل شراب 120 مل,1613789.0,100.0,algo_match,token_set_ratio,,
82977,LEVECTAM 1000 MG 20 TABS,LEVECTAM 1000 MG 20 F.C.TABS,ليفيكتام 1000 مجم 20 قرص,2304399.0,92.3,algo_match,brand_index,,
89447,LEVECTAM 100MG/ML SYRUP 120 ML,LEVECTAM 100 MG / ML SYRUP 120 ML,ليفيكتام 100 مجم / مل شراب 120 مل,2299298.0,93.8,algo_match,brand_index,,
56104,LEVEPEX 100 MG ORAL SOLUTION,,,,,,no_match,,
53662,LEVEPEX 500 MG 30TAB,LEVEPEX 500 MG 30 F.C. TAB.,ليفيبيكس 500 مجم 30 اقراص,,91.3,algo_match,brand_index,,
53661,LEVEPEX 750 MG 30TAB,LEVEPEX 750 MG 30 F.C. TAB,ليفيبيكس 750 مجم 30 اقراص,1882052.0,91.3,algo_match,brand_index,,
lev,LEVIASILLS SOOTHING EFFECTIVE RELIEF,,,,,,no_match,,
81133,Levocar tablets 250/25,,,,,,no_match,,
90921,LEVOCITRONE 5 MG 10 F.C.TABS.,LEVOCITRONE 5 MG 10 F.C.TABS.,ليفوسيترون 5 مجم 10 اقراص,,100.0,algo_match,brand_index,,
61956,LEVOCTIVAN 5 MG 30 TAB,LEVOCTIVAN 5 MG 30 F.C. TAB.,ليفوكتيفان 5 مجم 30 اقراص,904986.0,91.7,algo_match,brand_index,,
79144,LEVOCTIVAN SYRUP 120ML,LEVOCTIVAN 0.5 MG / ML SYRUP 120 ML,ليفوكتيفان 0.5 مجم / مل شراب 120 مل,904987.0,100.0,algo_match,token_set_ratio,,
62096,LEVODEL 500 MG 5 TAB,LEVODEL 500 MG 5 F.C. TABS.,ليفودل 500 مجم 5 اقراص,2473524.0,88.9,ai_confirmed,ai_verified,0.0,
62097,LEVODEL 750 MG 5 TAB,LEVODEL 750 MG 5 F.C. TABS.,ليفودل 750 مجم 5 اقراص,904983.0,88.9,ai_confirmed,ai_verified,0.0,
91455,LEVOFLOTANET 750 MG 5 TAB,LEVOFLOTANET 750 MG 5 FILM COATED TABLETS,ليفوفلوتانيت 750 مجم 5 اقراص,2521530.0,91.3,algo_match,token_set_ratio,,
879044,LEVOFLOTANET 750MG/30ML CONCENTRATE VIAL FOR I.V,LEVOFLOTANET 750 MG / 30 ML CONCENTRATE VIAL FOR I.V. INF,ليفوفلوتانيت 750 مجم / 30 مل امبول,1775685.0,88.7,ai_confirmed,ai_verified,0.0,
88189,LEVOFLOXACIN-EVA 500 MG 10 F.C.TABS.,LEVOFLOXACIN EVA 500 MG 10 F.C.TABS,ليفوفلوكساسين 500 مجم 10 اقراص ايفا,2471771.0,100.0,algo_match,brand_index,,
79202,LEVOFLOXACIN 750 5 TABLETS,LEVOFLOXACIN 750 MG 5 F.C. TABS,ليفوفلوكساسين 750 مجم 5 اقراص ماركريل,939301.0,82.1,ai_confirmed,ai_verified,0.0,
89624,LEVOFOXAT 500 MG 5 TABS,LEVOFOXAT 500 MG 5 TABS,ليفوفوكسات 500 مجم 5 اقراص,2498383.0,100.0,algo_match,brand_index,,
74635,LEVOHISTAM 120 ML SYRUP,LEVOHISTAM 5 MG / 10 ML SYRUP 120 ML,ليفوهيستام 5 مجم / 10 مل شراب 120 مل,904991.0,100.0,algo_match,token_set_ratio,,
72496,LEVOHISTAM 5 MG 30 TAB,LEVOHISTAM 5 MG 30 F.C.TABS.,ليفوهيستام 5 مجم 30 اقراص,2145147.0,89.8,ai_confirmed,ai_verified,0.0,
75718,LEVOHISTAM 5MG/ML ORAL DROPS 20 ML,LEVOHISTAM 5 MG / ML ORAL DROPS 20 ML,ليفوهيستام 5 مجم / مل قطره فمويه 20 مل,904992.0,94.4,algo_match,brand_index,,
79198,LEVOTAVIN 500 7 TABLET,LEVOTAVIN 500 MG 7 F.C. TABS.,ليفوتافين 500 مجم 7 اقراص,,81.1,ai_confirmed,ai_verified,0.0,
79197,LEVOTAVIN 750 MG 7 TABS,LEVOTAVIN 750 MG 7 F.C. TABS.,ليفوتافين 750 مجم 7 اقراص,2146169.0,92.0,algo_match,brand_index,,
74934,LEVOXIN 250MG TAB,LEVOXIN 250 MG 5 F.C. TABS.,ليفوكسين 250 مجم 5 اقراص,2643192.0,83.7,ai_confirmed,ai_verified,0.0,
73163,LEVOXIN 500 MG 5 TAB,LEVOXIN 500 MG 5 F.C. TAB.,ليفوكسين 500 مجم 5 اقراص,2275698.0,90.9,algo_match,brand_index,,
87454,LEYLAK CREAM 50 ML,,,,,,no_match,,
91912,LEYLAK HYALU NIACINAMID SERUM 30ML,,,,,,no_match,,
88809,LEYLAK HYALU CICA SERUM 30ML,LEYLAK HYALU CICA SERUM 30 ML,ليلاك هيالورونيك سيكا سيرم 30 مل,,100.0,algo_match,brand_index,,
81421,lezberg-amlo 5/20 mg 30tab,LEZBERG AMLO 5 / 20 MG 30 F.C.TABS.,ليزبيرج املو 5 / 20 مجم 30 اقراص,904963.0,85.2,ai_confirmed,ai_verified,0.0,
79582,LEZBERG-AMLO 5/40 MG 30 TABS,LEZBERG AMLO 5 / 40 MG 30 F.C.TABS.,ليزبيرج املو 40 / 5 مجم 30 اقراص,904965.0,83.9,ai_confirmed,ai_verified,0.0,
81420,LEZBERG 20 MG 30 TABS,LEZBERG 20 MG 30 F.C.TABS.,ليزبيرج 20 مجم 30 اقراص,904962.0,91.3,algo_match,brand_index,,
79581,LEZBERG PLUS 20/12.5 MG 30 TABS,LEZBERG PLUS 20 / 12.5 MG 30 F.C.TABS.,ليزبيرج بلس 12.5 / 20 مجم 30 اقراص,2337119.0,85.3,ai_confirmed,ai_verified,0.0,
79579,lezberg plus 40/12.5mg 30 tablets,LEZBERG PLUS 20 / 12.5 MG 30 F.C.TABS.,ليزبيرج بلس 12.5 / 20 مجم 30 اقراص,2337119.0,81.7,ai_confirmed,ai_verified,0.0,
79580,lezberg plus 40/25mg 30 tablets,,,,,,no_match,,
90334,LEZBERG TRIO 20/5/12.5 30TAB,LEZBERG TRIO 20 / 5 / 12.5 MG 30 TAB,ليزبيرج تريو 20 / 5 / 12.5 مجم 30 اقراص,1092431.0,80.0,ai_confirmed,ai_verified,0.0,
92374,LEZBERG TRIO 40/5/12.5MG,,,,,,no_match,,
79578,lezbreg 40mg 30 tablets,,,,,,no_match,,
81841,libosense gel 30,LIBOSENSE GEL 30 GM,ليبوسينس جل 30 جم,2143433.0,91.4,algo_match,brand_index,,
61578,LIBOSENSE GEL 30 GM,LIBOSENSE GEL 30 GM,ليبوسينس جل 30 جم,2143433.0,100.0,algo_match,brand_index,,
83227,LIBRADICLAN 140 MG 7 PLASTER,,,,,,no_match,,
73595,LIBRAX 30 TAB,LIBRAX 30 SUGAR C.TABS.,ليبراكس 30 اقراص,2194469.0,81.8,ai_confirmed,ai_verified,0.0,
21561,LICID LOTION 30 ML,LICID LOTION 30 ML,ليسيد لوسيون 30 مل,2456012.0,100.0,algo_match,brand_index,,
91072,LICTRILIT 360ML,,,,,,no_match,,
92361,LICTRILIT APPLE FLAVOUR 360ML ELECTROLYTE SOLUTION,,,,,,no_match,,
92360,LICTRILIT BANANA 360ML ELECTROLYTE SOLUTION,,,,,,no_match,,
92363,LICTRILIT ORANGE FLAVOUR 360ML ELECTROLYTE SOLUTIO,,,,,,no_match,,
92362,LICTRILIT PINEAPPLE FLAVOUR 360ML ELECTROLYTE SOLU,,,,,,no_match,,
84614,LIDEMTZIL 5MG -30TAB,LIDEMTZIL 5 MG 30 ORALLY DISP. TABS.,ليديمتزيل 5 مجم 30 اقراص,2255554.0,89.5,ai_confirmed,ai_verified,0.0,
26492,LIDOCAINE 1% 1 AMP 2 ML,,,,,,no_match,,
75228,LIDOCAINE 10% 15 ML SPRAY,,,,,,no_match,,
85524,LIDOCAINE 2% AMP,,,,,,no_match,,
77640,lidocaine 2% vial 50ml,,,,,,no_match,,
89068,LIDOCAINE HCL 20MG/ML VIAL IM IV SC 20 ML (NET PRI,,,,,,no_match,,
88132,LIFE V BODY CLEANSER,,,,,,no_match,,
21563,LIGNOCAINE SPRAY,LIGNOCAINE 10 % SPRAY 15 ML,لجنوكايين 10 % بخاخ 15 مل,,100.0,algo_match,token_set_ratio,,
74244,LIGNOCAINE 5% GEL 20 GM,LIGNOCAINE 5 % EMULGEL 20 GM,لجنوكايين 5 % جل,2681898.0,86.3,ai_confirmed,ai_verified,0.0,
73904,LIGNOCAINE 5%CREAM,LIGNOCAINE 5 % CREAM 20 GM,لجنوكايين 5 % كريم 20 جم,,83.3,ai_confirmed,ai_verified,0.0,
79407,LILI FEMININE WASH 250ML,,,,,,no_match,,
81423,LIMITLESS ALLZYME MAX 20 TABS,LIMITLESS ALLZYME MAX 20 E.C. TAB,ليمتلس الزايم ماكس 20 اقراص,2157533.0,91.8,algo_match,brand_index,,
89527,LIMITLESS B-COMPLEX ODF 30 FILMS,,,,,,no_match,,
85677,LIMITLESS BABY D DROPS 15ML,LIMITLESS BABY D DROPS 1600 I.U. / ML 15 ML,ليمتلس بيبي دي نقط 15 مل,905007.0,80.0,ai_confirmed,ai_verified,0.0,
933245,LIMITLESS BALANCE SYNBIOTIC 20 HARD GELATIN CAP,LIMITLESS BALANCE SYNBIOTIC 20 TAB,ليمتلس بالانس سينبيوتك 20 اقراص,2472003.0,93.8,algo_match,token_set_ratio,,
78556,LIMITLESS C-ZINC ORIGINAL 30-LOZENGES,LIMITLESS C ZINC ORIGINAL 30 LOZENGES,ليمتلس سي زنك اوريجنال 30 اقراص,905011.0,100.0,algo_match,brand_index,,
90946,LIMITLESS C-ZINC PLUS 20 TAB,LIMITLESS C ZINC PLUS 20 F.C. TABS.,ليمتلس سي زنك بلس 20 اقراص,2222939.0,91.8,algo_match,brand_index,,
92346,LIMITLESS CAFFEINE 20 ODF,LIMITLESS CAFFEINE 80 MG 20 DISPERSIBLE FILMS,ليمتلس كافيين 80 مجم 20 لزقه,2437339.0,91.3,algo_match,token_set_ratio,,
91938,LIMITLESS CHARCOAL PLUS 30 CAPSULES,LIMITLESS CHARCOAL PLUS 30 CAPS,ليمتلس شاركول بلاس 30 اقراص,2288839.0,93.9,algo_match,brand_index,,
82796,LIMITLESS CHROMAX CUT 30SACHETS,LIMITLESS CHROMAX CUT 30 SACHETS,ليماتليس كافايين اكياس جديد,2626480.0,100.0,algo_match,brand_index,,
85756,LIMITLESS CONCEIVE Q 30 CHEW. TABS.,,,,,,no_match,,
89371,LIMITLESS COQ10 100 MG 30 CAPS,LIMITLESS COQ 10 100 MG 30 TAB,ليمتلس كو كيو 10 100 مجم 30 اقراص,2466754.0,85.2,ai_confirmed,ai_verified,0.0,
91972,LIMITLESS DIGEST NOW ORIGINAL,,,,,,no_match,,
92345,LIMITLESS DIOSMIN COMPLEX 30 F.C. TABS,LIMITLESS DIOSMIN COMPLEX 30 FILM COATED TABLETS,ليمتلس ديوزمين كومبلكس 30 اقراص,2500600.0,87.1,ai_confirmed,ai_verified,0.0,
92476,LIMITLESS FEMBOOST 30 TAB,,,,,,no_match,,
82789,LIMITLESS FORTALASE ORIGINAL SYRUP,LIMITLESS FORTALASE ORIGINAL SYRUP 80 ML,ليمتلس فورتاليز اوريجينال شراب 80 مل,1548496.0,91.9,algo_match,brand_index,,
85613,limitless glow hair 30 tab,LIMITLESS GLOW HAIR 30 F.C. TABS.,ليمتلس جلو هير 30 اقراص,905008.0,91.2,algo_match,brand_index,,
90959,LIMITLESS HYDRATE,LIMITLESS HYDRATE KIDS 6 SACHETS WATERMELON,ليمتلس هيدرات اكياس بالبطيخ,2616977.0,100.0,algo_match,token_set_ratio,,
90798,LIMITLESS JOINT AVOPLUS 30 F.C. TABS,LIMITLESS JOINT AVOPLUS 30 TABS,ليمتلس جوينت افوبلس 30 اقراص,1535853.0,93.9,algo_match,brand_index,,
85183,LIMITLESS KIDS 250 ML SYRUP,,,,,,no_match,,
89321,LIMITLESS KIDS MULTIGUMMIES 90 GUMMIES,LIMITLESS KIDS MULTIGUMMIES 90 PIECES,ليمتلس كيدز مالتي فيتامين 90 قطعه,1869035.0,80.0,ai_confirmed,ai_verified,0.0,
84406,LIMITLESS KIDS MULTIVITAMINS SYRUP 140 ML,LIMITLESS KIDS MULTIVITAMINS SYRUP 140 ML,ليمتلس كيدز شراب ملتي فيتامين 140 مل,905005.0,100.0,algo_match,brand_index,,
86815,LIMITLESS LIPOFERREX 40 MG 30 TABS,LIMITLESS LIPOFERREX 40 MG 30 TABS,ليمتلس ليبوفيركس 40 مجم 30 اقراص,2038524.0,100.0,algo_match,brand_index,,
89320,LIMITLESS MAGNESIUM 150 MG 30 TABS,LIMITLESS MAGNESIUM 150 MG 30 TABS,ليمتلس ماغنسيوم 150 مجم 30 اقراص,2174179.0,100.0,algo_match,brand_index,,
84435,LIMITLESS MAN MAX 100TAB,LIMITLESS MAN MAX 100 TABS,ليمتلس رجال 120 اقراص عرض كبير,2562808.0,98.0,algo_match,brand_index,,
90437,LIMITLESS MAN GUMS 90 GUMMIES,,,,,,no_match,,
81424,LIMITLESS MAN MAX 30 TABS.,LIMITLESS MAN MAX 30 TABS,ليمتلس مان رجال ماكس 30 اقراص,2145610.0,100.0,algo_match,brand_index,,
90589,LIMITLESS METHYL FOLATE 1000 MG 30TAB,LIMITLESS METHYL FOLATE 1000 MCG 30 MINI FILM COATED TAB,ليمتلس ميثيل فولات 1000 مكجم 30 اقراص,2437346.0,95.9,algo_match,token_set_ratio,,
82959,LIMITLESS MILGA MAX 30 TABS,LIMITLESS MILGA MAX 30 TABS,ليمتلس ميلجا ماكس 30 اقراص,949416.0,100.0,algo_match,brand_index,,
90797,LIMITLESS OMEGA-3 2000 MG 60 CAPS,LIMITLESS OMEGA 3 2000 MG 60 CAPS,ليمتلس اوميجا 3 2000 مجم 60 اقراص,1880738.0,100.0,algo_match,brand_index,,
81427,LIMITLESS OMEGA-3 2000 MG 30 CAPS,LIMITLESS OMEGA 3 2000 MG 30 CAPS,ليمتلس اوميجا 3 2000 مجم 30 اقراص,1401991.0,100.0,algo_match,brand_index,,
86778,LIMITLESS OSSOFORTIN D3 (2000 I.U.) 30 TABS,LIMITLESS OSSOFORTIN D 3 2000 I.U. 30 TABS,ليمتلس اوسوفورتين دي 3 2000 م 20 ق,2645252.0,96.5,algo_match,brand_index,,
85838,LIMITLESS OSSOFORTIN D3 5000 I.U 30 TABS,LIMITLESS OSSOFORTIN D 3 5000 I.U. 30 TABS,ليماتليس اوسوفورتين 5000 جديد,2672536.0,100.0,algo_match,brand_index,,
88820,LIMITLESS OSTEODENSE ORIGINAL 30 TABS,,,,,,no_match,,
90924,LIMITLESS PEA PLUS 20 F.C. TABS.,LIMITLESS PEA PLUS 20 FILM COATED TABLETS,ليمتلس بي اي ايه بلس 20 كبسول,2430379.0,84.5,ai_confirmed,ai_verified,0.0,
88224,LIMITLESS POWER MAX 30 TAB,LIMITLESS POWER MAX 30 TABS,ليمتلس باور ماكس 30 اقراص,2369298.0,98.1,algo_match,brand_index,,
83362,LIMITLESS PRENATAL MAX 30 CAPS,LIMITLESS PRENATAL MAX 30 TABS,ليمتلس بريناتال اوريجنال 30 اقراص,2366987.0,83.3,ai_confirmed,ai_verified,0.0,
90672,LIMITLESS PRENATAL ORG 30CAP,,,,,,no_match,,
82586,LIMITLESS PROSTANORM 30TAB,LIMITLESS PROSTANORM MAX 30 F.C. TABS,ليمتلس بروستانورم ماكس 30 اقراص,2471113.0,85.7,ai_confirmed,ai_verified,0.0,
90960,LIMITLESS SLEEP AID 30 FILM,LIMITLESS SLEEP AID DUAL 30 TABS,ليمتلس سليب ايد ديوال 30 اقراص,1858410.0,81.4,ai_confirmed,ai_verified,0.0,
86754,LIMITLESS SLEEP AID DUAL 30 TABLETS,LIMITLESS SLEEP AID DUAL 30 TABS,ليمتلس سليب ايد ديوال 30 اقراص,1858410.0,95.5,algo_match,brand_index,,
91300,LIMITLESS TURMERIC 500 MG 60 CAPS,LIMITLESS TURMERIC 500 MG 60 CAPS.,ليمتلس تورميرك 500 مجم 60 كبسول,2437336.0,100.0,algo_match,brand_index,,
84170,LIMITLESS WOMAN MAX 100TAB,LIMITLESS WOMAN MAX 100 TABS,ليمتلس ومان سيدات ماكس 100 اقراص,2543839.0,98.2,algo_match,brand_index,,
81425,LIMITLESS WOMAN MAX 30 TABS,LIMITLESS WOMAN MAX 30 TABS,ليمتلس احمر سيدات كبير,2673055.0,100.0,algo_match,brand_index,,
91078,LIMITLESS WOMAN MULTIGUMMIES 90 GUM,LIMITLESS WOMAN MULTIGUMMIES 90 PIECES,ليمتلس ومان سيدات مالتي جاميز 90 قطعه,1699733.0,84.9,ai_confirmed,ai_verified,0.0,
80002,LIMITLESS ZINC 25MG 30TABS,LIMITLESS ZINC 25 MG 30 TABS.,ليمتلس زنك 25 مجم 30 اقراص,,100.0,algo_match,brand_index,,
92236,linagliflozin 10/5 mg 30 tab,LINAGLIFLOZIN 25 / 5 MG 30 TAB,ليناجليفلوزين 25 / 5 مجم 30 اقراص,2566904.0,89.7,ai_confirmed,ai_verified,0.0,
89801,LINAGLIFLOZIN 25/5MG 30TAB,LINAGLIFLOZIN 25 / 5 MG 30 TAB,ليناجليفلوزين 25 / 5 مجم 30 اقراص,2566904.0,89.7,ai_confirmed,ai_verified,0.0,
90706,LINAJENTA PLUS 25/5 MG 30TAB,,,,,,no_match,,
75709,LINDO HAIR SPRAY 120 ML,LINDO HAIR OIL SPRAY 120 ML,ليندو زيت شعر بخاخ 120 مل,,92.0,algo_match,brand_index,,
56287,LINDO HAIR SPRAY 250 ML,LINDO HAIR OIL SPRAY 250 ML,ليندو زيت شعر بخاخ 250 مل,2169061.0,92.0,algo_match,brand_index,,
82234,LINEX 10 SACHET,LINEX 10 SACH,لينكس 10 كيس,2355174.0,92.9,algo_match,brand_index,,
82944,LINEX ADULT 14 CAPS,LINEX ADULT 14 CAPS,لينكس كبار 14 اقراص,2685116.0,100.0,algo_match,brand_index,,
87971,LINEX BABY DROPS 8 ML,LINEX BABY DROPS 8 ML,لينكس نقط للاطفال 8 مل,,100.0,algo_match,brand_index,,
81239,LINEZ 600MG 10 TABS,LINEZ 600 MG 10 F.C.TAB.,لينيز 600 مجم 10 اقراص,,88.4,ai_confirmed,ai_verified,0.0,
80837,LINEZOLID 600MG 14TABS,LINEZOLID 600 MG 14 F.C. TAB.,لينزوليد 600 مجم 14 اقراص,,90.2,algo_match,brand_index,,
90801,LINGALABS PLUS 25/5/1000 MG 30 F.C. TABS,LINGALABS PLUS 10 / 5 / 1000 MG 30 TABS,لينجالابس بلس 10 / 5 / 1000 مجم 30 اقراص,2327644.0,84.6,ai_confirmed,ai_verified,0.0,
88800,LINOROSE 1000 MG 30 CAPS,LINOROSE 1000 MG 30 CAPS,لينوروز 1000 مجم 30 كبسول,1874308.0,100.0,algo_match,brand_index,,
91230,LIOPATH 600 MG 30 TAB,LIOPATH 600 MG 30 TABLETS,ليوباث 600 مجم 30 اقراص,,91.3,algo_match,brand_index,,
91229,LIOPATH COMP 30 F.C. TABS,LIOPATH COMB 30 TAB,ليوباث كومب 30 اقراص,2224733.0,83.7,ai_confirmed,ai_verified,0.0,
81432,LIPANTHYL 145 MG 20 TABS,LIPANTHYL 145 MG 20 F.C.TABS.,ليبانتيل 145 مجم 20 كبسول,2159023.0,92.3,algo_match,brand_index,,
46604,LIPANTHYL 300MG 30CAP,LIPANTHYL 300 MG 30 CAPS.,ليبانتيل 300 مجم 30 كبسول,904931.0,97.9,algo_match,brand_index,,
60764,LIPANTHYL SUPRA 160 MG 30 TAB,LIPANTHYL SUPRA 160 MG 30 F.C. TABS.,ليبانتيل سوبرا 160 مجم 30 اقراص,2315073.0,92.1,algo_match,brand_index,,
19286,LIPICOLE 10MG 10 TAB,LIPICOLE 10 MG 10 TAB.,ليبيكول 10 مجم 10 اقراص,,100.0,algo_match,brand_index,,
89042,LIPICONTROL 10/10MG 20 F.C. TABS,LIPICONTROL 10 / 10 MG 20 TAB,ليبيكونترول 10 / 10 مجم 20 اقراص,2316661.0,85.2,ai_confirmed,ai_verified,0.0,
92371,LIPICONTROL 10/20MG 20 F.C. TABS.,LIPICONTROL 10 / 20 MG 20 TAB,ليبيكونترول 10 / 20 مجم 20 اقراص,2318649.0,85.2,ai_confirmed,ai_verified,0.0,
74915,LIPITOR 10MG 28TAB,LIPITOR 10 MG 28 TABS.,ليبيتور 10 مجم 28 اقراص,2640406.0,97.6,algo_match,brand_index,,
74299,LIPITOR 20 MG 28 TAB,LIPITOR 20 MG 28 TABS.,ليبيتور 20 مجم 28 اقراص,2162812.0,97.6,algo_match,brand_index,,
57376,LIPITOR 40 MG 14 TAB,LIPITOR 40 MG 14 TABS.,ليبيتور 40 مجم 14 اقراص,1659478.0,97.6,algo_match,brand_index,,
75221,LIPITOR 40 MG 7 TABS,LIPITOR 40 MG 7 TABS.,ليبيتور 40 مجم 7 اقراص,1467351.0,100.0,algo_match,brand_index,,
58701,LIPITOR 80 MG 14 TAB,LIPITOR 80 MG 14 TABS.,ليبيتور 80 مجم 14 اقراص,2194479.0,97.6,algo_match,brand_index,,
62370,LIPITRIN 10/10 14 TAB,LIPITRIN 10 / 10 MG 14 TAB.,ليبترين 10 / 10 مجم 14 اقراص,2379830.0,85.1,ai_confirmed,ai_verified,0.0,
61564,LIPITRIN 20/10 14 TAB,LIPITRIN 10 / 10 MG 14 TAB.,ليبترين 10 / 10 مجم 14 اقراص,2379830.0,86.4,ai_confirmed,ai_verified,0.0,
83891,lipocomb 10/10 cap,,,,,,no_match,,
90528,LIPOFERRIC FOLIC 30 CAPS,,,,,,no_match,,
82443,LIPOFERRIC FOLIC 30 SACH,,,,,,no_match,,
19444,LIPONA 10MG TAB,LIPONA 10 MG 10 TAB.,ليبونا 10 مجم 10 اقراص,,91.4,algo_match,brand_index,,
39971,LIPONA 20MG TAB,LIPONA 20 MG 10 F.C.TAB,ليبونا 20 مجم 10 اقراص,962418.0,82.1,ai_confirmed,ai_verified,0.0,
57517,LIPONA 40 MG TAB,LIPONA 40 MG 10 F.C.TAB,ليبونا 40 مجم 10 اقراص,2295567.0,82.1,ai_confirmed,ai_verified,0.0,
85895,LIPOPENT 600 MG 20 TABS,LIPOPENT 600 MG 20 TAB,ليبوبنت 600 مجم 20 اقراص,,97.8,algo_match,brand_index,,
81532,LIPOSOM-B CAP,LIPOSOM C 500 MG 30 CAPS.,ليبوزوم سي 500 مجم 30 كبسول,,92.3,algo_match,partial_token_sort_ratio,,
83482,LIPOSOM-B12 1000 M 20 CAP,LIPOSOM B 12 1000 MCG 20 TABLETS,ليبوزوم بي 12 1000 مجم 20 اقراص,2076439.0,87.0,ai_confirmed,ai_verified,0.0,
80778,LIPOSOM-D3 10000IU 30 TABS,LIPOSOM D 3 10.000 I.U. 30 CAPS,ليبوزوم دي 3 10000 وحده 30 كبسول,2157573.0,80.7,ai_confirmed,ai_verified,0.0,
91154,LIPOSOM-D3 400 DROPS,,,,,,no_match,,
92151,LIPOSOMAL VITAMIN D3,,,,,,no_match,,
91973,LIPTITAM 1000 MG 20 TAB,LIPTITAM XR 1000 MG 20 F.C. TABS.,ليبتيتام اكس ار 1000 مجم 20 اقراص,,85.2,ai_confirmed,ai_verified,0.0,
91872,Liquid Chlorophyll Syrup 120 mil,LIQUID CHLOROPHYLL SYRP 120 ML,كلوروفيل شراب 120 مل,,96.8,algo_match,brand_index,,
57480,LISTERINE ADVANCED TARTAR CONTROL MOUTHWASH 250 ML,,,,,,no_match,,
63032,LISTERINE FRESH BURST MOUTHWASH 250 ML,,,,,,no_match,,
71215,LISTERINE GREEN TEA MOUTHWASH 250 ML,LISTERINE GREEN TEA MOUTHWASH 250 ML,ليسترين توتال كير اخضر 250 مل / سوفيكو,2535727.0,100.0,algo_match,brand_index,,
85521,LISTERINE MOUTH WASH ADVANCED WHITE 250 ML,,,,,,no_match,,
59673,LIT UP SOAP 100gm,LIT UP SOAP 100 GM,لايت اب صابون 100 جم,949376.0,100.0,algo_match,brand_index,,
78912,LIT UP CLEANSER 200ML,,,,,,no_match,,
66040,LIT UP WHITENING CREAM 50 GM,LIT UP WHITENING CREAM 50 GM,لايت اب كريم تفتيح 50 جم,2530618.0,100.0,algo_match,brand_index,,
90436,LITHIOMOD 400MG 30 TAB,LITHIOMOD 400 MG 30 TAB,ليثومود 400 مجم 30 اقراص,2274005.0,100.0,algo_match,brand_index,,
73647,LIVABION 6 AMP,LIVABION 6 I.M. AMP. 2 ML,ليفابيون 6 امبول 2 مل,1477126.0,100.0,algo_match,token_set_ratio,,
73862,LIVAGOAL 450 MG 20 CAP,LIVAGOAL 450 MG 20 CAPS.,ليفاجول 450 مجم 20 كبسول,1659494.0,97.8,algo_match,brand_index,,
77099,LIVER ALBUMIN PLUS 20-CAP,LIVER ALBUMIN PLUS 20 CAPS,ليفر البيومين بلس 20 كبسول,2342785.0,98.0,algo_match,brand_index,,
74958,LIVERIN CAP,LIVERIN 20 CAPS,ليفرين 20 كبسول,2113044.0,84.6,ai_confirmed,ai_verified,0.0,
89160,LIVIACOOL MASSAGE GEL 59 GM,LIVIACOOL MASSAGE GEL 59 GM,ليفياكول مساج جل 59 جم,1873841.0,100.0,algo_match,brand_index,,
21439,LIVIAL 2.5 MG 28 TABS,LIVIAL 2.5 MG 28 TAB.,ليفيال 2.5 مجم 28 اقراص,2670114.0,97.6,algo_match,brand_index,,
78143,LIVIDEMIA 2 MG 10 F.C. TABS.,LIVIDEMIA 2 MG 10 F.C. TABS.,ليفيدميا 2 مجم 10 اقراص,,100.0,algo_match,brand_index,,
92638,LIXORA SK LOTION 150 ML,,,,,,no_match,,
47900,LOGIMAX30TAB,LOGIMAX S.R. 30 TAB.,لوجيماكس اس ار 30 اقراص,,87.5,ai_confirmed,ai_verified,0.0,
56186,LOHYDRAN 10 SCAHETS,,,,,,no_match,,
74581,LOLA WEST 6 SACHETS,LOLAWEST 3 GM 6 SACHETS,لولاويست 3 جم 6 اكياس,904923.0,85.7,ai_confirmed,ai_verified,0.0,
90623,LONGAGEN 30 CAP,LONGAGEN 30 CAPS,لونجاجين 30 كبسول,,96.8,algo_match,brand_index,,
82958,LOPRANEST 2 MG 20 ORODISPERSIBLE FILMS,LOPRANEST 2 MG 20 ORODISPERSIBLE FILMS,لوبرانست 2 مجم 20 فيلم,1839990.0,100.0,algo_match,brand_index,,
77607,LOPRECOUGH SYRUP 100ML,LOPRECOUGH SYRUP 100 ML,لوبريكف شراب 100 مل,1427615.0,100.0,algo_match,brand_index,,
LOR,LORAFAST 100 ML SYRUP,,,,,,no_match,,
21845,LORATADINE TAB,LORATADINE 10 MG 10 TAB.,لوراتادين 10 مجم 10 اقراص,2511204.0,100.0,algo_match,token_set_ratio,,
32961,LORAZ 50/12.5MG 14 TAB.,LORAZ 50 / 12.5 MG 14 TAB.,لوراز 50 / 12.5 مجم 14 اقراص,2144739.0,87.5,ai_confirmed,ai_verified,0.0,
83419,lornicam 8mg 30tab,LORNICAM 8 MG RAPID 30 DISINTEGRATING TAB,لورنيكام رابيد 8 مجم 30 اقراص فواره,1303706.0,100.0,algo_match,token_set_ratio,,
64021,LORNOXICAM 4 MG 20 TAB,LORNOXICAM 4 MG 20 F.C.TAB,لورنوكسيكام 4 مجم 20 اقراص,1432462.0,91.7,algo_match,brand_index,,
73975,LORNOXICAM 8 MG 20 TAB,LORNOXICAM 8 MG 20 F.C.TAB,لورنوكسيكام 8 مجم 20 اقراص,2205833.0,91.7,algo_match,brand_index,,
91783,LORNOXICAM 8 MG 30 TAB,LORNOXICAM 8 MG 30 F.C.TAB,لورنوكسيكام 8 مجم 30 اقراص,904912.0,91.7,algo_match,brand_index,,
74077,LORNOXICAM 8 MG AMP,LORNOXICAM 8 MG / 2 ML VIAL FOR I.M. / I.V. INJ.,لورنوكسيكام 8 مجم / 2 مل امبول,949345.0,88.2,ai_confirmed,ai_verified,0.0,
91466,LOSAR 50MG 28 TAB,LOSAR 50 MG 28 F.C. TAB.,لوسار 50 مجم 28 اقراص,2674353.0,90.0,algo_match,brand_index,,
88458,LOSAZIDE 50/12.50 30TAB,,,,,,no_match,,
90050,LOTERANOL 0.5% EYE DROP,,,,,,no_match,,
87929,LOTERANOL 0.5% EYE GEL,LOTERANOL 0.5 % EYE GEL 5 GM,لوتيرانول 0.5 % جل للعين 5 جم,2400826.0,84.0,ai_confirmed,ai_verified,0.0,
87963,LOTERANOL COMP 5 ML DROP,LOTERANOL COMP EYE SUSP. DROPS 5 ML,لوتيرانول كومب قطره للعين 5 مل,,82.8,ai_confirmed,ai_verified,0.0,
LOV,LOVEZONE MAJESTIC,,,,,,no_match,,
LOVW,LOVEZONE SEXUAL WOMEN 10 TAB IMP,,,,,,no_match,,
73874,LOVIR 400 MG 10 TAB,LOVIR 400 MG 10 DISP. TAB.,لوفير 400 مجم 10 اقراص,2164234.0,88.4,ai_confirmed,ai_verified,0.0,
85851,LOVIR 800MG 35 ORAL DISPERSIBLE TABS,LOVIR 800 MG 35 ORAL DISP. TABS,لوفير 800 مجم 35 اقراص,904922.0,89.6,ai_confirmed,ai_verified,0.0,
90942,LOVITROD ORAL DROPS 30ML,LOVITROD ORAL DROPS,لوفيترود قطره بالفم,2146983.0,86.4,ai_confirmed,ai_verified,0.0,
86675,LOXYMUNE JUNIOR SYRUP 200 ML,LOXYMUNE JUNIOR SYRUP 200 ML,لوكسيميون جونيور شراب 200 مل,,100.0,algo_match,brand_index,,
81422,LUBICONT 24 MCG 28 CAPS.,LUBICONT 24 MCG 28 CAPS,لوبيكونت 24 مكجم 28 كبسول,2169066.0,100.0,algo_match,brand_index,,
81005,LUBICONT 8MCG 10CAPS,LUBICONT 8 MCG 10 CAPS.,لوبيكونت 8 مكجم 10 كبسول,1686714.0,100.0,algo_match,brand_index,,
89227,LUBRISTIRA 15 ML EYE DROPS,LUBRISTIRA 15 ML EYE DROPS,لوبريستيرا قطره عين 15 مل,2147001.0,100.0,algo_match,brand_index,,
74229,LUBRIVISC DROPS 0.1% 10 ML,LUBRIVISC 0.1 % EYE DROPS 10 ML,لوبريفيسك 0.1 % قطره للجفاف,904904.0,87.7,ai_confirmed,ai_verified,0.0,
10682,LUCIDRIL 250MG 20 TAB,LUCIDRIL 250 MG 20 F.C.TABS.,لوسيدريل 250 مجم 20 اقراص,2043175.0,89.8,ai_confirmed,ai_verified,0.0,
52073,LUCIDRIL 500MG 20 TAB,LUCIDRIL 500 MG 20 F.C.TABS.,لوسيدريل 500 مجم 20 اقراص,904920.0,89.8,ai_confirmed,ai_verified,0.0,
10570,LUCOCID R OINT 30 GM,LUCOCID R 3 % OINT. 30 GM,ليكوسيد ار 3 % مرهم 30 جم,2437321.0,90.9,algo_match,brand_index,,
86458,LUCOFUN-R CREAM 30 GM,LUCOFUN R CREAM 30 GM,ليكوفن ار كريم 30 جم,2185407.0,100.0,algo_match,brand_index,,
87856,LUNA SOAP GLYCRIN SHEA BUTTER,,,,,,no_match,,
l50,LUNGOCORT 0.25 MG/2ML 20 SUSP. AMP. FOR INH.,LUNGOCORT 0.25 MG / 2 ML 20 AMP,لنجوكورت 0.25 مجم / 2 مل 20 امبول,2537545.0,87.3,ai_confirmed,ai_verified,0.0,
91298,LUNGOCORT 0.5 MG/2ML 20 SUSP. AMP. FOR INH,LUNGOCORT 0.5 MG / 2 ML 20 AMP,لنجوكورت 0.5 مجم / 2 مل 20 امبول,2620608.0,86.8,ai_confirmed,ai_verified,0.0,
91422,LUNGOCORT 1 MG/2ML 20 SUSP. AMP. FOR INH,LUNGOCORT 1 MG / 2 ML 20 AMP,لنجوكورت 1 مجم / 2 مل 20 امبول,2551028.0,85.7,ai_confirmed,ai_verified,0.0,
81867,lunner lighting cream,,,,,,no_match,,
lus10,LUSTRAL 50 MG 10 F.C.TABS,LUSTRAL 50 MG 10 F.C. TAB,لوسترال 50 مجم 10 اقراص,2674991.0,98.0,algo_match,brand_index,,
LUS20,LUSTRAL 50 MG 20 TAB,LUSTRAL 50 MG 20 F.C. TAB.,لوسترال 50 مجم 20 اقراص,2313580.0,90.9,algo_match,brand_index,,
36114,LUTOFOLONE AMP,LUTOFOLONE 2 AMP.,لوتوفولون 2 امبول امبول,1308042.0,93.3,algo_match,brand_index,,
36128,LUTONE AMP,LUTONE 25 MG / ML I.M. 3 AMP,لوتون 25 مجم / مل 3 امبول,2628705.0,100.0,algo_match,token_set_ratio,,
22785,LYSE DROPS,LYSE 0.65 % NASAL DROPS 15 ML,لايس 0.65 % قطره انف 15 مل,904861.0,100.0,algo_match,token_set_ratio,,
74594,MAALOX FRUITS 20 SACHET,,,,,,no_match,,
ma,MAALOX LEMON 20 SACHET,MAALOX LEMON 20 ORAL SACHET SUSP.,مالوكس ليمون 20 اكياس,,81.5,ai_confirmed,ai_verified,0.0,
79694,MAALOX PLUS FAST 180ML SYRUP,,,,,,no_match,,
86544,MAALOX SUSP 250 ML,,,,,,no_match,,
79940,MACRO Carbamide CREAM 50GM,MACRO CARBAMIDE 10 % CREAM 50 GM,كارباميد ماكرو كريم لترطيب البشره 50 جم,2214652.0,91.5,algo_match,brand_index,,
75231,MACRO PANTHENOL 2% CREAM 50 GM,MACRO PANTHENOL CREAM 50 GM,ماكرو بانثينول كريم 50 جم,2507567.0,94.7,algo_match,brand_index,,
MPL,MACRO PANTHENOL LOTION100ML,MACRO PANTHENOL LOTION 100 ML,بانثينول ماكس لوسيون 200 مل ستار,2683017.0,100.0,algo_match,brand_index,,
18941,MACROFURAN 100MG CAP,MACROFURAN 100 MG 30 CAPS.,ماكروفيوران 100 جم 30 كبسول,2396496.0,91.3,algo_match,brand_index,,
31823,MACROFURAN 50MG CAP,MACROFURAN 50 MG 30 CAPS.,ماكروفيوران 50 مجم 30 كبسول,2143996.0,90.9,algo_match,brand_index,,
89290,MACSEN CREAM 75 GM,MACSEN CREAM 75 GM,ماكسن كريم 75 جم,1618566.0,100.0,algo_match,brand_index,,
79833,MADDOVIT B12 - 10 X 7 ML DRINKABLE AMPS.,MADDOVIT B 12 10 X 7 ML DRINKABLE AMPS,مادوفيت ب 12 امبول شراب,,100.0,algo_match,brand_index,,
80850,MAFO 100MG/5ML SYRUP 100 ML,MAFO 100 MG / 5 ML SYRUP 100 ML,مافو 100 مجم / مل شراب 100 مل,2498163.0,90.0,algo_match,brand_index,,
79621,MAFO 200 MG 30 TAB,MAFO 200 MG 30 F.C.TABS.,مافو 200 مجم 30 اقراص,,87.8,ai_confirmed,ai_verified,0.0,
80056,MAFO 400MG 30TABS,MAFO 400 MG 30 F.C.TABS,مافو 400 مجم 30 اقراص,2421576.0,90.5,algo_match,brand_index,,
91480,MAG WHITES 500 MG 60 TABS,MAG WHITES 60 TAB,ماج وايتس 60 اقراص,2511797.0,81.0,ai_confirmed,ai_verified,0.0,
23093,MAGIC CREAM 100 ML,,,,,,no_match,,
22365,MAGIC OIL 60 ML,,,,,,no_match,,
81739,MAGIC OIL120M,,,,,,no_match,,
85883,MAGNESIUM GLYCINATE 120 VEGCAPS,NOW MAGNESIUM GLYCINATE 120 TABS,ناو ماغنسيوم 120 اقراص,2674768.0,85.2,ai_confirmed,ai_verified,0.0,
46895,MAGNESIUM PLUS TAB,MAGNESIUM PLUS 30 TAB.,ماغنيسيوم بلس 30 اقراص,2437376.0,92.3,algo_match,brand_index,,
60171,MAGNISOL 6 AMP,MAGNISOL 0.5 GM / 5 ML 6 AMPS,ماجنيسول 0.5 جم / 5 مل 6 امبول امبول,1769127.0,83.3,ai_confirmed,ai_verified,0.0,
87053,MAINTAIN MASSAGE SPRAY,,,,,,no_match,,
86021,MALINDA CREAM ULTRA LIGHT MOISTURIZER 120 GM,MALINDA CREAM 120 GM,ماليندا كريم مرطب 120 جم,2126851.0,100.0,algo_match,token_set_ratio,,
84299,MALINDA GEL 200 ML,,,,,,no_match,,
76159,MALINDA SKIN CLEANSER GEL 200ML,,,,,,no_match,,
40450,MALVA SOLUTION 120ML,,,,,,no_match,,
83271,MAMI MILK 20 CAPS,MAMI MILK 20 CAP,مامي ميلك 20 كبسول,1659567.0,97.0,algo_match,brand_index,,
89860,MANIPULEPSY 400 MG 30 CAPS,MANIPULEPSY 400 MG 30 CAPS,مانيبيوليبسي 400 مجم 30 اقراص,1489631.0,100.0,algo_match,brand_index,,
79571,MANOVIPERCAINE PLUS 15ML,MANOVIPERCAINE PLUS TOPICAL SPRAY 15 ML,مانوفيبركين بلس بخاخ 15 مل,2128049.0,100.0,algo_match,token_set_ratio,,
59611,MANTINE 10 MG 30 TAB,MANTINE 10 MG 30 F.C. TAB.,مانتين 10 مجم 30 اقراص,2127372.0,90.9,algo_match,brand_index,,
90697,MAPI PLUS 20CAP,MAPI PLUS 20 CAP,مابي بلس 20 كبسول,2511847.0,100.0,algo_match,brand_index,,
90943,MARCAL PLUS 30 F.C. TABS.,MARCAL PLUS 30 TABS,ماركال بلس 30 اقراص,2347023.0,90.5,algo_match,brand_index,,
14711,MARCAL TAB,MARCAL 30 TABS,ماركال 30 اقراص,906726.0,83.3,ai_confirmed,ai_verified,0.0,
91417,MARCRISA 2% TOPICAL OINT. 30 GM,MARCRISA OINT 30 GM,ماركريزا مرهم 30 جم,2330865.0,100.0,algo_match,token_set_ratio,,
83906,MAREVAN 1MG 102TABLETS,MAREVAN 1 MG 102 TAB,ماريفان 1 جم 102 اقراص,,90.9,algo_match,brand_index,,
83905,MAREVAN 3MG 102 TABLETS,MAREVAN 3 MG 102 TAB,ماريفان 3 جم 102 اقراص,2492795.0,90.9,algo_match,brand_index,,
83907,MAREVAN 5MG 102TABLETS,MAREVAN 5 MG 102 TAB,ماريفان 5 جم 102 اقراص,1404312.0,90.9,algo_match,brand_index,,
83931,MARIVO MASSAGE GEL 50 GM,MARIVO MASSAGE GEL 50 GM,ماريفو مساج جل 50 جم,2530621.0,100.0,algo_match,brand_index,,
47089,MARK FAST 30 CAP,MARK FAST 30 CAPS.,مارك فاست 30 كبسول,905049.0,97.0,algo_match,brand_index,,
83097,MARNYS NOBILETIL10*11,MARNYS NOBILETIL 10 ORAL BOTTLES 11 ML,مارنيز نوبيلتييل 10 امبول 11 مل,,84.2,ai_confirmed,ai_verified,0.0,
80951,MARNYS omega 3 120ml syrup,,,,,,no_match,,
82053,MARNYS PROTECT SYRUP,MARNYS PROTECT SYRUP 125 ML,مارنيز بروتيكت شراب 125 مل,2561195.0,85.1,ai_confirmed,ai_verified,0.0,
89552,MARONAL 30 TABLETS,MARONAL 30 TAB,مارونال 30 اقراص,,87.5,ai_confirmed,ai_verified,0.0,
52060,MARPALENE 0.1% CREAM 30 GM,MARPALENE 0.1 % TOPICAL CREAM 30 GM,ماربالين 0.1 % كريم 30 جم,1397609.0,82.0,ai_confirmed,ai_verified,0.0,
75861,marsalaz 500mg 30 cap,MARSALAZ 500 MG 30 ENTERIC COATED TAB.,مارسالاز 500 مجم 30 اقراص,2127876.0,90.0,algo_match,token_set_ratio,,
92082,marshmallow whitening cream,,,,,,no_match,,
80384,MARTAVIVA 2MG/0.03MG 21TABS,MARTAVIVA 2 / 0.03 MG 21 TABS.,مارتافيفا 2 / 0.03 مجم 21 اقراص,2345010.0,94.9,algo_match,token_set_ratio,,
75641,MARVEL 100GM CREAM,,,,,,no_match,,
9925,MARVIT CAP,MARVIT 14 CAPSULE,مارفيت اقراص 14 كبسول,,82.4,ai_confirmed,ai_verified,0.0,
59816,MARVIT SYRUP FOR CHILDREN 100 ML,MARVIT SYRUP 100 ML,مارفيت فيتامين للاطفال شراب 100 مل,,100.0,algo_match,token_set_ratio,,
81036,MARVITENSE 20/5/12.5 30 TABS,,,,,,no_match,,
76759,MARVITENSE 40/10/25 MG 30 TAB,MARVITENSE 40 / 10 / 25 MG 30 F.C. TABS.,مارفيتنس 40 / 10 / 25 مجم 30 اقراص,2161287.0,80.0,ai_confirmed,ai_verified,0.0,
79585,MARVITENSE 40/5/12.5 mg 30 TABS,MARVITENSE 20 / 5 / 12.5 MG 30 F.C. TABS.,مارفيتنس 20 / 5 / 12.5 مجم 30 اقراص,2159836.0,80.8,ai_confirmed,ai_verified,0.0,
87694,MARVY D 15 ML DROP,MARVY D ORAL DROPS 15 ML,مارفي دي قطره بالفم 15 مل,2197966.0,85.7,ai_confirmed,ai_verified,0.0,
82175,MASA CREAM MASSAGE 50GM,MASA CREAM 50 GM,ماسا كريم 50 جم,1740885.0,80.0,ai_confirmed,ai_verified,0.0,
88005,MASSERA NASSAGE CREAM 50 GM,,,,,,no_match,,
91416,MASTERKEEN 30 ML DROPS,,,,,,no_match,,
MAT,MATRIX 20 CAPS.,,,,,,no_match,,
79586,MATUJAC 60 MG 3 F.C. TABS,MATUJAC 60 MG 3 F.C. TABS.,ماتيوجاك 60 مجم 3 اقراص,2145354.0,100.0,algo_match,brand_index,,
87778,MAVALA EYE CARE DOUBLE-LASH 10 ML,,,,,,no_match,,
84729,MAVILOR 10MG 30 TAB.,MAVILOR 10 MG 30 TAB,مافيلور 10 مجم 30 اقراص,1033010.0,100.0,algo_match,brand_index,,
86216,MAVILOR 2.5 MG 30 TAB.,MAVILOR 2.5 MG 30 TAB,مافيلور 2.5 مجم 30 اقراص,905059.0,100.0,algo_match,brand_index,,
73318,MAVILOR 5MG 30 TAB.,MAVILOR 5 MG 30 TAB.,مافيلور 5 مجم 30 اقراص,905061.0,100.0,algo_match,brand_index,,
87653,MAVILOR PLUS 5/12.5 30 TAB,MAVILOR PLUS 5 / 12.5 MG 30 TABS,مافيلور بلس 5 / 12.5 مجم 30 قرص,2313630.0,82.4,ai_confirmed,ai_verified,0.0,
86782,MAVILOR PLUS 5/25 MG 30 TABS,MAVILOR PLUS 5 / 25 MG 30 TABS,مافيلور بلس 5 / 25 مجم 30 قرص,2221970.0,86.2,ai_confirmed,ai_verified,0.0,
91529,MAX EXTEND CAP,,,,,,no_match,,
77464,MAXDINIR 125MG/5ML 60 ML SUSP,MAXDINIR 125 MG / 5 ML 60 ML SUSP,ماكسيدينير 125 مجم / مل شراب 60 مل,2157050.0,90.6,algo_match,brand_index,,
67375,MAXDINIR 250 MG SUSP,MAXDINIR 250 MG / 5 ML 60 ML SUSP,ماكسيدينير 250 / 5 مجم / مل شراب 60 مل,1803117.0,100.0,algo_match,token_set_ratio,,
63258,MAXDINIR 300MG 10CAP,MAXDINIR 300 MG 10 CAPS.,ماكسيدينير 300 مجم 10 كبسول,1804679.0,97.8,algo_match,brand_index,,
91197,MAXI-MUM 200MG 30 CAP,,,,,,no_match,,
79997,MAXI CARE MASSAGE CREAM 75GM,MAXI CARE CREAM 75 GM,ماكسي كير كريم 75 مجم,2313632.0,84.0,ai_confirmed,ai_verified,0.0,
79156,maxical 120ml syrup,,,,,,no_match,,
74083,MAXICAL 30 TAB,MAXICAL 30 TABS,ماكسيكال 30 اقراص,2194580.0,96.6,algo_match,brand_index,,
22843,MAXICAL D SYRUP 120 ML,,,,,,no_match,,
88105,MAXICAL PLUS 30 TABLETS,MAXICAL PLUS 30 TAB,ماكسيكال بلس 30 اقراص,1741982.0,90.5,algo_match,brand_index,,
74213,MAXILASE 100ML SYRUP,MAXILASE 200 CEIP UNIT / ML SYRUP 100 ML,ماكسيلاز 200 وحده / مل شراب 100 مل,905072.0,100.0,algo_match,token_set_ratio,,
90624,MAXILASE SYRUP 200 ML الحجم الكبيير,,,,,,no_match,,
17161,MAXIPIME 1GM VIAL,MAXIPIME 1 GM VIAL,ماكسيبيم 1 جم امبول,1769159.0,100.0,algo_match,brand_index,,
75446,MAXIPIME 500MG VIAL,MAXIPIME 500 MG VIAL,ماكسيبيم 500 مجم امبول امبول,2672386.0,100.0,algo_match,brand_index,,
67268,MAXOPHAGE XR 1000MG 30 EXT. REL. TABS.,MAXOPHAGE XR 1000 MG 30 EXT. REL. TABS.,ماكسوفاج اكس ار 1000 مجم 30 اقراص,2175317.0,100.0,algo_match,brand_index,,
49448,MAXRONE MASSAGE CREAM 50 GM,MAXRONE MASSAGE GEL 50 GM,ماكسرون جل مساج 50 جم,2112908.0,88.5,ai_confirmed,ai_verified,0.0,
87847,maxwell gel massage gel,MAXWELL MASSAGE GEL 50 GM,ماكس ويل مساج جل 50 جم,,87.5,ai_confirmed,ai_verified,0.0,
92029,MAYOCELLA 150ML SYRUP,MAYOCELLA SYRUP 150 ML,مايوسيلا شراب 150 مل,,100.0,algo_match,brand_index,,
86819,MDICORVAL 100MCG/6MCG 120 METERED ACTUATION,,,,,,no_match,,
80589,MDICORVAL 200/6MCG 120 DOSE,,,,,,no_match,,
26545,MEBACO SLIM 20 TAB,,,,,,no_match,,
65975,MEBEFAC 200 MG 30 TAB,MEBEFAC 200 MG SR 30 F.C. TABS.,ميبيفاك 200 مجم,2683630.0,84.0,ai_confirmed,ai_verified,0.0,
MB15,MEBO OINT 15 GM,MEBO 0.25 % HERBAL AND NATURAL OINT. 15 GM,ميبو مرهم 15 جم,1565241.0,100.0,algo_match,token_set_ratio,,
MB30,MEBO OINT 30 GM,MEBO 0.25 % HERBAL AND NATURAL OINT. 30 GM,ميبو مرهم 30 جم,2474457.0,100.0,algo_match,token_set_ratio,,
89135,MEBO SEA VITAMIN C CREAM 25 GM,,,,,,no_match,,
87381,MEBOLIVIA CREAM,,,,,,no_match,,
79627,MECLIZIGO 20 FILM,MECLIZIGO 25 MG 20 ORODISPERSIBLE FILMS,ميكليزيجو 25 مجم 20 فيلم,2199190.0,82.8,ai_confirmed,ai_verified,0.0,
86955,MEDALGESIC 1 GM VIAL I.V. INF. 100 ML,MEDALGESIC 1 GM VIAL I.V. INF. 100 ML,ميدالجيسك محلول وريدي,2673533.0,100.0,algo_match,brand_index,,
79286,MEDEXAFLAM 12 SUPPOSITORIES,MEDEXAFLAM 15 MG 12 SUPP.,مديكسافلام 15 مجم 12 لبوس,2535618.0,85.7,ai_confirmed,ai_verified,0.0,
75154,MEDEXAFLAM 15 MG 20 TAB,MEDEXAFLAM 15 MG 20 TABS.,مديكسافلام 15 مجم 20 اقراص,905194.0,97.9,algo_match,brand_index,,
79311,medexaflam 3 ampules,MEDEXAFLAM 15 MG / 1.5 ML 3 AMP.,مديكسافلام 15 مجم / 1.5 مل 3 امبول,,80.0,ai_confirmed,ai_verified,0.0,
59217,MEDEXAFLAM 7.5 MG 20 TAB,MEDEXAFLAM 7.5 MG 20 TABS.,مديكسافلام 7.5 مجم 20 اقراص,2144503.0,98.0,algo_match,brand_index,,
91247,MEDICLAVE 457MG SUSP,MEDICLAVE 457 MG 70 ML,ميديكلاف 457 مجم 70 مل,,86.5,ai_confirmed,ai_verified,0.0,
81268,MEDIHYALO 30G CREAM,MEDIHYALO CREAM 30 GM,ميديهيالو كريم 30 جم,2487774.0,97.6,algo_match,brand_index,,
91036,MEDIOSTEO TAB,MEDIOSTEO 20 TABS,ميدي اوستيو 20 اقراص,,86.7,ai_confirmed,ai_verified,0.0,
81641,medmylezen syrup,MEDMYLEZEN SYRUP 100 ML,ميدمايلزين شراب 100 مل,2542557.0,82.1,ai_confirmed,ai_verified,0.0,
79626,MEFAC 20 TAB,MEFAC 20 F.C. TABS,ميفاك 20 اقراص,,82.8,ai_confirmed,ai_verified,0.0,
73306,MEGAFEN-N SYRUP 120ML,,,,,,no_match,,
46584,MEGAFEN 200MG 20 TAB,,,,,,no_match,,
80323,MEGAFEN 200MG 30 TAB,,,,,,no_match,,
91974,MEGAFLOW GEL,MEGAFLOW GEL 30 GM,ميجافلو جل 30 جم,,80.0,ai_confirmed,ai_verified,0.0,
81315,MEGALASE 30 TAB,MEGALASE 30 F.C.TABS.,ميجاليز 30 اقراص,2437463.0,85.7,ai_confirmed,ai_verified,0.0,
39973,MEGALASE SYRUP 125 ML,MEGALASE SYRUP 125 ML,ميجاليز شراب 125 مل,2497761.0,100.0,algo_match,brand_index,,
74099,MEGAMOX 1GM 14 TAB*2 STRIP,MEGAMOX 1 GM 14 F.C. TAB.,ميجاموكس 1 جم 14 اقراص,1479489.0,80.0,ai_confirmed,ai_verified,0.0,
74884,MEGAMOX 228MG SUSP. 70ML,MEGAMOX 228 MG SUSP. 70 ML,ميجاموكس 228 مجم شراب 70 مل,1613792.0,100.0,algo_match,brand_index,,
74766,MEGAMOX 457MG SUSP,MEGAMOX 457 MG / 5 ML SUSP. 70 ML,ميجاموكس 457 مجم / 5 مل شراب 70 مل,2164420.0,100.0,algo_match,token_set_ratio,,
74888,MEGAMOX 625 MG 14 TAB,MEGAMOX 625 MG 14 F.C. TABS.,ميجاموكس 625 مجم 14 اقراص,1479495.0,89.4,ai_confirmed,ai_verified,0.0,
83661,MEGAMOX ES 642MG SYRUP,,,,,,no_match,,
82905,MEGAPRAZOLE 40MG I.V VIAL,MEGAPRAZOLE 40 MG POWDER FOR I.V. INF. VIAL,ميجابرازول 40 مجم امبول وريد,2491869.0,100.0,algo_match,token_set_ratio,,
27170,MEKI AH SYRUP,MEKI AH 2.5 MG / 5 ML SYRUP 60 ML,ميكي ايه اتش 2.5 مجم / 5 مل شراب 60 مل,,100.0,algo_match,token_set_ratio,,
86512,MELACRYST 1.5 MG 20 FILMS,MELACRYST 1.5 MG 20 ORO DISPERSIBLE FILMS,ميلاكريست 1.5 مجم 20 فيلم,2471322.0,100.0,algo_match,token_set_ratio,,
80978,MELACRYST 3 MG 20 ORO-DISPERSIBLE FILMS,MELACRYST 3 MG 20 ORO DISPERSIBLE FILMS,ميلاكريست 3 مجم 20 فيلم,1063777.0,100.0,algo_match,brand_index,,
25,MELADODO 3 MG 30 TABLETS,MELADODO 3 MG 30 TAB,ميلادودو 3 مجم 30 اقراص,,90.9,algo_match,brand_index,,
82588,MELANO CREAM MSSAG,,,,,,no_match,,
86857,MELANOFREE LOTION 200 ML,MELANO FREE LOTION 200 ML,ميلانو فري لوشن 200 مل,2471332.0,81.6,ai_confirmed,ai_verified,0.0,
61777,MELANOFREE TOPICAL CREAM 30 GM,MELANOFREE CREAM 30 GM,ميلانو فري كريم 30 جم,2144692.0,84.6,ai_confirmed,ai_verified,0.0,
84957,MELANTHENOL CREAM 40GM,MELANTHENOL CREAM 40 GM,ميلانثينول كريم 40 جم,1117271.0,100.0,algo_match,brand_index,,
86546,MELANTHENOL GEL 40 GM,MELANTHENOL GEL 40 GM,ميلانثينول جل 40 جم,1744859.0,100.0,algo_match,brand_index,,
89736,MELANTHENOL LOTION 250 ML,MELANTHENOL LOTION 250 ML,ميلانثينول لوسيون 250 مل,1756832.0,100.0,algo_match,brand_index,,
90218,MELATEX LIGHTENING MASK 50ML,MELATEX LIGHTENING MASK 50 ML,ميلاتيكس ماسك تفتيح 50 مل,1361100.0,100.0,algo_match,brand_index,,
85930,MELATEX LIGHTENING ROLL-ON,MELATEX LIGHTENING ROLL ON 40 ML,ميلاتيكس رول اون للتفتيح 40 مل اوريجينال,2594519.0,89.7,ai_confirmed,ai_verified,0.0,
83425,melatex lightening roll OFFER,MELATEX LIGHTENING ROLL ON 40 ML,ميلاتيكس رول اون للتفتيح 40 مل اوريجينال,2594519.0,82.0,ai_confirmed,ai_verified,0.0,
15345484,MELATONIN 3 MG 30 CAPS,,,,,,no_match,,
84805,MELATONIN COPAD 30 TAB,MELATONIN COPAD 30 TAB,ميلاتونين 30 ك,2299755.0,100.0,algo_match,brand_index,,
89984,melatonin dissolvable strips 20,,,,,,no_match,,
81064,MELLITOFIX 10 MG 30 TABS,MELLITOFIX 10 MG 30 F.C. TABS.,ميليتوفكس 10 مجم 30 اقراص,2194707.0,92.3,algo_match,brand_index,,
80851,mellitofix 25 mg 30 tablets,MELLITOFIX 25 MG 30 F.C. TABS.,ميليتوفكس 25 مجم 30 اقراص,2437505.0,87.3,ai_confirmed,ai_verified,0.0,
78114,MELLITOFIX MET 12.5/1000 MG 30 F.C. TABS,MELLITOFIX MET 5 / 1000 MG 30 F.C. TABS.,ميليتوفكس ميت 5 / 1000 مجم 30 اقراص,2387123.0,90.9,algo_match,brand_index,,
78332,MELLITOFIX MET 12.5/500 MG 30 F.C. TABS,MELLITOFIX MET 12.5 / 500 MG 30 F.C. TABS.,ميليتوفكس ميت 12.5 / 500 مجم 30 اقراص,2355071.0,87.2,ai_confirmed,ai_verified,0.0,
87848,MELLITOFIX TRIO 10/5/1000 30 F.C. TABLETS,MELLITOFIX TRIO 10 / 5 / 1000 MG 30 F.C. TABS,ميليتوفكس تريو 10 / 5 / 1000 مجم 30 اقراص,2610445.0,81.0,ai_confirmed,ai_verified,0.0,
87891,MELLITOFIX TRIO 25/5/1000 MG 30 TABLET,,,,,,no_match,,
90927,MELO OINT. 30 GM,MELO 0.25 % OINT . 30 GM,ميلو مرهم 30 جم,1741014.0,81.1,ai_confirmed,ai_verified,0.0,
62113,MELOCAM 15 MG 30 TAB,MELOCAM 15 MG 30 TAB.,ميلوكام 15 مجم 30 اقراص,2471339.0,100.0,algo_match,brand_index,,
75235,MELOCAM 7.5 MG 20 TAB,MELOCAM 7.5 MG 20 TAB.,ميلوكام 7.5 مجم 20 اقراص,2369056.0,100.0,algo_match,brand_index,,
80152,MELOFLAM 30 TABLETS,,,,,,no_match,,
74011,MELOQUIN CREAM,MELOQUIN 4 % CREAM 20 GM,ميلوكين 4 % كريم 20 جم,2313685.0,100.0,algo_match,token_set_ratio,,
47536,MELOXICAM 15MG TAB,MELOXICAM 15 MG 10 TAB.,ميلوكسيكام 15 مجم 10 اقراص,2345500.0,92.7,algo_match,brand_index,,
49809,MELOXICAM 3 AMP,,,,,,no_match,,
60917,MEMEXA 15 ML ORAL DROPS,MEMEXA 10 MG / ML ORAL DROPS 15 ML,ميمكسا 10 مجم / مل قطره فم 15 مل,2144634.0,80.7,ai_confirmed,ai_verified,0.0,
86888,MEMEXA 10 MG 30 F.C.TABS,MEMEXA 10 MG 30 F.C.TABS.,ميمكسا 10 مجم 30 اقراص,1601313.0,100.0,algo_match,brand_index,,
78042,MEMEXA 10MG 20 TABS,MEMEXA 10 MG 30 F.C.TABS.,ميمكسا 10 مجم 30 اقراص,1601313.0,86.4,ai_confirmed,ai_verified,0.0,
90619,MEMOCITO plus cap,MEMOCITO PLUS 30 CAP,ميموسيتو بلس 30 كبسول,2533024.0,91.9,algo_match,brand_index,,
90531,MEMOCITO SYRP,,,,,,no_match,,
92677,MEMONDO 150 ML SYRUP,MEMONDO SYRUP 150 ML,ميموندو شراب 150 مل,2582700.0,100.0,algo_match,brand_index,,
84802,MEMONTIX 60 CAPS,MEMONTIX 60 CAPS.,ميمونتكس 60 كبسول,1445171.0,100.0,algo_match,brand_index,,
92686,MEMOPURA 120 ML SYRUP,MEMO PURA SYRUP 120 ML,ميمو بيورا شراب 120 مل,2499579.0,83.7,ai_confirmed,ai_verified,0.0,
87437,memphis panthenol cream 30mg,MEMPHIS PANTHENOL CREAM 30 GM,ممفيس بانثينول كريم 30 جم,2377182.0,89.7,ai_confirmed,ai_verified,0.0,
91465,MENOPACE 30 TAB,,,,,,no_match,,
73359,MENOPACE PLUS TAB(VITABIOTIC),,,,,,no_match,,
67216,MENTOPLEX20CAPS,MENTOPLEX 20 CAPS.,منتوبلكس 20 كبسول,,100.0,algo_match,brand_index,,
90601,menzofolic 30tab,MENZOFLIC 30 TABS,مينزوفيلك 30 اقراص,2530620.0,94.1,algo_match,brand_index,,
75875,MEPACO GREEN TEA 20 TABS,MEPACO GREEN TEA 20 TABLETS,ميباكو جرين تي 20 اقراص,,94.1,algo_match,brand_index,,
19578,MEPAFURAN 100MG CAP,MEPAFURAN 100 MG 20 CAPS.,ميبافوران 100 مجم 20 كبسول,1685986.0,90.9,algo_match,brand_index,,
19506,MEPAFURAN 50MG CAP,MEPAFURAN 50 MG 20 CAPS.,ميبافوران 50 مجم 20 كبسول,2462578.0,90.5,algo_match,brand_index,,
68781,MEPAPHAGE 500 MG 30 TAB,MEPAPHAGE 500 MG 30 TAB.,ميبافاج 500 مجم 30 اقراص,2161464.0,100.0,algo_match,brand_index,,
84233,MEPAPHAGE XR 1000MG 30 TAB,MEPAPHAGE XR 1000 MG 30 F.C.TAB.,ميبافاج اكس ار 1000 مجم 30 اقراص,2471785.0,93.1,algo_match,brand_index,,
36237,MEPASIL TAB,,,,,,no_match,,
89661,MERALGO 20 CAPS,MERALGO 20 CAPS,ميرالجو 20 اقراص,1663429.0,100.0,algo_match,brand_index,,
89115,MERCAVA 30 SAC,MERCAVA 30 SACHET,ميركافا 30 اكياس,2250532.0,90.3,algo_match,brand_index,,
92092,MERCAVA SACHET,MERCAVA 30 SACHET,ميركافا 30 اكياس,2250532.0,90.3,algo_match,brand_index,,
59940,MERIOFERT 150 IU AMP,MERIOFERT 150 I.U. VIAL,ميريوفيرت 150 وحده امبول امبول,,85.7,ai_confirmed,ai_verified,0.0,
90130,MERONEM 1000MG 10 VIAL.,MERONEM 1000 MG I.V.VIAL,ميرونيم 1000 مجم امبول وريد,1535967.0,85.1,ai_confirmed,ai_verified,0.0,
23026,MERONEM 500MG 1VIAL,MERONEM 500 MG I.V.VIAL,ميرونيم 500 مجم امبول وريد,,86.4,ai_confirmed,ai_verified,0.0,
90758,MEROPENEM-EVA PHARMA 1 GM I.V. VIAL,MEROPENEM EVA PHARMA 1 GM I.V. VIAL,مروبينيم ايفا 1 جم امبول,,100.0,algo_match,brand_index,,
30931,MERTI 30 CAPS,MERTI 30 CAPSULES,ميرتي 30 كبسول,,86.7,ai_confirmed,ai_verified,0.0,
84455,MERVA-D3 30 TABS,MERVA D 3 30 TAB,ميرفا د 3 30 اقراص,2604561.0,97.0,algo_match,brand_index,,
32033,MESOCEPT 50/5MG I.M. AMP.,MESOCEPT 50 / 5 MG I.M. AMP.,ميزوسيبت 50 / 5 مجم امبول عضل,,88.0,ai_confirmed,ai_verified,0.0,
meso,MESOESTETIC IMP++++,,,,,,no_match,,
61038,MESPORIN 1 GM عضل,,,,,,no_match,,
79348,MESTAL MASSAGE GEL 80GM,MESTAL MASSAGE GEL 80 GM,مستال 80 جم جل,2511148.0,100.0,algo_match,brand_index,,
56113,MESTINON 60 MG 150 TAB,MESTINON 60 MG 150 TAB.,مستينون 60 مجم 150 اقراص,1361079.0,100.0,algo_match,brand_index,,
60243,METACARDIA MR 30 TAB,METACARDIA 20 MG 30 F.C. TAB.,ميتاكارديا 20 مجم 30 اقراص,2521463.0,80.9,ai_confirmed,ai_verified,0.0,
55786,METACARDIA 30 TAB,METACARDIA 20 MG 30 F.C. TAB.,ميتاكارديا 20 مجم 30 اقراص,2521463.0,100.0,algo_match,token_set_ratio,,
87877,METAPSIN 10 TABLETS,METAPSIN 10 TABS,ميتابسين 10 اقراص,2146216.0,91.4,algo_match,brand_index,,
92651,METAPSIN PLUS 10 TABLETS,METAPSIN PLUS 10 TABS,ميتابسين بلس 10 اقراص,2633950.0,93.3,algo_match,brand_index,,
89041,METFORMIN-EVA XR 500 MG 30 TABS.,METFORMIN EVA XR 500 MG 30 TABS,ميتفورمين 500 مجم اكس ار 30 اقراص ايفا,1516061.0,100.0,algo_match,brand_index,,
86699,METFORMIN XR EVA PHARMA 1000 MG 30 TAB,,,,,,no_match,,
81086,METHABIOGEN 8MG TABS,METHABIOGEN 8 MG 30 SCORED TABS.,ميثابيوجين 8 مجم 30 اقراص,2145978.0,80.8,ai_confirmed,ai_verified,0.0,
2779,METHERGIN 30TAB,METHERGIN 0.125 MG 30 SUGAR COATED TAB.,ميثرجين 0.125 مجم 30 اقراص,,100.0,algo_match,token_set_ratio,,
90350,METHOBAMOL 20TAB,METHOBAMOL 20 F.C. TABS.,ميثوبامول 20 اقراص,2421442.0,87.2,ai_confirmed,ai_verified,0.0,
85591,METHOQUICK 500/50 MG 30 TABS,,,,,,no_match,,
75282,METHORELAX 30 TABS,METHORELAX 30 TAB.,ميثوريلاكس 3 شريط,2682613.0,97.1,algo_match,brand_index,,
77492,METHYCOBAL 500UG 10-AMP,,,,,,no_match,,
92588,Methyl Folate 1000 mcg 90 Tablets,,,,,,no_match,,
83164,METHYL FOLATE 30 CAP ORA,METHYL FOLATE ORA 30 CAPS,ميثيل فولات اورا 30 كبسول,1602002.0,98.0,algo_match,brand_index,,
83165,METHYL FOLATE 30 CAP ORCHIDIA,METHYL FOLATE ORA 30 CAPS,ميثيل فولات اورا 30 كبسول,1602002.0,88.9,ai_confirmed,ai_verified,0.0,
89026,methylfolate 30 capsules centravita,,,,,,no_match,,
meth,METHYLTECHNO 1000 MCG O.D.F,METHYLTECHNO 1000 MCG 30 ORODISSOLVABLE FILMS,ميثايلتكنو 1000 ب 12 مكجم 30 فيلم,2163702.0,87.5,ai_confirmed,ai_verified,0.0,
78515,METHYLTECHNO 20-O.D.F,,,,,,no_match,,
85427,METIANORMIN 1000 MG 30 EXT. REL. F.C.TABS.,METIANORMIN 1000 MG 30 TAB,ميتيانورمين 1000 مجم 30 اقراص,,80.0,ai_confirmed,ai_verified,0.0,
73285,METROHALER 12 MCG 30 ORAL CAP,METROHALER 12 MCG 30 CAP + INHALER,متروهيلر 12 مكجم 30 كبسول + بخاخ,905090.0,90.6,algo_match,token_set_ratio,,
82563,METVILDAZONE 50/1000MG 30TABLETS,METVILDAZON 50 / 1000 MG 30 TAB,ميتفيلدازون 50 / 1000 مجم 30 اقراص,906732.0,83.1,ai_confirmed,ai_verified,0.0,
86126,MEXTRA 20 TABS,,,,,,no_match,,
83017,MEXTRA 30 CAP,MEXTRA 30 PIECES,ميكسترا 30 قطعه,2545463.0,81.8,ai_confirmed,ai_verified,0.0,
89890,MIACALCIC 100 I.U/ML 5 AMPS. FOR I.M./I.V./S.C INJ,MIACALCIC 100 I.U / ML 5 AMP. FOR I.M. / I.V. / S.C INJ.,مياكالسيك 100 وحده 5 امبول عضل او وريدي او تحت الجلد,,87.1,ai_confirmed,ai_verified,0.0,
3901,MIACALCIC 100IU AMP,MIACALCIC 100 I.U / ML 5 AMP. FOR I.M. / I.V. / S.C INJ.,مياكالسيك 100 وحده 5 امبول عضل او وريدي او تحت الجلد,,91.9,algo_match,token_set_ratio,,
79113,micky vital syrup,MICKY VITAL SYRUP 120 ML,ميكي فيتال شراب 120 مل,,82.9,ai_confirmed,ai_verified,0.0,
21745,MICONAZ 2% CREAM 20 GM,MICONAZ 2 % CREAM 20 GM,ميكوناز كريم,2537189.0,93.3,algo_match,brand_index,,
21239,MICONAZ 2% LIQUID SPRAY 60 ML,MICONAZ 2 % LIQUID SPRAY 60 ML,ميكوناز بخاخ سائل 60 مل,,94.9,algo_match,brand_index,,
74755,MICONAZ 2% ORAL GEL 20 GM,MICONAZ 2 % ORAL GEL 20 GM,ميكوناز اورال جل 20 جم,1733864.0,94.1,algo_match,brand_index,,
67467,MICONAZ 2% POWDER SPRAY 60 ML,MICONAZ 2 % POWDER SPRAY 60 ML,ميكوناز بودره بخاخ 60 مل,,94.9,algo_match,brand_index,,
35676,MICORT CREAM,MICORT 1 % CREAM 20 GM,ميكورت كريم 20 جم,2549355.0,100.0,algo_match,token_set_ratio,,
83148,MICROGENEST 21TABS 0.03/0.15MG,,,,,,no_match,,
44807,MICROLUT TAB,MICROLUT 0.03 MG 35 COATED TAB.,ميكرولوت 0.03 مجم 35 اقراص,,100.0,algo_match,token_set_ratio,,
57472,MICROSERC 16 MG 20 TAB,MICROSERC 16 MG 20 TAB.,ميكروسيرك 16 مجم 20 اقراص,,100.0,algo_match,brand_index,,
56927,MICROSERC 24 MG 24 TAB,,,,,,no_match,,
4997,MICROSERC TAB,MICROSERC 24 MG 20 TAB.,ميكروسيرك 24 مجم 20 اقراص,2437480.0,100.0,algo_match,token_set_ratio,,
21058,MIDODRINE 2.5 mg 20 TAB,MIDODRINE 2.5 MG 20 TAB.,ميدودرين 2.5 مجم 20 اقراص,2538849.0,100.0,algo_match,brand_index,,
17515,MIDODRINE DROPS,MIDODRINE 1 % ORAL DROPS 10 ML,ميدودرين قطره للفم 10 مل,1740981.0,100.0,algo_match,token_set_ratio,,
87827,MIELLE ROSEMARY HAIR SERUM ORIGINAL 59 ML,,,,,,no_match,,
74147,MIFLONIDE 60 CAP,,,,,,no_match,,
34756,MIFOXIN 500MG TAB,MIFOXIN 500 MG 10 F.C. TAB.,ميفوكسين 500 مجم 10 اقراص,2321194.0,83.7,ai_confirmed,ai_verified,0.0,
88126,mikids hair lotion,,,,,,no_match,,
78513,MILGA 40 F.C. TABS,MILGA 40 F.C.TABS.,ميلجا 40 اقراص,2146485.0,100.0,algo_match,brand_index,,
79695,MILGA ADVANCE 30 TABLETS,MILGA ADVANCE 30 F.C.TABS.,ميلجا ادفانس 30 اقراص,2471333.0,85.7,ai_confirmed,ai_verified,0.0,
92558,MILGA MAX 30 TABS,,,,,,no_match,,
73241,MINALAX 10 TAB,MINALAX 10 TAB.,مينالاكس 10 اقراص,,100.0,algo_match,brand_index,,
85081,MINI GUAVA 15ML ORAL DRPS,MINI GUAVA ORAL DROPS 15 ML(N / A),ميني جوافه قطره فم 15 مل,2475476.0,86.7,ai_confirmed,ai_verified,0.0,
55273,MINIRIN MELT 120 MG 30TAB,MINIRIN MELT 120 MCG 30 SUBLINGUAL TAB.,مينيرين ميلت 120 مكجم 30 اقراص,1615608.0,93.9,algo_match,token_set_ratio,,
55272,MINIRIN MELT 60 MG 30TAB,MINIRIN MELT 60 MCG 30 SUBLINGUAL TAB.,مينيرين ميلت 60 مكجم 30 اقراص,1543579.0,93.6,algo_match,token_set_ratio,,
87861,MINK CONDITIONER COCONUT 700 ML,,,,,,no_match,,
21244,MINOPHYLLINE N AMP,MINOPHYLLINE N 2.5 % 5 I.V. AMP.,مينوفيللين ان 2.5 % 5 امبول وريد,,100.0,algo_match,token_set_ratio,,
75075,MINOPHYLLINE SR TAB,MINOPHYLLINE 300 MG 30 S.R.TAB.,مينوفيللين اس ار 300 مجم 30 اقراص,2233201.0,91.4,algo_match,token_set_ratio,,
57980,MINOXIDIL FORTE 5 % TOPICAL GEL,MINOXIDIL FORTE 5 % TOPICAL GEL 60 GM,مينوكسيديل فورت 5 % جل 60 جم,2164555.0,91.2,algo_match,brand_index,,
86735,MINOXIDIL MUP 5% 150 ML,MINOXIDIL MUP 5 % FOAM 150 ML,مينوكسيديل ام يو بي 5 % فوم 150 مل,,84.6,ai_confirmed,ai_verified,0.0,
75606,MINOXILOOK 5% SOLUTION,,,,,,no_match,,
91052,MINVITROS 30 CAP,MINVITROS 30 TAB,مينفيتروس 30 اقراص,2571397.0,87.5,ai_confirmed,ai_verified,0.0,
23128,MIOPAN SYRUP,,,,,,no_match,,
48930,MIRACLE ABDOMINAL SUPPORT(XL),,,,,,no_match,,
43798,MIRAGE 1 GM I.V. VIAL,MIRAGE 1000 MG I.V.VIAL,ميراج 1000 مجم امبول وريد,2157228.0,88.4,ai_confirmed,ai_verified,0.0,
59667,MIRAGE CREAM 50 GM,MIRAGE CREAM 50 GM,ميراج كريم 50 جم,2144367.0,100.0,algo_match,brand_index,,
37317,MIRENA LEVONORGESTREL 20MG,,,,,,no_match,,
91737,MIRFENACIN MR 5/25 MG,MIRFENACIN MR 5 / 25 MG 30 F.C. TABS,ميرفيناسين ام ار 5 / 25 مجم 30 اقراص,2588563.0,86.5,ai_confirmed,ai_verified,0.0,
88840,MIRFENACIN MR 5/50 MG 30 TAB,MIRFENACIN MR 5 / 50 MG 30 F.C. TABS,ميرفيناسين ام ار 5 / 50 مجم 30 اقراص,2595834.0,85.7,ai_confirmed,ai_verified,0.0,
77249,MIRTIMASH 30MG 30-TAB,MIRTIMASH 30 MG 30 SCORED F.C. TABS.,ميرتيماش 30 مجم 30 اقراص,2474753.0,88.2,ai_confirmed,ai_verified,0.0,
81428,mirtofutal 30 mg tab,MIRTOFUTAL 30 MG 20 F.C. TABS.,ميرتوفوتال 30 مجم 20 اقراص,905199.0,83.3,ai_confirmed,ai_verified,0.0,
89422,MISHA MULTIVITAMIN SYRUP,,,,,,no_match,,
10463,MIXDERM CREAM 15 GM,MIXDERM CREAM 15 GM,ميكسدرم كريم 15 جم,1655186.0,100.0,algo_match,brand_index,,
80155,MIXDERM CREAM 30G,MIXDERM CREAM 30 GM,ميكسدرم كريم 30 جم,905098.0,97.3,algo_match,brand_index,,
90491,MIXMAZIL 10/28 28 CAP,,,,,,no_match,,
91934,Mixmazil cap,MIXMAZIL 14 / 10 MG 28 EXT. REL. CAPS,مكسمازيل 14 / 10 مجم 28 اقراص,,80.0,ai_confirmed,ai_verified,0.0,
83075,MIXORA 20 caps,,,,,,no_match,,
89719,MIXTANE 30TABS,MIXTANE 30 TAB,مكستان 30 اقراص,,96.6,algo_match,brand_index,,
mixv,MIXTARD 30 HM 100 I.U./ML 10ML VIAL,MIXTARD 30 HM 100 I.U. / ML 10 ML VIAL,مكستارد انسولين 30 اتش ام 100 وحده / مل 10 مل امبول,2435289.0,93.2,algo_match,brand_index,,
mixp,MIXTARD 30 HM 100 I.U./ML 5*3ML PENFILLS,MIXTARD 30 HM 100 I.U. / ML 5 3 ML PENFILLS,مكستارد انسولين 30 اتش ام 100 وحده / مل 5 بينفل,1562580.0,89.2,ai_confirmed,ai_verified,0.0,
90166,mnr skin bonetab,MNR SKIN BONE 30 TAB,منر سكين بون 30 اقراص,2157955.0,88.9,ai_confirmed,ai_verified,0.0,
90187,MNROMEGA 30 CAPS,MNR OMEGA 30 CAPS,منر اوميجا 30 كبسول,1938894.0,97.0,algo_match,brand_index,,
73879,MOBIC 15MG 30 TAB,MOBIC 15 MG 30 TABS.,موبيك 15 مجم 30 اقراص,,97.3,algo_match,brand_index,,
61988,MOBIEASE MASSAGE GEL 60 GM,MOBIEASE GEL 60 GM,موبي ايز جل 60 جم,1854208.0,81.8,ai_confirmed,ai_verified,0.0,
82216,MOBILEX 10 SACHETS,MOBILEX 10 SACHETS,موبيلكس 10 اكياس,2253041.0,100.0,algo_match,brand_index,,
49443,MOBINORM MASSAGE CREAM 60 GM,MOBINORM CREAM 60 GM,موبينورم كريم 60 جم,1724432.0,83.3,ai_confirmed,ai_verified,0.0,
74760,MOBITIL 15 MG 10 TAB,MOBITIL 15 MG 10 TAB.,موبيتيل 15 مجم 10 اقراص,905105.0,100.0,algo_match,brand_index,,
73632,MOBITIL 15 MG 3 AMP,MOBITIL 15 MG / 1.5 ML 3 AMP.,موبيتيل 15 مجم / 1.5 مل 3 امبول,,80.9,ai_confirmed,ai_verified,0.0,
74313,MOBITIL 15 MG SUPP,MOBITIL 15 MG 6 SUPP.,موبيتيل 15 مجم 6 لبوس,1301275.0,94.7,algo_match,brand_index,,
75297,MOBITIL 7.5 MG 10 TAB,MOBITIL 7.5 MG 10 TAB.,موبيتيل 7.5 مجم 10 اقراص,2437407.0,100.0,algo_match,brand_index,,
79648,MODASOMIL 200 MG 30 TABS.,MODASOMIL 200 MG 30 TABS.,موداسوميل 200 مجم 30 اقراص,2157614.0,100.0,algo_match,brand_index,,
28707,MODAZAR 8 TAB,MODAZAR 25 / 100 MG 8 F.C. TABS.,مودازار 25 / 100 مجم 8 اقراص,1427768.0,81.8,ai_confirmed,ai_verified,0.0,
11346,MODERN CRANBERRY CAP,MODERN CRANBERRY 30 CAPS,مودرن كرانبري 30 كبسوله,2680914.0,90.9,algo_match,brand_index,,
90792,MODIFREE 200 MG 20 TABS,MODIFREE 200 MG 20 TAB,موديفري 200 مجم 20 اقراص,,97.8,algo_match,brand_index,,
31257,MODURETIC 30 TAB,MODURETIC 5 / 50 MG 30 TAB.,موديوريتك 5 / 50 مجم 30 اقراص,2447522.0,100.0,algo_match,token_set_ratio,,
58156,MOFLOX 400 MG 10 TAB,MOFLOX 400 MG 10 F.C. TABS.,موفلوكس 400 مجم 10 اقراص,905128.0,88.9,ai_confirmed,ai_verified,0.0,
63289,MOHAIR OIL 120ML,MOHAIR OIL SPRAY 120 ML,موهير زيت بخاخ 120 مل,2296210.0,85.0,ai_confirmed,ai_verified,0.0,
75239,MOIST-1 CREAM 100 ML,MOIST 1 CREAM 100 ML,مويست 1 كريم 100 مل,905164.0,100.0,algo_match,brand_index,,
92159,MOIST-1 HAND CREAM 60 ML,MOIST 1 MOISTURIZING HAND CREAM 60 MG,مويست 1 كريم مرطب لليدين 60 جم,,93.3,algo_match,token_set_ratio,,
89971,MOIST-1 TONER 200 ML,MOIST 1 TONER 200 ML,مويست 1 تونر 200 مل,2058520.0,100.0,algo_match,brand_index,,
91609,MOIST 1 CICA CREAM 50 GM,MOIST 1 CICA CREAM 50 GM,مويست 1 سيكا كريم 50 جم,2562018.0,100.0,algo_match,brand_index,,
87350,MOIST 1 CREAM WITH UREA 100GM,MOIST 1 WITH UREA CREAM 100 ML,مويست 1 كريم يوريا 100 مل,2622918.0,96.7,algo_match,brand_index,,
91932,Moist_1 Cream Gel,MOIST 1 CICA CREAM 50 GM,مويست 1 سيكا كريم 50 جم,2562018.0,83.9,ai_confirmed,ai_verified,0.0,
87746,moistreza cream 50mg,,,,,,no_match,,
88351,MOL-SUN SUNSCREEN CREAM SPF50+ - 75 GM,,,,,,no_match,,
89550,MOLENA IRON 30 TABS,,,,,,no_match,,
87607,MOLPED TOTAL PROTECTION 7 PSC,,,,,,no_match,,
87064,MOMENTA CREAM 30 GM,MOMENTA CREAM 30 GM (N / A),مومينتا كريم 30 جم,2471253.0,82.6,ai_confirmed,ai_verified,0.0,
55457,MONDO CREAM 50 GM,MONDO CREAM 50 GM,موندو كريم 50 جم,2313656.0,100.0,algo_match,brand_index,,
46574,MONICURE 400MG SUPP,MONICURE 400 MG 3 VAGINAL SUPP.,مونيكيور 400 مجم 3 لبوس مهبلي,1571198.0,80.0,ai_confirmed,ai_verified,0.0,
8541,MONO MAK 20MG TAB,,,,,,no_match,,
8529,MONO MAK 40MG TAB,,,,,,no_match,,
8685,MONO MAK DEPOT TAB,,,,,,no_match,,
81649,MONOHEXAL SYRUP,MONOHEXAL SYRUP 120 ML,مونوهكسال شراب 120 مل,1032864.0,81.1,ai_confirmed,ai_verified,0.0,
82738,MONONDEXIN 0.1 EYE DROPS,,,,,,no_match,,
27309,MONTEKAL 5MG 10 CHEW. TAB.,MONTEKAL 5 MG 10 CHEW. TAB.,مونتيكال 5 مجم 10 اقراص,905154.0,100.0,algo_match,brand_index,,
87878,MONTO PROTEIN 300 GM POWDER,,,,,,no_match,,
68804,MONURIL 3 G 1 sach,MONURIL 3 GM 1 SACHET,مونيوريل 3 جم 1 اكياس,2144863.0,92.3,algo_match,brand_index,,
87355,MOOD BOLD 750 MG,,,,,,no_match,,
87356,MOOD DARK 750 MG,,,,,,no_match,,
87354,MOOD INTENSE 750 MG,,,,,,no_match,,
87357,MOOD NIGHT SHOWER GEL 750 MG,MOOD NIGHT SHOWER GEL 750 GM,موود شاور جل نايت 750 مل رصاصي,2131411.0,96.4,algo_match,brand_index,,
91362,MOODAPEX 100 MG 30 F.C.TAB,MOODAPEX 100 MG 30 TABS,مودابكس 100 مجم 30 اقراص,2161514.0,89.8,ai_confirmed,ai_verified,0.0,
65511,MOODAPEX 50 MG 30 TAB,MOODAPEX 50 MG 30 F.C.TAB.,مودابكس 50 مجم 30 اقراص,2144784.0,91.3,algo_match,brand_index,,
59950,MOON LIGHT CREAM 30 GM,MOON LIGHT CREAM 30 GM,مون لايت كريم 30 جم,2495730.0,100.0,algo_match,brand_index,,
18232,MOON LIGHT CREAM 50 GM,MOON LIGHT CREAM 50 GM,مون لايت كريم 50 جم,2559631.0,100.0,algo_match,brand_index,,
86282,MOONSHINE FACIAL CLEANSER LIQUID 250 ML,MOON SHINE FACIAL CLEANSER 250 ML,مون شاين غسول للوجه 250 مل,2501449.0,88.9,ai_confirmed,ai_verified,0.0,
57043,MOOV 50 GM CREAM,,,,,,no_match,,
73253,MOOV MASSAGE CREAM 40 GM,MOOV MASSAGE CREAM 40 GM,مووف كريم روتا,2562986.0,100.0,algo_match,brand_index,,
87382,moove most free massag cream,,,,,,no_match,,
92502,MORACRAN 20 CAP,MORACRAN 20 CAPS,موراكران 20 كبسول,2341827.0,96.8,algo_match,brand_index,,
89926,MORALACT 20 CAP,MORALACT 20 CAPS,مورالاكت 20 كبسول,2146984.0,96.8,algo_match,brand_index,,
79955,MORNIGAG 10/10MG 30 DELAYED REL. TABS.,MORNIGAG 10 / 10 MG 30 DELAYED REL.TABS.,مورنيجاج 10 / 10 مجم 30 اقراص,2471223.0,94.7,algo_match,brand_index,,
77675,MOSAPRIDE 2.5 MG 10 TABS,MOSAPRIDE 2.5 MG 10 F.C. TAB.,موزابريد 2.5 مجم 10 اقراص,905122.0,90.2,algo_match,brand_index,,
77264,MOSAPRIDE 5MG30-TAB,MOSAPRIDE 5 MG 30 F.C.TAB.,موزابريد 5 مجم 30 اقراص,905123.0,91.3,algo_match,brand_index,,
73346,MOSEDIN 10 MG 20 TAB,MOSEDIN 10 MG 20 TAB.,موسيدين 10 مجم 20 اقراص,2156831.0,100.0,algo_match,brand_index,,
74467,MOSEDIN SYRUP,MOSEDIN 5 MG / 5 ML SYRUP 60 ML,موسيدين 5 مجم / 5 مل شراب 60 مل,2220026.0,100.0,algo_match,token_set_ratio,,
91192,MOTILITY MAX 60 CAPS.,,,,,,no_match,,
73928,MOTILIUM 10MG 40 F.C. TAB.,MOTILIUM 10 MG 40 F.C.TAB.,موتيليم 10 مجم 40 اقراص,1565342.0,100.0,algo_match,brand_index,,
695,MOTINORM SUSPENSION 125 ML,,,,,,no_match,,
91028,mounjaro 10mg,,,,,,no_match,,
91128,MOUNJARO 12.5 mg,,,,,,no_match,,
92040,MOUNJARO 2.5MG/0.5ML S.C. 4 PRE-FILLED PENS,,,,,,no_match,,
92041,MOUNJARO 5MG/0.5ML S.C. 4 PRE-FILLED PENS,,,,,,no_match,,
90617,movacartin 30cap,MOVACARTIN 30 CAPS,موفاكارتين 30 كبسول,2173813.0,97.1,algo_match,brand_index,,
72372,MOVEASY 10MG 20TAB,MOVEASY 10 MG 20 F.C. TAB,موف ايزي 10 مجم 20 اقراص,905132.0,90.9,algo_match,brand_index,,
89766,moveasy 10mg 30tab,MOVEASY 10 MG 20 F.C. TAB,موف ايزي 10 مجم 20 اقراص,905132.0,86.4,ai_confirmed,ai_verified,0.0,
88263,MOVEASY5MG 30TAB,MOVEASY 5 MG 20 F.C. TAB,موف ايزي 5 مجم 20 اقراص,1468369.0,85.7,ai_confirmed,ai_verified,0.0,
88724,MOVELEX ADVANCE 30 CAPS,MOVELEX ADVANCE 30 CAPS,موفليكس ادفانس 30 كبسول,1865538.0,100.0,algo_match,brand_index,,
81338,MOVELEX CREAM 50GM,MOVELEX MASSAGE CREAM 50 GM,موفليكس كريم مساج 50 جم,2535504.0,82.6,ai_confirmed,ai_verified,0.0,
81147,MOVELEX MASSAGE CREAM 120GM,MOVELEX MASSAGE CREAM 120 GM,موفليكس كريم مساج 120 جم,905127.0,100.0,algo_match,brand_index,,
82822,MOVELEX NANO SPRAY 200ML,MOVELEX NANO SPRAY 200 ML,موفليكس نانو بخاخ 200 مل,1959145.0,100.0,algo_match,brand_index,,
82150,MOVELEX PLUS GEL 100GM,MOVELEX PLUS MASSAGE GEL 100 GM,موفليكس بلس جل مساج 100 جم,2521271.0,85.2,ai_confirmed,ai_verified,0.0,
91883,Movelex ultra cap,MOVELEX ULTRA 30 CAP,موفيلكس الترا 30 كبسول,2635465.0,91.9,algo_match,brand_index,,
84969,MOVENTOR 20TAB,MOVENTOR 20 TABS,موفينتور 20 اقراص,2437430.0,96.8,algo_match,brand_index,,
91739,MOVENTOR ADVANCE 10 CAPSULES,MOVENTOR ADVANCE 20 HARD GELATIN CAPSULES,موفينتور ادفانس 20 كبسول,2296834.0,94.3,algo_match,token_set_ratio,,
85048,MOVICOL 20 SACHETS,,,,,,no_match,,
67460,MOVICOL paediatric 30SACHETS,MOVICOL PAEDIATRIC 30 SACHETS,موفيكول 30 اكياس للاطفال,,100.0,algo_match,brand_index,,
61301,MOVIGIT 50 MG 30 TAB,MOVIGIT 50 MG 30 F.C.TABS.,موفيجيت 50 مجم 30 اقراص,905131.0,88.9,ai_confirmed,ai_verified,0.0,
89809,MOVINERVE SUB LINGUAL 30 TABLETS,,,,,,no_match,,
88453,MOVXIR 500/50MG 20 F.C. TABS,MOVXIR 20 TAB,موفكسير 20 اقراص,2146813.0,88.0,ai_confirmed,ai_verified,0.0,
81866,movy massa cream,MOVY MASA MASSAGE CREAM,موفي ماسا مساج كريم,,82.1,ai_confirmed,ai_verified,0.0,
47649,MOXACIN 400MG 5TAB,MOXACIN 400 MG 5 F.C. TAB.,موكساسين 400 مجم 5 اقراص,905137.0,90.9,algo_match,brand_index,,
84173,MOXAVIDEX 400 10TAB,MOXAVIDEX 400 MG 10 F.C.TAB.,موكسافيدكس 400 مجم 10 اقراص,1626021.0,85.1,ai_confirmed,ai_verified,0.0,
57567,MOXEN 15 MG 20 TAB,MOXEN 15 MG 20 TABS.,موكسن 15 مجم 20 اقراص,2166537.0,97.3,algo_match,brand_index,,
73386,MOXIFLOX 400 MG 10 TAB,MOXIFLOX 400 MG 10 F.C. TABS.,موكسيفلوكس 400 مجم 10 اقراص,905141.0,89.8,ai_confirmed,ai_verified,0.0,
73880,MOXIFLOX 5MG/ML EYE DROPS,MOXIFLOX 0.5 % EYE DROPS 5 ML,موكسيفلوكس 0.5 % قطره للعين 5 مل,,83.6,ai_confirmed,ai_verified,0.0,
75713,moxyseyaro 5ML EYE DROPS,,,,,,no_match,,
79911,MOXYSEYARO PLUS EYE DROPS,MOXYSEYARO PLUS EYE DROPS 5 ML,موكسيسيارو بلس 0.5 % قطره للعين 5 مل,1637418.0,90.9,algo_match,brand_index,,
79649,MOZANGLIC 0.03/3MG 21 TABLETS,MOZANGLIC 0.03 / 3 MG 21 TABLETS,موزانجليك 0.03 / 3 مجم 21 اقراص,1859120.0,90.3,algo_match,brand_index,,
79151,MR BEAR PLUS 160ML SYRUP,,,,,,no_match,,
89130,MR GUMMY kids immune 60 TABS JAR,,,,,,no_match,,
92512,MR GUMMY MULTI VITAMINS WITH Z/IRON 60 TABS JAR,,,,,,no_match,,
87405,MR GUMMY MULTI VITAMINS 60 TABS JAR,MR.GUMMY MULTI VITAMIN 60 GUMMIES TABS,مستر جومي مالتي فيتامين 60 قطعه,1131275.0,82.2,ai_confirmed,ai_verified,0.0,
79149,MR.BEAR MANGO FAVOR 160ML SYRUP,,,,,,no_match,,
90739,MR.BEAR OMEGA 3 1000MG,MR. BEAR OMEGA SYRUP 400 ML,مستر بير اوميجا شراب 400 مل,,83.7,ai_confirmed,ai_verified,0.0,
74624,MUCO S.R 20TAB,MUCO S.R 75 MG 20 CAPS.,ميوكو اس ار 75 مجم 20 كبسول,,84.6,ai_confirmed,ai_verified,0.0,
46104,MUCO SYRUP,MUCO 15 MG / 5 ML SYRUP 100 ML,ميوكو 15 مجم / 5 مل شراب 100 مل,1397752.0,100.0,algo_match,token_set_ratio,,
79915,MUCOBRAVE 600 MG 10 SACHETS,MUCOBRAVE 600 MG 10 SACHETS,ميوكوبراف 600 مجم 10 اكياس,905255.0,100.0,algo_match,brand_index,,
2722,MUCOGEL SUSP. 180ML SYP,MUCOGEL SUSP. 180 ML,ميوكوجل شراب 180 مل,905259.0,90.5,algo_match,brand_index,,
26752,MUCOPECT SYRUP,MUCOPECT 15 MG / 5 ML SYRUP 120 ML,ميوكوبيكت 15 مجم / 5 مل شراب 120 مل,905256.0,100.0,algo_match,token_set_ratio,,
35124,MUCOPHYLLINE SYRUP 125 ML,MUCOPHYLLINE SYRUP 125 ML,ميوكوفيللين شراب 125 مل,1397756.0,100.0,algo_match,brand_index,,
19199,MUCOSIN SYRUP,,,,,,no_match,,
77250,MUCOSOL 375MG 20 CAPS,MUCOSOL 375 MG 20 CAPS.,ميوكوسول 375 مجم 20 كبسول,1467187.0,100.0,algo_match,brand_index,,
73575,MUCOSOL ADULT SYRUP,MUCOSOL ADULT 250 MG / 5 ML SYRUP 120 ML,ميوكوسول للكبار 250 مجم / 5 مل شراب 120 مل,1445035.0,100.0,algo_match,token_set_ratio,,
73239,MUCOSOL INF SYRUP 120 ML,,,,,,no_match,,
38110,MUCOSTA 100 MG 20 TAB,MUCOSTA 100 MG 20 F.C. TAB.,ميوكوستا 100 مجم 20 اقراص,2313693.0,91.3,algo_match,brand_index,,
48231,MUCOTEC 300 MG 20 CAP,MUCOTEC 300 MG 20 CAPS.,ميوكوتك 300 مجم 20 كبسول,2319800.0,97.7,algo_match,brand_index,,
92675,MUITADINE 10% ANTISEPTIC SOLUTION 60 ML,,,,,,no_match,,
65496,MULTI RELAX 10MG 20 TAB,MULTI RELAX 10 MG 20 F.C.TAB,مالتي ريلاكس 10 مجم 20 اقراص,905075.0,92.3,algo_match,brand_index,,
47570,MULTI RELAX 5MG TAB,MULTI RELAX 5 MG 20 F.C. TAB.,مالتي ريلاكس 5 مجم 20 اقراص,905074.0,85.1,ai_confirmed,ai_verified,0.0,
82591,MUMLAC 1 MILK 400 GM,,,,,,no_match,,
48262,MUPIRAX 2% OINT. 10 GM,MUPIRAX 2 % OINT. 10 GM,موبيراكس 2 % مرهم 10 جم,2471209.0,93.0,algo_match,brand_index,,
66049,MUPIRAX 2% OINT. 30 GM,MUPIRAX 2 % OINT. 30 GM N / A,موبيراكس 2 % مرهم 30 جم,2535437.0,81.6,ai_confirmed,ai_verified,0.0,
91565,MUPIROCIN SAJA OINT,MUPIROCIN SAJA 2 % TOP. OINT. 20 GM,موبيروسين ساجا 2 % مرهم 20 جم,2456972.0,100.0,algo_match,token_set_ratio,,
61462,MUSLGIX 400 -200 MG 20 CAP,MUSLGIX 20 CAPS.,مسلجيكس 20 كبسول,1799730.0,80.0,ai_confirmed,ai_verified,0.0,
90161,MY-VITOS 30 CAP,MY VITOS 30 CAPS,ماي فيتوس 30 اقراص,2140403.0,96.8,algo_match,brand_index,,
75420,my baby 120 wipes,,,,,,no_match,,
21948,MY SWEET BABY SYRUP,MY SWEET BABY N SYRUP 125 ML,ماي سويت بيبي ان شراب 125 مل,2515479.0,80.9,ai_confirmed,ai_verified,0.0,
75086,MYDRAPID 1% DROPS,,,,,,no_match,,
13305,MYDRIACYL DROPS,MYDRIACYL 1 % EYE DROPS 15 ML,ميدرياسيل 1 % قطره للعين 15 مل,2173952.0,100.0,algo_match,token_set_ratio,,
79651,mylobac 10mg 20tablets,MYLOBAC 10 MG 20 TAB.,ميلوباك 10 مجم 20 اقراص,905226.0,90.9,algo_match,brand_index,,
79650,mylobac 25mg 20tablets,MYLOBAC 25 MG 20 TABS.,ميلوباك 25 مجم 20 اقراص,905227.0,93.3,algo_match,brand_index,,
61989,MYOCOOL CREAM 100GM,MYOCOOL CREAM 100 GM,مايوكول كريم 100 جم,2471373.0,100.0,algo_match,brand_index,,
75397,MYOCOOL CREAM 60 GM,MYOCOOL CREAM 60 GM,مايوكول كريم 60 جم,2471372.0,100.0,algo_match,brand_index,,
52056,MYODURA 10 MG 30 TAB,MYODURA 10 MG 30 TAB.,مايوديورا 10 مجم 30 اقراص,2675805.0,100.0,algo_match,brand_index,,
54175,MYODURA 5 MG 30 TAB,MYODURA 5 MG 30 TAB.,مايوديورا 5 مجم 30 اقراص,,100.0,algo_match,brand_index,,
73620,MYOFEN 30 CAP,MYOFEN 30 CAPS.,ميوفين 30 كبسول,1023846.0,96.3,algo_match,brand_index,,
47572,MYOGREL 30TAB,MYOGREL 75 MG 30 F.C. TAB.,ميوجريل 75 مجم 30 اقراص,2343345.0,100.0,algo_match,token_set_ratio,,
71858,MYOGREL PLUS 75/75MG 30 F.C. TAB.,MYOGREL PLUS 75 / 75 MG 30 F.C. TAB.,ميوجريل بلس 75 / 75 مجم 30 اقراص,2209272.0,93.9,algo_match,brand_index,,
91736,MYONIL 10 SACHETS,MYONIL 10 SACHET,ميونيل 10 اكياس,1760989.0,97.0,algo_match,brand_index,,
74503,MYOREL CREAM,MYOREL CREAM 50 GM,ميوريل كريم 50 جم,,80.0,ai_confirmed,ai_verified,0.0,
47911,MYOREL massage SPRAY60 ml,MYOREL SPRAY 60 ML,ميوريل بخاخ 60 مل,945735.0,81.8,ai_confirmed,ai_verified,0.0,
91873,MyTonex 20 TABS,,,,,,no_match,,
66146,NACTALIA 1 MILK 400 G,NACTALIA 1 MILK 400 GM,ناكتاليا 1 لبن 400 جم,,97.7,algo_match,brand_index,,
71903,NACTALIA 2 MILK 400 G,NACTALIA 2 MILK 400 GM,ناكتاليا 2 لبن 400 جم,,97.7,algo_match,brand_index,,
60474,NAIL 15 LOTION 15 ML,NAIL 15 TOPICAL LOTION 15 ML,نيل 15 لوشن 15 مل,2144693.0,83.3,ai_confirmed,ai_verified,0.0,
81062,NAMIX 20 PIECES,NAMIX 20 TAB,ناميكس 20 اقراص,2621862.0,85.7,ai_confirmed,ai_verified,0.0,
54649,NAN 1 MILK 400 GM,,,,,,no_match,,
82617,NAN 1 MILK 800 GM,,,,,,no_match,,
15094,NAN 2 MILK 400 GM,,,,,,no_match,,
82650,NAN 2 MILK 800 GM,,,,,,no_match,,
57591,NAN 3 MILK 400 gm,,,,,,no_match,,
82651,NAN 800GM 3,,,,,,no_match,,
54703,NAN COMFORT MILK 380 GM,NAN COMFORT MILK 380 GM,نان كومفورت لبن 380 جم,2487719.0,100.0,algo_match,brand_index,,
15057,NAN LF MILK 400 GM,NAN LF MILK 400 GM,نان ال اف لبن 400 جم,2586023.0,100.0,algo_match,brand_index,,
90890,NAN OPTI PRO 3,NAN OPTIPRO 1 MILK 800 GM,لبن نان 1,2682068.0,92.3,algo_match,partial_token_sort_ratio,,
88804,NAN PRE MILK 400 GM,NAN PRE MILK 400 GM,نان بري لبن 400 جم,2336704.0,100.0,algo_match,brand_index,,
73765,NANAZOXID 100 MG SUSP,NANAZOXID 100 MG / 5 ML PD. FOR ORAL SUSP. 60 ML,نانازوكسيد 100 مجم / 5 مل شراب 60 مل,905284.0,100.0,algo_match,token_set_ratio,,
73570,NANAZOXID 500 MG 18 TAB,NANAZOXID 500 MG 18 F.C. TABS.,نانازوكسيد 500 مجم 18 اقراص,2365466.0,90.2,algo_match,brand_index,,
58875,NANDURABOLIN 25 MG AMPOULE,NANDURABOLIN 25 MG / ML OILY SOLN. FOR I.M INJ.,ناندورابولين 25 مج / مل محلول عضل,,81.8,ai_confirmed,ai_verified,0.0,
87899,NANO TREAT NIACINAMID SERUM 30 ML,NANOTREAT NIACINAMIDE SERUM 30 ML,نانوتريت سيرم النياسيناميد للوجه 30 مل,,81.8,ai_confirmed,ai_verified,0.0,
87937,NANO TREAT FACIAL CLEANSER SILVER 200 ML,,,,,,no_match,,
87900,NANO TREAT HYALURONIC ACID SERUM 30 ML,NANOTREAT HYALURONIC ACID SERUM 30 ML,نانوتريت سيروم هيالورونيك اسيد 30 مل,,85.3,ai_confirmed,ai_verified,0.0,
91084,nanodam nappy rash cream 50mg,NANODAM NAPPY RASH CREAM,نانودام كريم لمنطقه الحفاضه,2315176.0,88.9,ai_confirmed,ai_verified,0.0,
91485,NANODAM SEA WATER SPRAY WITH HYAL. 75ML,,,,,,no_match,,
88581,NANYMOM 30 TAB,NANYMOM 30 TABS,نانيموم 30 اقراص,,96.6,algo_match,brand_index,,
91038,nanymom tab,NANYMOM 30 TABS,نانيموم 30 اقراص,,84.6,ai_confirmed,ai_verified,0.0,
83383,NAPHCOZOLE EYE DROPS,NAPHCOZOLE EYE DROPS 10 ML,نافكوزول قطره 14,2680573.0,87.0,ai_confirmed,ai_verified,0.0,
63161,NAPIBRADINE 5MG 30 TAB,NAPIBRADINE 5 MG 30 F.C. TABS.,نابيبرادين 5 مجم 30 اقراص,2471376.0,90.2,algo_match,brand_index,,
63162,NAPIBRADINE 7.5MG 30 TAB,NAPIBRADINE 7.5 MG 30 F.C. TABS.,نابيبرادين 7.5 مجم 30 اقراص,2370503.0,90.9,algo_match,brand_index,,
NF,NAPIFIT 100MG 8 F.C.TAB,NAPIFIT 100 MG 8 TAB,نابي فيت 100 مجم 8 اقراص,2144631.0,90.9,algo_match,brand_index,,
73551,NAPIZOLE 20 MG 14 CAP,NAPIZOLE 20 MG 14 CAPS.,نابيزول 20 مجم 14 كبسول,1503254.0,97.7,algo_match,brand_index,,
89427,NAPIZOLE 40 MG 14 CAP,NAPIZOLE 40 MG 14 CAPS.,نابيزول 40 مجم 14 كبسول,2552609.0,97.7,algo_match,brand_index,,
75314,NAPIZOLE 40MG 1VIAL,NAPIZOLE 40 MG / ML POWDER FOR I.V. INF. VIAL,نابيزول 40 مجم / مل امبول وريد,2200864.0,95.0,algo_match,token_set_ratio,,
88016,NAPROFEN 500 MG 20 F . C TABLES,NAPROFEN 500 MG 20 TAB.,نابروفين 500 مجم 20 اقراص,,86.3,ai_confirmed,ai_verified,0.0,
79663,naredrix 6 tablets,NAREDRIX 2.5 MG 6 F.C. TABS.,ناريدريكس 2.5 مجم 6 اقراص,2171893.0,87.5,ai_confirmed,ai_verified,0.0,
73482,NASACORT AQ 55 MCG NASAL SPRAY 120 DOSES,NASACORT AQ 55 MCG NASAL SPRAY 120 DOSES,نازوكورت ايه كيو 55 مكجم بخاخ 120 جرعه,1769371.0,100.0,algo_match,brand_index,,
82942,nasal canula رايل كبار,,,,,,no_match,,
79654,nashiliv 10mg 20 tablets,NASHILIV 10 MG 20 F.C.TABS.,ناشيليف 10 مجم 20 اقراص,,86.3,ai_confirmed,ai_verified,0.0,
79653,nashiliv 5mg 20 tablets,NASHILIV 5 MG 20 F.C.TABS.,ناشيليف 5 مجم 20 اقراص,,85.7,ai_confirmed,ai_verified,0.0,
79238,NASOFLUTIN NASAL SPRAY 120 DOSES,NASOFLUTIN NASAL SPRAY 120 DOSES,نازوفلوتين بخاخ للانف 120 جرعه,2369277.0,100.0,algo_match,brand_index,,
73358,NASONEX 0.05% NASAL SPRAY 120 DOSES,NASONEX 0.05 % NASAL SPRAY 120 DOSES,نازونكس 0.05 % بخاخ للانف 120 جرعه,2471387.0,95.8,algo_match,brand_index,,
88595,NASOPECTRA 125/50 MCG NASAL SPRAY 120 ACTUATIONS,NASOPECTRA 125 / 50 MCG NASAL SPRAY 120 ACTUATIONS,نازوبكترا بخاخه,2680724.0,95.9,algo_match,brand_index,,
26841,NASOSTOP ADULT DROPS,,,,,,no_match,,
74824,NASOSTOP PEDIATRIC DROPS,,,,,,no_match,,
59445,NATARIA CREAM 50 GM,NATARIA CREAM 50 GM,ناتاريا كريم 50 جم,2144603.0,100.0,algo_match,brand_index,,
86355,NATRILIX SR 1.5 MG 30 C.TABS.,NATRILIX SR 1.5 MG 30 COATED TAB.,ناتريلكس اس ار 1.5 مجم 30 اقراص,1515866.0,90.0,algo_match,brand_index,,
79754,natrixam 1.5/10 mg 28 tablets,,,,,,no_match,,
79753,natrixam 1.5/5 mg 28 tablets,,,,,,no_match,,
66121,NATRY FACIAL CLEANSER 250 ML,,,,,,no_match,,
47130,NATRY SOAP 100gm,NATRY SOAP 100 GM,ناتري صابون 100 جم,2166536.0,100.0,algo_match,brand_index,,
90688,NATUZINE 50MG CAP50,,,,,,no_match,,
92008,NAVI NACL 5% EYE DROPS 10ML,NAVI NACL 5 % EYE DROPS 10 ML,نافي ناكل 5 % قطره للعين 10 مل,,94.7,algo_match,brand_index,,
NAV,NAVIDOXINE 10 TABS,NAVIDOXINE 10 TABLETS (ILLEGAL IMPORT),نافيدوكسين 10 اقراص,,83.9,ai_confirmed,ai_verified,0.0,
79658,NAVILUCA 200mg 7 capsules,NAVILUCA 200 MG 7 CAPS.,نافيلوكا 200 مجم 7 كبسول,2474423.0,91.7,algo_match,brand_index,,
88419,NAVITAE PLUS 15ML EYE DROPS,NAVITAE PLUS EYE DROPS 15 ML,نافيتا بلس قطره للعين 15 مل,,100.0,algo_match,brand_index,,
78500,NAVOPROXIN PLUS 20-TAB,NAVOPROXIN PLUS 20 F.C. TAB.,نافوبروكسين بلس 20 اقراص,905281.0,91.7,algo_match,brand_index,,
29105,NAVOPROXIN SUPP,NAVOPROXIN 50 MG 5 SUPP.,نافوبروكسين 50 مجم 5 لبوس,1161625.0,100.0,algo_match,token_set_ratio,,
87824,NAZOWELL 150MG 3 CAP,NAZOWELL 150 MG 3 CAPS.,نازوويل 150 مجم 3 كبسول,1853783.0,97.7,algo_match,brand_index,,
83507,NAZOWELL 150MG 1CAPS,NAZOWELL 150 MG 1 CAP.,نازوويل 150 مجم 1 كبسول,,97.7,algo_match,brand_index,,
78329,NEBASCO 5 MG 30 TABS,NEBASCO 5 MG 30 TABS.,نباسكو 5 مجم 30 اقراص,1752441.0,100.0,algo_match,brand_index,,
48246,NEBILET 5 MG 14 TAB,NEBILET 5 MG 14 TAB.,نيبيليت 5 مجم 14 اقراص,2452778.0,100.0,algo_match,brand_index,,
92478,NEEROMELLA 30 GM CREAM,,,,,,no_match,,
92477,NEEROMELLA PLUS DIAPER CREAM,,,,,,no_match,,
89871,NEMOVIT GUM YUM EXTRA 30 PIECE,,,,,,no_match,,
89870,NEMOVIT GUM YUM EXTRA 50 PIECE,NEMOVIT GUM YUM EXTRA 50 PIECE,نيموفيت اوميجا 3 + فيتامين 50 قطعه,2180005.0,100.0,algo_match,brand_index,,
32912,NEO-MEDANINE FR TAB,NEO MEDANINE F.R. 10 MG 50 TAB.,نيو ميدانين اف ار 10 مجم 50 اقراص,2629581.0,91.4,algo_match,token_set_ratio,,
53812,NEO MERCAZOLE 100 TAB,,,,,,no_match,,
84271,NEO MOVE ON 100 GM CREAM,NEO MOVE ON CREAM 100 GM,نيو موف اون كريم 100 جم,2172765.0,100.0,algo_match,brand_index,,
46554352,NEO MOVE ON 50GM CREAM,NEO MOVE ON CREAM 50 GM,نيو موف اون كريم 50 جم,2172764.0,100.0,algo_match,brand_index,,
86566,NEO MOVE ON FREEZE GEL 100 GM,NEO MOVE ON FREEZE GEL 100 GM,نيو موف اون فريز جل 100 جم,2589539.0,100.0,algo_match,brand_index,,
90537,NEO MOVE ON FREEZE GEL 50GM,NEO MOVE ON FREEZE GEL 50 GM,نيو موف اون فريز جل 50 جم,2510135.0,100.0,algo_match,brand_index,,
91182,NEO MOVE ON SPRAY 200 ML,NEO MOVE ON SPRAY 200 ML,بخاخ نويا حسنه 200 مل,2267275.0,100.0,algo_match,brand_index,,
2317,NEO POL DROPS,,,,,,no_match,,
81221,NEOCARBON MARNYS 30 CAPS,,,,,,no_match,,
77847,NEOMERCAZOLE 5 MG 100 TABS,,,,,,no_match,,
85604,NEOPRESSION 1 MG 10 TAB,NEOPRESSION 1 MG 10 F.C.TABS,نيوبريشن 1 جم 10 اقراص,1047696.0,90.2,algo_match,brand_index,,
80083,NEOPRESSION 2MG 20 FILAM,NEOPRESSION 2 MG 20 F.C.TABS,نيوبريشن 2 مجم 20 اقراص,2576077.0,86.4,ai_confirmed,ai_verified,0.0,
87167,neorub massag spray,,,,,,no_match,,
57284,NEOVA CREAM 75 GM,NEOVA CREAM 75 GM,نيوفا كريم 75 جم,,100.0,algo_match,brand_index,,
88916,NEOZOLID 250 MG 6 TABS,NEOZOLID 250 MG 6 TABS,نيوزوليد 250 مجم 6 اقراص,,100.0,algo_match,brand_index,,
46563,NEOZOLID TAB,NEOZOLID 250 MG 6 TABS,نيوزوليد 250 مجم 6 اقراص,,80.0,ai_confirmed,ai_verified,0.0,
89482,NEPHROMED 100 TABS,NEPHROMED 100 TABS.,نيفروميد 100 اقراص,2535859.0,100.0,algo_match,brand_index,,
87015,NEPHROMED ADVANCE 14 SACHETS,NEPHROMED ADVANCE 14 SACHETS,نيفروميد ادفانس 14 اكياس,2473340.0,100.0,algo_match,brand_index,,
84780,NERCAFIX 40MG 30 OD.FILM,NERCAFIX 40 MG 30 ORO DISPERSIBLE FILMS,نيركافكس 40 مجم 30 فيلم,1674364.0,81.0,ai_confirmed,ai_verified,0.0,
88047,NERFACTORY 30 CAPSULES,NERFACTORY 30 CAPS,نيرفاكتوري 30 اقراص,2595897.0,90.0,algo_match,brand_index,,
90125,NERHAFLUKS 20MG,NERHAFLUKS 20 MG 20 FILM,نيرهافليكس 20 مجم 20 فيلم,2181540.0,80.0,ai_confirmed,ai_verified,0.0,
90493,NERHAFLUKS 40MG 20 FILM,NERHAFLUKS 40 MG 20 FILM,نيرهافليكس 40 مجم 20 فيلم,1754333.0,100.0,algo_match,brand_index,,
77762,NERHASILDA 50MG 16 FILM,NERHASILDA 50 MG 16 ORODISPERSIBLE FILMS,نيرهاسيلدا 50 مجم 16 فيلم,2475119.0,88.4,ai_confirmed,ai_verified,0.0,
83374,NERHASILDA 75MG 8FILM,NERHASILDA 75 MG 8 ORODISPERSIBLE FILMS,نيرهاسيلدا 75 م 88,2683621.0,87.8,ai_confirmed,ai_verified,0.0,
90397,NERKARDOU 2.5 MG 30 FILM,NERKARDOU 2.5 MG 30 ORODISPERSIBLE FILMS,نركاردو 2.5 مجم 30 فيلم,2161087.0,88.4,ai_confirmed,ai_verified,0.0,
87817,NERKARDOU 5 MG 30 FILM,NERKARDOU 5 MG 30 ORODISPERSIBLE FILMS,نركاردو 5 مجم 30 فيلم,2471443.0,87.2,ai_confirmed,ai_verified,0.0,
89114,NEROTONEX 20 CAPS,NEROTONEX 20 CAP,نيروتونيكس 20 اقراص,1477127.0,97.0,algo_match,brand_index,,
89914,NERVADIXIN 20CAPS,NERVADIXIN 20 HARD GELATIN CAP,نرفاديكسين 20 كبسول,1667052.0,83.9,ai_confirmed,ai_verified,0.0,
91962,NERVI - BIOBOTS 30 CAPS,NERVI BIOBOTS 30 CAPS,نيرفي بيوبوتس 30 كبسول,,100.0,algo_match,brand_index,,
82394,NERVIXAL 30 F.C. TABS.,NERVIXAL 30 F.C.TABS.,نرفيكسال 30 اقراص,2673310.0,100.0,algo_match,brand_index,,
89242,NERVIZAM 30 CAPS,NERVIZAM 30 CAP,نيرفيزام 30 اقراص,1655304.0,96.8,algo_match,brand_index,,
15082,NESTOGEN 1 MILK 400 GM,NESTOGEN 1 MILK 400 GM,نستوجين 1 لبن 400 جم,2165705.0,100.0,algo_match,brand_index,,
75607,NESTOGEN 2 MILK 400 GM,NESTOGEN 2 MILK 400 GM,نستوجين 2 لبن 400 جم,2623984.0,100.0,algo_match,brand_index,,
78379,NESTOGEN 3 MILK 200GM,NESTOGEN 3 MILK 200 GM,نستوجين 3 لبن 200 جم,1935043.0,100.0,algo_match,brand_index,,
92026,NETALOPALM CAP,NETALOPALM 30 CAP,نتالوبالم 30 اقراص,2472306.0,90.3,algo_match,brand_index,,
90717,NETIPHTIOLE 3MG/5ML,,,,,,no_match,,
73513,NETLOOK 10 MG 20 CAP,NETLOOK 10 MG 20 SOFT GELATIN CAPS.,نت لوك 10 مجم 20 كبسول,,88.9,ai_confirmed,ai_verified,0.0,
73819,NETLOOK 20MG CAP,NETLOOK 20 MG 20 SOFT GELATIN CAPS.,نت لوك 20 مجم 20 كبسول,1397780.0,86.7,ai_confirmed,ai_verified,0.0,
73475,NETLOOK 40 MG 20 CAP,NETLOOK 40 MG 20 SOFT GELATIN CAPSULE,نت لوك 40 مجم 20 كبسول,,88.9,ai_confirmed,ai_verified,0.0,
89674,NEULIPOVIM ADVANCE 10 SACHETS,NEULIPOVIM ADVANCE 10 SACHET,نيوليبوفيم ادفانس 10 اكياس,2173810.0,98.2,algo_match,brand_index,,
91507,NEUPOGEN 30MIU/0.5ML PREF. SYRINGE,NEUPOGEN 30 MIU / 0.5 ML PREF. SYRINGE,نيبوجين 1 سرنجه مستورد,2643123.0,86.1,ai_confirmed,ai_verified,0.0,
74710,NEURAZINE 100 MG 20 TABS,NEURAZINE 100 MG 20 TABS.,نيورازين 100 مجم 20 اقراص,,100.0,algo_match,brand_index,,
87838,NEURED 30 CAPS,,,,,,no_match,,
48218,NEURIMAX 6 I.M. AMP.,NEURIMAX 2 MG 6 I.M. AMP.,نيوريماكس 2 مجم 6 امبول عضل,,87.8,ai_confirmed,ai_verified,0.0,
91929,Neuro Lusty 30 Cap,NEURO LUSTY 30 CAP,نيورو لاستي 30 كبسول,,100.0,algo_match,brand_index,,
91738,NEUROBION 10 AMP IMP,,,,,,no_match,,
88311,NEUROBION 10 MP IMP,,,,,,no_match,,
88188,NEUROBION 6 AMP IMP,,,,,,no_match,,
61987,NEUROGLOPENTIN 100 MG 30 CAP,NEUROGLOPENTIN 100 MG 30 CAPS.,نيوروجلوبنتين 100 مجم 30 كبسول,2368417.0,98.2,algo_match,brand_index,,
60967,NEUROGLOPENTIN 300 MG 30 CAP,NEUROGLOPENTIN 300 MG 30 CAPS.,نيوروجلوبنتين 300 مجم 30 كبسول,905385.0,98.2,algo_match,brand_index,,
62114,NEUROGLOPENTIN 400 MG 30 CAP,NEUROGLOPENTIN 400 MG 30 CAPS.,نيوروجلوبنتين 400 مجم 30 كبسول,1536102.0,98.2,algo_match,brand_index,,
19451,NEURONTIN 300MG 10CAP,,,,,,no_match,,
19194,NEURONTIN 300MG 20CAP,NEURONTIN 300 MG 20 CAPS.,نيورونتين 300 مجم 20 كبسول,905390.0,97.9,algo_match,brand_index,,
74208,NEUROPATEX 20 CAPS,NEUROPATEX 600 MG 20 CAPS.,نيوروباتكس 600 مجم 20 كبسول,,83.7,ai_confirmed,ai_verified,0.0,
56545,NEURORUBINE 6 I.M. AMPS,NEURORUBINE 6 I.M. AMPS.,نيوروروبين 6 امبول,,100.0,algo_match,brand_index,,
73227,NEUROTON 30 TABS,NEUROTON 30 COATED TAB.,نيوروتون 30 اقراص,,89.7,ai_confirmed,ai_verified,0.0,
73602,NEUROTON 6 AMP,NEUROTON 6 AMP.,نيوروتون 6 امبول,,100.0,algo_match,brand_index,,
73146,NEUROVIT 3 AMP,NEUROVIT 6 I.M. AMPS.,نيوروفيت 6 امبول,2455371.0,88.0,ai_confirmed,ai_verified,0.0,
77794,NEUROVIT 30 SUGAR C. TABS,NEUROVIT 30 SUGAR C.TABS.,نيوروفيت 30 اقراص,2145231.0,100.0,algo_match,brand_index,,
78192,NEUROVIT 6 I.M. AMPS.,NEUROVIT 6 I.M. AMPS.,نيوروفيت 6 امبول,2455371.0,100.0,algo_match,brand_index,,
84984,NEUTRA FERITIN 30 CAPS,,,,,,no_match,,
91694,NEUTRA TRYPSIN 20 TAB,NEUTRA TRYPSIN 20 TABS,نيوترا تريبسن 20 اقراص,2471482.0,97.7,algo_match,brand_index,,
58347,NEVILOB 2.5 MG 14 TAB,NEVILOB 2.5 MG 14 TAB.,نيفيلوب 2.5 مجم 14 اقراص,2369312.0,100.0,algo_match,brand_index,,
34845649,NEVILOB 5/25PLUS 20 TAB,,,,,,no_match,,
55821,NEVILOB 5MG 14 TAB,,,,,,no_match,,
85181,NEVILOB 5MG 21 TAB,NEVILOB 5 MG 21 TAB.,نيفيلوب 5 مجم 21 اقراص,905353.0,100.0,algo_match,brand_index,,
90502,NEVILOB AMLO 5/10MG 30 TABS,NEVILOB AMLO 5 / 10 MG 30 TABS,نيفيلوب املو 5 / 10 مجم 30 اقراص,1813133.0,86.2,ai_confirmed,ai_verified,0.0,
88237,NEVILOB AMLO5/5 30tab,NEVILOB AMLO 5 / 5 MG 30 TABS,نيفيلوب املو 5 / 5 مجم 30 اقراص,1219448.0,84.6,ai_confirmed,ai_verified,0.0,
72531,NEVILOB PLUS 5/12.5 20 TAB,NEVILOB PLUS 5 / 25 MG 20 TAB.,نيفيلوب بلس 5 / 25 مجم 20 اقراص,2313726.0,80.0,ai_confirmed,ai_verified,0.0,
64215,NEVXAL 5ML DROPS,,,,,,no_match,,
81256,NEVXAL FORTE 5ML DROPS,NEVXAL FORTE 0.3 % EYE DPOPS 5 ML,نيفكسال فورت 0.3 % قطره للعين 5 مل,1769457.0,82.6,ai_confirmed,ai_verified,0.0,
73671,NEW-CLAV 457 MG 80 ML SUSP,NEW CLAV 457 MG / 5 ML SUSP. 80 ML,نيوكلاف 457 مجم / 5 مل شراب 80 مل,2156871.0,88.1,ai_confirmed,ai_verified,0.0,
55522,NEW AKIM OIL 60 ML,,,,,,no_match,,
47735,NEWBEZIM TAB,NEWBEZIM 20 TAB.,نيوبيزيم 20 اقراص,2594418.0,88.9,ai_confirmed,ai_verified,0.0,
58050,NEWCLAV 642.9 MG 100 ML SUSP,,,,,,no_match,,
47809,NEWCLAV 642.9MG 50ML SUSP,,,,,,no_match,,
90357,newl+E silcon gel,,,,,,no_match,,
84665,NEXATIC 6 SACHETS,NEXATIC 6 SACHET,نيكساتيك 6 كيس,2512077.0,97.0,algo_match,brand_index,,
86861,NEXIBRONCH SYRUP 200 ML,,,,,,no_match,,
89346,NEXICURE 10 MG 14 SACHETS,NEXICURE 10 MG 14 SACHETS,نيكسيكيور 10 مجم 14 اكياس,2113292.0,100.0,algo_match,brand_index,,
89345,NEXICURE 10 MG 7 SACHETS,NEXICURE 10 MG 7 SACHET,نيكسيكيور 10 مجم 7 اكياس,,97.9,algo_match,brand_index,,
90308,NEXICURE 2.5MG/28 SAC,NEXICURE 2.5 MG 28 SACHET,نيكسيكيور 2.5 مجم 28 اكياس,1505769.0,80.9,ai_confirmed,ai_verified,0.0,
89383,NEXICURE 20 MG 14 F.C.TABS.,NEXICURE 20 MG 14 F.C.TABS,نيكسيكيور 20 مجم 14 اقراص,905358.0,100.0,algo_match,brand_index,,
79657,nexicure 20mg 20tablets,NEXICURE 20 MG 7 SACHETS,نيكسيكيور 20 مجم 7 اكياس,,81.6,ai_confirmed,ai_verified,0.0,
77544,NEXICURE 40 MG 20 TABS,NEXICURE 40 MG 20 F.C.TABS.,نيكسيكيور 40 مجم 20 اقراص,905360.0,91.7,algo_match,brand_index,,
92350,NEXICURE 40 MG 30 TABS,NEXICURE 40 MG 30 TABS,نيكسيكيور 40 مجم 30 اقراص,2455359.0,100.0,algo_match,brand_index,,
90282,NEXICURE 5 MG 28 SAC,NEXICURE 5 MG 28 SACHETS,نيكسيكيور 5 مجم 28 اكياس,1679528.0,90.9,algo_match,brand_index,,
91851,NEXICURE PLUS 40/1680 MG 14 SACHETS 14 PACKET,,,,,,no_match,,
74444,NEXIMASH 40 MG 14 TAB,NEXIMASH 40 MG 14 F.C. TAB,نيكسيماش 40 مجم 14 اقراص,,91.3,algo_match,brand_index,,
87800,NEXIMASH 40 MG 28 CAPSULES,NEXIMASH 40 MG 28 CAPS,نيكسيماش 40 مجم 28 اقراص,1998362.0,91.7,algo_match,brand_index,,
83723,NEXIMERICAN 40MG 14CAPS,NEXIMERICAN 40 MG 14 CAPS,نيكسيميريكان 40 مجم 14 كبسول,2158019.0,100.0,algo_match,brand_index,,
91115,NEXIROZOVA 10MG 28 F.C. TABS,NEXIROZOVA 10 MG 28 F.C. TABS,نيكسيروزوفا 10 مجم 28 اقراص,2682144.0,100.0,algo_match,brand_index,,
82866,NEXIROZOVA 10MG TAB,NEXIROZOVA 10 MG 28 F.C. TABS,نيكسيروزوفا 10 مجم 28 اقراص,2682144.0,83.3,ai_confirmed,ai_verified,0.0,
82867,NEXIROZOVA 20MG 14TAB,NEXIROZOVA 20 MG 14 F.C TABS,نيكسيروزوفا 20 مجم 14 اقراص,,90.2,algo_match,brand_index,,
78376,NEXIUM 20 MG 28 F.C TABS.,NEXIUM 20 MG 28 F.C. TAB.,نيكسيوم 20 مجم 28 اقراص,949642.0,97.9,algo_match,brand_index,,
78258,NEXIUM 40 MG 28 TABS,NEXIUM 40 MG 28 F.C.TABS.,نيكسيوم 40 مجم 28 اقراص,1769396.0,90.9,algo_match,brand_index,,
82648,NEXT FRESH 40 ML ORAL SPRAY,,,,,,no_match,,
88975,NFINITY TREATO ANTI DANDRUFF SHAMPOO,,,,,,no_match,,
84328,nicorette quick mist,,,,,,no_match,,
63346,NIDO 1+ MILK 576 G,,,,,,no_match,,
82724,NIDO+1 288 GM,,,,,,no_match,,
86977,NIGHT CALM 1 MG 30 F.C.TABS,NIGHT CALM 1 MG 30 F.C. TABS,نايت كالم 1 مجم 30 اقراص,2471402.0,100.0,algo_match,brand_index,,
85291,NIGHT CALM 3 GM 30 TAB,NIGHT CALM 3 MG 30 F.C. TABS,نايت كالم 3 مجم 30 اقراص,2455311.0,85.7,ai_confirmed,ai_verified,0.0,
NS,NIGRA STREP 12LOZENGES,,,,,,no_match,,
82600,NIRAMAR FEMININE INTMATE WASH 120 ML,NIRAMAR FEMININE INTIMATE WASH 120 ML,نيرامار غسول للنساء 120 مل,2194816.0,98.6,algo_match,brand_index,,
75440,NIT CLEAN 500 MG 12 TAB,NIT CLEAN 500 MG 12 F.C. TABS.,نت كلين 500 مجم 12 اقراص,1109951.0,90.2,algo_match,brand_index,,
74081,NIT CLEAN 500 MG 30 TAB,NIT CLEAN 500 MG 12 F.C. TABS.,نت كلين 500 مجم 12 اقراص,1109951.0,82.4,ai_confirmed,ai_verified,0.0,
79143,NIT CLEAN 60ML SYRUP,NIT CLEAN 100 MG / 5 ML PD. FOR ORAL SUSP. 60 ML,نت كلين 100 مجم / 5 مل للاطفال شراب 60 مل,2625629.0,83.3,ai_confirmed,ai_verified,0.0,
74045,NITAZODE 100 MG SUSP 60 ML,NITAZODE 100 MG / 5 ML 60 ML SUSP.,نيتازود 100 مجم / 5 مل 60 مل شراب,905335.0,88.1,ai_confirmed,ai_verified,0.0,
81119,NITAZODE 500 MG 18 TABS,NITAZODE 500 MG 18 F.C. TABS.,نيتازود 500 مجم 18 اقراص,2370978.0,92.0,algo_match,brand_index,,
48136,NITORA 30 TAB,NITORA 30 TABLETS,نيتورا 30 اقراص,,86.7,ai_confirmed,ai_verified,0.0,
73758,NITRODERM TTS 10MG PATCHES,NITRODERM TTS 10 MG 7 PATCHES,نيتروديرم تي تي اس 10 مجم 7 لزقه,,96.4,algo_match,brand_index,,
73407,NITRODERM TTS 5MG 7 PATCHES,NITRODERM TTS 5 MG 7 PATCHES,نيتروديرم تي تي اس 5 مجم 7 لزقه,,100.0,algo_match,brand_index,,
47491,NITROMACK RETARD 5MG CAP,,,,,,no_match,,
8897,NITROMAK RETARD 2.5MG 60 CAP,NITROMAK RETARD 2.5 MG 60 CAPS.,نيتروماك ريتارد 2.5 مجم 60 كبسول,905339.0,98.3,algo_match,brand_index,,
20395,NITROTARD 2.5 MG- 60 CAP,NITROTARD 2.5 MG 60 CAPS.,نيتروتارد 2.5 مجم 60 كبسول,,97.9,algo_match,brand_index,,
79743,NIXELECO 10SACHETS,NIXELECO 10 SACHETS,نيكسيليكو 10 اكياس,1741106.0,100.0,algo_match,brand_index,,
79661,NIXPRAZOLE 40 MG 14 DELAYED REL. CAPS.,NIXPRAZOLE 40 MG 14 DELAYED REL. CAPS.,نيكسبرازول 40 مجم 14 كبسول,905357.0,100.0,algo_match,brand_index,,
81600,NIZAPEX SHAMPOO 80 ML,NIZAPEX 20 MG / GM SHAMPOO 80 ML,نيزابيكس 20 مجم / جم شامبو 80 مل,2146479.0,100.0,algo_match,token_set_ratio,,
12360,NIZORAL SHAMPOO 60 ML (MINA PHARM),NIZORAL 2 % SHAMPOO 60 ML,نيزورال 2 % شامبو 60 مل,2333572.0,91.3,algo_match,token_set_ratio,,
80987,NO-B SACHETS,NO B 12 SACHET,نو بي 12 اكياس,2472727.0,84.6,ai_confirmed,ai_verified,0.0,
953,NO-URIC 100MG 50 TAB,NO URIC 100 MG 50 TAB,نو يوريك 100 مجم 50 اقراص,2437590.0,100.0,algo_match,brand_index,,
90760,NO-URIC 300 MG 20 TAB,NO URIC 300 MG 20 TAB,نو يوريك 300 مجم 20 اقراص,,100.0,algo_match,brand_index,,
30266,NO-URIC 300MG 20 TAB,NO URIC 300 MG 20 TAB,نو يوريك 300 مجم 20 اقراص,,100.0,algo_match,brand_index,,
56448,NO CAL 100 PACKETS,NO CAL 100 TAB,نو كال 100 اقراص,,83.3,ai_confirmed,ai_verified,0.0,
56445,NO CAL 50 PACKETS,NO CAL 50 SACHET,نو كال 50 اكياس,2328445.0,84.8,ai_confirmed,ai_verified,0.0,
81704,no cal new 200 stick,,,,,,no_match,,
87926,NO DEPRINE 50 MG 30 TABLETS,NO DEPRINE 50 MG 30 TAB,نو ديبرين 50 مجم 30 اقراص,2557161.0,92.0,algo_match,brand_index,,
55746,NO GRAVIDA 12 VAGINAL SUPP,NO GRAVIDA 100 MG 12 VAGINAL SUPP,نو جرافيدا 100 مجم 12 لبوس,,88.1,ai_confirmed,ai_verified,0.0,
84171,NO MIGRAIN TAB,NO MIGRAIN 30 F.C. TAB,نوميجران 30 اقراص,2011808.0,80.0,ai_confirmed,ai_verified,0.0,
59649,NODEP 10 MG 30 TAB,NODEP 10 MG 30 F.C. TAB.,نودب 10 مجم 30 اقراص,2494340.0,90.0,algo_match,brand_index,,
91145,NODY SPARY 30ML,,,,,,no_match,,
74118,NOFLU 20 TABS.,NOFLU 20 TAB.,نوفلو 20 اقراص,2509454.0,96.0,algo_match,brand_index,,
81644,NOFRACT SYRUP,,,,,,no_match,,
84270,NOLAVER ANTI-SCAR GEL 50 GM,NOLAVER ANTI SCAR GEL 50 GM,نولافير جل مضاد للندبات 50 جم,1005877.0,100.0,algo_match,brand_index,,
60664,NOLAVER CREAM 50 GM,NOLAVER CREAM 50 GM,نولافير كريم 50 جم,1655293.0,100.0,algo_match,brand_index,,
47623,NOLVADEX 30 TAB,NOLVADEX 10 MG 30 TABS.,نولفادكس 10 مجم 30 اقراص,1618842.0,81.1,ai_confirmed,ai_verified,0.0,
86025,NOMASSIST 5MG 20 TABS,NOMASSIST 5 MG 20 TAB,نوماسيست 5 مجم 20 اقراص,1655295.0,97.7,algo_match,brand_index,,
91032,NOMASSIST 5MG 30TAB,NOMASSIST 5 MG 30 TAB,نوماسيست 5 مجم 30 اقراص,,100.0,algo_match,brand_index,,
89882,NONEMIA 20CAPS,NONEMIA 20 TAB,نونميا 20 اقراص,2194806.0,83.3,ai_confirmed,ai_verified,0.0,
87320,nono shampoo 500 ml + nono 2*1 shampoo* balsam 100,,,,,,no_match,,
87322,NONO SHAMPOO 800 ML + BALSAM 100 ML,,,,,,no_match,,
87321,NONO SHAMPOO 800 ML + BALSAM 200 ML,,,,,,no_match,,
73603,NONOO WATER SYRUP 120 ML,,,,,,no_match,,
31402,NOPECIA CAP,NOPECIA 1 MG 30 CAPS,نوبيشيا 1 مجم 30 اقراص,2652405.0,84.2,ai_confirmed,ai_verified,0.0,
92365,NOPYRETRON 20 FILMS,NOPYRETRON 125 MG 20 ORAL FILM,نوبايريترون 125 مجم 20 فيلم,2565445.0,81.2,ai_confirmed,ai_verified,0.0,
1188,NORFLEX 100 MG 20 TABS,NORFLEX 100 MG 20 TABS.,نورفلكس 100 مجم 20 اقراص,2437566.0,100.0,algo_match,brand_index,,
2575,NORFLEX 3 AMP,NORFLEX 30 MG / ML 3 AMPS.,نورفلكس 30 مجم / مل 3 امبول,,81.8,ai_confirmed,ai_verified,0.0,
1250,NORGESIC TAB,NORGESIC 20 TAB,نورجيسيك 20 اقراص,1048213.0,88.9,ai_confirmed,ai_verified,0.0,
79664,norgestadiol 21 tablets,NORGESTADIOL 0.25 / 0.035 MG 21 TABS.,نورجيستاديول 0.25 / 0.035 مجم 21 اقراص,,87.8,ai_confirmed,ai_verified,0.0,
76424,NORHINOSE NASAL SPRAY 120 DOESES,NORHINOSE 50 MCG / DOSE NASAL SPRAY 120 DOSES,نورينوز 50 مكجم / جرعه بخاخ للانف 120 جرعه,2358515.0,83.1,ai_confirmed,ai_verified,0.0,
91763,NORIGYNCIN 50/5MG I.M. AMP,NORIGYNCIN 50 / 5 MG I.M. AMP,نوريجينسن 50 / 5 مجم 1 امبول,2640533.0,88.9,ai_confirmed,ai_verified,0.0,
87232,NORKI- MEL 120ML SYRUP,NORKI MEL 120 ML SYRUP,نوركي ميل شراب 120 مل,2161629.0,100.0,algo_match,brand_index,,
87403,norki bones 30 tab,NORKI BONES 30 TABLET,نوركي بونز 30 اقراص,1809153.0,92.3,algo_match,brand_index,,
87400,norki bones suspension,,,,,,no_match,,
87398,norkisol d3 drop,NORKISOL D 3 ORAL DROPS,نوركسول دي ثري قطره,1131277.0,85.0,ai_confirmed,ai_verified,0.0,
20397,NORMAL SALINE--P.INFUSION,,,,,,no_match,,
20398,NORMAL SALINE-HAIDYLENA 0.9 %P.INFUSION,,,,,,no_match,,
S,NORMAL SALINE 500ML SOLUTION,,,,,,no_match,,
83218,NORMIFRIN NASAL SPRAY,,,,,,no_match,,
49792,NORMO-TEARS 15 ML,NORMO TEARS EYE DROPS 15 ML,نورمو تيرز قطره للعين 15 مل,2313709.0,100.0,algo_match,token_set_ratio,,
86816,NORMOCARD 2.5 MG 30 TABS,NORMOCARD 2.5 MG 30 TAB.,نورموكارد 2.5 مجم 30 اقراص,2431595.0,97.9,algo_match,brand_index,,
82433,NORMOCARD 7.5 MG 30 TAB,NORMOCARD 7.5 MG 30 TAB,نورموكارد 7.5 مجم 30 اقراص,2523412.0,100.0,algo_match,brand_index,,
74201,NOROCARMENA 3/0.03 MG 21 TAB,,,,,,no_match,,
11135,NORVASC 10 MG 10 TAB,NORVASC 10 MG 10 TAB,نورفاسك 10 مجم 10 اقراص,2037526.0,100.0,algo_match,brand_index,,
58211,NORVASC 10 MG 15 TAB,NORVASC 10 MG 15 TAB.,نورفاسك 10 مجم 15 اقراص,905311.0,100.0,algo_match,brand_index,,
36413,NORVASC 5 MG 10 TAB,NORVASC 5 MG 10 TAB.,نورفاسك 5 مجم 10 اقراص,905313.0,100.0,algo_match,brand_index,,
87910,NORVASC 5 MG 30 TABLETS,NORVASC 5 MG 30 TAB.,نورفاسك 5 مجم 30 اقراص,1659728.0,90.5,algo_match,brand_index,,
90239,NORVASC VAL 10/160MG,NORVASC VAL 10 / 160 MG 30 TABS,نورفاسك فال 10 / 160 مجم 30 اقراص,2254919.0,80.0,ai_confirmed,ai_verified,0.0,
90240,NORVASC VAL 5/160,,,,,,no_match,,
90238,NORVASC VAL 5/80MG,NORVASC VAL 5 / 80 MG 30 TAB,نورفاسك فال 5 / 80 مجم 30 اقراص,1690269.0,84.2,ai_confirmed,ai_verified,0.0,
21730,NOSTAMINE EYE DROPS,NOSTAMINE EYE / NOSE DROPS 15 ML,نوستامين قطره للانف والعين 15 مل,905319.0,100.0,algo_match,token_set_ratio,,
75745,NOSTIFIX 0.5 MG 2 TABS,NOSTIFIX 0.5 MG 2 TAB.,نوستيفكس 0.5 مجم 2 اقراص,2600356.0,97.7,algo_match,brand_index,,
84778,NOTRIPROX 15 G CREAM,NOTRIPROX 0.77 % CREAM 15 GM,نوتريبروكس 0.77 % كريم 15 جم,2289757.0,83.3,ai_confirmed,ai_verified,0.0,
85075,NOTUSSIL 120 ML SYRUP,NOTUSSIL 4 MG / ML SUSP. 120 ML,نوتوسيل 4 مجم / مل شراب 120 مل,905304.0,84.2,ai_confirmed,ai_verified,0.0,
40073,NOTUSSIL 60ML SUSP,NOTUSSIL 4 MG / ML SUSP. 60 ML,نوتوسيل 4 مجم / مل شراب 60 مل,,100.0,algo_match,token_set_ratio,,
73574,NOVA-C-N 20TAB,NOVA C N 20 TAB.,نوفا سي ان 20 اقراص,,100.0,algo_match,brand_index,,
72816,NOVACTAM 1000/500 MG VIAL,,,,,,no_match,,
82713,NOVACTAM 250MG/5ML SUSP 60ML,NOVACTAM 250 MG / 5 ML SUSP. 60 ML,نوفاكتام 250 مجم / 5 مل شراب 60 مل,2128400.0,90.6,algo_match,brand_index,,
72815,NOVACTAM 500/250 MG VIAL IM,,,,,,no_match,,
18696,NOVALGIN 100 TAB,NOVALGIN 500 MG 100 TAB.,نوفالجين 500 مجم 100 اقراص,,82.1,ai_confirmed,ai_verified,0.0,
30797,NOVALGIN AMP,NOVALGIN 500 MG / ML 3 AMP. FOR I.M. / I.V. INJ.,نوفالجين 500 مجم / مل 3 امبول,,100.0,algo_match,token_set_ratio,,
ON,NOVALGIN OBLONG 10 TAB 500 MG,NOVALGIN OBLONG 500 MG 10 F.C TAB.,ابلونج نوفالجين 500 مجم 10 اقراص,2475624.0,93.5,algo_match,brand_index,,
77236,NOVALGIN OBLONG 500MG 10TABS,NOVALGIN OBLONG 500 MG 10 F.C TAB.,ابلونج نوفالجين 500 مجم 10 اقراص,2475624.0,92.1,algo_match,brand_index,,
81818,NOVEX CARBAMIDE CREAM 30GM,NOVEX CARBAMIDE CREAM 30 GM,كارباميد نوفكس كريم 30 جم,904519.0,100.0,algo_match,brand_index,,
84569,NOVEX PANTHENOL 50 G,NOVEX PANTHENOL CREAM 50 GM,نوفيكس بانثينول كريم 50 جم,2523424.0,85.1,ai_confirmed,ai_verified,0.0,
88897,Novex Panthenol 50 g cream,NOVEX PANTHENOL CREAM 50 GM,نوفيكس بانثينول كريم 50 جم,2523424.0,98.1,algo_match,brand_index,,
75475,NOVISTORIC 10 MG 14 TAB,NOVISTORIC 10 MG 14 F.C. TAB.,نوفيستوريك 10 مجم 14 اقراص,905326.0,92.0,algo_match,brand_index,,
75474,NOVISTORIC 20 MG 14 TAB,NOVISTORIC 20 MG 14 F.C. TAB.,نوفيستوريك 20 مجم 14 اقراص,2382081.0,92.0,algo_match,brand_index,,
92086,novistoric plus 10/10 mg 30 tab,NOVISTORIC PLUS 10 / 10 MG 30 TAB,نوفيستوريك بلس 10 / 10 مجم 30 اقراص,1977534.0,93.8,algo_match,brand_index,,
86889,NOVOCOBAL 1 MG 30 SUBLINGUAL TABS,NOVOCOBAL 1 GM 30 SUBLINGUAL TAB,نوفوكوبال 1 جم 30 اقراص,1477759.0,95.4,algo_match,brand_index,,
88516,NOVOFERR ORAL DROPS 30ML,NOVOFER ORAL DROPS 30 ML,نوفوفير قطره للفم 30 مل,,98.0,algo_match,brand_index,,
73951,NOVOMIX 30 FLEXPEN,NOVOMIX 30 100 I.U. / ML 1 FLEXPEN,نوفوميكس 30 100 وحده / مل 1 فليكس بين,1984284.0,100.0,algo_match,token_set_ratio,,
68867,NOVOMIX 50 FLEXPEN,NOVOMIX 50 100 I.U. / ML 5 FLEXPEN,نوفوميكس 50 100 وحده / مل 5 فليكس بين,1803872.0,100.0,algo_match,token_set_ratio,,
21587,NOVONORM 0.5MG TAB,NOVONORM 0.5 MG 30 TAB,نوفونورم 0.5 مجم 30 اقراص,1741080.0,92.7,algo_match,brand_index,,
40649,NOVONORM 1MG TAB,NOVONORM 1 MG 30 TAB.,نوفونورم 1 مجم 30 اقراص,2674742.0,91.9,algo_match,brand_index,,
22488,NOVONORM 2MG 30 TABS,NOVONORM 2 MG 30 TAB,نوفونورم 2 مجم 30 اقراص,2074955.0,97.6,algo_match,brand_index,,
73505,NOVORAPID FLEXPEN,,,,,,no_match,,
74628,NOVORAPID PENFIL,,,,,,no_match,,
92670,NOW NIACIN 100CAPS IMP,,,,,,no_match,,
85141,NOW C 1000MG 100CAPS,NOW C 1000 MG 100 CAPS.,ناو سي 1000 مجم 100 كبسول,2521464.0,100.0,algo_match,brand_index,,
92048,NOW COLLAGEN PEPTIDES POWDER 227GM,NOW COLLAGEN PEPTIDES POWDER 8 OZ 227 GM,ناو ببتيدات الكولاجين مسحوق 8 اونصات 227 جم,2146830.0,93.3,algo_match,brand_index,,
91333,now magnesium glycinate 180 vag capsules,NOW MAGNESIUM GLYCINATE 180 TABS,ناو ماغنسيوم جلايسينات 180 اقراص,,80.6,ai_confirmed,ai_verified,0.0,
83909,NOW ULTRA OMEGA3 FISH OIL90 SGELS,NOW ULTRA OMEGA 3 90 CAPS.,ناو الترا اوميجا 3 90 كبسول,,88.9,ai_confirmed,ai_verified,0.0,
1274,NU-SPASM 10 MG 20 TAB,NU SPASM 10 MG 20 TAB,نو سبازم 10 مجم 20 اقراص,2588206.0,100.0,algo_match,brand_index,,
40650,NU-SPASM 3 AMP,NU SPASM 20 MG / ML 3 AMPS,ان يو سبازم 20 مجم / مل 3 امبول,2437571.0,83.3,ai_confirmed,ai_verified,0.0,
90644,NUBIT TAB 30 TAB,,,,,,no_match,,
87187,nutri-soft 30g cream,,,,,,no_match,,
82758,NUTRITRU-D 400 I.U./DROP ORAL DROPS 10 ML,NUTRITRU D 400 IU ORAL DROPS,نيوتريترو دي 400 وحده قطره,,94.3,algo_match,token_set_ratio,,
85118,NUTRITRU FE CAPS,NUTRITRU FE 14 CAPS,نيوتريترو اف اي 14 كبسول,1548828.0,91.4,algo_match,brand_index,,
91673,NUTRIVILLE B COMPLEX 30 TABLETS,NUTRIVILLE B COMPLEX 30 TAB,نيوتريفيل ب كومبلكس 30 كبسول,,93.1,algo_match,brand_index,,
45452312,NUTRIVILLE MULTIVITAMINS WOMEN 30 TABLETS,,,,,,no_match,,
22491,NYSTATIN DROPS,,,,,,no_match,,
75874,o-pedal hair serum,O PEDAL HAIR SERUM SPRAY 60 ML,اوبيدال سيرم بخاخ للشعر 60 مل,2468559.0,100.0,algo_match,token_set_ratio,,
91334,O-PEDAL HAIR SERUM 60 ML,O PEDAL HAIR SERUM SPRAY 60 ML,اوبيدال سيرم بخاخ للشعر 60 مل,2468559.0,88.9,ai_confirmed,ai_verified,0.0,
85546,OBAXO 30CAPS,,,,,,no_match,,
90439,ocean bio actif 100 ml fluid+,,,,,,no_match,,
73230,OCTATRON 30 CAP,OCTATRON 30 CAPS.,اوكتاترون 30 كبسول,2143937.0,96.8,algo_match,brand_index,,
90618,octoconval 300mg 30cap,OCTOCONVAL 300 MG 30 TABS,اوكتوكونفال 300 مجم 30 اقراص,2563355.0,81.6,ai_confirmed,ai_verified,0.0,
8673,OCTOVENT CR 20 TAB,OCTOVENT 4 MG C.R. 20 TAB,اوكتوفنت سي ار 4 مجم 20 اقراص,2398462.0,81.0,ai_confirmed,ai_verified,0.0,
40071,OCTOVENT PLUS SYRUP,OCTOVENT PLUS SYRUP 100 ML,اوكتوفنت بلس شراب 100 مل,1428677.0,84.4,ai_confirmed,ai_verified,0.0,
74881,OCTOZINC CAP,OCTOZINC 25 MG 20 CAPS.,اوكتوزنك 25 مجم 20 كبسول,1313189.0,80.0,ai_confirmed,ai_verified,0.0,
89607,OCUBESIFLOX EYE SUSP. DROPS 5 ML,OCUBESIFLOX EYE SUSP. DROPS 5 ML,اوكيوبيسيفلوكس قطره للعين 5 مل,2468632.0,100.0,algo_match,brand_index,,
7343,OCUCARPINE 2% DROPS,,,,,,no_match,,
59776,OCUGUARD 30 CAP,OCUGUARD LX 30 CAPS,اوكيوجارد ال اكس 30 اقراص,1395688.0,88.2,ai_confirmed,ai_verified,0.0,
84285,OCUGUARD 30 CAPS.,OCUGUARD LX 30 CAPS,اوكيوجارد ال اكس 30 اقراص,1395688.0,91.4,algo_match,brand_index,,
83647,OCUGUARD LX 30 CAPS.,OCUGUARD LX 30 CAPS,اوكيوجارد ال اكس 30 اقراص,1395688.0,100.0,algo_match,brand_index,,
4876,OCUMETHYL DROPS,OCUMETHYL EYE DROPS 10 ML,اوكيوميثيل قطره للعين 10 مل,1657686.0,100.0,algo_match,token_set_ratio,,
87965,OCUSEELLERGE FORTE 0.1% DROPS,OCUSEELLERGE FORTE EYE DROPS 5 ML,اوكيوسيليرج فورت 5 مل قطره,2683999.0,80.6,ai_confirmed,ai_verified,0.0,
91404,OCUXAL 20 CAPSULES,OCUXAL 20 CAPS,اوكيوكسال 20 كبسول,,87.5,ai_confirmed,ai_verified,0.0,
91784,OFLAM 50 MG 30 TAB,OFLAM 50 MG 30 QUICKETAB,اوفلام 50 مجم 30 اقراص سريعه,1425630.0,85.7,ai_confirmed,ai_verified,0.0,
54526,OFLAM 50MG 20 TAB,OFLAM 50 MG 30 QUICKETAB,اوفلام 50 مجم 30 اقراص سريعه,1425630.0,81.0,ai_confirmed,ai_verified,0.0,
26561,OFRAMAX 1GM IM VIAL,OFRAMAX 1 GM I.M. VIAL,اوفراماكس 1 جم امبول عضل,2140107.0,97.6,algo_match,brand_index,,
64102,OFUSIDIC EYE DROPS,,,,,,no_match,,
88535,OJOALIVATO EYE DROPS 10 ML,OJOALIVATO EYE DROPS 10 ML,اوجوالفياتو قطره للعين 10 مل,,100.0,algo_match,brand_index,,
88682,OLANVEXA 5MG 30TABS,OLANVEXA 5 MG 30 TAB,اولانفيكسا 5 مجم 30 اقراص,2583710.0,97.6,algo_match,brand_index,,
76464,OLANZAPINE-COPAD 7.5 MG 14 F.C. TAB.,OLANZAPINE COPAD 7.5 MG 14 F.C. TAB.,اولانزابين كوباد 7.5 مجم 14 اقراص,902286.0,100.0,algo_match,brand_index,,
73263,OLAPEX 10MG 30 TAB,OLAPEX 10 MG 30 F.C.TABS.,اولابيكس 10 مجم 30 اقراص,1652837.0,88.4,ai_confirmed,ai_verified,0.0,
73619,OLAPEX 5MG 30 TAB,OLAPEX 5 MG 30 F.C.TABS.,اولابيكس 5 مجم 30 اقراص,2144156.0,87.8,ai_confirmed,ai_verified,0.0,
88633,olevazed massage cream,,,,,,no_match,,
74859,OLFEN 100 SR MG CAP,,,,,,no_match,,
74149,OLFEN 50MG TAB,OLFEN 50 MG 20 LACTAB,اولفين 50 مجم 20 اقراص,,84.6,ai_confirmed,ai_verified,0.0,
52043,OLFEN 75 MG 6 AMP,OLFEN 75 MG / 2 ML 6 AMP.,اولفين 75 مجم / 2 مل 6 امبول,,82.9,ai_confirmed,ai_verified,0.0,
73291,OLFEN GEL 50 GM,OLFEN 1 % TOPICAL GEL 50 GM,اولفين 1 % جل موضعي 50 جم,2314646.0,100.0,algo_match,token_set_ratio,,
88159,OLIVE OIL SPRAY ARGAN 275 ML,,,,,,no_match,,
75016,OLMESPIRONOVA 20/12.5 MG,,,,,,no_match,,
81992,ologint 10 sachet,OLOGINT 10 SACHETS,اولوجنت 10 اكياس,,97.1,algo_match,brand_index,,
60056,OLOHISTINE 5 ML EYE DROPS,OLOHISTINE 0.1 % EYE DROPS 5 ML,اولوهستين 0.1 % قطره عين 5 مل,2315735.0,89.3,ai_confirmed,ai_verified,0.0,
91951,OLOHISTINE FORTE,OLOHISTINE FORTE EYE DROPS 5 ML,اولوهيستين فورت قطره للعين 5 مل,1515801.0,100.0,algo_match,token_set_ratio,,
68819,olopalite eye drops 5 ml,OLOPALITE 0.1 % EYE DROPS 5 ML,اولوباليت 0.1 % قطره للعين 5 مل,2129660.0,88.9,ai_confirmed,ai_verified,0.0,
92579,OLOPTASONE NASAL SPRAY 120 METERED SPRAYS,OLOPTASONE 120 DOSE NASAL SPRAY,اولوبتاسون بخاخ 120 جرعه,2651190.0,91.2,algo_match,token_set_ratio,,
92347,OLOPTASONE NASAL SPRAY 240 METERED SPRAYS,OLOPTASONE 240 DOSE NASAL SPRAY,اولوبتاسون بخاخ 240 جرعه,2651189.0,91.2,algo_match,token_set_ratio,,
86891,OMACOR 1000 MG 28 CAPS,OMACOR 28 CAPS.,اوماكور 28 كبسول,,100.0,algo_match,token_set_ratio,,
88502,OMEDRINK SYRUP 30 ML,OMEDRINK SYRUP 30 ML,اوميدرنك صغير 30 مل,2645875.0,100.0,algo_match,brand_index,,
83604,OMEDRINK SYRUP 60 ML,OMEDRINK SYRUP 60 ML,اوميدرنك كبير 60 مل,2645874.0,100.0,algo_match,brand_index,,
73402,OMEGA-3 PLUS 30 CAPS,OMEGA 3 PLUS 30 CAPS.,اوميجا 3 بلس 30 كبسول,1652855.0,100.0,algo_match,brand_index,,
90185,OMEGA-SAJA 30 CAPS,OMEGA SAJA 30 CAP,اوميجا ساجا 30 كبسول,,97.1,algo_match,brand_index,,
87110,OMEGA 3-SAFE 1250MG,,,,,,no_match,,
84102,OMEGA 3 NOW 100CAPS,,,,,,no_match,,
90186,OMEGA 3 SERIO 30 CAPS,OMEGA 3 SERIO 30 CAPS,اوميجا 3 سيريو 30 كبسوله,2333419.0,100.0,algo_match,brand_index,,
82271,omega 3 syrup,OMEGA 3 SYRUP 100 ML NAPCO,اوميجا 3 شراب 100 مل نابكو,2447667.0,96.0,algo_match,partial_token_sort_ratio,,
82797,OMEGA 3 SYRUP (NAPCO) 100ML NEW,OMEGA 3 SYRUP 100 ML NAPCO,اوميجا 3 شراب 100 مل نابكو,2447667.0,88.0,ai_confirmed,ai_verified,0.0,
56223,OMEGA 300 MG 20 CAP,OMEGA 300 20 CAPSULES,اوميجا 300 20 كبسول,1657698.0,80.0,ai_confirmed,ai_verified,0.0,
79280,OMEGA BRAND PLUS DROPS,OMEGA BRAND PLUS ORAL DROPS 15 ML,اوميجا براند بلس قطره للفم,,80.0,ai_confirmed,ai_verified,0.0,
85004,omega folina 30 caps,OMEGA FOLINA 30 TABS,اوميجا فولينا 30 اقراص,,90.0,algo_match,token_set_ratio,,
89587,OMEGA PEX 120ML SYRUP,OMEGA PEX 120 ML SYRUP,اوميجا بكس شراب 120 مل,,100.0,algo_match,brand_index,,
78393,OMEGA RX 60-PCS,,,,,,no_match,,
87986,Omega RX 60 pieces + Omega 30 pieces offer,,,,,,no_match,,
87006,OMEGA RX JELLY CANDY 30 PCS,OMEGA RX JELLY CANDY 30 PCS.,اوميجا ار اكس جلي كاندي 30 قطعه,2493697.0,100.0,algo_match,brand_index,,
84098,OMEGA ZAD SYRUP 100ML,OMEGA ZAD 100 ML SYRUP,اوميجا زاد شراب 100 مل,1032993.0,100.0,algo_match,brand_index,,
79142,OMEGACOUGH 120ML SYRUP,OMEGACOUGH 30 MG / 5 ML SYRUP 120 ML,اوميجا كف 30 مجم / 5 مل شراب 120 مل,902316.0,100.0,algo_match,token_set_ratio,,
63261,OMEGAFIT 1000MG 14SAC,OMEGAFIT 1000 MG 14 SACHETS,اوميجا فيت 1000 مجم 14 اكياس,2144700.0,92.0,algo_match,brand_index,,
78539,OMEGAFIT 500MG 14-SACH,OMEGAFIT 500 MG 14 SACHETS,اوميجا فيت 500 مجم 14 اكياس,2449870.0,93.9,algo_match,brand_index,,
87482,OMEGAL MAN 30CAP,OMEGAL MAN 30 CAP,اوميجال مان 30 كبسول,1799599.0,100.0,algo_match,brand_index,,
90993,OMEGAL ULTRA 30CAP,OMEGAL ULTRA 30 CAPS,اوميجال الترا 30 كبسول,2318643.0,97.4,algo_match,brand_index,,
90281,omegal woman 30 capsules,OMEGAL WOMAN 30 CAPS,اوميجال ومان 30 كبسول,2267635.0,90.9,algo_match,brand_index,,
92706,OMEGALOSIT 30 CAP,OMEGALOSIT 30 CAPS,اوميجالوست 30 اقراص,2628794.0,97.1,algo_match,brand_index,,
84568,OMEGALOX-3 1000 MG 30 CAPS.,OMEGALOX 3 1000 MG 30 CAP,اوميجالوكس 1000 مجم 30 كبسول,2456161.0,98.0,algo_match,brand_index,,
84777,OMEGALOX SYRUP 200 ML,,,,,,no_match,,
80914,OMEGAPRESS 0.1MG 30TABS,OMEGAPRESS 0.1 MG 30 TABS.,اوميجابريس 0.1 مجم 30 اقراص,2145761.0,100.0,algo_match,brand_index,,
79666,OMEGAPRESS 0.2MG 30TABS,OMEGAPRESS 0.2 MG 30 TABS.,اوميجابريس 0.2 مجم 30 اقراص,1299366.0,100.0,algo_match,brand_index,,
78450,OMEGASEEF 30 S.G. CAP,OMEGASEEF 30 S.G. CAP,اوميجاسيف 30 كبسول شرايط,,100.0,algo_match,brand_index,,
6457,OMEPAK 20MG 14CAP,OMEPAK 20 MG 14 CAPS.,اوميباك 20 مجم 14 كبسول,2574874.0,97.4,algo_match,brand_index,,
75729,OMEPAK 40MG 14CAP,OMEPAK 40 MG 14 CAPS.,اوميباك 40 مجم 14 كبسول,2620463.0,97.4,algo_match,brand_index,,
88495,OMEPURE ORAL DPS 10 ML,OMEPURE ORAL DPS 10 ML,اوميبيور قطره للفم 10 مل,2177251.0,100.0,algo_match,brand_index,,
75079,OMEZ 10MG CAP,OMEZ 10 MG 14 CAPS.,اوميز 10 مجم 14 كبسول,902319.0,87.5,ai_confirmed,ai_verified,0.0,
46442,OMEZ 20 MG 14 CAPS,OMEZ 20 MG 14 CAPS.,اوميز 20 مجم 14 كبسول,1301297.0,100.0,algo_match,brand_index,,
82794,OMEZ 40MG 20CAPS 2STRIPS,OMEZ 40 MG 20 CAPS.,اوميز 40 مجم 20 كبسول,2475483.0,80.0,ai_confirmed,ai_verified,0.0,
89695,OMEZ 40MG PWD. FOR I.V. INF. VIAL,OMEZ 40 MG 1 VIAL,اوميز 40 مجم 1 امبول,2438985.0,93.8,algo_match,token_set_ratio,,
63278,omit_c spray 60ml,,,,,,no_match,,
79300,OMNEVORA 8 I.M. AMPS. 2 ML,OMNEVORA 8 I.M. AMPS. 2 ML,اومنيفورا 2 مل 8 امبول عضل,902304.0,100.0,algo_match,brand_index,,
55004,OMNIC OCAS 0.4 30 TAB,OMNIC OCAS 0.4 MG 30 PROLONGED RELEASE F.C.TAB.,اومنك اوكاس 0.4 مجم 30 اقراص,902322.0,100.0,algo_match,token_set_ratio,,
74902,OMNICEF 300 MG 10 CAP,OMNICEF 300 MG 10 CAP.,اومنيسيف 300 مجم 10 كبسول,1477489.0,100.0,algo_match,brand_index,,
91425,OMNITROPE 10MG/1.5ML S.C. CARTRIDGE,OMNITROPE 15 MG / 1.5 ML S.C. CARTRIDGE,اومنيتروب 15 مجم / 1.5 مل 1 خرطوشه,,83.8,ai_confirmed,ai_verified,0.0,
62659,ON CALL PLUS 50 STRIP 2TUBE,,,,,,no_match,,
91056,ON TARGET SPIRULINA 30 TAB,ON TARGET SPIRULINA 30 TAB,اون تارجت سبيرولينا 30 اقراص,,100.0,algo_match,brand_index,,
83574,ONCED 10 MG 30 TABS,ONCED 10 MG 30 TAB,وانسد 10 مجم 30 اقراص,2038372.0,97.3,algo_match,brand_index,,
83575,ONCED 20 MG 30 TABS,ONCED 20 MG 30 TAB,وانسد 20 مجم 30 اقراص,1741188.0,97.3,algo_match,brand_index,,
83581,onced 5mg tab,ONCED 5 MG 10 TAB,وانسد 5 مجم 10 اقراص,2161256.0,90.3,algo_match,brand_index,,
79723,ONDALENZ 4 MG 5 FILMS,ONDALENZ 4 MG 5 ORODISPERSIBLE FILMS,اوندالينز 4 مجم 5 فيلم,2475112.0,100.0,algo_match,token_set_ratio,,
78365,ONDALENZ 8MG 5-FILMS,ONDALENZ 8 MG 5 ORODISPERSIBLE FILMS,اوندالينز 8 مجم 5 افلام,2468663.0,100.0,algo_match,token_set_ratio,,
80538,ONDAMETIC 4MG 5AMPOULES,ONDAMETIC 4 MG / 2 ML 5 AMP.,اونداميتك 4 مجم / 2 مل 5 امبول امبول,2586205.0,80.8,ai_confirmed,ai_verified,0.0,
81333,ONDAMETIC 8 MG 5 AMP,ONDAMETIC 8 MG / 4 ML 5 AMP.,اونداميتك 8 مجم / 4 مل 5 امبول امبول,2126833.0,85.1,ai_confirmed,ai_verified,0.0,
73633,ONE ALPHA 0.25MCG TAB,ONE ALPHA 0.25 MCG 30 CAPS.,وان الفا 0.25 مكجم 30 كبسول,,90.0,algo_match,token_set_ratio,,
49484,ONE ALPHA 0.5 MCG TAB,ONE ALPHA 0.5 MCG 30 CAPS.,وان الفا 0.5 مكجم 30 كبسول,2539816.0,89.5,ai_confirmed,ai_verified,0.0,
73578,ONE ALPHA 1MCG 30 CAP,ONE ALPHA 1 MCG 30 CAPS.,وان الفا 1 مكجم 30 كبسول,,97.8,algo_match,brand_index,,
13737,ONE ALPHA DROPS,ONE ALPHA 2 MCG / ML ORAL DROPS 10 ML,وان الفا 2 مكجم / مل قطره للفم 10 مل,,100.0,algo_match,token_set_ratio,,
82105,ONE TOUCH SELECT شرايط,,,,,,no_match,,
88006,ONE TWO THREE EXTRA 20 F.C.TABS,1 2 3 ONE TWO THREE EXTRA 20 F.C. TAB,1 2 3 وان تو ثري اكسترا 20 اقراص,2403271.0,91.2,algo_match,token_set_ratio,,
73369,ONE TWO THREE SYP 120 ML,1 2 3 ONE TWO THREE SYRUP 120 ML,1 2 3 وان تو ثري شراب 120 مل,2471562.0,90.9,algo_match,token_set_ratio,,
73114,ONE TWO THREE TAB,1 2 3 ONE TWO THREE 20 F.C. TAB,1 2 3 وان تو ثري 20 اقراص,2437679.0,100.0,algo_match,token_set_ratio,,
81336,OPHILOCOND 0.1% 5ML EYE DPS,OPHILOCOND 0.1 % EYE DROPS 5 ML,اوفيلوكوند 0.1 % قطره للعين 5 مل,2160942.0,91.5,algo_match,brand_index,,
91017,OPHTATTROV EYE DROP,,,,,,no_match,,
90718,OPIX NERVE 20 TAB,OPIX NERVE 20 TABLETS,اوبكس نيرف 20 اقراص,2673957.0,89.5,ai_confirmed,ai_verified,0.0,
86407,OPLEX-N PLUS SUPP FOR CHILDREN,OPLEX N PLUS 10 SUPP.,اوبلكس ان بلس 10 لبوس,946662.0,91.9,algo_match,token_set_ratio,,
40067,OPLEX SYRUP 125 ML,OPLEX N SYRUP 125 ML,اوبلكس ان شراب 125 مل,902199.0,94.7,algo_match,brand_index,,
88481,OPONOV 20 TABLETS,OPONOV 20 TABLETS,اوبونوف 20 اقراص,2146446.0,100.0,algo_match,brand_index,,
79672,opranate 40/1100 mg,,,,,,no_match,,
88729,OPTA TRIBXON 30 CAP,OPTA TRIBXON 30 CAP,اوبتا تريبكسون 30 اقراص,2146627.0,100.0,algo_match,brand_index,,
88905,OPTACADO 300MG 30 CAP,OPTACADO 300 MG 30 CAPS,اوبتاكادو 300 مجم 30 كبسوله,2160499.0,97.8,algo_match,brand_index,,
86479,optaderol plus 30 caps,OPTADEROL PLUS 30 CAPS,اوبتاديرول بلس 30 كبسول,2146245.0,100.0,algo_match,brand_index,,
76558,OPTAMINESS 150 TAB,OPTAMINESS 150 TABS.,اوبتامينيس 150 اقراص,2145423.0,97.3,algo_match,brand_index,,
86704,OPTAREST 60GM MASSAGE CREAM,OPTA REST MASSAGE CREAM 60 GM,اوبتا ريست مساج كريم 60 جم,,98.2,algo_match,brand_index,,
61537,OPTEST EYE DROPS,,,,,,no_match,,
74742,OPTI LUBE JELLY 82 MG #new2017,,,,,,no_match,,
89988,optiba 10sht,OPTIBA 10 SACHETS,اوبتيبا 10 اكياس,2114069.0,86.7,ai_confirmed,ai_verified,0.0,
63305,OPTIC SALINE 5% EYE DROPS 15 ML,OPTIC SALINE 5 % EYE DROPS 15 ML,اوبتيك سالين 5 % قطره للعين 15 مل,1425568.0,95.2,algo_match,brand_index,,
46414,OPTIDEX -T EYE DROPS 5 ML,OPTIDEX T EYE DROPS 5 ML,اوبتيديكس تي قطره للعين 5 مل,2474435.0,100.0,algo_match,brand_index,,
46429,OPTIFLOX 0.3% EYE DROPS 5 ML,OPTIFLOX 0.3 % EYE DROPS 5 ML,اوبتيفلوكس 0.3 % قطره للعين 5 مل,902195.0,94.7,algo_match,brand_index,,
89471,OPTIFRESH EYE DROPS 10 ML,OPTIFRESH EYE DROPS 10 ML,اوبتي فريش قطره للعين 10 مل,2541140.0,100.0,algo_match,brand_index,,
61323,OPTIGURAD EYE DROPS 15 ML,,,,,,no_match,,
80371,OPTILUBRIC 1.6MG 30SINGLE DOSE UNITS,,,,,,no_match,,
40061,OPTIPRED 10MG/ML EYE DROPS 5 ML,OPTIPRED 10 MG / ML EYE DROPS (SUSP.) 5 ML,اوبتيبريد 10 مجم / مل قطره للعين 5 مل,902193.0,83.8,ai_confirmed,ai_verified,0.0,
61122,OPTIZOLIN 10 ML,OPTIZOLIN EYE DROPS 10 ML,اوبتيزولين قطره للعين 10 مل,906624.0,100.0,algo_match,token_set_ratio,,
88766,ORABEST MOUTH SPRAY,,,,,,no_match,,
26400,ORACURE GEL 30GM,ORACURE ORAL GEL 30 GM,اوراكيور جل للفم 30 جم,1489036.0,87.2,ai_confirmed,ai_verified,0.0,
79231,ORAMAX P SPRAY 30ML,,,,,,no_match,,
81360,ORAMAX SPRAY 30ML,,,,,,no_match,,
90414,ORAONCE DROPS,ORAONCE 100 MILLION CFU DROPS 10 ML,اوراونس 100 مليون وحده قطره بالفم 10 مل,1249957.0,100.0,algo_match,token_set_ratio,,
87446,ORATRYPSIN 30 CAPS,ORATRYPSIN 30 CAP,اوراتريبسين 30 كبسول,2209174.0,97.1,algo_match,brand_index,,
82722,ORAVIT B12 SR 1MG 30CAPS,ORAVIT B 12 1 MG S.R. 30 CAPS,اورافيت ب 12 1 مجم 30 كبسول,,94.5,algo_match,brand_index,,
46432,ORAZONE 0.1MG/ML SYRUP 120ML,ORAZONE 0.1 MG / ML SYRUP 120 ML,اورازون 0.1 مجم / مل شراب 120 مل,2382970.0,93.5,algo_match,brand_index,,
28543,ORCHA TEARS PLUS DROPS,,,,,,no_match,,
78666,ORCHABEPOST EYE DROPS,ORCHABEPOST 1.5 % EYE DPS. 10 ML,اوركابيبوست 1.5 % قطره للعين 10 مل,2435352.0,83.3,ai_confirmed,ai_verified,0.0,
18096,ORCHACIN DROPS,ORCHACIN 0.3 % EYE DROPS 5 ML,اوركاسين 0.3 % قطره للعين 5 مل,2126873.0,100.0,algo_match,token_set_ratio,,
90448,orchacortin 1% 5mg ointment,ORCHACORTIN 1 % EYE OINT. 5 GM,اوركاكورتين مرهم للعين 5 جم,1738871.0,80.0,ai_confirmed,ai_verified,0.0,
73383,ORCHADEXOLINE DROPS 5 ML,ORCHADEXOLINE EYE DROPS 5 ML,اوركاديكسولين قطره للعين 5 مل,2156395.0,92.3,algo_match,brand_index,,
65714,ORCHAPRED EYE DROPS 10 ML,ORCHAPRED 1 % EYE DROPS (SUSP.) 10 ML,اوركابريد 1 % قطره للعين 10 مل,2435351.0,80.6,ai_confirmed,ai_verified,0.0,
18032,ORCHAZID DROPS,ORCHAZID 0.025 % EYE DROPS 30 * 0.4 ML SDU,اوركازيد 0.025 % قطره للعين 30 * 0.4 مل يوني دوز,1700533.0,100.0,algo_match,token_set_ratio,,
75714,ORCHINOHIST 0.25% EYE DROPS 3 ML,ORCHINOHIST 0.25 % EYE DPS. 3 ML,اوركينوهيست قطره للعين 3 مل,2197973.0,92.1,algo_match,brand_index,,
88933,OREX-MG M WASH250 ML BANANA,,,,,,no_match,,
88366,OREX-MG M WASH250 ML WATERMELON,,,,,,no_match,,
81759,OREX EC ORAL SPRAY,OREX EC ORAL SPRAY 60 ML,اوريكس اي سي بخاخ 60 مل,2468612.0,85.7,ai_confirmed,ai_verified,0.0,
55531,OREX spray 60 ML oral moutg wash,OREX ORAL SPRAY 60 ML,اوريكس بخاخ 60 مل,2192280.0,100.0,algo_match,token_set_ratio,,
87427,OREX TOOTH PASTE GEL,,,,,,no_match,,
92693,ORGALASE 120 ML SYRUP,ORGALASE SYRUP 120 ML,اورجاليز شراب 120 مل,,100.0,algo_match,brand_index,,
48142,ORGALIGHT WHITENING CREAM 50 GM,,,,,,no_match,,
73674,ORIENT_N CREAM 50 ML,,,,,,no_match,,
82667,ORIZZONTE MASSAGE CREAM,ORIZZONTE MASSAGE CREAM 100 GM,اوريزونت كريم مساج 100 جم,,86.8,ai_confirmed,ai_verified,0.0,
85589,orlismart 120mg 30tab,ORLISMART 120 MG 30 CAP,اورليسمارت 120 مجم 30 اقراص,919497.0,82.6,ai_confirmed,ai_verified,0.0,
52075,ORLISTAT 120 MG 30 CAP,ORLISTAT 120 MG 30 CAPSULES,اورليستات 120 مجم 30 كبسول,2312532.0,89.8,ai_confirmed,ai_verified,0.0,
57038,ORLY 120MG 30 CAPS.,ORLY 120 MG 30 CAPS,اورلي 120 مجم 30 كبسول,2146460.0,100.0,algo_match,brand_index,,
86243,ORLY 60MG 30 CAPS.,ORLY 60 MG 30 CAPS.,اورلي 60 مجم 30 اقراص,2145928.0,100.0,algo_match,brand_index,,
52079,ORNIDAZ 500 MG 10 TAB,ORNIDAZ 500 MG 10 F.C.TAB.,اورنيداز 500 مجم 10 اقراص,1263018.0,91.3,algo_match,brand_index,,
81227,ORNIVODA 500 MG TABS,ORNIVODA 500 MG 10 TABS.,اورنيفودا 500 مجم 10 اقراص,,93.0,algo_match,brand_index,,
79233,ORO.GUARD spray 60ml,ORO GUARD ORAL SPRAY 60 ML,اورو جارد بخاخ للفم 60 مل,2267270.0,89.4,ai_confirmed,ai_verified,0.0,
85355,OROGAM GUARD SPRAY,,,,,,no_match,,
78502,OROVEX-H MOUTH WASH 150 ML,OROVEX H MOUTH WASH 150 ML,اوروفيكس اتش غسول للفم 150 مل,2312536.0,100.0,algo_match,brand_index,,
73131,OROVEX MOUTHWASH BANANA 250 ML,,,,,,no_match,,
66035,OROVEX MOUTHWASH CLOVE 250 ML M W,,,,,,no_match,,
73730,OROVEX MOUTHWASH DELICATE 250 ML,,,,,,no_match,,
73731,OROVEX MOUTHWASH ORANGE 250 ML,,,,,,no_match,,
75665,OROVEX MOUTHWASH PEPPERMINT 120 ML,,,,,,no_match,,
66036,OROVEX MOUTHWASH STRAWBERRY 250 ML,,,,,,no_match,,
76585,OROVEX MW GREEN APPLE 250ML,,,,,,no_match,,
78259,OROVEX SMOKERS MOUTH WASH 250 ML,OROVEX SMOKERS MOUTH WASH 250 ML,اوروفيكس سموكرز غسول للفم 250 مل,2233452.0,100.0,algo_match,brand_index,,
73365,ORS EFF 10 SACHETS,,,,,,no_match,,
83670,OSAVIDIN 100.000 I.U 2AMP,OSAVIDIN 100000 I.U / ML I.M. AMP,اوسافيدين 100000 وحده امبول,2362668.0,80.7,ai_confirmed,ai_verified,0.0,
83985,OSAVIDIN 200.000 I.U 2AMP,OSAVIDIN 200000 I.U / ML I.M. AMP,اوسافيدين 200000 وحده امبول,,84.2,ai_confirmed,ai_verified,0.0,
83669,OSAVIDIN 300.000 I.U 2AMP,OSAVIDIN 300000 I.U / ML I.M. AMP,اوسافيدين 300000 وحده امبول,,84.2,ai_confirmed,ai_verified,0.0,
78516,OSELTAMIVIR 75 MG 10 CAPS,OSELTAMIVIR 75 MG 10 CAPS.,اوسيلتافير 75 مجم 10 كبسول,,100.0,algo_match,brand_index,,
85247,OSSILOR D 400 30ML DROP,OSSILOR D 400 I.U. / 0.5 ML ORAL DROPS 30 ML,اوسيلور دي 400 وحده / 0.5 مل نقط بالفم 30 مل,,88.4,ai_confirmed,ai_verified,0.0,
10703,OSSOPAN 800MG 20 TAB,OSSOPAN 800 MG 20 F.C.TAB.,اوسوبان 800 مجم 20 اقراص,2435376.0,91.3,algo_match,brand_index,,
81557,ossum cherish b,,,,,,no_match,,
58147,OST-MAP 60 MG 20 CAP,OST MAP 60 MG 20 CAPS,اوست ماب 60 مجم 20 كبسول,902253.0,97.6,algo_match,brand_index,,
47959,OSTEFORTE CREAM 50 GM,,,,,,no_match,,
86856,OSTEO ZAD SYRUP 120 ML,,,,,,no_match,,
74016,OSTEOCARE 30 TAB,OSTEOCARE 30 TABS.,اوستيوكير 30 اقراص,1474453.0,97.0,algo_match,brand_index,,
37505,OSTEOCARE SYRUP 120 ML,,,,,,no_match,,
90416,OSTEOCOMPLEX 30 TABS,,,,,,no_match,,
91642,OSTEOLAGE 20 TABLET,OSTEOLAGE 20 TABLET,اوستيولاج 20 اقراص,,100.0,algo_match,brand_index,,
57307,OSTEONATE 70 MG 4 TAB,OSTEONATE 70 MG 4 TAB.,اوستيونات 70 مجم 4 اقراص,1164914.0,100.0,algo_match,brand_index,,
63991,OSTEORINE 50 MG 30 CAP,OSTEORINE 50 MG 30 CAPS.,اوستيورين 50 مجم 30 كبسول,2668305.0,97.8,algo_match,brand_index,,
91861,OSTEPRESS 30 TAB,OSTEPRESS 30 TAB,اوستيبريس 30 اقراص,,100.0,algo_match,brand_index,,
50049,OSTOCAL SYRUP 100 ML,OSTOCAL SYRUP 100 ML,اوستوكال شراب 100 مل,,100.0,algo_match,brand_index,,
19683,OTAL EAR DROPS,OTAL EAR DROPS 5 ML,اوتال قطره 5 مل,2468560.0,84.8,ai_confirmed,ai_verified,0.0,
90000,otfadilate 1%,,,,,,no_match,,
25271,OTOCALM DROPS,OTOCALM EAR DROPS 10 ML,اوتوكالم قطره للاذن 10 مل,,100.0,algo_match,token_set_ratio,,
4283,OTOCORT DROPS,OTOCORT EAR DROPS 10 ML,اوتوكورت قطره للاذن 10 مل,2369283.0,100.0,algo_match,token_set_ratio,,
73281,OTRIVIN ADULT DROPS 15 ML,,,,,,no_match,,
73342,OTRIVIN BABY SALINE,OTRIVIN BABY SALINE NASAL DROPS 15 ML,اوتريفين بيبي سالين قطره للانف 15 مل,902205.0,100.0,algo_match,token_set_ratio,,
73576,OTRIVIN CHILDREN DROPS,,,,,,no_match,,
89770,ova-max 120,,,,,,no_match,,
91547,OVA WOMEN 60 TAB,,,,,,no_match,,
83085,OVULA PREGNANCY TEST,OVULA PREGNANCY TEST,افيولا اختبار حمل,,100.0,algo_match,brand_index,,
79674,OVUNHIPITA 75 MCG 28 TABS.,OVUNHIPITA 75 MCG 28 TABS.,اوفيونهيبيتا 75 مكجم 28 اقراص,902265.0,100.0,algo_match,brand_index,,
91859,OVUTROZ 2.5 M 10 TABS,OVUTROZ 2.5 MG 10 TABS,اوفيوتروز 2.5 مجم 10 اقراص,,97.7,algo_match,brand_index,,
74992,OXALEPTAL 300 MG 30 TAB,OXALEPTAL 300 MG 30 F.C. TABS.,اوكساليبتال 300 مجم 30 اقراص,2532500.0,90.2,algo_match,brand_index,,
54619,OXALEPTAL 600 MG 30 TAB,OXALEPTAL 600 MG 30 F.C. TABS.,اوكساليبتال 600 مجم 30 اقراص,2389743.0,90.2,algo_match,brand_index,,
74371,OXALEPTAL SYRUP 100 ML,,,,,,no_match,,
79207,OXAZOLID 10 TABLETS,OXAZOLID 600 MG 10 F.C. TAB.,اوكسازوليد 600 مجم 10 اقراص,2500293.0,81.2,ai_confirmed,ai_verified,0.0,
67231,OXIFREE 20 TAB,OXIFREE 20 CAPS.,اوكسي فري 20 كبسول,1601543.0,83.3,ai_confirmed,ai_verified,0.0,
90237,OXILAGE 20TAB,OXILAGE 20 TABS,اوكسيلاج 20 اقراص,2610682.0,96.6,algo_match,brand_index,,
89776,oxilozyme 10 tab,OXILOZYME 10 TABS,اوكسيلوزايم 10 اقراص,2157915.0,97.0,algo_match,brand_index,,
60336,OXITROPIL 1200 MG 60 TAB,OXITROPIL 1200 MG 60 F.C. TAB,اوكسيتروبيل 1200 مجم 60 اقراص,1917030.0,92.3,algo_match,brand_index,,
91935,OXY LIVANO CARE 0.9% ISOTONIC SPRAY,,,,,,no_match,,
19174,OXYMET 0.05% ADULT NASAL DROPS 15 ML,OXYMET 0.05 % ADULT NASAL DROPS 15 ML,اوكسيمت 0.05 % قطره 15 مل كبار,1177757.0,95.9,algo_match,brand_index,,
19462,OXYMET INF DROPS,,,,,,no_match,,
17699,OXYPOL EYE OINT,OXYPOL EYE OINT. 5 GM,اوكسيبول مرهم للعين 5 جم,1813213.0,85.7,ai_confirmed,ai_verified,0.0,
79310,OXYPROGEST 150MG/ML I.M. VIAL,OXYPROGEST 150 MG / ML I.M. VIAL,اوكسيبروجيست 150 مجم / مل امبول عضل,1608688.0,93.3,algo_match,brand_index,,
85218,OZEMPIC 0.5 MG PRE-FILLED PEN,OZEMPIC 0.5 MG PRE FILLED PEN,اوزيمبيك 0.5 مجم اقلام معبئه,2567738.0,100.0,algo_match,brand_index,,
83305,OZEMPIC 1MG PRE-FILLED PEN,OZEMPIC 1 MG PRE FILLED PEN,اوزيمبيك 1 مجم اقلام معبئه,2076552.0,100.0,algo_match,brand_index,,
84874,p-iron 30 tab,,,,,,no_match,,
90033,p-iron plus 30mg 20 capS,P IRON PLUS 20 CAPS,بي ايرون بلس 20 كبسول,2586958.0,86.4,ai_confirmed,ai_verified,0.0,
83960,PACIFIAL 40 MG 21 CAPS,PACIFIAL 40 MG 21 DELA. REL. CAPS,باسيفيال 40 مجم 21 كبسول,1431790.0,83.0,ai_confirmed,ai_verified,0.0,
79962,PACREDO 20MG 30TAB,PACREDO 20 MG 30 F.C. TABS.,باكريدو 20 مجم 30 اقراص,1058432.0,88.9,ai_confirmed,ai_verified,0.0,
92396,paediment 250 ml,PAEDIMENT I.V. INFUSION 250 ML,بيديمنت محلول وريدي 250 مل,,100.0,algo_match,token_set_ratio,,
91207,PAGLIFLOZA 10MG 30TAB,PAGLIFLOZA 10 MG 30 TABS,باجليفلوزا 10 مجم 30 اقراص,,97.9,algo_match,brand_index,,
8887,PAIN RELIEFER 30 CAP,PAIN RELIEFER 30 CAPS.,بين ريليفر 30 كبسول,1268961.0,97.6,algo_match,brand_index,,
90630,PAINOMOVE TAB,PAINOMOVE 20 TAB,بينوموف 20 اقراص,1880307.0,89.7,ai_confirmed,ai_verified,0.0,
87567,PALETTE 8-16 SHEA BUTTER,,,,,,no_match,,
91717,PALMINERVE 600 MG 30 CAP,PALMINERVE 30 CAPS,بالمينيرف 30 كبسول,2569175.0,81.0,ai_confirmed,ai_verified,0.0,
90887,PALMITREAT 600 30CAP,PALMITREAT 600 MG 30 H.G. CAPS,بالميتريت 600 مجم 30 كبسول,2604331.0,84.0,ai_confirmed,ai_verified,0.0,
32927,PAN-D LOTION,PAN D TOPICAL LOTION 120 ML,بان دي لوشن موضعي 120 مل,2143779.0,100.0,algo_match,token_set_ratio,,
87267,PANADOL ACUTE HEAD COLD 20 TAB,PANADOL ACUTE HEAD COLD 20 F.C.TABS,بانادول اكيوت هيد اند كولد 20 اقراص,1395830.0,92.3,algo_match,brand_index,,
pan,PANADOL ADVANCE 48 TABS,PANADOL ADVANCE 500 MG 48 F.C.TABS.,بانادول ادفانس 500 مجم 48 اقراص,1653038.0,80.7,ai_confirmed,ai_verified,0.0,
77480,panadol cold & flu #imp,,,,,,no_match,,
78136,PANADOL COLD &FLU DAY 24-TAB,PANADOL COLD FLU DAY 24 F.C. TABS.,بانادول كولد اند فلو داي 24 اقراص,2169070.0,90.0,algo_match,token_set_ratio,,
panx,PANADOL EXTRA 24 TAB,PANADOL EXTRA 24 F.C. TAB,بانادول اكسترا 24 اقراص,2275391.0,90.9,algo_match,brand_index,,
87063,PANADOL EXTRA 48 TABS,PANADOL EXTRA 48 TAB,بانادول اكسترا 48 اقراص,2550989.0,97.6,algo_match,brand_index,,
91686,PANADOL EXTRA OPTI ZORB 24 F.C. TABS,,,,,,no_match,,
80483,PANADOL JOINT 24 TABS,PANADOL JOINT 24 ER TABLETS,بانادول جوينت 24 اقراص,,87.5,ai_confirmed,ai_verified,0.0,
79639,PANADOL MIGRAINE 30 TABS,PANADOL MIGRAINE 30 TABS.,بانادول ميجران 30 اقراص,,100.0,algo_match,brand_index,,
66179,PANADOL SINUS RELIEF 24 TAB,,,,,,no_match,,
79771,PANADOL VAPOUR RELEASE 10 SACHETS,,,,,,no_match,,
89716,PANGESTAZOL 40MG 14TAB,PANGESTAZOL 40 MG 14 TABS,بانجيستازول 40 مجم 14 اقراص,1496170.0,98.0,algo_match,brand_index,,
23039,PANTAZOL 40 MG 14TAB,PANTAZOL 40 MG 14 ENTERIC COATED TAB.,بانتازول 40 مجم 14 اقراص,902509.0,100.0,algo_match,token_set_ratio,,
57403,PANTAZOL40 MG VIAL,PANTAZOL 40 MG POWDER FOR I.V. INF. VIAL,بانتازول 40 مجم امبول وريد,,100.0,algo_match,token_set_ratio,,
48082,PANTHENOL 2% CREAM 50 GM,PANTHENOL A 3 A 50 GM CREAM,بانثينول 50 جم كريم ايه ثري ايه,,86.3,ai_confirmed,ai_verified,0.0,
91304,panthenol 5% care cream 50 gm,PANTHENOL A 3 A 50 GM CREAM,بانثينول 50 جم كريم ايه ثري ايه,,85.7,ai_confirmed,ai_verified,0.0,
75048,PANTHENOL CREAM 15GM,PANTHENOL 2 % TOPICAL CREAM 15 GM,بانثينول 2 % كريم موضعي 15 جم النيل,1429227.0,100.0,algo_match,token_set_ratio,,
40038,PANTHENOL CREAM 20GM,PANTHENOL 2 % TOPICAL CREAM 20 GM,بانثينول 2 % كريم موضعي 20 جم النيل,2370834.0,100.0,algo_match,partial_token_sort_ratio,,
84507,PANTHENOL DIMENSION 30GM CREAM,,,,,,no_match,,
85001,panthenol novex cream,,,,,,no_match,,
86785,PANTHENOL PERFECTION CREAM 50 GM,,,,,,no_match,,
65736,PANTHOVERA HAIR SHAMPOO 250 ML,PANTHOVERA HAIR SHAMPOO 250 ML,بانثوفيرا شامبو للشعر 250 مل,2295771.0,100.0,algo_match,brand_index,,
90431,PANTOGAR 60 CAP,PANTOGAR 60 CAPS,بانتوجار 60 كبسول,2468816.0,96.8,algo_match,brand_index,,
73883,PANTOGAR 90 CAP,PANTOGAR 90 CAPS,بانتوجار 90 كبسول,,96.8,algo_match,brand_index,,
9808,PANTOLOC 20MG 14TAB,PANTOLOC 20 MG 14 E.C. TAB.,بانتولوك 20 مجم 14 اقراص,2158951.0,91.3,algo_match,brand_index,,
74592,PANTOLOC 40MG 14TAB,PANTOLOC 40 MG 14 TAB.,بانتولوك 40 مجم 14 اقراص,1022778.0,100.0,algo_match,brand_index,,
89291,PANTOMEDRA 40 MG 28 E.C. TABS,PANTOMEDRA 40 MG 28 TAB,بانتوميدرا 20 مجم 28 اقراص,2630340.0,90.2,algo_match,brand_index,,
84728,PANTOMERICAN 40MG- 14TAB,PANTOMERICAN 40 MG 14 F.C. TABS,بانتوميريكان 40 مجم 14 اقراص,2141051.0,90.9,algo_match,brand_index,,
58279,PANTOMIX TOPICAL CREAM 50 GM,PANTOMIX TOPICAL CREAM 50 GM,بانتومكس كريم موضعي 50 جم,1358820.0,100.0,algo_match,brand_index,,
65983,PANTOPI 20 MG 20 TAB,,,,,,no_match,,
81410,pantopi 40 mg tab,PANTOPI 40 MG 14 ENTERIC COATED TAB.,بانتوبي 40 مجم 14 اقراص,1546440.0,100.0,algo_match,token_set_ratio,,
29182,PANTOPRAZOLE 40MG 14 TAB,PANTOPRAZOLE 40 MG 14 TABS.,بانتوبرازول 40 مجم 14 اقراص,2312615.0,98.0,algo_match,brand_index,,
89823,pantroglop 40 vial,,,,,,no_match,,
74283,PARACETAMOL-ADCO 500 MG 20 TABS,PARACETAMOL ADCO 500 MG 20 TAB.,باراسيتامول ادكو(العربيه) 500 مجم 20 اقراص,2623802.0,98.4,algo_match,brand_index,,
78593,PARACETAMOL-MUP 500MG 20 TABS.,PARACETAMOL MUP 500 MG B.P. 20 TAB.,باراسيتامول 500 مجم 20 اقراص / يونيفارم,2640528.0,92.1,algo_match,brand_index,,
76438,PARACETAMOL 20 TABS,,,,,,no_match,,
87120,PARACHUTE AMLA HAIR OIL OFFER 1+1,PARACHUTE AMLA HAIR OIL 185 ML + 85 ML OFFER,براشوت املا زيت شعر 185 مل + 85 مل عرض,,83.1,ai_confirmed,ai_verified,0.0,
89245,PARACPIMOL 1 GM/100ML VIAL FOR I.V. INF,,,,,,no_match,,
86976,PARAGESIC 500 MG 20 TABS,PARAGESIC 500 MG 20 TABS.,باراجيسك 500 مجم 20 اقراص,2584362.0,100.0,algo_match,brand_index,,
86954,PARAGESIC 500 MG 5 RECTAL SUPP,PARAGESIC 500 MG 5 SUPP.,باراجيسك 500 مجم 5 لبوس,1358794.0,86.8,ai_confirmed,ai_verified,0.0,
80251,PARAMOL 1000 MG 20 TAB,PARAMOL 1000 MG 20 TABS.,بارامول 1000 مجم 20 اقراص,1699551.0,97.8,algo_match,brand_index,,
74303,PARAMOL 500 MG 20 TAB,PARAMOL 500 MG 20 TAB.,بارامول 500 مجم 20 اقراص,2500889.0,100.0,algo_match,brand_index,,
34498,PARAMOL SUPP,PARAMOL 125 MG 5 PAEDIATRIC SUPP.,بارامول 125 مجم 5 لبوس للاطفال,,100.0,algo_match,token_set_ratio,,
74374,PARAMOL SYRUP,PARAMOL 120 MG / 5 ML SYRUP 125 ML,بارامول 120 مجم / 5 مل شراب 125 مل,902482.0,100.0,algo_match,token_set_ratio,,
68949,PARASIDOSE LICE&NITS 110 ML,,,,,,no_match,,
91055,PARKINTEAT 1MG 30TAB,PARKINTREAT 1 MG 30 TABS,باركينتريت 1 مجم 30 اقراص,1811654.0,95.7,algo_match,brand_index,,
46458,PAROFEN TAB,PAROFEN 30 OBLONG TAB,باروفين 30 اقراص,1226830.0,100.0,algo_match,token_set_ratio,,
83546,PAROXEDEP CR 12.5MG 30TABS,PAROXEDEP CR 12.5 MG 30 F.C.TAB,باروكسيديب سي ار 12.5 مجم 30 اقراص,1153441.0,91.5,algo_match,brand_index,,
81442,PAROXEDEP CR 25 MG 30 TAB,PAROXEDEP CR 25 MG 30 F.C.TAB,باروكسيديب سي ار 25 مجم 30 اقراص,2157466.0,92.6,algo_match,brand_index,,
86974,PAROXEDEP CR 37.5 MG 30 F.C.TABS,PAROXEDEP CR 37.5 MG 30 ENTERIC F.C.TABS.,باروكسيديب سي ار 37.5 مجم 30 اقراص,902490.0,88.9,ai_confirmed,ai_verified,0.0,
81120,PAROXETINE 12.5 MG,PAROXETINE CR 12.5 MG 30 F.C.TABS.,باروكسيتين سي ار 12.5 مجم 30 اقراص,2146857.0,100.0,algo_match,token_set_ratio,,
65978,PAROXETINE 20 MG 30 TAB,PAROXETINE 20 MG 30 F.C.TABS.,باروكسيتين 20 مجم 30 اقراص,,90.2,algo_match,brand_index,,
79669,PAROXETINE CR 25 MG 30 F.C. TABS.,PAROXETINE CR 25 MG 30 F.C.TABS.,باروكستين 30 ق 25 سي ار 3 شريط,2685154.0,100.0,algo_match,brand_index,,
47894,PASMOLAX CREAM,,,,,,no_match,,
79339,PASMOLAX CREAM 60 GM,,,,,,no_match,,
88216,PASSION BABY BODY LOTION 200 ML,PASSION BABY BODY LOTION 200 ML,باشون بيبي لوسيون للجسم 200 مل,,100.0,algo_match,brand_index,,
88218,PASSION BABY COLOGNE 100 ML,PASSION BABY COLOGNE 100 ML,باشون بيبي كولونيا للجسم 100 مل,,100.0,algo_match,brand_index,,
88217,PASSION BABY HAIR OIL 100 ML,PASSION BABY HAIR OIL 100 ML,باشون بيبي زيت للشعر 100 مل,2184048.0,100.0,algo_match,brand_index,,
88215,PASSION BABY SHAMPOO & SHOWER 275 ML,PASSION BABY SHAMPOO SHOWER 275 ML,باشون بيبي شامبو و شاور جل للاطفال 275 مل,,97.1,algo_match,brand_index,,
83548,PASTOSAGE 50GM MASSAGE GEL,PASTOSAGE MASSAGE GEL 50 GM,باستوساج مساج جل 50 جم,2192472.0,100.0,algo_match,brand_index,,
87083,pastosage massage spray,PASTOSAGE MASSAGE SPRAY 120 ML,باستوساج مساج بخاخ 120 مل,,86.8,ai_confirmed,ai_verified,0.0,
89483,patadoline eye drops,PATADOLINE 0.1 % EYE DROPS 5 ML,باتادولين 0.1 % قطره للعين 5 مل,2434344.0,100.0,algo_match,token_set_ratio,,
46856,PATANOL DROPS,PATANOL 0.1 % EYE DROPS 5 ML,باتانول 0.1 % قطره للعين 5 مل,,100.0,algo_match,token_set_ratio,,
77097,PATANOL EYE DROPS,PATANOL 0.1 % EYE DROPS 5 ML,باتانول 0.1 % قطره للعين 5 مل,,100.0,algo_match,token_set_ratio,,
83987,PATO CREAM 30GM,PATO CREAM 30 GM,باتو كريم 30 جم,,100.0,algo_match,brand_index,,
83997,patrimac 20 28 tab,PATRIMAC 20 MG 28 E.C.TABS,باتريماك 20 مجم 28 قرص,,81.8,ai_confirmed,ai_verified,0.0,
86090,PAXOTRYPS 20 CAPS,PAXOTRYPS 20 CAPS,باكسوتريبس 20 اقراص,2146800.0,100.0,algo_match,brand_index,,
90470,PEA 300MG 20CAP,PEA 300 MG 20 CAPS,بيا بي اي ايه 300 مجم 20 اقراص,2576133.0,97.1,algo_match,brand_index,,
91714,PEA 400 MG 20 H.G. CAPS,PEA 400 MG 20 CAPS,بيا بي اي ايه 400 مجم 20 اقراص,2576134.0,90.0,algo_match,brand_index,,
90162,PEA 400MG,PEA 400 MG 20 CAPS,بيا بي اي ايه 400 مجم 20 اقراص,2576134.0,100.0,algo_match,token_set_ratio,,
90326,PEA 600MG 20 tab,,,,,,no_match,,
91954,pea flex forte 30 cap,,,,,,no_match,,
73283,PECTIPRO SYRUP 100 ML,,,,,,no_match,,
47262,PECTOL bluo+vit c,,,,,,no_match,,
83381,PECTOL HONEY+LEMON 24 STRIPS,,,,,,no_match,,
87476,PECTOL MINT 24 STRIPS,,,,,,no_match,,
83382,PECTOL ORANGE NEW,,,,,,no_match,,
88232,PEDIA-START 2 350 GM MILK,PEDIASTART 1 MILK 350 GM,بيدياستارت 1 لبن 350 جم,2489528.0,93.9,algo_match,brand_index,,
84322,PEDIAGROW 3 MILK 400GM,PEDIAGROW 3 MILK 400 GM,بيدياجرو 3 لبن 400 جم,2190213.0,100.0,algo_match,brand_index,,
80111,Pedialyte Apple Flavour oral solution,,,,,,no_match,,
82431,PEDIAMIL 1 MILK 400GM,PEDIAMIL 1 MILK 400 GM,بدياميل 1 لبن 400 جم,1876798.0,100.0,algo_match,brand_index,,
82432,PEDIAMIL 2 MILK 400GM,PEDIAMIL 2 MILK 400 GM,بدياميل 2 لبن 400 جم,2638613.0,100.0,algo_match,brand_index,,
82120,PEDIAMIL AC MILK 400GM,PEDIAMIL AC MILK 400 GM,بدياميل ايه سي لبن 400 جم,2332350.0,100.0,algo_match,brand_index,,
82119,PEDIAMIL AR MILK 400GM,PEDIAMIL AR MILK 400 GM,بدياميل ايه ار لبن 400 جم,,100.0,algo_match,brand_index,,
82121,PEDIAMIL HA MILK 400GM,PEDIAMIL HA MILK 400 GM,بيدياميل اتش ايه لبن 400 حم,,100.0,algo_match,brand_index,,
82118,PEDIAMIL LF MILK 400GM,PEDIAMIL LF MILK 400 GM,بيدياميل ال اف لبن 400 جم,2161181.0,100.0,algo_match,brand_index,,
55714,PEDIASURE CHOCOLATE MILK,,,,,,no_match,,
46695,PEDIASURE VANILLA MILK,,,,,,no_match,,
77108,PEDICORT FORTE SYRUP,PEDICORT FORTE 15 MG / 5 ML SYP. 100 ML,بيديكورت فورت 15 مجم / 5 مل شراب 100 مل,1331064.0,82.4,ai_confirmed,ai_verified,0.0,
73589,PEDICORT SYRUP 100ML,PEDICORT 5 MG / 5 ML SYP. 100 ML,بديكورت 100 مل شراب,2683239.0,86.5,ai_confirmed,ai_verified,0.0,
90264,PEDRO MOUTH SPRAY 60 ML,PEDRO MOUTH SPRAY 60 ML,بيدرو بخاخ للفم 60 مل,2268821.0,100.0,algo_match,brand_index,,
92455,PENCILONG 1200000 i.u vial,PENCILONG I.M. 1200000 I.U. 1 VIAL,بنسيلونج 1200000 وحده 1 امبول,2192637.0,89.7,ai_confirmed,ai_verified,0.0,
73151,PENCITARD 1200000 i.u vial,PENCITARD 1200000 I.U. / VIAL,بينسيتارد 1200000 وحده / امبول,2653513.0,96.3,algo_match,brand_index,,
88173,PENDULIN CURLY KIDS 250 ML SPRAY,,,,,,no_match,,
85705,PENDULINE DIAPER RUSH CREAM 75,,,,,,no_match,,
83603,penduline lightening cream,,,,,,no_match,,
64060,PENTA COLD SYRUP 120 ML,,,,,,no_match,,
81214,PENTABURN OINT,PENTABURN 0.25 % TOP. OINT. 15 GM,بينتابيرن 0.25 % مرهم موضعي 15 جم,2149118.0,100.0,algo_match,token_set_ratio,,
62061,PENTAFLU SYRUP 100 ML,PENTAFLU SYRUP 100 ML,بينتافلو شراب 100 مل,2369256.0,100.0,algo_match,brand_index,,
33355,PENTAL SR 400 MG 20 TABS,PENTAL 400 MG 20 S.R.TAB.,بينتال 400 مجم 20 اقراص,,91.7,algo_match,brand_index,,
73882,PENTAMIX 120 ML SYRUP,PENTAMIX SYRUP 120 ML,بانتوماكس لوسيون جديد,2685017.0,100.0,algo_match,brand_index,,
21075,PENTASA 500MG 100TAB,PENTASA 500 MG 100 SLOW RELEASE TABS,بينتازا 500 مجم 100 اقراص علبه,,90.0,algo_match,token_set_ratio,,
90533,PENTASA XTEND 60 SACHETS,PENTASA XTEND 2 GM 60 SACHETS,بينتازا اكستيند 2 جم 60 اكياس,,90.6,algo_match,brand_index,,
73712,PEOPO-OTIC EAR DROPS 15 ML,PEOPO OTIC EAR DROPS 15 ML,بيبو اوتيك قطره للاذن 15 مل,,100.0,algo_match,brand_index,,
79289,PEOPODAK 2% VAGINAL CREAM 40 GM,PEOPODAK 2 % VAGINAL CREAM 40 GM,بيوبوداك 2 % كريم مهبلي 40 جم,2127157.0,95.2,algo_match,brand_index,,
62118,PEOPOSPAN COUGH SYRUP 100 ML,,,,,,no_match,,
11959,PEPON 30 CAP,PEPON 30 CAPS.,بيبون 30 كبسول,2469018.0,96.0,algo_match,brand_index,,
73707,PEPON PLUS 20 CAP,PEPON PLUS 20 CAPS.,بيبون بلس 20 كبسول,2315015.0,97.1,algo_match,brand_index,,
73567,PEPTIC CARE 500/500/20 14 TAB,,,,,,no_match,,
74046,PEPZOL 20 MG 14 CAP,PEPZOL 20 MG 14 CAP.,بيبزول 20 مجم 14 كبسول,902765.0,100.0,algo_match,brand_index,,
73450,PEPZOL 40MG 14CAP,PEPZOL 40 MG 14 CAPS.,بيبزول 40 مجم 14 كبسول,902764.0,97.4,algo_match,brand_index,,
73943,PEPZOL 40MG 7CAP,PEPZOL 40 MG 7 CAPS.,بيبزول 40 مجم 7 كبسول,2532140.0,97.3,algo_match,brand_index,,
42654,PERDERM CREAM,PERDERM 0.05 % CREAM 10 GM,بيرديرم 0.05 % كريم 10 جم,,100.0,algo_match,token_set_ratio,,
21879,PERDERM OINT,PERDERM 0.05 % OINT. 10 GM,بيرديرم 0.05 % مرهم 10 جم,,100.0,algo_match,token_set_ratio,,
88065,PERDOFENEX 267 MG 30 CAPS.,PERDOFENEX 267 MG 30 CAPS.,بيردوفينيكس 267 مجم 30 كبسول,2146999.0,100.0,algo_match,brand_index,,
81993,perfect care 2*120,PERFECT CARE SOLUTION 120 ML,بيرفكت كير محلول 120 مل,1653290.0,80.0,ai_confirmed,ai_verified,0.0,
22799,PERFECT CARE SOLUTION 120 ML,PERFECT CARE SOLUTION 120 ML,بيرفكت كير محلول 120 مل,1653290.0,100.0,algo_match,brand_index,,
KY,PERFECT GEL K-Y 85GM,,,,,,no_match,,
80946,PERFECTIL 30TABS,,,,,,no_match,,
91936,PERFECTIL HAIR EXTRA SUPPORT 60 TABS,,,,,,no_match,,
74950,PERFECTIL PLATINUM COLLAGEN HAIR 10 DRINKS,,,,,,no_match,,
87127,PERFECTION PANTHENOL CREAM 50 GM,PERFECTION PANTHENOL CREAM 50 GM,برفكشن بانثينول كريم 50 جم,2192499.0,100.0,algo_match,brand_index,,
58203,PERFECTODIL 5 % TOPICAL SOLUTION 60 ML,PERFECTODIL 5 % TOP.SOLUTION 60 ML,بيرفيكتوديل 5 % محلول موضعي 60 مل,2369267.0,94.4,algo_match,brand_index,,
26527,PERFORMA 5% SOLUTION 60 ML,,,,,,no_match,,
79679,PERLOC 40 MG 14 TABS,PERLOC 40 MG 14 F.C.TAB.,بيرلوك 40 مجم 14 اقراص,902817.0,88.4,ai_confirmed,ai_verified,0.0,
75726,PERLOC 40MG. VIAL,PERLOC 40 MG POWDER FOR I.V. INF. VIAL,بيرلوك 40 مجم امبول,,100.0,algo_match,token_set_ratio,,
83596,PETRO 30 TAB,PETRO 30 TAB.,بيترو 30 اقراص,,100.0,algo_match,brand_index,,
81891,PETTIX CREAM,PETTIX CREAM 50 GM,بيتكس كريم 50 جم,947828.0,80.0,ai_confirmed,ai_verified,0.0,
86099,PEX BRONCH SYRUP HONEY FLAVOR 120 ML,,,,,,no_match,,
87703,PHARA FERO 27 - 20 CAPS,PHARA FERO 27 20 CAPS.,فرافيرو 20 اقراص جديد,2315055.0,100.0,algo_match,brand_index,,
88074,PHARA FERO 27 30 CAPSULES,PHARA FERO 27 30 CAPS,فرافيرو 27 عادي 30 كبسول,1619689.0,91.3,algo_match,brand_index,,
85689,PHARMA-FLAM 100 MG 20 TABS,PHARMA FLAM 100 MG 20 TAB,فارما فيلدامين 50 / 1000 مجم 30 اقراص,2671612.0,98.0,algo_match,brand_index,,
76419,pharma tears eye drops,PHARMATEARS 0.5 % EYE DROPS 15 ML,فارماتيرز 0.5 % قطره للعين 15 مل,2252327.0,86.4,ai_confirmed,ai_verified,0.0,
PHA,PHAROFEN 75MG 4AMP,PHAROFEN 75 MG 4 AMP.,فاروفين 75 مجم 4 امبول,2160213.0,100.0,algo_match,brand_index,,
89445,PHAROTITA 120 ML SYRUP,PHAROTITA SYRUP 120 ML,توتا كال 30 اقراص قديم,2673282.0,100.0,algo_match,brand_index,,
91718,PHARSRT 300 MG 2 VAGINAL OVULES,,,,,,no_match,,
73157,PHENADONE SYRUP 100 ML,PHENADONE SYRUP 100 ML,فينادون شراب 100 مل,1261259.0,100.0,algo_match,brand_index,,
29928,PHENYTIN 100 MG 50 CAP,PHENYTIN 100 MG 50 CAPS.,فينيتين 100 مجم 50 كبسول,,97.8,algo_match,brand_index,,
22033,PHENYTIN 50MG 50 CAP,PHENYTIN 50 MG 50 CAPS.,فينيتين 50 مجم 50 كبسول,,97.7,algo_match,brand_index,,
78462,PHILOZAC 20MG 30-CAP,PHILOZAC 20 MG 30 CAPS.,فيلوزاك 20 مجم كبسول,2684769.0,97.7,algo_match,brand_index,,
91732,PHLEPOVEINALGEL 40 GM,PHLEPOVEINAL GEL 40 GM,فليبوفينال جل 40 جم,2604576.0,83.7,ai_confirmed,ai_verified,0.0,
75413,PHYSIOMER BABY NASAL ASPIRATOR,PHYSIOMER BABY NASAL ASPIRATOR + 5 PROTECTIVE FILTER,فزيومير بيبي شفاط للانف + 5 فلتر تصفيه,,100.0,algo_match,token_set_ratio,,
18408,PHYSIOMER BABY NASAL SPRAY 115ML,PHYSIOMER BABY MIST NASAL SPRAY 115 ML,فزيومير بيبي ميست بخاخ للانف 115 مل,1535471.0,93.0,algo_match,brand_index,,
75679,PHYSIOMER BABY UNIDOSES 30 DOSES 5 ML,,,,,,no_match,,
57178,PHYSIOMER HYPERTONIC 135 ML,PHYSIOMER HYPERTONIC NASAL SPRAY 135 ML,فزيومير هايبرتونك بخاخ للانف 135 مل,2105874.0,81.8,ai_confirmed,ai_verified,0.0,
18369,PHYSIOMER NORMAL SPRAY 135 ML,PHYSIOMER NORMAL JET NASAL SPRAY 135 ML,فزيومير نورمال جت بخاخ 135 مل,1663413.0,85.3,ai_confirmed,ai_verified,0.0,
75651,PHYSIOMER STRONG SPRAY,PHYSIOMER STRONG JET NASAL SPRAY 210 ML,فزيومير سترونج جت بخاخ 210 مل,1845820.0,100.0,algo_match,token_set_ratio,,
61446,PHYTO K 10 MG 50 TAB,PHYTO K 10 MG 50 F.C.TAB.,فايتو ك 10 مجم 50 اقراص,,90.9,algo_match,brand_index,,
26621,PIASCLEDINE 300 MG 15 CAP,PIASCLEDINE 300 MG 15 CAPS.,بيسكاليدين 300 مجم 15 كبسول,1534373.0,98.0,algo_match,brand_index,,
73596,PICOLAX DROPS 15 ML,PICOLAX 0.75 % ORAL DROPS 15 ML,بيكولاكس 0.75 % قطرات للفم 15 مل,902845.0,100.0,algo_match,token_set_ratio,,
64078,PIMFAST 1 GM VIAL,PIMFAST 1 GM VIAL I.V / I.M INJ.,بيمفاست 1 جم امبول,2466228.0,100.0,algo_match,token_set_ratio,,
79678,piompride 30/4 30tablets,PIOMPRIDE 4 / 30 MG 30 TABS.,بيومبريد 4 / 30 مجم 30 اقراص,2574978.0,80.8,ai_confirmed,ai_verified,0.0,
91640,PIRLOME 30 H.G. CAPS,PIRLOME 30 CAP,بيرلوم 30 كبسول,2521533.0,84.8,ai_confirmed,ai_verified,0.0,
81320,PIXCOLT 2.5 MG 30TAB,PIXCOLT 2.5 MG 30 F.C. TABS.,بيكسكولت 2.5 مجم 30 اقراص,,89.4,ai_confirmed,ai_verified,0.0,
88808,PIXIVANCE OPHTHALMIC SUSPENSION 6MG/5ML,,,,,,no_match,,
46705,PK MERZ 30TAB,PK MERZ 100 MG 30 F.C.TAB,ب ك ميرز 100 مجم 30 اقراص,1680187.0,100.0,algo_match,token_set_ratio,,
14638,PLAQUENIL 200MG 60TAB,PLAQUENIL 200 MG 60 F.C.TABS.,بلاكونيل 200 مجم 60 اقراص,1226022.0,90.2,algo_match,brand_index,,
58014,PLAVICARD 75 MG 30 TAB,PLAVICARD 75 MG 30 F.C. TAB.,بلافيكارد 75 مجم 30 اقراص,2433561.0,91.7,algo_match,brand_index,,
57665,PLAVICTONAL 20 TAB,PLAVICTONAL 75 MG 20 F.C. TAB.,بلافيكتونال 75 مجم 20 اقراص,902676.0,100.0,algo_match,token_set_ratio,,
16854,PLAVIX 75 MG 28 TAB,PLAVIX 75 MG 28 F.C.TABS,بلافيكس 75 مجم 28 اقراص,2145813.0,88.4,ai_confirmed,ai_verified,0.0,
59865,PLEGICA 10 ML EYE DROPS,PLEGICA 1 % EYE DROPS 10 ML,بليجيكا 1 % قطره للعين 10 مل,906642.0,92.0,algo_match,brand_index,,
47719,PLENDIL 10 MG 30 TAB,PLENDIL 10 MG 30 PROLONGED RELEASE F.C. TAB.,بلينديل 10 مجم 30 اقراص,1546613.0,100.0,algo_match,token_set_ratio,,
47722,PLENDIL 2.5MG TAB,PLENDIL 2.5 MG 30 PROLONGED RELEASE F.C. TAB.,بلينديل 2.5 مجم 30 اقراص,,100.0,algo_match,token_set_ratio,,
29116,PLENDIL 5 MG 30 TAB,PLENDIL 5 MG 30 PROLONGED RELEASE F.C. TAB.,بلينديل 5 مجم 30 اقراص,2562619.0,100.0,algo_match,token_set_ratio,,
26603,PLETAAL 100 MG TAB,PLETAAL 100 MG 20 TAB.,بليتال 100 مجم 20 اقراص,1756539.0,92.3,algo_match,brand_index,,
28686,PLETAAL 50 MG 20 TAB,PLETAAL 50 MG 20 TAB.,بليتال 50 مجم 20 اقراص,902700.0,100.0,algo_match,brand_index,,
87218,pogabone 30 tab,POGABONE 30 TAB,بوجابون 30 اقراص,,100.0,algo_match,brand_index,,
77239,POLYDERM TOP. CREAM 20 GM,POLYDERM TOP. CREAM 20 GM,بوليديرم كريم 20 جم,,100.0,algo_match,brand_index,,
79224,POLYFRESH 0.2% EYE DROPS 20 X 0.4 ML SDU,POLYFRESH 0.2 % EYE DROPS 30 X 0.4 ML SDU,بولي فريش 0.2 % قطره للعين 30 0.4 مل يوني دوز,2561612.0,93.8,algo_match,brand_index,,
81771,POLYFRESH ADVANCED EYE DROPS 10ML,POLYFRESH ADVANCED EYE DROPS 10 ML,بولي فريش ادفانسيد قطره للعين 10 مل,2145697.0,100.0,algo_match,brand_index,,
78158,POLYFRESH EXTRA EYE DROPS 30 X 0.4 ML SDU,POLYFRESH EXTRA EYE DROPS 30 X 0.4 ML SDU,بولي فريش اكسترا قطره للعين 30 0.4 مل يوني دوز,1658015.0,100.0,algo_match,brand_index,,
57711,POLYFRESH EYE DROPS 10 ML,POLYFRESH 2 % EYE DROPS 10 ML,بولي فريش 2 % قطره للعين 10 مل,2144451.0,92.6,algo_match,brand_index,,
87966,POLYMART 50 MG GEL,POLYMART TOPICAL GEL 50 GM,بولي مارت جل 50 جم,2435690.0,90.9,algo_match,token_set_ratio,,
90404,POLYMART COOL GEL 50GM,POLYMART COOL GEL 50 GM,بولي مارت كول جل 50 جم,2471660.0,100.0,algo_match,brand_index,,
87007,POLYMART TOPICAL GEL 50 GM,POLYMART TOPICAL GEL 50 GM,بولي مارت جل 50 جم,2435690.0,100.0,algo_match,brand_index,,
79269,POLYMER ADULT HYPERTONIC SPRAY,POLYMER ADULT HYPERTONIC 3 % NASAL SPRAY 100 ML,بوليمير كبار 3 % هيبر تونيك,2683032.0,100.0,algo_match,token_set_ratio,,
79268,POLYMER BABY 0.9% SPRAY,,,,,,no_match,,
77583,POLYMER KIDS HYPER TONIC 2.3%,,,,,,no_match,,
83749,POM SHOWER GEL 250ML,POM SHOWER GEL 250 ML,بوم شاور جل 250 مل,2187799.0,100.0,algo_match,brand_index,,
81887,PONGEEL MOUTH SPRAY 60ML,,,,,,no_match,,
85738,ponoforte 500,,,,,,no_match,,
91212,PORSCHE 10 TABLET,,,,,,no_match,,
90512,POSHURIC 2.4/2.5 280G,,,,,,no_match,,
27544,POTAFEN 50MG 20TAB,POTAFEN 50 MG 20 F.C. TAB.,بوتافين 50 مجم 20 اقراص,,90.9,algo_match,brand_index,,
91087,POTARINO محلول,,,,,,no_match,,
80237,potaspirono 25mg 20tablets,POTASPIRONO 25 MG 20 TAB.,بوتاسبيرونو 25 مجم 20 اقراص,2361070.0,92.3,algo_match,brand_index,,
21252,POTASSIUM-M SYRUP 120 ML,POTASSIUM M 3.3 GM / 100 ML SYRUP 120 ML,بوتاسيوم ام 3.3 جم / 100 مل شراب 120 مل,2530893.0,100.0,algo_match,token_set_ratio,,
POT,POTASSIUM PERMENGANATE,,,,,,no_match,,
75353,POWER B COMPLEX SOLUTION IV OR IM 6 AMP,POWER B COMPLEX I.M. / I.V. 6 AMP.,باور بي كومبلكس 6 امبول,1380464.0,84.0,ai_confirmed,ai_verified,0.0,
48235,POWER CAPS 20 CAP,,,,,,no_match,,
73294,POWER COLD&FLU 20 TAB,,,,,,no_match,,
59893,POWERECTA 20 MG 4TAB,POWERECTA 20 MG 4 F.C. TABS,باوريكتا 20 مجم 4 اقراص,2312632.0,89.4,ai_confirmed,ai_verified,0.0,
76744,powerecta ODT 6tab,,,,,,no_match,,
75530,PRAVOTIN 100 MG 14 SACHETS,PRAVOTIN 100 MG 14 SACHETS,برافوتين 100 مجم 14 اكياس,1159782.0,100.0,algo_match,brand_index,,
75554,PRAVOTIN 100 MG 30 SACHETS,PRAVOTIN 100 MG 30 SACHETS,برافوتين 100 مجم 30 اكياس,2601478.0,100.0,algo_match,brand_index,,
89401,PRAVOTIN PLUS 30 CAPS,PRAVOTIN PLUS 30 CAPS,برافوتين بلس 30 كبسول,2219673.0,100.0,algo_match,brand_index,,
65985,PRAXILENE 200 MG 30 TAB,PRAXILENE 200 MG 30 F.C. TAB.,براكسيلان 200 مجم 30 اقراص,2631353.0,92.0,algo_match,brand_index,,
87426,PRAXOBON 30 CHEWABLE TAB,,,,,,no_match,,
83872,pre nactalia 400 mg,,,,,,no_match,,
89715,PRECOLM CREAM 50MG,PRECOLM CREAM 50 GM,بريكولم كريم 50 جم,,94.7,algo_match,brand_index,,
79682,predapox 30mg 6tablets,PREDAPOX 30 MG 6 F.C. TABS.,بريدابوكس 30 مجم,2682934.0,85.7,ai_confirmed,ai_verified,0.0,
88920,PREDAPOX 60 MG 6 F.C. TABS,PREDAPOX 60 MG 6 F.C. TABS,بريدابوكس 60 مجم 6 اقراص,1687596.0,100.0,algo_match,brand_index,,
86698,PREDNISOLINE EVA PHARM 5 MG 30 TABS,,,,,,no_match,,
79673,prednisolone 20 tablets,PREDNISOLONE 5 MG 20 TABS,بريدنيزولون 5 مجم 20 اقراص العربيه,2145733.0,83.3,ai_confirmed,ai_verified,0.0,
22369,PREDNISOLONE 5 MG 20TAB,PREDNISOLONE 5 MG 20 TABS,بريدنيزولون 5 مجم 20 اقراص العربيه,2145733.0,98.0,algo_match,brand_index,,
90949,PREDNISOLONE EVAPHARMA 20NG,PREDNISOLONE EVA PHARMA 5 MG 30 TABS,بريدنيزولون 5 مجم 30 اقراص ايفا,2562504.0,82.1,ai_confirmed,ai_verified,0.0,
89589,PREDSOL 5MG/5ML SYRUP 125ML,PREDSOL 5 MG / 5 ML SYRUP 125 ML,بريدسول 5 مجم 5 مل شراب 125 مل,2644331.0,90.3,algo_match,brand_index,,
28542,PREDSOL FORTE SYRUP,PREDSOL FORTE 15 MG / 5 ML SYRUP 60 ML,بريدسول فورت 15 مجم / 5 مل شراب 60 مل,2543090.0,100.0,algo_match,token_set_ratio,,
88746,PREGNACARE BREAST-FEEDING 84 TABS/CAPS,PREGNACARE BREAST FEEDING 84 TAB,بريجناكير للرضاعه 84 اقراص,2268123.0,91.4,algo_match,brand_index,,
83163,PREGNACARE BREAST FEEDING 60 TAB,,,,,,no_match,,
83309,pregnacare conception IMP,,,,,,no_match,,
77985,PREGNACARE ORIGINAL 30-TAB,,,,,,no_match,,
87708,PREGNAMAR PLUS 60 CAP,,,,,,no_match,,
92530,PREGNASTEP 3 BREASTFEEDING 30 H.G. CAPS,PREGNASTEP 3 30 TABS,بريجناستيب 3 30 اقراص,2668742.0,85.7,ai_confirmed,ai_verified,0.0,
84563,PREGNAVIX 30 TABS,PREGNAVIX 30 F.C.TABS,بريجنافكس 30 اقراص,1867807.0,89.5,ai_confirmed,ai_verified,0.0,
85108,PREGNAWELL 30 CAPS.,PREGNAWELL 30 CAPS.,بريجناويل 30 كبسول,2626538.0,100.0,algo_match,brand_index,,
88331,PREGTILITY 60 CAPS.,PREGTILITY 60 CAPS,بريجتيلتي 60 كبسول,2623535.0,100.0,algo_match,brand_index,,
91354,PREMAPRESS 30 TABLETS,PREMAPRESS 30 TAB,بريمابريس 30 اقراص,,89.5,ai_confirmed,ai_verified,0.0,
84840,PREPAWEST POWDER 4 POUCHES,,,,,,no_match,,
90765,PRESSROL GEL 50 MG,PRESSROL MASSAGE GEL 50 MG,بريسرول مساج جل 50 جم,2126629.0,81.8,ai_confirmed,ai_verified,0.0,
87233,PRETOPRAZAN 20MG 14 TAB,PRETOPRAZAN 20 MG 14 TABS,بريتوبرازان 20 مجم 14 اقراص,2435577.0,98.0,algo_match,brand_index,,
87546,PRETTIER ANTI-DANDRUFF SHAMPOO 120 ML,PRETTIER ANTI DANDRUFF SHAMPOO 120 ML,بريتير شامبو ضد القشره 120 مل,2492780.0,100.0,algo_match,brand_index,,
78914,PRETTIER FACIAL WASH 200ML,PRETTIER FACIAL WASH GEL 200 ML,بريتير غسول للوجه جل 200 مل,2521567.0,93.1,algo_match,brand_index,,
81130,prettier sun screen cream 50* spf,PRETTIER SUN SCREEN SPF 50 + CREAM 60 GM,بريتير صن سكرين 50 + كريم 60 جم,2145706.0,87.7,ai_confirmed,ai_verified,0.0,
87032,PREVAGLIP 5 MG 30 TABS,PREVAGLIP 5 MG 30 TABS.,بريفاجليب 5 مجم 30 اقراص,2684286.0,100.0,algo_match,brand_index,,
73115,prevenar (13) 1 single dose,,,,,,no_match,,
23369,PRIANIL CR TAB,PRIANIL C.R. 400 MG 30 CONTROLLED REL. TAB.,بريانيل سي ار 400 مجم 30 اقراص,2473860.0,88.0,ai_confirmed,ai_verified,0.0,
73474,PRIDOCAINE CREAM 15 GM,PRIDOCAINE TOPICAL CREAM 15 GM,بريدوكايين كريم 15 جم,1534237.0,84.6,ai_confirmed,ai_verified,0.0,
83582,PRIDOCAINE CREAM 30 GM,PRIDOCAINE TOPICAL CREAM 30 GM,بريدوكايين كريم 30 جم,902646.0,84.6,ai_confirmed,ai_verified,0.0,
81077,PRIMA-GROWTH CHOCOLATE POW 8 SACHETS,,,,,,no_match,,
82647,PRIMA GROWTH POWDER CHOCLATE FLAVOR,PRIMA GROWTH POWDER FOR CHILDREN 8 SACHETS CHOCOLATE,بريما جروث بودر للاطفال 8 اكياس شوكولاته,902657.0,91.4,algo_match,partial_token_sort_ratio,,
59689,PRIMAVITA 1 450 G,,,,,,no_match,,
46857,PRIMO PLUS LOTION 120 ML,PRIMO PLUS TOPICAL LOTION 120 ML,بريمو بلس لوشن 120 مل,1358960.0,85.7,ai_confirmed,ai_verified,0.0,
90581,PRIMOXIZAR 400MG,PRIMOXIZAR 400 MG 10 F.C. TAB,بريموكسيزار 400 مجم 10 اقراص,2476101.0,100.0,algo_match,token_set_ratio,,
74088,PRIMPERAN 10 TAB,PRIMPERAN 10 MG 10 SCORED TAB.,بريمبيران 10 مجم 10 اقراص,,100.0,algo_match,token_set_ratio,,
75335,PRIMPERAN 12 AMP,PRIMPERAN 10 MG / 2 ML 12 AMP.,بريمبيران 10 مجم / 2 مل 12 امبول,,100.0,algo_match,token_set_ratio,,
88659,PRIMROSE-E 30 CAPSULES,PRIMROSE E 30 CAPS,برايمروز اي 30 كبسول,2292155.0,90.0,algo_match,brand_index,,
74079,PRIMROSE PLUS 30 CAP,PRIMROSE PLUS 30 CAPSULES,برايمروز بلس 30 كبسول,2169935.0,88.9,ai_confirmed,ai_verified,0.0,
81385,PRINORELAX 15 MG 30 EXT. R.CAPS,PRINORELAX 15 MG 30 EXT. R.CAPS.,برينوريلاكس 15 مجم 30 كبسول,,100.0,algo_match,brand_index,,
88931,PRINORELAX 30MG 20CAP,PRINORELAX 30 MG 20 CAPS,برينوريلاكس 30 مجم 20 كبسول,,97.9,algo_match,brand_index,,
91426,PRINU 15 SACHETS,,,,,,no_match,,
87931,prinulyte 250 solution,,,,,,no_match,,
74591,PRISMAVEN 100 MG 30 TAB,PRISMAVEN 100 MG 30 EXT. REL. TAB.,بريسمافين 100 مجم 30 اقراص,2390092.0,85.2,ai_confirmed,ai_verified,0.0,
75872,prismaven 50 mg,PRISMAVEN 50 MG 30 EXT. REL. TAB.,بريسمافين 50 مجم 30 اقراص,1869805.0,100.0,algo_match,token_set_ratio,,
73571,PRISOLINE DROPS,PRISOLINE EYE / NASAL DROPS 15 ML,بريزولين قطره للعين والانف 15 مل,2621859.0,100.0,algo_match,token_set_ratio,,
79220,PRIVACOND 15 ML EYE DROPS,PRIVACOND EYE DROPS 15 ML,بريفاكوند قطره للعين 15 مل,2369272.0,100.0,algo_match,brand_index,,
80921,probric 20 mg 10 tabs,PROBRIC 20 MG 10 TAB.,بروبريك 20 مجم 10 اقراص,2543245.0,97.6,algo_match,brand_index,,
40066,PROBRIC ORAL SOLUTION 125 ML,,,,,,no_match,,
48131,PROCORLAN 5MG TAB,PROCORALAN 5 MG 28 F.C. TABS.,بروكورالان 5 مجم 28 اقراص,1425888.0,80.0,ai_confirmed,ai_verified,0.0,
48132,PROCORLAN 7.5MG TAB,PROCORALAN 7.5 MG 28 F.C. TABS.,بروكورالان 7.5 مجم 28 اقراص,902615.0,81.6,ai_confirmed,ai_verified,0.0,
30197,PROCTAN 30CAP,PROCTAN S.T. 30 CAPS,بروكتان اس تي 30 كبسول,,84.8,ai_confirmed,ai_verified,0.0,
82596,PROCYKINOL 5MG 50TABS,PROCYKINOL 5 MG 50 TABS,بروسيكينول 5 مجم 50 اقراص,2468872.0,100.0,algo_match,brand_index,,
92747,PROG FORTIFIED LIQUID CHOCOLATE 350 GM,,,,,,no_match,,
85615,PROGESING 100MG 10 AMP,PROGESING 100 MG / 2 ML 10 I.M. AMPS.,بروجسينج 100 مجم / 2 مل 10 امبول,2600231.0,90.5,algo_match,token_set_ratio,,
73607,PROGEST 100MG 24CAPS,PROGEST 100 MG 24 ORAL / VAGINAL CAPS.,بروجيست 100 مجم 24 كبسول,1788383.0,100.0,algo_match,token_set_ratio,,
81121,PROGEST 200MG 30CAP,PROGEST 200 MG 30 ORAL / VAGINAL CAPS.,بروجيست 200 مجم 30 كبسول,2168957.0,89.5,ai_confirmed,ai_verified,0.0,
23049,PROGRAF 1 MG 100 CAP,PROGRAF 1 MG 100 CAPS.,بروجراف 1 م 100 اقراص,2684771.0,97.6,algo_match,brand_index,,
68856,PROLIA 60 MG 1 SYRING,PROLIA 60 MG 1 PREF.SYRINGE,بروليا 60 مجم 1 سرنجه,1451591.0,87.5,ai_confirmed,ai_verified,0.0,
81031,PROLUTEX 25MG INJECTION,PROLUTEX 25 MG FOR S.C. INJECTION 7 VIALS,برولوتكس 25 مج 7 امبول,,100.0,algo_match,token_set_ratio,,
81890,PROMIX JUNIOR MILK,,,,,,no_match,,
22490,PRONTO PLUS TAB,PRONTO PLUS 20 TAB.,برونتو بلس 20 اقراص,1129333.0,90.9,algo_match,brand_index,,
73718,PRONTOGEST 100MG 10 AMP,PRONTOGEST 100 MG / 2 ML 10 I.M.AMP,برونتوجيست 100 مجم / 2 مل 10 امبول,2468890.0,81.4,ai_confirmed,ai_verified,0.0,
74332,PRONTOGEST 200 MG SUPP,PRONTOGEST 200 MG 30 VAG. OR RECT. PESSARIES,برونتوجيست 200 مجم 30 لبوس,1395918.0,87.2,ai_confirmed,ai_verified,0.0,
73072,PRONTOGEST 400 MG 30 VAG SUPP,,,,,,no_match,,
90552,PRONTOGEST 50MG 10 AMP,PRONTOGEST 50 MG / 1 ML I.M. 10 AMP,برونتوجيست 50 مجم / 1 مل 10 امبول,1839746.0,80.7,ai_confirmed,ai_verified,0.0,
91487,PRONTOGEST 50MG 5 AMP,PRONTOGEST 50 MG / 1 ML I.M. 5 AMP,برونتوجيست 50 مجم امبول ثلاجه,2455625.0,80.0,ai_confirmed,ai_verified,0.0,
89699,PRONTOMUTIM 100 MG 30 F.C. TABS,PRONTOMUTIM 100 MG 30 TABS,برونتوميوتيم 100 مجم 30 اقراص,2183948.0,92.9,algo_match,brand_index,,
88280,PRONTOMUTIM 200 MG 30 F.C. TABS,PRONTOMUTIM 200 MG 30 TAB,برونتوميوتيم 200 مجم 30 اقراص,2183949.0,90.9,algo_match,brand_index,,
75390,PROPAMETHONE CREAM 20 GM,PROPAMETHONE TOP. CREAM. 20 GM,بروباميثون كريم 20 جم,1233764.0,92.3,algo_match,brand_index,,
82824,propolis 1000 mg cap,,,,,,no_match,,
67555,PROSS HAIR LOTION 250ML,PROSS HAIR LOTION 250 ML,بروس لوشن للشعر 250 مل,902594.0,100.0,algo_match,brand_index,,
86200,PROSS HAIR SERUM 120ML,PROSS HAIR SERUM 120 ML,بروس سيروم للشعر 120 مل,1425874.0,100.0,algo_match,brand_index,,
21966,PROST-ADE CAP,PROST ADE 20 CAPSULES,بروست ايد 20 كبسول,2575689.0,81.8,ai_confirmed,ai_verified,0.0,
92059,PROST ADE 30 CAPSULES,PROST ADE 30 CAPSULES,بروست ايد 30 كبسول,2345331.0,100.0,algo_match,brand_index,,
8784,PROSTACURE CAP,PROSTACURE 50 MG 20 CAPS.,بروستاكيور 20 كبسول,2682633.0,83.3,ai_confirmed,ai_verified,0.0,
58123,PROSTALITY 20 CAP,PROSTALITY 20 CAPS.,بروستاليتي 20 كبسول,1822573.0,97.1,algo_match,brand_index,,
65982,PROSTANORM 30 CAP,PROSTANORM 30 CAPS,بروستانورم 30 كبسول,,97.1,algo_match,brand_index,,
91650,PROSTENAL NIGHT 30 TAB,,,,,,no_match,,
91766,PROSTENOL FORTE 30 TABS,,,,,,no_match,,
59790,PROSTETROL 10 MG 30 TAB,PROSTETROL 10 MG M.R. 30 TAB.,بروستيترول 10 مجم 30 اقراص,,92.0,algo_match,brand_index,,
91470,PROSTRIDE 5 MG 30 CAPS,PROSTRIDE 5 MG 30 CAPS.,بروستريد 5 مجم 30 كبسول,2319759.0,100.0,algo_match,brand_index,,
73789,PROSTRIDE CAP,PROSTRIDE 5 MG 30 CAPS.,بروستريد 5 مجم 30 كبسول,2319759.0,81.8,ai_confirmed,ai_verified,0.0,
77231,PROTE CARE HAIR TONING CREAM 100GM,,,,,,no_match,,
56724,PROTECA LOTION 120ML,PROTECA TOPICAL LOTION 120 ML,بروتيكا لوسيون 120 مل 60,2644405.0,84.0,ai_confirmed,ai_verified,0.0,
57339,PROTECA SPRAY 120 ML,PROTECA TOPICAL SPRAY 120 ML,بروتيكا بخاخ 120 مل,1425866.0,83.3,ai_confirmed,ai_verified,0.0,
75183,PROTOFIX 20 MG 14 TAB,PROTOFIX 20 MG 14 E.C.TABS.,بروتوفكس 20 مجم 14 اقراص,2144142.0,89.4,ai_confirmed,ai_verified,0.0,
92527,PROTOFIX 40 MG 21 E.C.TABS,PROTOFIX 40 MG 21 E.C.TABS,بروتوفكس 40 مجم 21 اقراص,2635102.0,100.0,algo_match,brand_index,,
74209,PROTOFIX 40MG 14 TAB,PROTOFIX 40 MG 14 E.C.TABS.,بروتوفكس 40 مجم 14 اقراص,2159496.0,89.4,ai_confirmed,ai_verified,0.0,
51790,PROTOFIX VIAL F/I.V INJECTION 1 VIAL,,,,,,no_match,,
84204,PROTOLANS 60 MG 14 CAPS.,PROTOLANS 60 MG 14 CAPS,بروتولانس 60 مجم 14 كبسول,1031441.0,100.0,algo_match,brand_index,,
79680,PROTOLOC 20 MG 14 E.C.TABS.,PROTOLOC 20 MG 14 E.C.TABS.,بروتولوك 20 مجم 14 اقراص,2144822.0,100.0,algo_match,brand_index,,
90425,PROTOLOC 20 MG 28E.C.TABS,PROTOLOC 20 MG 14 E.C.TABS.,بروتولوك 20 مجم 14 اقراص,2144822.0,88.5,ai_confirmed,ai_verified,0.0,
88917,PROTOLOC 40 MG 14 E.C.TABS,PROTOLOC 40 MG 14 E.C.TABS.,بروتولوك 40 مجم 14 اقراص,2145441.0,100.0,algo_match,brand_index,,
91469,PROTOLOC 40MG 28 TABS,PROTOLOC 40 MG 28 E.C.TABS,بروتولوك 40 مجم 28 اقراص,,91.7,algo_match,brand_index,,
89326,PROTOPAN 20 MG 21 CAPS,PROTOPAN 20 MG 21 CAPS.,بروتوبان 20 مجم 21 كبسول,2435574.0,100.0,algo_match,brand_index,,
89737,PROTOPAN 40 MG 21 CAPS,PROTOPAN 40 MG 21 CAPS,بروتوبان 40 مجم 21 كبسول,1632519.0,100.0,algo_match,brand_index,,
58804,PROTOSTOP 6 TAB,PROTOSTOP 500 MG 6 F.C.TABS.,بروتوستوب 500 مجم 6 اقراص,1921251.0,84.6,ai_confirmed,ai_verified,0.0,
20898,PROTOZOLE 500 MG 12TAB,PROTOZOLE 500 MG 12 F.C. TABS.,بروتوزول 500 مجم 12 اقراص,2468855.0,90.2,algo_match,brand_index,,
47685,PROXIMOL 0.4MG 40 SUGAR C. TABS.,PROXIMOL 0.4 MG 40 SUGAR COATED TAB.,بروكسيمول 0.4 مجم 40 اقراص,902613.0,90.9,algo_match,brand_index,,
73327,PROXIMOL COMPOUND EFF 60 GM,,,,,,no_match,,
10639,PROZAC 20MG 14CAP,PROZAC 20 MG 14 CAPS.,بروزاك 20 مجم 14 كبسول,,97.4,algo_match,brand_index,,
81319,PRUCASOFT 1 MG TABS,PRUCASOFT 1 MG 14 F.C.TABS.,بروكاسوفت 1 مجم 14 اقراص,2145595.0,84.4,ai_confirmed,ai_verified,0.0,
77505,PRUCASOFT 2 MG TABS,PRUCASOFT 2 MG 14 F.C.TABS.,بروكاسوفت 2 مجم 14 اقراص,902609.0,84.4,ai_confirmed,ai_verified,0.0,
28549,PSYCHODAL 1MG 30TAB,PSYCHODAL 1 MG 30 F.C. TAB.,سيكودال 1 مجم 30 اقراص,2313225.0,91.3,algo_match,brand_index,,
73717,PSYCHODAL 1MG/ML ORAL SOLUTION 30ML,,,,,,no_match,,
77241,PSYCHODAL 2 MG 30 TAB,PSYCHODAL 2 MG 30 F.C.TAB.,سيكودال 2 مجم 30 اقراص,904074.0,91.3,algo_match,brand_index,,
74685,PSYCHODAL 3MG 30TAB,PSYCHODAL 3 MG 30 F.C.TAB.,سكواد بي 30 كبسوله / ايجي ستار,2625867.0,91.3,algo_match,brand_index,,
46951,PSYCHODAL 4MG 30TAB,PSYCHODAL 4 MG 30 F.C. TAB.,سيكودال 4 مجم 30 اقراص,2143832.0,91.3,algo_match,brand_index,,
83532,PSYCHOLANZ 12/50MG 30CAPS,PSYCHOLANZ 12 / 50 MG 30 CAPS,سيكولانز 12 / 50 مجم 30 كبسول,1790232.0,85.7,ai_confirmed,ai_verified,0.0,
82660,PSYCHOLANZ 25/3MG 30CAPS,,,,,,no_match,,
76318,PSYCHOLANZ 25/6 mg 30 tab,,,,,,no_match,,
83026,PSYCHOPRAM 10 MG 30 TABS,PSYCHOPRAM 10 MG 30 F.C. TABS.,سايكوبرام 10 مجم 30 اقراص,1740203.0,92.3,algo_match,brand_index,,
59168,PSYCHOPRAM 20 MG 20 TAB,PSYCHOPRAM 20 MG 20 F.C. TABS.,سايكوبرام 20 مجم 20 اقراص,2436649.0,90.2,algo_match,brand_index,,
p25,PULMICORT 0.25 MG 2 ML,PULMICORT 0.25 MG / ML 20 NEBULIZER VIAL SUSP.,بالميكورت 0.25 مجم / مل 20 امبول,1063404.0,95.2,algo_match,token_set_ratio,,
p50,PULMICORT 0.5 MG 2 ML,PULMICORT 0.5 MG / ML 20 NEBULIZER VIAL SUSP.,بالميكورت 0.5 مجم / مل 20 امبول,2113055.0,95.0,algo_match,token_set_ratio,,
74034,PULMIPROVE 125 MG 30 TAB,PULMIPROVE 125 MG 30 F.C. TABS.,بالميبروف 125 مجم 30 اقراص,,90.6,algo_match,brand_index,,
87924,PUMPIZAN 20 MG 20 F.C TABLETS,PUMPIZAN 20 MG 20 TAB,بمبيزان 20 مجم 20 اقراص,1924021.0,84.0,ai_confirmed,ai_verified,0.0,
68765484,pure paraffen oil,,,,,,no_match,,
27690,PURELAN CREAM 30 GM,PURELAN CREAM 30 GM,بيورلان كريم 30 جم,2206836.0,100.0,algo_match,brand_index,,
88817,PURELAN CREAM 60 GM,PURELAN CREAM 60 GM,بيورلان كريم 60 جم,2575450.0,100.0,algo_match,brand_index,,
32869,PURGATON 20 mg 30TAB,PURGATON 20 MG 30 TAB.,برجاتون 20 مجم 30 اقراص,1943545.0,100.0,algo_match,brand_index,,
W2,PURIFIED WATER AMP,,,,,,no_match,,
83864,pyridovit 20 cap,PYRIDOVIT 30 CAPSULES,بيريدوفيت 30 كبسول,2146140.0,81.1,ai_confirmed,ai_verified,0.0,
90538,pyridovit 30 cap,PYRIDOVIT 30 CAPSULES,بيريدوفيت 30 كبسول,2146140.0,86.5,ai_confirmed,ai_verified,0.0,
91838,PYRTO 30 TABS,PYRTO 30 TABS.,بيرتو بلس 30 اقراص / اي يو سي,2625826.0,100.0,algo_match,brand_index,,
75146,PYSTINON 60 MG 20TAB,PYSTINON 60 MG 20 SUGAR COATED TAB.,بيستينون 60 مجم 20 اقراص,2171572.0,100.0,algo_match,token_set_ratio,,
90893,quadriderm cream 15g,QUADRIDERM CREAM 15 GM,كوادريديرم كريم 15 جم,2454940.0,97.7,algo_match,brand_index,,
82869,QUADRIDERM CREAM 30G,QUADRIDERM CREAM 30 GM,كوادريديرم كريم 30 جم,2299598.0,97.7,algo_match,brand_index,,
63982,QUETIAPINE 100 MG 30 TAB,QUETIAPINE 100 MG 30 F.C. TAB.,كويتيابين 100 مجم 30 اقراص,904811.0,92.3,algo_match,brand_index,,
72098,QUETIAPINE 200 MG 30 TAB,QUETIAPINE 200 MG 30 F.C. TABS.,كويتيابين 200 مجم 30 اقراص,1599177.0,90.6,algo_match,brand_index,,
74938,QUETIAPINE 25 MG 30 TAB,QUETIAPINE 25 MG 30 F.C. TAB.,كويتيابين 25 مجم 30 اقراص,1634023.0,92.0,algo_match,brand_index,,
67255,QUETIAZIC 150 MG 30TAB,QUETIAZIC XR 150 MG 30 TABS.,كويتيازك اكس ار 150 مجم 30 اقراص,1633453.0,92.0,algo_match,brand_index,,
65973,QUETIAZIC 400 MG 30TAB,QUETIAZIC XR 400 MG 30 TABLETS,كويتيازك اكس ار 400 مجم 30 اقراص,1626883.0,86.8,ai_confirmed,ai_verified,0.0,
73430,QUETIAZIC XR 300 MG 30TAB,QUETIAZIC XR 300 MG 30 TABLETS,كويتيازك اكس ار 300 مجم 30 اقراص,1609590.0,92.9,algo_match,brand_index,,
78144,QUETIAZIC XR 50 MG 30 TABS,QUETIAZIC XR 50 MG 30 TABLETS,كويتيازك اكس ار 50 مجم 30 اقراص,1626884.0,94.5,algo_match,brand_index,,
8431,QUIBRON T SR 100TAB,QUIBRON T / SR 300 MG 100 TAB,كابرون 30 اقراص,2685135.0,81.6,ai_confirmed,ai_verified,0.0,
73322,QUICK SLIM 120 mg 30CAP,QUICK SLIM 120 MG 30 CAPS.,كويك سليم 120 مجم 30 كبسول,1147973.0,98.0,algo_match,brand_index,,
92037,QUINSTIBOWL 5MG 20F.C TABS,,,,,,no_match,,
73734,QUITAPEX 100 MG 30 TAB,QUITAPEX 100 MG 30 F.C.TABS.,كويتابكس 100 مجم 30 اقراص,2144540.0,89.8,ai_confirmed,ai_verified,0.0,
87823,QUITAPEX 150 MG XR 30 F.C TABLETS,QUITAPEX 150 MG XR 30 TABS,كويتابيكس 150 مجم اكس ار 30 اقراص,2370578.0,88.1,ai_confirmed,ai_verified,0.0,
73786,QUITAPEX 200 MG 30 TAB,QUITAPEX 200 MG 30 F.C.TABS.,كويتابكس 200 مجم 30 اقراص,1023691.0,89.8,ai_confirmed,ai_verified,0.0,
73107,QUITAPEX 25 MG 30 TAB,QUITAPEX 25 MG 30 F.C.TABS.,كويتابكس 25 مجم 30 اقراص,904808.0,89.4,ai_confirmed,ai_verified,0.0,
73424,QUITAPEX 300 MG XR 30 TAB,QUITAPEX 300 MG XR 30 F.C.TABS.,كويتابكس 300 مجم اكس ار 30 اقراص,2386374.0,90.9,algo_match,brand_index,,
74013,QUITAPEX 400 MG 30 TAB,QUITAPEX 400 MG XR 30 F.C.TABS.,كويتابكس 400 مجم اكس ار 30 اقراص,2386372.0,84.6,ai_confirmed,ai_verified,0.0,
87432,QUITAPEX 50 XR 30 TAB,QUITAPEX 50 MG XR 30 F.C.TABS.,كويتابكس 50 مجم اكس ار 30 اقراص,,84.0,ai_confirmed,ai_verified,0.0,
67261,QUITCOOL XR 150 30TAB,QUITCOOL XR 150 MG 30 EXT. REL. F.C. TABS,كويتكول اكس ار 150 مجم 30 اقراص,2497296.0,90.0,algo_match,token_set_ratio,,
67260,QUITCOOL XR 300 30TAB,QUITCOOL XR 300 MG 30 EXT. REL. F.C. TABS,كويتكول اكس ار 300 مجم 30 اقراص,2289526.0,90.0,algo_match,token_set_ratio,,
91111,QULAPERAFEN SYRUP,,,,,,no_match,,
76969,RABEKYRL 20 MG 20 TABL,,,,,,no_match,,
91657,RABEKYRL 20 MG 30 TABL,,,,,,no_match,,
90571,RAFADO B COMPLEX 20 SAC,,,,,,no_match,,
81184,RAIBYAX 12/25MG 30CAPS,RAIBYAX 12 / 25 MG 30 CAPS.,رايبياكس 12 / 25 مجم 30 كبسول,2641252.0,92.0,algo_match,brand_index,,
83869,raibyax 12/50 cap,,,,,,no_match,,
82691,RAIBYAX 6/25 MG 30CAPS,RAIBYAX 6 / 25 MG 30 CAPS.,رايبياكس 25 / 6 مجم 30 كبسول,,83.3,ai_confirmed,ai_verified,0.0,
90026,RAMATRIZONE 5MG 30 TAB,RAMATRIZINE 5 MG 30 F.C.TABS.,راماتريزين 5 محم 30 اقراص,2346506.0,86.3,ai_confirmed,ai_verified,0.0,
90996,RAME-ZITHRO 30ml 200MG/5ML,,,,,,no_match,,
89565,RAME-ZITHRO 500 MG 6 F.C.TABS,RAME ZITHRO 500 MG 6 F.C.TABS,رامي زيثرو 500 مجم 6 اقراص,2557199.0,100.0,algo_match,brand_index,,
78551,rame-zithro 500mg 3-tab,RAME ZITHRO 500 MG 3 F.C.TABS.,رامي زيثرو 500 مجم 3 اقراص,,90.6,algo_match,brand_index,,
79724,RAME_ZITHRO 15ML 200MG SUSP,RAME ZITHRO 200 MG / 5 ML SUSP. 15 ML,رامي زيثرو 200 م شرب,2653946.0,90.3,algo_match,token_set_ratio,,
79307,RAMECEFTRAX 1 GM I.V. VIAL,RAMECEFTRAX 1 GM IV VIAL,رامسيفتراكس 1 جم امبول وريد,2499251.0,93.9,algo_match,brand_index,,
74723,RAMECEFTRAX 1G IM VIAL,RAMECEFTRAX 1 GM I.M. VIAL,رامسيفتراكس 1 جم امبول عضل,1534864.0,95.8,algo_match,brand_index,,
89183,RAMELACT 6000 ALU 30 TABS,RAMELACT 6000 MG 30 TAB,راميلاكت 6000 مجم 30 اقراص,,87.5,ai_confirmed,ai_verified,0.0,
91452,RAMETALINA XR 12.5/1000 MG 30 EXT. REL. F.C. TABS,RAMETALINA XR 5 / 1000 MG 30 EXT. REL. F.C. TABS,راميتاليتا اكس ار 5 / 1000 مجم 30 اقراص,,92.3,algo_match,brand_index,,
55581,RAMETAX 0.5 G VIAL,RAMETAX 500 MG I.V / I.M VIAL,راميتاكس 500 مجم امبول,2176320.0,83.3,ai_confirmed,ai_verified,0.0,
rame,RAMETAX 1 G VIAL,RAMETAX 1 GM I.V. / I.M VIAL,راميتاكس 1 جم امبول,2436259.0,93.3,algo_match,token_set_ratio,,
55783,RAMIXOLE 0.25MG 30 TAB,RAMIXOLE 0.25 MG 30 TABS.,راميكسول 0.25 مجم 30 اقراص,948350.0,97.9,algo_match,brand_index,,
55819,RAMIXOLE 1MG 30 TAB,RAMIXOLE 1 MG 30 TAB.,راميكسول 1 جم 30 اقراص,903513.0,100.0,algo_match,brand_index,,
11343,RANCIF 500MG 10 TABS,RANCIF 500 MG 10 F.C.TAB.,رانسيف 500 مجم 10 اقراص,2436265.0,88.9,ai_confirmed,ai_verified,0.0,
89343,RANDAPALENE 0.1% GEL 30 GM,RANDAPALENE 0.1 % GEL 30 GM,راندابالين 0.1 % جل 30 مل,,94.3,algo_match,brand_index,,
91774,RANDIL 10MG 30TABS,RANDIL 10 MG 30 TAB.,رانديل 10 مجم 30 اقراص,2436263.0,97.4,algo_match,brand_index,,
55368,RANDIL 20MG 30 TAB,RANDIL 20 MG 30 TAB.,رانديل 20 مجم 30 اقراص,1996897.0,100.0,algo_match,brand_index,,
88730,RANDOLANEX 100 MG 20 SACHETS,RANDOLANEX 20 SACHETS,راندولانكس 20 اكياس,,85.7,ai_confirmed,ai_verified,0.0,
84290,RANEXA 500 MG 60 TABS,RANEXA 500 MG 60 PROLONGED R.TABS,رانيكسا 500 مجم 60 كبسول,2537887.0,100.0,algo_match,token_set_ratio,,
86847,RANGONAL 20 TAB,RANGONAL 20 TAB,رانجونال 20 اقراص,1438431.0,100.0,algo_match,brand_index,,
RAN,RANI_F 6 SACHETS,RANI F 20 MG 6 SACHETS,راني اف 20 مجم 6 اكياس,2369269.0,89.7,ai_confirmed,ai_verified,0.0,
80570,RANXAPIN 10MG 21TAB,RANXAPIN 10 MG 21 TABS,رانكسابين 10 مجم 21 اقراص,,97.7,algo_match,brand_index,,
87613,RASTIGLO 10 MG 20 TAB,RASTIGLO 10 MG 20 FILM COATED TAB,راستيجلو 10 مجم 20 اقراص,,100.0,algo_match,token_set_ratio,,
61937,RAVEMANTINE 10 MG 30 TAB,RAVEMANTINE 10 MG 30 F.C. TABS.,رافيمانتين 10 مجم 30 اقراص,,90.6,algo_match,brand_index,,
87826,RAW AFRICAN ARGAN OIL CONDITIONER 300 ML,,,,,,no_match,,
90769,REALCOXSTAR 90MG 20TAB,REALCOXSTAR 90 MG 20 TAB,ريالكوكستار 90 مجم 20 اقراص,2161507.0,100.0,algo_match,brand_index,,
91083,reboss massage cream 30gm,REBOSS MASSAGE CREAM 30 GM,ريبوس كريم مساج,2653030.0,100.0,algo_match,brand_index,,
85636,REBOSS MASSAGE CREAM 50GM,REBOSS MASSAGE CREAM 50 GM,ريبوس كريم مساج 50 جم,2336317.0,100.0,algo_match,brand_index,,
83479,REBOTON 0.25% GEL 30 GM,REBOTON 0.25 % GEL 30 GM,ريبوتون 0.25 % جل 30 جم,2421356.0,93.6,algo_match,brand_index,,
83480,REBOTON 0.25% GEL 75 GM,REBOTON 0.25 % GEL 75 GM,ريبوتون 0.25 % جل 75 جم,1739872.0,93.6,algo_match,brand_index,,
87779,RECORMON 4000 0.3 AMP,,,,,,no_match,,
49714,RECORMON 5000 I.U. 6 PREF. SYRINGES,RECORMON 5000 I.U. 6 PREF. SYRINGES,ريكورمون 5000 وحده 6 سرنجات,,100.0,algo_match,brand_index,,
79686,RECOXIBRIGHT 120 MG 7 F.C TABS.,RECOXIBRIGHT 120 MG 7 F.C.TABS.,ريكوكسيبرايت 120 مجم 7 اقراص,2313078.0,100.0,algo_match,brand_index,,
78044,RECOXIBRIGHT 60 MG 20-TAB,RECOXIBRIGHT 60 MG 20 F.C.TABS.,ريكوكسيبرايت 60 مجم 20 اقراص,,90.9,algo_match,brand_index,,
92055,RECOXIBRIGHT 60 MG 30 F.C.TABS,RECOXIBRIGHT 60 MG 30 F.C.TABS,ريكوكسيبرايت 60 مجم 30 اقراص,2563102.0,100.0,algo_match,brand_index,,
90929,RECOXIBRIGHT 90 MG 30 F.C.TABS,RECOXIBRIGHT 90 MG 30 F.C.TABS.,ريكوكسيبرايت 90 مجم 30 اقراص,2222940.0,100.0,algo_match,brand_index,,
76984,RECOXIBRIGHT 90 MG 30 TAB,RECOXIBRIGHT 90 MG 30 F.C.TABS.,ريكوكسيبرايت 90 مجم 30 اقراص,2222940.0,90.9,algo_match,brand_index,,
86817,RECOXITRO 120 MG 10 F.C. TABS,RECOXITRO 120 MG 10 F.C. TABS,ريكوكسيترو 120 مجم 10 اقراص,2620317.0,100.0,algo_match,brand_index,,
88475,RECOXITRO 60 MG 30 F.C. TABS,RECOXITRO 60 MG 30 F.C. TABS,روكوكسيترو 60 مجم 30 اقراص,2193349.0,100.0,algo_match,brand_index,,
88155,RECOXITRO 90 MG 30 F.C. TABS,RECOXITRO 90 MG 30 F.C. TABS,روكوكسيترو 90 مجم 30 اقراص,1029086.0,100.0,algo_match,brand_index,,
86280,REDAND 20CAPS,REDAND 20 CAPS,ريداند 20 كبسول,2343965.0,100.0,algo_match,brand_index,,
92491,REDFERX 30 CAPSULES,REDFERX 30 CAPS,ريدفيركس 30 كبسول,2498768.0,88.2,ai_confirmed,ai_verified,0.0,
84761,REDGLOB 30 CAPS,REDGLOB 30 CAPS,ريدجلوب 30 كبسول,1403758.0,100.0,algo_match,brand_index,,
80675,REGAINE 5% FOAM 73ML,REGAINE 5 % TOPICAL FOAM 73 ML,ريجين 5 % فوم 73 مل,2472715.0,92.3,algo_match,token_set_ratio,,
60242,REGCOR 10 MG 10 TAB,REGCOR 10 MG 10 TAB.,رجكور 10 مجم قديم,2681755.0,100.0,algo_match,brand_index,,
17260,REGCOR 5 MG 10 TAB,REGCOR 5 MG 10 TAB.,ريجكور 5 مجم 10 اقراص,1396550.0,100.0,algo_match,brand_index,,
77981,REGIMAX 30 CAP,REGIMAX 120 MG 30 CAPS.,ريجيماكس 120 مجم 30 كبسول,2369249.0,83.3,ai_confirmed,ai_verified,0.0,
57620,REGO HAIR CREAM 100 MG,REGO HAIR CREAM 100 GM,ريجو كريم,2680520.0,86.4,ai_confirmed,ai_verified,0.0,
54360,REGO HAIR LOTION 250ML,REGO HAIR LOTION 250 ML,ريجو لوشن 250 مل,,100.0,algo_match,brand_index,,
55078,REGO HAIR SHAMPOO 250ML,REGO HAIR SHAMPOO 250 ML,ريجو شامبو 250 مل,2436309.0,100.0,algo_match,brand_index,,
86827,REKAN 4MG 20 TAB,,,,,,no_match,,
79688,RELATROLIN 25 MG 20 CAPSULES,,,,,,no_match,,
83963,RELAX 30 CAPSULES,RELAX 30 CAPS.,ريلاكس 30 كبسول,1456326.0,86.7,ai_confirmed,ai_verified,0.0,
83469,RELAX AIG MASSAGE GEL 50G,,,,,,no_match,,
37418,RELAX MASSAGE CREAM 50 GM,RELAX CREAM 50 GM,ريلاكس جديد كريم 50 جم س جديد,2368362.0,81.0,ai_confirmed,ai_verified,0.0,
46872,RELAXON 30 CAP,RELAXON 30 CAPS.,ريلاكسون 30 كبسول,2469780.0,96.6,algo_match,brand_index,,
92005,RELAXOSPASM XR 15MG 20 TAB,RELAXOSPASM XR 15 MG 20 CAP,ريلاكسوسبازم اكس ار 15 مجم 20 اقراص,,85.2,ai_confirmed,ai_verified,0.0,
91866,RELAXOSPASM XR 30 MG 10 EXT. REL. CAPS,RELAXOSPASM XR 30 MG 10 EXT. REL. CAPS,ريلاكسوسبازم اكس ار 30 مجم 10 اقراص,,100.0,algo_match,brand_index,,
90873,RELIVATEAR EYE DROPS 15 ML,RELIVATEAR EYE DROPS 15 ML,رليفاتير قطره للعين 15 مل,,100.0,algo_match,brand_index,,
18381,REMERON 30 MG 10 TAB,REMERON 30 MG 10 TAB.,ريميرون 30 مجم 10 اقراص,,100.0,algo_match,brand_index,,
79687,REMIGOLINE 0.5 MG 2 TABS.,REMIGOLINE 0.5 MG 2 TAB.,ريميجولين 0.5 مجم 2 اقراص,903612.0,97.9,algo_match,brand_index,,
87839,remontada 30 capsules,REMONTADA 30 CAPS,ريمونتادا 30 كبسول,2608124.0,89.5,ai_confirmed,ai_verified,0.0,
73866,REMOWAX 5 % EAR DROPS 15 ML,REMOWAX 5 % EAR DROPS 15 ML,ريموواكس 5 % قطره للاذن 15 مل,903611.0,100.0,algo_match,brand_index,,
49860,RENAGEL 800 MG 180TAB %%%,RENAGEL 800 MG 180 F.C.TAB,ريناجل 800 مجم 180 اقراص,,84.6,ai_confirmed,ai_verified,0.0,
73427,RENAL S 12 SACHETS,RENAL S 12 SACHET,رينال اس 12 اكياس,903614.0,97.1,algo_match,brand_index,,
67473,RENICLAIR SPRAY 15 ML,RENICLAIR NASAL SPRAY 15 ML,رينيكلير بخاخ للانف 15 مل,2161270.0,87.5,ai_confirmed,ai_verified,0.0,
85391,RENNIE 24 CHEWABLE TABS,RENNIE 24 CHEW. TAB,ريني 24 اقراص,2168120.0,87.8,ai_confirmed,ai_verified,0.0,
89762,RENOXACARE 100 F.C. TABS,RENOXACARE 100 TABS,رينوكساكير 100 اقراص,2632297.0,90.5,algo_match,brand_index,,
91352,REPAINERVE 30 F.C. TABS,REPAINERVA 30 TABS,ريبينيرف 30 اقراص,2493173.0,85.0,ai_confirmed,ai_verified,0.0,
86736,REPAION -N GEL 50 GM,REPAION N GEL 50 GM,ريبايون ان جل 50 جم,1739870.0,100.0,algo_match,brand_index,,
73832,REPARIL-GEL N 40 GM,REPARIL GEL N 40 GM,ريباريل ان جل 40 جرام جديد,2683298.0,100.0,algo_match,brand_index,,
73797,REPARIL 40TAB,REPARIL GEL N 40 GM,ريباريل ان جل 40 جرام جديد,2683298.0,83.3,ai_confirmed,ai_verified,0.0,
59497,RESOURCE JUNIOR 400 G,,,,,,no_match,,
73784,RESPATIO 20 MG 20 TAB,RESPATIO 20 MG 20 F.C.TAB.,ريسباتيو 20 مجم 20 اقراص,2156726.0,91.3,algo_match,brand_index,,
58465,RESPENZO 600 MG 10 TAB,RESPENZO 600 MG 10 F.C. TAB.,ريسبينزو 600 مجم 10 اقراص,,91.7,algo_match,brand_index,,
91991,RESPIDEP 10 SACHETS,RESPIDEP 10 SACHETS,ريسبيديب 10 اكياس,1752150.0,100.0,algo_match,brand_index,,
90200,RESPIDEP 20 TABS,RESPIDEP 20 TABS,ريسبيديب 20 اقراص,2634890.0,100.0,algo_match,brand_index,,
91832,RESPIDEP SYRUP 120 ML,RESPIDEP SYRUP 120 ML,ريسبيديب شراب 120 مل,,100.0,algo_match,brand_index,,
89236,RESPOVAN SYRUP 120 ML,RESPOVAN 120 ML SYRUP,ريسبوفان شراب 120 مل,2500475.0,100.0,algo_match,brand_index,,
57907,REVAN CREAM 30 GM,REVAN CREAM 30 GM,ريفان كريم 30 جم,,100.0,algo_match,brand_index,,
46818,REVAREST LIQUID DOUCHE 250 ML,,,,,,no_match,,
48055,REVI-2 CREAM 50 GM,REVI 2 CREAM 50 GM,ريفي 2 كريم 50 جم,1396622.0,100.0,algo_match,brand_index,,
85441,REVIVODERM CREAM 60GM,REVIVODERM 60 GM CREAM,ريفيفوديرم 60 جم كريم,1978984.0,100.0,algo_match,brand_index,,
83735,REVOKE PANTHENOL CREAM 30GM,REVOKE PANTHENOL 30 GM CREAM,ريفوك بانثينول كريم 30 جم,,100.0,algo_match,brand_index,,
80809,REVOKE SKIN LOTION 120ML,,,,,,no_match,,
72495,REVOLADE 25 MG 14 TAB,REVOLADE 25 MG 14 TABS,ريفولاد 25 مجم 14 اقراص,,97.7,algo_match,brand_index,,
76461,revolade 50mg,REVOLADE 50 MG 14 F.C.TABS.,ريفولاد 50 مجم 14 اقراص,,100.0,algo_match,token_set_ratio,,
89588,REXODIN 10% ANTISEPTIC SOLUTION 60 ML,,,,,,no_match,,
88340,REXONA ADVANCED 150 ML,,,,,,no_match,,
88338,REXONA ADVANCED CHARCOAL FRESH 150 ML,,,,,,no_match,,
88517,RHEUMAMAX 200MG 10CAPSULES,RHEUMAMAX 200 MG 10 CAPS,روماماكس 200 مجم 10 اقراص,2146624.0,92.3,algo_match,brand_index,,
6761,RHEUMARENE 75 AMP,,,,,,no_match,,
75112,RHEUMATIZEN CREAM 30 G,RHEUMATIZEN TOPICAL CREAM 30 GM,روماتزين كريم 30 جم,903553.0,83.0,ai_confirmed,ai_verified,0.0,
74130,RHEUMATIZEN CREAM 60 G,RHEUMATIZEN TOPICAL CREAM 60 GM,روماتزين كريم 60 جم,2144542.0,83.0,ai_confirmed,ai_verified,0.0,
29121,RHEUXICAM 4MG 20 F.C.TAB,RHEUXICAM 4 MG 20 F.C.TAB,روكسيكام 4 مجم 20 اقراص,2313058.0,100.0,algo_match,brand_index,,
58086,RHEUXICAM 8 MG 20 TAB,RHEUXICAM 8 MG 20 F.C.TAB.,روكسيكام 8 مجم 20 اقراص,2542892.0,91.3,algo_match,brand_index,,
75354,RHEUXICAM 8 MG FREEZE DRIED POWDER FOR SOLUTION,,,,,,no_match,,
74544,RHINEX ADULT DROPS,,,,,,no_match,,
7807,RHINEX INF DROPS,,,,,,no_match,,
79139,RHINOCALM 120ML SYRUP,RHINOCALM SYRUP 120 ML,رينوكالم شراب 120 مل,,100.0,algo_match,brand_index,,
79690,rhinocalm 20tablets,RHINOCALM 20 TABS.,رينوكالم 20 اقراص,2651104.0,91.9,algo_match,brand_index,,
56582,RHINOMOL-S SYRUP,RHINOMOL S SYRUP 120 ML,رينومول اس شراب 120 مل,2317048.0,82.1,ai_confirmed,ai_verified,0.0,
73572,RHINOPRO CAP,RHINOPRO S.R. 20 CAPS.,رينوبرو اس ار 20 كبسول,1463861.0,80.0,ai_confirmed,ai_verified,0.0,
8994,RHINOPRO SYRUP,RHINOPRO SYRUP 90 ML,رينوبرو شراب 90 مل,,82.4,ai_confirmed,ai_verified,0.0,
9019,RHINOTUSS SYRUP,RHINOTUS SYRUP 90 ML,رينوتوس شراب 90 مل,,80.0,ai_confirmed,ai_verified,0.0,
18485,RHOPHYLAC IV/IM PREFILLED SYRINGE,,,,,,no_match,,
90083,RICHI PANTHENOL 50g GEL,RICHI PANTHENOL GEL 50 GM,ريتشي بانثينول جل 50 جم,1673809.0,89.8,ai_confirmed,ai_verified,0.0,
86844,RICHI PANTHENOL CREAM 20GM,RICHI PANTHENOL CREAM 20 GM,ريتشي بانثينول كريم 20 جم,2675469.0,100.0,algo_match,brand_index,,
86281,RICHI PANTHENOL CREAM 50GM,RICHI PANTHENOL CREAM 50 GM,ريتشي بانثينول كريم 50 جم,2568914.0,100.0,algo_match,brand_index,,
87692,RICOGENEX 10 SACHET,,,,,,no_match,,
92009,RIGHT BONE VIT D3 ORAL DROPS 15ML,,,,,,no_match,,
3077,RILUTEK 50MG 56 TAB,,,,,,no_match,,
RA,RINGER ACETATE 500 ML,,,,,,no_match,,
RL,RINGER LACTATE SODIUM 500 ML,,,,,,no_match,,
RI,RINGERS I.V.infusion,,,,,,no_match,,
91402,RINVOQ 15 MG 30 PROLONGED REL. TABS,,,,,,no_match,,
90228,riomove massage cream 75gm,RIOMOVE MASSAGE CREAM 75 GM,ريوموف مساج كريم 75 جم,1359790.0,100.0,algo_match,brand_index,,
90098,RIOPANOX 160 ML LIQUID,,,,,,no_match,,
54274,RIRI- RICE WITH MILK DATES 200 GM,RIRI RICE WITH MILK AND DATE 200 GM,ريري تمر مع ارز وحليب 200 جم,1689871.0,92.5,algo_match,brand_index,,
30288,RIRI-( APPLE ) 250 GM POWDER بالتفاح,,,,,,no_match,,
30286,RIRI-( BANANA ) 250 GM POWDER بالموز,,,,,,no_match,,
30279,RIRI-( MIXED VEGETABLE ) 200GM خضروات,,,,,,no_match,,
30278,RIRI-( PROTEIN ) 200 GM POWDER بالبروتين,,,,,,no_match,,
30282,RIRI-( RICE- CARROTS ) 200 GM POWDER بالجزر,,,,,,no_match,,
23439,RIRI-( WHEAT&MILK) 200 GM POWDER,,,,,,no_match,,
23440,RIRI-(RICE & FRUIT) 200 GM POWDER,,,,,,no_match,,
23435,RIRI ( CHOCOLATE ) 200 GM POWDER بالشيكولاتة,RIRI CHOCOLATE 200 GM,ريري ارز بالشيكولاته,2635570.0,100.0,algo_match,token_set_ratio,,
30291,RIRI ( GLUTEN- FREE ) 125 GM خالي من الجلوتين,,,,,,no_match,,
1212,RIRI (ORANGE) 200 GM POWDER,,,,,,no_match,,
30283,RIRI FLAKES&RICE 200 GM فليكس,,,,,,no_match,,
22773,RIRI MILK CEREAL&FRUITS POWDER,,,,,,no_match,,
22923,RIRI WITH HONEY 200 GM ريرى بالعسل,,,,,,no_match,,
61851,RISCURE 1 MG 20 TAB,RISCURE 1 MG 20 F.C. TAB.,ريسكيور 1 مجم 20 اقراص,,90.5,algo_match,brand_index,,
91493,RISCURE 1 MG 30 TAB,RISCURE 1 MG 30 F.C. TAB,ريسكيور 1 مجم 30 اقراص,2127292.0,90.5,algo_match,brand_index,,
58653,RISCURE 2 MG 20 TAB,RISCURE 2 MG 20 F.C. TAB,ريسكيور 2 مجم 20 اقراص,2469760.0,90.5,algo_match,brand_index,,
88355,RISCURE 2 MG 30 F.C TABLETS,RISCURE 2 MG 30 F.C. TAB,ريسكيور 2 مجم 30 اقراص,2507016.0,92.0,algo_match,brand_index,,
89193,RISCURE 4 MG 30 F.C. TAB,RISCURE 4 MG 30 F.C. TAB,ريسكيور 4 مجم 30 اقراص,2436316.0,100.0,algo_match,brand_index,,
80738,RISPADEX 3MG 30TABS,RISPADEX 3 MG 30 F.C.TAB.,ريسبادكس 3 مجم 30 اقراص,2496673.0,88.9,ai_confirmed,ai_verified,0.0,
57799,RISPADEX ORAL SOLUTION 100 ML,,,,,,no_match,,
35871,RISPERDAL 1 MG/ML ORAL SOLUTION 30 ML,RISPERDAL 1 MG / ML ORAL SOLUTION 30 ML,ريسبيردال 1 مجم / مل محلول للفم 30 مل,2173514.0,94.7,algo_match,brand_index,,
12367,RISPERDAL 2MG TAB,RISPERDAL 2 MG 20 F.C. TAB.,ريسبيردال 2 مجم 20 اقراص,903583.0,83.7,ai_confirmed,ai_verified,0.0,
12368,RISPERDAL 4MG TAB,RISPERDAL 4 MG 20 TABS.,ريسبردال قطره,2673397.0,90.0,algo_match,brand_index,,
91025,RIVABEDAX 15MG ODT,RIVABEDAX 15 MG 30 TAB,ريفابيدكس 15 مجم 30 اقراص,,88.2,ai_confirmed,ai_verified,0.0,
78222,RIVAROSPIRE 15 MG 42 TABS,RIVAROSPIRE 15 MG 42 F.C. TAB.,ريفاروسبير 15 مجم 42 اقراص,2454307.0,90.6,algo_match,brand_index,,
67262,RIVAROSPIRE 10MG 20TAB,RIVAROSPIRE 10 MG 20 F.C. TAB.,ريفاروسبير 10 مجم 20 اقراص,2144839.0,92.3,algo_match,brand_index,,
82748,rivarospire 2.5mg tab,RIVAROSPIRE 2.5 MG 30 F.C. TAB.,ريفاروسبير 2.5 مجم 30 اقراص,2145493.0,86.3,ai_confirmed,ai_verified,0.0,
72873,RIVAROSPIRE 20 MG 28 TAB,RIVAROSPIRE 20 MG 28 F.C. TAB.,ريفاروسبير 20 مجم 28 اقراص,2156809.0,92.3,algo_match,brand_index,,
R,RIVO 320 MG ----- 200 TAB,RIVO 320 MG 200 TABS.,ريفو 320 مجم 200 اقراص,903598.0,97.4,algo_match,brand_index,,
18604,ROACCUTANE 20MG CAP,ROACCUTANE 20 MG 30 CAPS.,رواكيوتين 20 مجم 30 كبسوله,2561233.0,90.9,algo_match,brand_index,,
80040,ROACCUTANE 30CAPS,ROACCUTANE 20 MG 30 CAPS.,رواكيوتين 20 مجم 30 كبسوله,2561233.0,85.7,ai_confirmed,ai_verified,0.0,
83848,ROBACK 30TABLETS,ROBACK 30 TAB,روباك 30 اقراص,,86.7,ai_confirmed,ai_verified,0.0,
81340,RODIRASH 50GM CREAM,RODIRASH CREAM 50 GM,رودي راش كريم 50 جم,,100.0,algo_match,brand_index,,
18878,ROMAFEN GEL,ROMAFEN 1 % GEL 20 GM,رومافين جل 20 جم,2292595.0,100.0,algo_match,token_set_ratio,,
ROM,ROMALEX 75-MG 6-AMP,ROMALEX 75 MG / 3 ML 6 I.M. AMPS.,روماليكس 75 مجم / 3 مل 6 امبول,2629720.0,88.2,ai_confirmed,ai_verified,0.0,
47694,ROMALEX DROPS,ROMALEX 0.1 % EYE DROPS 5 ML,روماليكس 0.1 % قطره للعين 5 مل,2549383.0,100.0,algo_match,token_set_ratio,,
81288,ROMANTIGRA 20MG 4 TABS,ROMANTIGRA 20 MG 4 F.C. TABS,رومانتيجرا 20 مجم 4 اقراص,2149503.0,92.0,algo_match,brand_index,,
85274,ROMASOL GEL 100 GM,ROMASOL GEL 100 GM,روماسول جيل 100 جم,,100.0,algo_match,brand_index,,
81096,ROMIX CREAM 60 GM,ROMIX CREAM 60 GM,رومكس كريم 60 جم,2145570.0,100.0,algo_match,brand_index,,
80212,ronkin 20 capsules,,,,,,no_match,,
87571,RONTIGRONE 400 30 TAB,RONTIGRONE 400 MG 30 SCORED F.C. TABS,رونتيجرون 400 مجم 30 اقراص,2281792.0,89.5,ai_confirmed,ai_verified,0.0,
75130,ROOTAGE HAIR LOTIO,,,,,,no_match,,
3515,ROOTAGE HAIR OIL,ROOTAGE HAIR OIL 100 ML,روتاج زيت للشعر 100 مل,2466231.0,82.1,ai_confirmed,ai_verified,0.0,
62240006,rootage hair shampoo,,,,,,no_match,,
3503,ROOTAGE OIL,,,,,,no_match,,
19188,ROOTAGE SKIN CREAM 50 GM,ROOTAGE SKIN CREAM 50 GM,روتاج كريم جلد 50 جم,2381330.0,100.0,algo_match,brand_index,,
57705,ROSA MOL 200 ML,,,,,,no_match,,
75712,Rosita hair cream 100gm,ROSITA HAIR CREAM 100 GM,روزيتا كريم للشعر 100 جم,1023217.0,100.0,algo_match,brand_index,,
61860,ROSITA HAIR LOTION 250 GM,ROSITA HAIR LOTION 250 ML,روزيتا لوسيون 250 مل جديد / كيمت,2653544.0,88.0,ai_confirmed,ai_verified,0.0,
74984,ROSITOR 10 MG 14 TAB,ROSITOR 10 MG 14 F.C.TABS.,روسيتور 10 مجم 14 اقراص,2313055.0,88.9,ai_confirmed,ai_verified,0.0,
74985,ROSITOR 20 MG 14 TAB,ROSITOR 20 MG 14 F.C.TABS.,روسيتور 20 مجم 14 اقراص,2469728.0,88.9,ai_confirmed,ai_verified,0.0,
61013,ROSUVAST 10 MG 14 TAB,ROSUVAST 10 MG 14 F.C.TAB,روزافاست 10 مجم 14 اقراص,2521374.0,91.3,algo_match,brand_index,,
60691,ROSUVAST 20 MG 14 TAB,ROSUVAST 20 MG 14 F.C.TAB.,روزافاست 20 مجم 14 اقراص,2473385.0,91.3,algo_match,brand_index,,
81245,ROTA-CARBAMIDE 30 GM CREAM,,,,,,no_match,,
88837,ROTA-DIGEST 30 CAPS,ROTADIGEST 30 CAPS,روتادايجست 30 كبسول,2306139.0,87.5,ai_confirmed,ai_verified,0.0,
80676,ROTA-GLYCERIN TRANSPARENT SOAP 72GM,,,,,,no_match,,
81270,ROTA-PANTHENOL 30GM CREAM,ROTA PANTHENOL CREAM 30 GM,روتا بانثينول كريم 30 جم,2593982.0,100.0,algo_match,brand_index,,
88547,Rotacurazine topical Cream 25g,,,,,,no_match,,
91112,ROTADANSETRON 4MG/2ML 5 I.M./I.V./INF. AMP.,ROTADANSETRON 4 MG / 2 ML 5 I.M. / I.V. / INF. AMP,روتادانسيترون 4 مجم / 2 مل 5 امبول,2521142.0,82.2,ai_confirmed,ai_verified,0.0,
91253,ROTADANSETRON 8MG/2ML 5 I.M./I.V./INF. AMP.,,,,,,no_match,,
91051,ROTAFLORA 30 CAP,ROTAFLORA 30 CAPS,روتافلورا 30 كبسول,,97.0,algo_match,brand_index,,
67279,ROTAHELEX 30 TAB,ROTAHELEX 25 MG 30 F.C. TABS.,روتاهيلكس 25 مجم 30 اقراص,2305764.0,85.7,ai_confirmed,ai_verified,0.0,
84138,ROTAHELEX ADVANCE DROPS 40 ML,ROTAHELEX ADVANCE 40 ML DROPS,روتاهيلكس ادافانس 40 مل قطره,2146232.0,100.0,algo_match,brand_index,,
89599,ROTAHELEX CYSTEINE SYRUP 100ML,ROTAHELEX CYSTEINE 100 ML SYRUP,روتاهيلكس سيستايين شراب 100 مل,2400474.0,100.0,algo_match,brand_index,,
83857,ROTAHELEX DROPS,ROTAHELEX ORAL DROPS 30 ML,روتاهيلكس 30 مل قطره,2216527.0,100.0,algo_match,token_set_ratio,,
83957,ROTAHELEX FORTE SYRUP 100ML,ROTAHELEX FORTE SYRUP 100 ML,روتاهيلكس فورت شراب 100 مل,2331032.0,100.0,algo_match,brand_index,,
86567,ROTAHELEX NIGHT SYRUP 100 ML,ROTAHELEX NIGHT SYRUP 100 ML,روتاهيلكس نايت شراب 100 مل,2400877.0,100.0,algo_match,brand_index,,
91993,ROTAHELEX SPRAY,ROTAHELEX SPRAY,روتاهيلكس بخاخ,2673658.0,100.0,algo_match,brand_index,,
78176,ROTAHELEX SYRUP 120ML,ROTAHELEX SYRUP 120 ML,روتاهيلكس شراب 120 مل,2145534.0,100.0,algo_match,brand_index,,
88906,ROTAPYRETIC 1 GM/100ML VIAL FOR I.V. INF,ROTAPYRETIC 1 GM / 100 ML VIAL FOR I.V. INF.,روتابايريتيك 1 جم / 100 مل امبول,1181688.0,87.8,ai_confirmed,ai_verified,0.0,
84040,RotMOOV 40GM MASSAGE CREAM,ROTMOOV MASSAGE CREAM 40 GM,روتموف مساج كريم 40 جرام,2685160.0,100.0,algo_match,brand_index,,
88898,ROTMOOV MASSAGE SPRAY 75 ML,ROTMOOV MASSAGE SPRAY 75 ML,روتمووف بخاخ 75 مل روتكس 70,2643335.0,100.0,algo_match,brand_index,,
85675,ROTONE COMPLEX 30 TABS,,,,,,no_match,,
73254,ROWACHOL 45 CAP,ROWACHOL 45 CAPS.,رواكول 45 كبسول,1610546.0,96.8,algo_match,brand_index,,
73344,ROWATINEX 45 CAP,ROWATINEX 45 SOFT GELATIN CAPS.,رواتينكس 45 كبسول,2335579.0,85.7,ai_confirmed,ai_verified,0.0,
79868,roxogesic 60mg 20tablets,ROXOGESIC 60 MG 20 TAB.,روكسوجيسيك 60 مجم 20 اقراص,903549.0,91.7,algo_match,brand_index,,
89329,ROYAL CARE 10 CAPS,ROYAL CARE 10 CAPS,رويال كير 10 كبسول,2222780.0,100.0,algo_match,brand_index,,
91876,Royal honey,,,,,,no_match,,
73650,ROYAL JELLY 1000 MG 12 CAP,ROYAL JELLY 1000 MG 12 CAPS,رويال جيلي 1000 مجم 12 كبسول,2149948.0,98.1,algo_match,brand_index,,
80326,ROYAL PROVITE 5000 10 AMPOULES,,,,,,no_match,,
48538,ROYAL TEA REGIME 25 SACHET,,,,,,no_match,,
8971,ROYAL TEA REGIME 50 SACHET,,,,,,no_match,,
74584,ROYAL VIT G 20 CAP,ROYAL VIT G 20 CAPS,رويال فيت جي 20 كبسول,,97.3,algo_match,brand_index,,
88014,ROYAL ZAD 10 CAPSULES,ROYAL ZAD 10 CAP,رويال زاد 10 كبسول,1042193.0,86.5,ai_confirmed,ai_verified,0.0,
89316,ROYANOXICAM 8 MG 20 F.C. TABS,ROYANOXICAM 8 MG 20 TABS,رويانوكسيكام 8 مجم 20 اقراص,,92.3,algo_match,brand_index,,
27527,ROYSAN 30TAB,ROYSAN 4 MG 30 TAB.,رويسان 4 مجم 30 اقراص,903567.0,83.9,ai_confirmed,ai_verified,0.0,
77316,ROZALIA HAIR LOTION 120ML,ROZALIA HAIR LOTION 120 ML,روزاليا لوسيون جديد,2682692.0,100.0,algo_match,brand_index,,
32391,RUBALGINE CREAM,,,,,,no_match,,
82382,RUMAXIMAP 120MG 10TABS,RUMAXIMAP 120 MG 10 F.C.TABS,روماكسيماب 120 مجم 10 اقراص,903559.0,92.3,algo_match,brand_index,,
83062,RUMAXIMAP 60MG 30TABS,RUMAXIMAP 60 MG 30 F.C.TABS,روماكسيماب 60 مجم 30 اقراص,903557.0,92.0,algo_match,brand_index,,
81399,RUMAXIMAP 90 MG 30 TABS,RUMAXIMAP 90 MG 30 F.C.TABS,روماكسيماب 90 مجم 30 اقراص,903558.0,92.0,algo_match,brand_index,,
73320,RUTA C 20 TAB,RUTA C 60 MG 20 TAB,روتا سي 60 مجم 20 اقراص,2315708.0,81.2,ai_confirmed,ai_verified,0.0,
89660,RUXOTOP 1.5% CREAM 60 GM,RUXOTOP 1.5 % CREAM 60 GM,روكسوتوب 1.5 % كريم 60 جم,1924299.0,93.9,algo_match,brand_index,,
90643,RX GEL 100 GM,RX MASSAGE GEL 100 GM,ار اكس جل مساج 100 جم,2360534.0,100.0,algo_match,token_set_ratio,,
74108,RX MASSAGE CREAM 50 GM,RX MASSAGE CREAM 50 GM,ار اكس كريم مساج 50 جم,2312305.0,100.0,algo_match,token_set_ratio,,
75074,RX MASSAGE GEL 50 GM,RX MASSAGE GEL 50 GM,ار اكس جل مساج 50 جم,2312306.0,100.0,algo_match,token_set_ratio,,
86047,RX MASSAGE SPRAY 100 ML,RX MASSAGE SPRAY 100 ML,ار اكس بخاخ مساج 100 مل,2312307.0,100.0,algo_match,token_set_ratio,,
90257,RYALTRIS NASAL SPRAY 120 METERED SPRAYS,RYALTRIS NASAL SPRAY 120 METERED,ريالتريس بخاخ للانف 120 جرعه,2474091.0,90.1,algo_match,brand_index,,
88870,RYBELSUS 14 MG 10 TABS,RYBELSUS 14 MG 10 TABS,ريبلسس 14 مجم 10 اقراص,2452686.0,100.0,algo_match,brand_index,,
87372,RYBELSUS 3 MG 10 TAB,RYBELSUS 3 MG 10 TABS,ريبلسس 3 مجم 10 اقراص,1534903.0,97.6,algo_match,brand_index,,
87573,RYBELSUS 7 MG 10 TABS,RYBELSUS 7 MG 10 TABS,ريبلسس 7 مجم 10 اقراص,2333399.0,100.0,algo_match,brand_index,,
61827,RYTMONORM 30 TAB,RYTMONORM 150 MG 30 F.C.TABS.,ريتمونورم 150 مجم 30 اقراص,2180069.0,85.7,ai_confirmed,ai_verified,0.0,
79832,RYZODEG 100UNITS PENFILL,,,,,,no_match,,
81309,S-26 AR GOLD MILK,S 26 GOLD AR MILK 400 GM,اس 26 جولد ايه ار لبن 400 جم,2635006.0,100.0,algo_match,token_set_ratio,,
75136,S-26 PRO GOLD (1) 400 GM MILK,S 26 PRO GOLD 1 MILK 400 GM,اس 26 برو جولد 1 لبن 400 جم,2156982.0,96.4,algo_match,token_set_ratio,,
74911,S-26 PRO GOLD (1) 800 GM,,,,,,no_match,,
74912,S-26 PROGRESS GOLD (3) 800 GM,,,,,,no_match,,
89004,S-26 PROGRESS GOLD 3 MILK 400 GM,S 26 PROGRESS GOLD 3 MILK 400 GM,اس 26 برو جولد 3 لبن 400 جم,1867697.0,100.0,algo_match,token_set_ratio,,
75027,S-26 PROMIL GOLD (2) 800 GM,,,,,,no_match,,
91085,S-26 PROMIL GOLD 2 MILK 900 GM,S 26 GOLD 2 MILK 900 GM,اس 26 جولد 2 لبن 900 جم,2449098.0,100.0,algo_match,token_set_ratio,,
28573,S.M.R 20TAB,S.M.R 2 MG 20 TAB.,اس ام ار 2 مجم 20 اقراص,1570891.0,82.8,ai_confirmed,ai_verified,0.0,
80544,S.P MIX 200GM,S.P. MIX 200 GM 2 SACHETS,اس بي ميكس 200 جم 2 اكياس,2146418.0,100.0,algo_match,token_set_ratio,,
80226,S_26 PROMIL 2 GOLD 400GM MILK,S 26 PROMIL GOLD 2 MILK 400 GM,اس 26 برو جولد 2 لبن 400 جم,2400580.0,93.3,algo_match,token_set_ratio,,
73447,SACROFER I.V 5 ML 5 AMP,SACROFER 100 MG / 5 ML 5 AMP FOR I.V. INJ.,ساكروفير 100 مجم / 5 مل 5 امبول,2313168.0,100.0,algo_match,token_set_ratio,,
9238,SAFAMOOD 20 TAB,SAFAMOOD 20 F.C.TAB.,صافامود 20 اقراص,1612633.0,88.2,ai_confirmed,ai_verified,0.0,
81293,SAFETRIUM 30 F.C. TABS.,SAFETRIUM 30 F.C. TABS,سيفتريوم 30 اقراص,907742.0,100.0,algo_match,brand_index,,
90884,SAFINOZOL 50 MG 10 F.C. TABS,SAFINOZOL 50 MG 10 TABS,سافينوزول 50 مجم 10 اقراص,,92.0,algo_match,brand_index,,
87793,SAGINKGO 30 CAPSULES 120 ML,SAGINKGO 30 CAPS,ساجنكو 30 كبسول,2499422.0,81.5,ai_confirmed,ai_verified,0.0,
74535,SALBOVENT 2 MG 30TAB.,SALBOVENT 2 MG 30 TAB.,سالبوفينت 2 مجم 30 اقراص,2469880.0,100.0,algo_match,brand_index,,
26873,SALBOVENT FORTE 20 TAB,SALBOVENT FORTE 4 MG 20 TAB.,سالبوفينت فورت 4 مجم 20 اقراص,903725.0,89.8,ai_confirmed,ai_verified,0.0,
36302,SALBOVENT SYRUP,SALBOVENT 2 MG / 5 ML SYRUP 120 ML,سالبوفينت 2 مجم / 5 مل شراب 120 مل,2462879.0,100.0,algo_match,token_set_ratio,,
79331,salgy 50gm massage cream,SALGY MASSAGE CREAM 50 GM,سالجي كريم مساج 50 جم,903727.0,100.0,algo_match,brand_index,,
26071,SALIBET OINT. 30 GM,SALIBET OINT. 30 GM,ساليبت مرهم 30 جم,903726.0,100.0,algo_match,brand_index,,
79329,salicortiderm 30gm cream,SALICORTIDERM OINT. 30 GM,ساليكورتيديرم مرهم 30 جم,1324551.0,88.4,ai_confirmed,ai_verified,0.0,
29891,SALINE 0.9% 500 CC . R,,,,,,no_match,,
43482,SALINE SOLUTION 0.9% 500 ML R.C.,,,,,,no_match,,
46908,SALINEX DROPS,SALINEX 0.9 % NASAL DROPS 20 ML,سالينكس 0.9 % قطره للانف 20 مل,2436414.0,100.0,algo_match,token_set_ratio,,
92636,SALISYLIC OINTMENT,,,,,,no_match,,
86997,SALITROXIB 90 MG 20 F.C. TABS,SALITROXIB 90 MG 20 TABS,ساليتروكسيب 90 مجم 20 اقراص,1455358.0,92.3,algo_match,brand_index,,
83176,salmetocort 50\250 60caps,SALMETOCORT 250 / 50 MCG 60 PD. INH. CAPS.+ INH. DEVICE,سالميتوكورت 250 / 50 مكجم 60 كبسول استنشاق,2586675.0,84.4,ai_confirmed,ai_verified,0.0,
91481,SALMETOCORT 500/50MCG 60 PD. INH. CAPS.+ INH. DEVI,SALMETOCORT 250 / 50 MCG 60 PD. INH. CAPS.+ INH. DEVICE,سالميتوكورت 250 / 50 مكجم 60 كبسول استنشاق,2586675.0,92.0,algo_match,brand_index,,
36347,SANDIMMUN NEORAL 100MG CAP,SANDIMMUN NEORAL 100 MG 50 S.G.CAPS.,سانديمون نيورال 100 مجم 50 كبسول,,87.1,ai_confirmed,ai_verified,0.0,
44123,SANDIMMUN NEORAL 50MG CAP,SANDIMMUN NEORAL 50 MG 50 S.G.CAPS.,سانديمون نيورال 50 مجم 50 كبسول,,86.7,ai_confirmed,ai_verified,0.0,
21311,SANDOSTATIN LAR 30 MG injection %%%,,,,,,no_match,,
86938,SANO JOY 30 CAPS,SANO JOY 30 CAPS.,سانو جوي 30 اقراص,,100.0,algo_match,brand_index,,
89596,SANOLEVOX 1.5% EYE DROPS 5 ML,SANOLEVOX 1.5 % EYE DROPS 5 ML,سانوليفوكس 1.5 % قطره للعين 5 مل,2363484.0,94.9,algo_match,brand_index,,
91933,Sanosight 30 Cap,SANOSIGHT 30 CAP,سانوسايت 30 اقراص,,100.0,algo_match,brand_index,,
86481,SANSEODERM CREAM 50 GM,,,,,,no_match,,
88235,sanso b complex 20capsul,SANSO B COMPLEX 30 CAPS.,سانسو بي كومبلكس 30 كبسول,2161092.0,91.7,algo_match,brand_index,,
90088,SANSO B TRIO 14 CAPS.,SANSO B TRIO 14 TABS,سانسو بي تريو 14 اقراص,2607644.0,90.0,algo_match,token_set_ratio,,
90144,SANSO B12 1000MGC,,,,,,no_match,,
81798,sanso bronchi syrup,SANSO BRONCHI SYRUP 100 ML,سانسو برونشي شراب 100 مل,2093194.0,84.4,ai_confirmed,ai_verified,0.0,
81079,sanso c plus 14tab,SANSO C PLUS 14 TABS.,سانسو سي بلس 14 اقراص,903741.0,97.4,algo_match,brand_index,,
80849,SANSO D3 10000 I.U. 28TABS,SANSO D 3 10000 I.U. 28 TABS,سانسو دي ثري 10000 اقراص,2680796.0,100.0,algo_match,brand_index,,
91191,SANSO D3 PLUS 28 TAB,,,,,,no_match,,
84152,SANSO FOLIC 800MG TAB,SANSO FOLIC 800 MCG 28 TABS,سانسو فوليك 800 مكجم 28 اقراص,2193459.0,89.8,ai_confirmed,ai_verified,0.0,
89464,sanso magnesium 250mg 28tab,SANSO MAGNESIUM 250 MG 28 TAB,سانسو ماغنسيوم 250 مجم 28 اقراص,1269379.0,100.0,algo_match,brand_index,,
88123,sanso omega syp200ml,SANSO OMEGA SYRUP 200 ML,سانسو اوميجا شراب 200 مل,2277812.0,95.7,algo_match,brand_index,,
87972,SANSO POTASSIUM 200 MG 28 TABLETS,SANSO POTASSIUM 200 MG 28 TABLETS,سانسو بوتاسيوم 200 مجم 28 اقراص,2318647.0,100.0,algo_match,brand_index,,
89121,SANSO WOMEN 30 TABS,SANSO WOMEN 30 TABS,سانسو سيدات 30 اقراص,2635461.0,100.0,algo_match,brand_index,,
79710,SANSO ZINC 30 CAPSULES,,,,,,no_match,,
81377,sanso zinc 50 mg,SANSO ZINC 50 MG 30 CAPS.,سانسو زنك 50 مجم 30 كبسول,2361505.0,80.0,ai_confirmed,ai_verified,0.0,
79138,SANSOCOD 200ML SYRUP,SANSOCOD SYRUP 200 ML,سانسو كود شراب 200 مل,1986554.0,100.0,algo_match,brand_index,,
79137,SANSOIMUNE 200ML SYRUP,SANSOIMMUNE SYRUP 200 ML,سانسواميون شراب 200 مل,2513571.0,97.9,algo_match,brand_index,,
91735,SANSOIMUNE PLUS 140M SYRUP,,,,,,no_match,,
81041,SANSOIMUNE PLUS SUGAR FREE SYRUP,,,,,,no_match,,
83799,SANSOIMUNE SYRUP 200 ML VIT C+ZINC,SANSOIMMUNE SYRUP 200 ML,سانسواميون شراب 200 مل,2513571.0,83.3,ai_confirmed,ai_verified,0.0,
84510,SANSOVIT CALCIUM 100 ML SYRUP,SANSOVIT CALCIUM SYRUP 100 ML ORANGE,سانسوفيت كالسيوم شراب 100 مل برتقال,2144435.0,89.2,ai_confirmed,ai_verified,0.0,
83307,SANSOVIT PLUS 100ML SYP,,,,,,no_match,,
83275,SANSOVIT PLUS 160ML SYP,,,,,,no_match,,
90926,SANTA SEA 180ML,SANTASEA 180 ML SYRUP,سانتا سي شراب 180 مل,,81.1,ai_confirmed,ai_verified,0.0,
85737,santabiota 15 ml,SANTABIOTA ORAL DROP 15 ML,سانتابيوتا 15 مل قطره,2625698.0,100.0,algo_match,token_set_ratio,,
86979,SANTANERVA 10 CAPSULES,SANTANERVA 10 TABS,سانتانيرفا 10 اقراص,1973651.0,83.9,ai_confirmed,ai_verified,0.0,
83580,SANTORIN 1400 MG 10 SACHETS,SANTORIN 10 SACHETS,سانتورين 10 كيس,,82.6,ai_confirmed,ai_verified,0.0,
91159,SANTORIN 350 MG 20 CAPS,SANTORIN 350 MG 20 CAPULES,سانتورين 350 مجم 20 كبسول,,93.9,algo_match,brand_index,,
83370,SANZALERA 180MG 14 TABLETS,,,,,,no_match,,
58345,SARCOZIDE 12.5/16 20 TAB,SARCOZIDE 16 / 12.5 MG 20 TABS.,ساركوزايد 16 / 12.5 مجم 20 اقراص,903715.0,85.2,ai_confirmed,ai_verified,0.0,
65987,SAVIBLEED 500 MG 20 TAB,SAVIBLEED 500 MG 20 F.C TAB.,سافيبليد 500 مجم 20 اقراص,2296825.0,92.0,algo_match,brand_index,,
82769,SAXENDA 6MG/ML 1PEN,,,,,,no_match,,
90337,SCAR SECRET GEL 30MGG,SCAR SECRET GEL 40 GM,سكار سيكريت جل 40 جم,,88.4,ai_confirmed,ai_verified,0.0,
74519,SCARO GEL 50 GM,SCARO GEL 50 GM,سكارو جل 50 جم,2145108.0,100.0,algo_match,brand_index,,
75347,SCARO PLUS CREAM 50 GM,SCARO PLUS CREAM 50 GM,سكارو بلس كريم 50 جم,1654121.0,100.0,algo_match,brand_index,,
88479,SCORCH 20 MG 30 CAPS,SCORCH 20 MG 30 CAP,سكورش 20 مجم 30 كبسوله,,97.4,algo_match,brand_index,,
88506,SCRLOW CREAM,,,,,,no_match,,
88596,SEBAFERRO 20 TAB,SEBAFERRO 20 TAB,سيبافيرو 20 اقراص,,100.0,algo_match,brand_index,,
84910,SEBANOIN GEL 15 MG,,,,,,no_match,,
87373,SEBOFREE SHAMPOO 110 ML,SEBOFREE SHAMPOO,سيبوفري شامبو,2251059.0,82.1,ai_confirmed,ai_verified,0.0,
9663,SEBORAL SHAMPOO,,,,,,no_match,,
3728,SECNIDAZOLE 500 MG 4 TAB,SECNIDAZOLE 500 MG 4 TAB.,سيكنيدازول 500 مجم 4 اقراص,2651674.0,100.0,algo_match,brand_index,,
81478,SECTOR ACNE PRONE SKIN LOTION 120GM,SECTOR ACNE PRONE SKIN LOTION 120 GM,سيكتور لوشن لحب الشباب 120 جم,2620831.0,100.0,algo_match,brand_index,,
83774,sector anti dandruff hair shampoo 120ml,,,,,,no_match,,
81484,SECTOR EXFOLIATING FACIAL GEL 250 GM,,,,,,no_match,,
81050,SECTOR FACIAL WASH GEL,SECTOR FACIAL WASH 250 ML,سيكتور غسول للوجه 250 مل,2466456.0,85.1,ai_confirmed,ai_verified,0.0,
78764,sector sun screen spf50,,,,,,no_match,,
81828,SECTOR WHITENING CREAM,SECTOR WHITENING CREAM 50 GM,سيكتور كريم تفتيح 50 جم,904054.0,88.0,ai_confirmed,ai_verified,0.0,
89711,SEDALOSTATE 2% VAGINAL CREAM 5 GM,SEDALOSTATE 2 % VAGINAL CREAM 5 GM,سيدالوستيت 2 % كريم مهبلي 5 جم,,95.5,algo_match,brand_index,,
86655,SEDATUSS SUSP 20 MG 100 ML,SEDATUSS 20 MG / 5 ML 100 ML SUSP.,سيداتوس 20 مجم / 5 مل 100 شراب,1061891.0,88.1,ai_confirmed,ai_verified,0.0,
21757,SEDIPROCT CREAM,SEDIPROCT TOPICAL CREAM 20 GM,سيديبروكت كريم 20 جم,2454532.0,100.0,algo_match,token_set_ratio,,
20408,SEDIPROCT SUPP,SEDIPROCT 6 SUPP.,سيديبروكت 6 لبوس,1926013.0,93.3,algo_match,brand_index,,
60882,SEDOKAST 10 MG 10 TAB,SEDOKAST 10 MG 10 F.C. TAB.,سيدوكاست 10 مجم 10 اقراص,1446813.0,91.3,algo_match,brand_index,,
88198,SEE-LIT HYALURONIC ACID SKIN SERUM 30 ML,,,,,,no_match,,
88197,SEE-LIT SKIN VITAMIN C SERUM 30 ML,,,,,,no_match,,
81357,SEIZURLESS 100 MG/1ML SYRUP,,,,,,no_match,,
56506,SEIZURLESS 500 MG 30 TABS,SEIZURLESS 500 MG 30 F.C.TABS.,سيزرليس 500 مجم 30 اقراص,2470191.0,92.6,algo_match,brand_index,,
64368,SEKEM BABY CALM DRINK 10 SACHETS,SEKEM BABY CALM DRINK 10 SACHETS,سيكم بيبي كالم 10 اكياس,2145784.0,100.0,algo_match,brand_index,,
56262,SEKEM CALM HERBS 15 FILT,,,,,,no_match,,
55697,SEKEM COUGH HERBS 15 FILTER,,,,,,no_match,,
63351,SEKEM FLU HERBS 15PAG,,,,,,no_match,,
9422,SEKEM LAXATIVE 10FILTERS ملين,SEKEM LAXATIVE 10 FILTER BAGS,سيكم ملين 10 اكياس,2159110.0,81.4,ai_confirmed,ai_verified,0.0,
18035,SEKEM LAXI,,,,,,no_match,,
60132,SEKEM MOTHER HERBS 15FILTERS,,,,,,no_match,,
9434,SEKEM RENAL HERBS للكلى,SEKEM RENAL HERBS 15 FILTER BAGS,سيكم كلي 15 كيس,2470213.0,85.0,ai_confirmed,ai_verified,0.0,
68149,SEKEM RENO 15 ENVELO PES,,,,,,no_match,,
79752,sekem stevia 40 sachets,,,,,,no_match,,
89717,selden spray,SELDEN 25 ML SPRAY,سيلدين 25 مل بخاخ,2476070.0,80.0,ai_confirmed,ai_verified,0.0,
17733,SELECTIVAL 20 CAPSULES,SELECTIVAL 20 CAP,سيليكتفال 20 كبسول,1171707.0,87.2,ai_confirmed,ai_verified,0.0,
47942,SELENGENA SHAMPOO 120 ML,,,,,,no_match,,
23233,SELENIUM-ACE 30 TAB,SELENIUM ACE 30 TABS,سيلينوم ايه سي اي 30 اقراص,,97.4,algo_match,brand_index,,
82605,SELENOSTAR 30 TABS.,SELENOSTAR 30 TABS,سيلينوستار 30 اقراص,2631661.0,100.0,algo_match,brand_index,,
90494,SELEX-OMEGA,,,,,,no_match,,
75207,SELGON 10 MG 6 SUPP,SELGON 10 MG 6 INFANT SUPP.,سيلجون 10 مجم 6 لبوس للاطفال,,84.4,ai_confirmed,ai_verified,0.0,
18974,SELGON 20 MG 20 TAB,SELGON 20 MG 20 TABS.,سيلجون 20 مجم 20 اقراص,2671650.0,97.4,algo_match,brand_index,,
72946,SELOKEN ZOC 100 MG 28 TAB,,,,,,no_match,,
73796,SELOKEN ZOC 200 MG 28 TAB,,,,,,no_match,,
72945,SELOKEN ZOC 25 MG 28 TAB,,,,,,no_match,,
72944,SELOKEN ZOC 50 MG 28 TAB,,,,,,no_match,,
79930,SELONA 1000MG 20SACHETS,SELONA 20 SACHETS,سلونا 20 اكياس,2157374.0,81.0,ai_confirmed,ai_verified,0.0,
49534,SENS LIGHT WHITENING CREAM 60 GM,SENS LIGHT WHITENING CREAM 60 GM,سينس لايت كريم تفتيح 60 جم,2143685.0,100.0,algo_match,brand_index,,
84440,SENSI CARE 75 ML SPRAY,,,,,,no_match,,
49536,SENSICARE CREAM 50 GM,SENSICARE CREAM 50 GM,سينسي كير كريم 50 جم,2112828.0,100.0,algo_match,brand_index,,
73759,SENZO -1 SOAP 100ML,SENZO 1 SOAP 100 GM,سينزو 1 صابون 100 جم,2189640.0,94.7,algo_match,brand_index,,
SEP,SEPTAZOLE 200 TAB,SEPTAZOLE 400 / 80 MG 200 TAB.,سيبتازول 400 / 80 مجم 200 اقراص,1547682.0,100.0,algo_match,token_set_ratio,,
39834,SEPTAZOLE SYP,,,,,,no_match,,
679,SEPTRIN PEDIATRIC SUSPENSION 120 ML,,,,,,no_match,,
82470,SERAVAL SHAMPOO 180ML,,,,,,no_match,,
86414,SERETIDE 125 MG 120 DOSES,,,,,,no_match,,
73621,SERETIDE 125MG 25 DOSE,,,,,,no_match,,
74562,SERETIDE DISKUS 100 M.G 60 DOSE,SERETIDE DISKUS 100 / 50 MCG 60 DOSES,سيريتايد ديسكس 100 / 50 مكجم 60 جرعه,1740178.0,85.3,ai_confirmed,ai_verified,0.0,
74372,SERETIDE DISKUS 250-60DOSE,SERETIDE DISKUS 250 / 50 MCG 60 DOSES,سيريتايد ديسكس 250 / 50 مكجم 60 جرعه,2313214.0,84.4,ai_confirmed,ai_verified,0.0,
73945,SERETIDE DISKUS 500M.G 60 DOSE,SERETIDE DISKUS 250 / 50 MCG 60 DOSES,سيريتايد ديسكس 250 / 50 مكجم 60 جرعه,2313214.0,85.3,ai_confirmed,ai_verified,0.0,
85635,SERIOPRAZOLE 40MG,SERIOPRAZOLE 40 MG 20 CAPS.,سريوبرازول 40 مجم 20 اقراص,2300387.0,81.8,ai_confirmed,ai_verified,0.0,
22337,SERLIFT 100MG 10 F.C. TAB,SERLIFT 100 MG 10 F.C. TAB.,سيرليفت 100 مجم 10 اقراص,904011.0,100.0,algo_match,brand_index,,
75833,SEROLEZE HAIR SERUM 120,SEROLEZE HAIR SERUM 120 ML,سيروليز سيروم للشعر 120 مل,1528478.0,93.9,algo_match,brand_index,,
82238,SEROPIPE HAIR CONDITIONER 200 ML,SEROPIPE HAIR CONDITIONER 200 ML,سيروبايب بلسم للشعر 200 مل,2250962.0,100.0,algo_match,brand_index,,
83411,seropipe hair dropper,,,,,,no_match,,
82007,SEROPIPE HAIR MASK 300ML,SEROPIPE HAIR MASK 300 ML,سيروبايب ماسك للشعر 300 مل,2473640.0,100.0,algo_match,brand_index,,
79239,SEROPIPE HAIR SERUM 100 ML,,,,,,no_match,,
80065,SEROPIPE HAIR SHAMPOO 300 ML,SEROPIPE HAIR SHAMPOO 300 ML,سيروبايب شامبو للشعر 300 مل,2172937.0,100.0,algo_match,brand_index,,
81166,SEROPIPE HAIR SPRAY 200 ML,SEROPIPE HAIR SPRAY 200 ML,سيروبايب بخاخ للشعر 200 مل,2632312.0,100.0,algo_match,brand_index,,
87111,SEROPIPE SPRAY 200ML,,,,,,no_match,,
26588,SEROQUEL 100MG 30TAB,SEROQUEL 100 MG 30 TAB.,سيروكويل 100 مجم 30 اقراص,,100.0,algo_match,brand_index,,
47293,SEROQUEL 200MG 30TAB,SEROQUEL 200 MG 30 TAB.,سيروكويل 200 مجم 30 اقراص,,100.0,algo_match,brand_index,,
47294,SEROQUEL 25MG 10TAB,SEROQUEL 25 MG 10 TAB.,سيروكويل 25 مجم 10 اقراص,,100.0,algo_match,brand_index,,
63975,SEROQUEL XR 300 MG 30TAB,SEROQUEL XR 300 MG 30 TAB.,سيروكويل اكس ار 300 مجم 30 اقراص,,100.0,algo_match,brand_index,,
48279,SEROXAT CR 12.5 MG 30 TAB,SEROXAT CR 12.5 MG 30 F.C. TAB,سيروكسات سي ار 12.5 مجم 30 اقراص,,92.6,algo_match,brand_index,,
48278,SEROXAT CR 25MG 30 TAB,SEROXAT CR 25 MG 30 F.C. TAB,سيروكسات سي ار 25 مجم 30 اقراص,969906.0,92.0,algo_match,brand_index,,
48270,SERPASS 100 MG 20 TAB,SERPASS 100 MG 20 F.C. TAB,سيرباس 100 مجم 20 اقراص,,91.3,algo_match,brand_index,,
88352,SERPASS 100MG 30 F.C. TAB.,SERPASS 100 MG 30 F.C. TAB,سيرباس 100 مجم 30 اقراص,2470159.0,100.0,algo_match,brand_index,,
63174,SERPASS 50MG 30 TAB,SERPASS 50 MG 30 F.C.TAB.,سيرباس 50 مجم 30 اقراص,2144817.0,90.9,algo_match,brand_index,,
85022,SERVI LIGHT 30CAPS,SERVI LIGHT 30 CAP,سيرفي لايت 30 كبسول,1997286.0,97.3,algo_match,brand_index,,
33904,SERVIFLOX 250 MG 10 TAB,SERVIFLOX 250 MG 10 F.C.TAB.,سيرفيفلوكس 250 مجم 10 اقراص,,92.0,algo_match,brand_index,,
41156,SERVIFLOX 750MG TAB,SERVIFLOX 750 MG 10 F.C. TAB.,سيرفيفلوكس 750 مجم 10 اقراص,,85.1,ai_confirmed,ai_verified,0.0,
58138,SESERINE 50 MG 30 TAB,SESERINE 50 MG 30 TAB.,سيسرين 50 مجم 30 اقراص,1654265.0,100.0,algo_match,brand_index,,
30972,SETAVLON SOLUTION 120ML,,,,,,no_match,,
84770,SETRONOMET 4 MG 4 ODT,SETRONOMET 4 MG 4 ORAL DIS. TABS.,سيترونوميت 4 مجم 4 اقراص,2006381.0,88.2,ai_confirmed,ai_verified,0.0,
91656,SETRONOMET 8 MG 10 ODT,SETRONOMET 8 MG 10 ORAL DIS. TABS,سيترونوميت 8 مجم 10 اقراص,,90.0,algo_match,token_set_ratio,,
91937,Seven Slim,,,,,,no_match,,
89919,SHAAN CICA CREAM 60GM,SHAAN CICA CREAM 60 GM,شان جل كريم مطفئ للمعان 60 جم,2600285.0,100.0,algo_match,brand_index,,
88626,shaan INTIMATE FEMININE CLEANSER 250ML,SHAAN INTIMATE FEMININE CLEANSER 250 ML,شان غسول دش حريمي 250 مل,2316886.0,100.0,algo_match,brand_index,,
82453,SHAAN LIP BALM COCOA BUTTER 5GM,,,,,,no_match,,
75627,SHAAN SOOTHIG GEL 120 GM,SHAAN SOOTHING GEL 120 GM,شان جل 120 مل جديد,2683943.0,98.0,algo_match,brand_index,,
81390,shalgaten 300g caps,SHALGATEN 300 MG 30 CAPS.,شالجاتين 300 مجم 30 كبسول,2550709.0,90.9,algo_match,brand_index,,
79209,SHAMSOMOX 5 TABLETS,SHAMSOMOX 400 MG 10 F.C.TABS,شامسوموكس 400 مجم 10 اقراص,1535310.0,88.2,ai_confirmed,ai_verified,0.0,
76978,SHARKILAGE 30 CAPS,SHARKILAGE 30 CAPS.,شاركيلاج 30 كبسول,1084487.0,100.0,algo_match,brand_index,,
81274,SHARKILAGE PLUS 30 CAPS,SHARKILAGE PLUS 30 CAPS.,شاركيلاج بلس 30 كبسول,2340820.0,100.0,algo_match,brand_index,,
92044,SHINGRIX 50MCG/0.5 ML PD FOR I.M. VIAL,,,,,,no_match,,
83936,shoma cream 60mg,SHOMA CREAM 60 GM,شوما كريم 60 جم,2161113.0,94.1,algo_match,brand_index,,
81006,SIDERAL ACTIVE 15 MOUTH DIPERSABLE STICKS,SIDERAL ACTIVE 15 ORODISPERSIBLE STICKS,سيدرال اكتيف 15 اكياس,2160028.0,85.0,ai_confirmed,ai_verified,0.0,
89122,SIDERAL ACTIVE 20 CAPS,SIDERAL ACTIVE 20 CAPSULES,سيدرال اكتيف 20 كبسول,2520942.0,91.7,algo_match,brand_index,,
82396,SIDERAL BIMBI 10 SACHETS,,,,,,no_match,,
79912,SIDERAL FOLIC 20 ORODISPERSIBLE STICKS,SIDERAL FOLIC 20 ORODISPERSIBLE STICKS,سيدرال فوليك 20 اكياس,2436604.0,100.0,algo_match,brand_index,,
89831,SIDERAL FORT 30CAP,,,,,,no_match,,
SV,SILDAVA 100 MG 12 TAB,SILDAVA 100 MG 12 F.C. TAB.,سيلدافا 100 مجم 12 اقراص,2313230.0,91.3,algo_match,brand_index,,
73930,SILDEN 100 MG 4 TAB,SILDEN 100 MG 4 F.C. TABS.,سيلدين 100 مجم 4 اقراص,2313232.0,88.4,ai_confirmed,ai_verified,0.0,
88334,SILDEN 100 MG 8 TABLETS,SILDEN 100 MG 8 F.C. TABS,سيلدين 100 مجم 8 اقراص,1464792.0,85.1,ai_confirmed,ai_verified,0.0,
61927,SILDEN 50 MG 4 TAB,SILDEN 50 MG 4 F.C. TABS.,سيلدين 50 مجم 4 اقراص,2161662.0,87.8,ai_confirmed,ai_verified,0.0,
81387,sildocare 8cap,,,,,,no_match,,
90928,SILDOCARE 8MG 30CAP,SILDOCARE 8 MG 30 CAPS,سيلدوكير 8 مجم 30 كبسول,2632916.0,97.7,algo_match,brand_index,,
17865,SILIPEX CAP,SILIPEX 30 CAPSULES,بيك فارما هنجر سيل 30 كبسوله,2639439.0,84.2,ai_confirmed,ai_verified,0.0,
65732,SILKREN SHAMPOO ANTI DANDRUFF 250 ML,SILKREN SHAMPOO 250 ML,سيلكرين شامبو 250 مل,2651373.0,100.0,algo_match,token_set_ratio,,
47051,SILVER LINE IUD CUPPER LOOP,,,,,,no_match,,
19433,SILVER SEAS CAP,SILVER SEAS 20 CAPS.,سيلفر سيز 20 كبسول,904090.0,88.2,ai_confirmed,ai_verified,0.0,
19434,SILVER SEAS SYRUP,SILVER SEAS SYRUP 120 ML,سيلفر سيز شراب 120 مل,1432130.0,82.9,ai_confirmed,ai_verified,0.0,
78171,silvirburn cream,SILVIRBURN 1 % CREAM 30 GM,سيلفربيرن 1 % كريم 30 جم,1004737.0,100.0,algo_match,token_set_ratio,,
78181,SIMEDILL SYRUP 120ML,,,,,,no_match,,
20348,SIMETHICONE-MUP 2% EMULSION ORAL DROPS 30 ML,,,,,,no_match,,
73203,SIMETHICONE 2% (30ML) ORAL DROPS.,SIMETHICONE 2 % ( 30 ML) ORAL DROPS AMRIYA,سايميثيكون قطره 30 مل العامريه,2673273.0,82.7,ai_confirmed,ai_verified,0.0,
20151,SIMETHICONE SYRUP 120 ML,SIMETHICONE MUP 120 ML SYRUP,سايميثيكون 120 مل شراب المهن,,92.3,algo_match,brand_index,,
75041,SINADRY 120ML SYRUP,SINADRY SYRUP 120 ML,سينادراي شراب 120 مل,,100.0,algo_match,brand_index,,
7526,SINE-UP SYRUP,SINE UP SYRUP 120 ML,ساين اب شراب 120 مل,2156196.0,100.0,algo_match,token_set_ratio,,
74181,SINGULAIR 10 MG 14 TAB,SINGULAIR 10 MG 14 F.C. TAB.,سينجولاير 10 مجم 14 اقراص,1740069.0,91.7,algo_match,brand_index,,
74721,SINGULAIR 5MG 14TAB,SINGULAIR 5 MG 14 CHEWABLE TAB.,سينجولاير 5 مجم 14 اقراص,2489527.0,82.4,ai_confirmed,ai_verified,0.0,
75017,SINLERG 20TAB,SINLERG 20 TABLETS,سينليرج 20 اقراص,2521678.0,87.5,ai_confirmed,ai_verified,0.0,
85605,SINOMARIN BABIES 18 NASAL VIALS 5 ML,SINOMARIN BABIES 18 NASAL VIALS 5 ML,سينومارين بيبي 18 امبول 5 مل,,100.0,algo_match,brand_index,,
75209,SINOMARIN CHILDREN NOSE CARE 100 ML SPRAY,,,,,,no_match,,
65490,SINOPRIL -CO 20 MG 30 TAB,SINOPRIL CO 12.5 / 20 MG 30 TAB.,سينوبريل كو 12.5 / 20 مجم 30 اقراص,1009887.0,87.3,ai_confirmed,ai_verified,0.0,
65534,SINOPRIL 10MG 30 TAB,SINOPRIL 10 MG 30 TAB.,سينوبريل 10 مج 30 اقراص,2313245.0,100.0,algo_match,brand_index,,
19202,SINOPRIL 5MG TAB,SINOPRIL 5 MG 30 TAB.,سينوبريل 5 مجم 30 اقراص,2627759.0,91.9,algo_match,brand_index,,
89172,SINOZIM 20 E.C. TABS,SINOZIM 20 TAB,سينوزيم 20 اقراص,2566462.0,84.8,ai_confirmed,ai_verified,0.0,
91369,SINOZIM 30 TAB,SINOZIM 30 TABS,سينوزيم 30 اقراص,2499908.0,96.6,algo_match,brand_index,,
74560,SINUPRET 50 TAB,SINUPRET 50 SUGAR COATED TAB,سينوبريت 50 اقراص,2274439.0,100.0,algo_match,token_set_ratio,,
86626,SINUPRET FORTE 50 TABS,SINUPRET FORTE 50 SUGAR C.TABS.,سينوبريت فورت 50 اقراص,2670861.0,84.6,ai_confirmed,ai_verified,0.0,
90399,SINUPRET SYRUP 100 ML,SINUPRET SYRUP 100 ML,سينوبريت شراب,2683808.0,100.0,algo_match,brand_index,,
73582,SIRDALUD 2MG 20TAB,SIRDALUD 2 MG 20 TAB.,سيردالود 2 مجم 20 اقراص,1450905.0,100.0,algo_match,brand_index,,
92544,SIRDALUD 2MG 30TAB,SIRDALUD 2 MG 30 TAB,سيردالود 2 مجم 30 اقراص,2290017.0,100.0,algo_match,brand_index,,
73381,SIRDALUD 4MG 20TAB,SIRDALUD 4 MG 20 TAB.,سيردالود 4 مجم 20 اقراص,1362001.0,100.0,algo_match,brand_index,,
92583,SIRDALUD 4MG 30TAB,SIRDALUD 4 MG 30 TAB,سيردالود 4 مجم 30 اقراص,2636667.0,100.0,algo_match,brand_index,,
88075,SITAGLIFORM 50/1000 MG 30 F.C TABLETS,SITAGLIFORM 50 / 1000 MG 30 F. C. TABS.,سيتاجليفورم 50 / 1000 مجم 30 اقراص,2295831.0,87.7,ai_confirmed,ai_verified,0.0,
56966,SKINATRA OINT 15 GM,,,,,,no_match,,
89989,SKINOPROCIN TOPICAL OINT. 15 GM,SKINOPROCIN OINT 15 GM,سكينوبروسين مرهم 15 جم,2009535.0,84.6,ai_confirmed,ai_verified,0.0,
92083,SKINORICH 35G CREAM,SKINORICH CREAM 35 GM,سكينوريتش كريم 35 جم,2147044.0,97.6,algo_match,brand_index,,
92410,SKINOVO MATTIFYLNG CLEANSER 200ML,,,,,,no_match,,
91211,SLEEPCAN 30 TABS,SLEEPCAN 30 TAB,سليبكان 30 اقراص,,96.8,algo_match,brand_index,,
76879,SLEEPEZ 1MG 20TAB,SLEEPEZ 1 MG 20 F.C.TABS,سليبيز 1 مجم 20 اقراص,2193549.0,88.4,ai_confirmed,ai_verified,0.0,
75252,SLEEPEZ 2 MG 20 TAB,SLEEPEZ 2 MG 20 F.C.TABS,سليبيز 2 مجم 20 اقراص,2500509.0,88.4,ai_confirmed,ai_verified,0.0,
82097,SLEEPEZ 3 MG 30 TABS,SLEEPEZ 3 MG 30 F.C.TABS,سليبيز 3 مجم 30 اقراص,2313171.0,90.9,algo_match,brand_index,,
57060,SLIM SAFE 120 MG 30 CAP,SLIM SAFE 120 MG 30 CAPS.,سليم سيف 120 مجم 30 كبسول,2561790.0,97.9,algo_match,brand_index,,
84158,SLIMANIZER 30 CAPS.,SLIMANIZER 30 CAPS.,سليمانيزر 30 كبسول,2606821.0,100.0,algo_match,brand_index,,
59927,SLIMMER 100 SACHETS,,,,,,no_match,,
59327,SLIMMER 50 SACHETS,,,,,,no_match,,
26103,SNAFI 20 MG 2 TAB,SNAFI 20 MG 2 F.C.TAB.,سنافي 20 مجم 2 اقراص,1714162.0,89.5,ai_confirmed,ai_verified,0.0,
89943,SODIUM BICARB 1000 MG 30 CAPS,,,,,,no_match,,
90641,SODIUM BICARB 500MG 30 CAP,SODIUM BICARB 500 MG 90 CAPSULES,صوديوم بيكربونات 500 مجم 90 اقراص,,81.4,ai_confirmed,ai_verified,0.0,
89927,SODIUM BICARB 500MG BIOMED 30TAB,,,,,,no_match,,
86944,SODIUM BICARBONAT 1 GM 90 CAP,,,,,,no_match,,
86941,SODIUM BICARBONAT 500 MG 50 CAP,SODIUM BICARBONAT 500 MG 50 TABS,صوديوم بيكربونات 500 مجم 50 اقراص,2352848.0,85.7,ai_confirmed,ai_verified,0.0,
21162,SODIUM CHLORID .3% 250ML. P.INFUSION,,,,,,no_match,,
SGL,SODIUM CHLORID .9%&GLUCOSE5% 500ML. P.INFUSION,,,,,,no_match,,
26893,SODIUM CHLORID 0.9% (250)ML,,,,,,no_match,,
21171,SODIUM CHLORID 0.9%.500ML-SOL,SODIUM CHLORIDE 0.9 % MUP 500 ML,محلول ملح 0.9 % المهن,,80.6,ai_confirmed,ai_verified,0.0,
71801,SODIUM CHLORIDE 09%,,,,,,no_match,,
19171,SODIUM CHLORIDE 9% 500 ML +5% GLUCOSE,,,,,,no_match,,
SC,SODIUM CHLORIDE CAP 500 ML,SODIUM CHLORIDE 0.9 % ATCO 500 ML,محلول ملح 0.9 % 500 مل اتكو,,81.4,ai_confirmed,ai_verified,0.0,
57607,SOFENACIN 10 MG 20 TAB,SOFENACIN 10 MG 20 F.C.TAB.,سوفيناسين 10 مجم 20 اقراص,903894.0,91.7,algo_match,brand_index,,
86301,SOFENACIN 1MG/ML ORAL SUSP. 120 ML,SOFENACIN 1 MG / ML ORAL SUSP. 120 ML,سوفيناسين شراب 120 مل,2604581.0,94.3,algo_match,brand_index,,
63958,SOFENACIN 5 MG 30 TAB,SOFENACIN 5 MG 30 F.C. TAB.,سوفيناسين 5 مجم 30 اقراص,903895.0,91.3,algo_match,brand_index,,
89376,SOFENACIN PLUS 5/50 MG 30 MODIFIED REL. TABS,,,,,,no_match,,
88679,SOFIMER 0.9% KIDS ISOTONIC NASAL SPRAY 100 ML,SOFIMER 0.9 % ISOTONIC NASAL SPRAY 100 ML,سوفيمير 0.9 % ايزوتونيك اطفال 100 مل,,90.7,algo_match,brand_index,,
90325,SOFIMER 2.6% FAMILY NASAL SPRAY 100 ML,SOFIMER 2.6 % FAMILY NASAL SPRAY 100 ML,سوفيمير 2.6 % فاميلي هيبرتونيك كبار 100 مل,2299597.0,96.1,algo_match,brand_index,,
83988,SOFTA FEMINNE WASH LIQUID 200ML,,,,,,no_match,,
91822,SOGESTEDIN 0.075 MG 28 TAB,,,,,,no_match,,
73614,SOLIAN 200 MG 30 TAB,SOLIAN 200 MG 30 SCORED TABLETS,سوليان 200 مجم 30 اقراص,,88.9,ai_confirmed,ai_verified,0.0,
81395,SOLIAN 400MG TABS,SOLIAN 400 MG 30 SCORED TABLETS,سوليان 400 مجم 30 اقراص,,83.9,ai_confirmed,ai_verified,0.0,
81388,solitract 10 mg tab,SOLITRACT 10 MG 30 F.C. TAB.,سوليتراكت 10 مجم 30 اقراص,2626829.0,84.4,ai_confirmed,ai_verified,0.0,
75259,SOLITRACT 5 MG 30 TAB,SOLITRACT 5 MG 30 F.C. TAB.,سوليتراكت 5 مجم 30 اقراص,2043830.0,91.3,algo_match,brand_index,,
58910,SOLO SEPT FOAMING 14 SACHETS X 10 ML,SOLO SEPT FOAMING SKIN CLEANSER 14 SACHETS X 10 ML,سولو سيبت 14 اكياس 10 مل,944788.0,83.7,ai_confirmed,ai_verified,0.0,
51808,SOLO SEPT SOLUTION 200 ML,,,,,,no_match,,
90938,SOLODEX SPRAY,,,,,,no_match,,
73566,SOLOFRESH EYE DROPS 10 ML,SOLOFRESH 0.2 % EYE DROPS 10 ML,سولوفريش 0.2 % قطره للعين 10 مل,903916.0,89.3,ai_confirmed,ai_verified,0.0,
90443,SOLOSLEEP 1 MG/4ML 120 ML,SOLOSLEEP SYRUP 120 ML,سولوسليب شراب 120 مل,,84.2,ai_confirmed,ai_verified,0.0,
80099,SOLPADEINE 24CAP,,,,,,no_match,,
81241,SOLPADOL 2.5 MG 6 TAB,SOLPADOL 2.5 MG 6 ORO DISPERSIBLE TABLETS,سولبادول 2.5 مجم 6 اقراص,903899.0,89.5,ai_confirmed,ai_verified,0.0,
57902,SOLPADOL 5 MG 6 TAB,SOLPADOL 5 MG 6 ORO DISPERSIBLE TABLETS,سولبادول 5 مجم 6 اقراص,2470065.0,88.2,ai_confirmed,ai_verified,0.0,
73947,SOLUPRED OR 20 MG 20 TAB,SOLUPRED ORO 20 MG 20 ORODISPERSIBLE TABS.,سولوبريد 20 مجم 20 اقراص,,80.0,ai_confirmed,ai_verified,0.0,
73493,SOLUPRED OR 5 MG 30 TAB,SOLUPRED ORO 5 MG 30 ORODISPERSIBLE TABS.,سولوبريد 5 مجم 30 اقراص,,82.1,ai_confirmed,ai_verified,0.0,
59309,SOLUVIT N POWDER,,,,,,no_match,,
89123,SOLVADOL KIDS THROAT SPRAY 20 ML,SOLVADOL KIDS THROAT SPRAY 20 ML,سولفادول للاطفال بخاخ 20 مل,,100.0,algo_match,brand_index,,
62060,SOLVETRA 2 TAB,SOLVETRA 20 MG 4 F.C. TABS.,سولفيترا 20 مجم 4 اقراص,,92.9,algo_match,partial_token_sort_ratio,,
68929,SOLVETRA 4 TAB,SOLVETRA 20 MG 4 F.C. TABS.,سولفيترا 20 مجم 4 اقراص,,83.3,ai_confirmed,ai_verified,0.0,
68903,SOLVIMYST SYRUP 120 ML,SOLVIMYST 100 MG / 5 ML SYRUP 120 ML,سولفيمست 100 مجم / 5 مل شراب 120 مل,,100.0,algo_match,token_set_ratio,,
73147,SOMATROPIN 4 I.U..1.6MG VIAL,SOMATROPIN 4 I.U.= 1.6 MG VIAL,سوماتروبين 1.6 مجم امبول,2562469.0,96.6,algo_match,brand_index,,
75189,SOMAZINA ORAL DROPS 30 ML,SOMAZINA 100 MG / ML ORAL DROPS 30 ML,سومازينا 100 مجم / مل قطره للفم 30 مل,1963023.0,80.6,ai_confirmed,ai_verified,0.0,
90554,SOMAZINA SUPRA 30MIL,SOMAZINA SUPRA 100 MG / ML ORAL DROPS 30 ML,سومازينا سوبرا 100 مجم / مل قطره للفم 30 مل,2448955.0,89.5,ai_confirmed,ai_verified,0.0,
89713,SOMAZINA SUPRA 500 MG 20 CAPS,,,,,,no_match,,
35584,SOMINALETTA SYRUP,,,,,,no_match,,
74365,SORAL 20 CAP,SORAL 20 MG 20 CAPS,سورال 20 مجم 20 كبسول,2470056.0,85.7,ai_confirmed,ai_verified,0.0,
79290,SORAL 20MG 5 SUPP,SORAL 20 MG 5 SUPP.,سورال 20 مجم 5 لبوس,903888.0,100.0,algo_match,brand_index,,
88290,SORAL 30 CAPSULES,,,,,,no_match,,
92004,SORALONE CREAM GEL 15% UREA 60ML,,,,,,no_match,,
92442,SORALONE HYDRA CREAM GEL 100 ML,SORALONE HYDRA CREAM GEL 100 ML,سورالون هيدرا كريم جل 100 مل,2532646.0,100.0,algo_match,brand_index,,
82850,SORIANA DOUCH 250 ML,,,,,,no_match,,
88739,SORTI 20 TABS,,,,,,no_match,,
65998,SPANIELA 35 MG 30 TAB,SPANIELA MR 35 MG 30 F.C. TAB.,سبانيلا ام ار 35 مجم 30 اقراص,2604574.0,85.7,ai_confirmed,ai_verified,0.0,
91887,SPARKPHI 10 ML ORAL DROPS,SPARKPHI ORAL DROP 10 ML,سباركفي قطره بالفم 10 مل,2358815.0,98.0,algo_match,brand_index,,
74890,SPASCOLON 100MG 30TAB,SPASCOLON 100 MG 30 F.C.TAB.,سباسكولون 100 مجم 30 اقراص,1426806.0,92.0,algo_match,brand_index,,
74930,SPASCOLON 50MG 30TAB,SPASCOLON 50 MG 30 F.C.TAB.,سباسكولون 50 مجم 30 اقراص,2640412.0,91.7,algo_match,brand_index,,
54253,SPASMO DIGESTIN 3 STRIP 30 tab,SPASMO DIGESTIN 30 TABS.,سبازمو ديجستين 30 اقراص,2145635.0,83.0,ai_confirmed,ai_verified,0.0,
86201,SPASMOCURE 60MG 30 TABS,SPASMOCURE 60 MG 30 TABS,سبازموكيور 60 مجم 30 اقراص,2436440.0,100.0,algo_match,brand_index,,
75149,SPASMOFEN 3 AMP,SPASMOFEN 3 AMP. FOR I.M. INJ.,سبازموفين 3 امبول,2144005.0,100.0,algo_match,token_set_ratio,,
74069,SPASMOFREE 3 AMP,SPASMOFREE 5 MG / 2 ML I.V. / I.M. 3 AMP.,سبازموفري 5 مجم / 2 مل 3 امبول,2313135.0,100.0,algo_match,token_set_ratio,,
54728,SPASMOFREE 50 MG 20 TAB,SPASMOFREE 50 MG 20 F.C.TABS.,سبازموفري 50 مجم 20 اقراص,903761.0,90.2,algo_match,brand_index,,
10690,SPASMOMEN TAB,SPASMOMEN 40 MG 20 TABS.,سبازمومين 40 مجم 20 اقراص,1874282.0,81.8,ai_confirmed,ai_verified,0.0,
89226,SPASMOPYRALGIN-M 10 TABS,SPASMOPYRALGIN M 30 TABLETS,سبازموبيرالجين ام 30 اقراص,2492918.0,90.2,algo_match,brand_index,,
SPA,SPASMOPYRALGIN-M 25*10 TABS.,SPASMOPYRALGIN M 30 TABLETS,سبازموبيرالجين ام 30 اقراص,2492918.0,85.2,ai_confirmed,ai_verified,0.0,
91871,SPASMOPYRALGIN-M 30 TABS,SPASMOPYRALGIN M 30 TABLETS,سبازموبيرالجين ام 30 اقراص,2492918.0,94.1,algo_match,brand_index,,
74608,SPASMOREST 20MG TAB,SPASMOREST 20 MG 20 TABS.,سبازموريست 20 مجم 20 اقراص,903759.0,90.9,algo_match,brand_index,,
82671,SPASULANCE FILM,SPASULANCE 62.5 MG 20 ORODISPERSIBLE FILMS,سبازولانس 62.5 مجم 20 فيلم,1423696.0,80.0,ai_confirmed,ai_verified,0.0,
77055,SPECTONE 100MG 20-TAB,SPECTONE 100 MG 20 TABS.,سبيكتون 100 مجم 20 اقراص,2161238.0,97.8,algo_match,brand_index,,
26614,SPECTONE 25MG 20TAB,SPECTONE 25 MG 20 TABS.,سبيكتون 25 مجم 20 اقراص,2032138.0,97.7,algo_match,brand_index,,
80289,SPECTRA PANTHENOL CREAM 30GM,,,,,,no_match,,
66024,SPECTRACEF 1 GM 1 VIAL,SPECTRACEF 1 GM I.M / I.V VIAL,سبيكتراسيف 1 جم امبول,2156976.0,80.8,ai_confirmed,ai_verified,0.0,
87782,SPERKODA 20 FILM COATED TABLETS,SPERKODA 20 TAB,سبيركودا 20 اقراص,,84.6,ai_confirmed,ai_verified,0.0,
81407,SPERMA PLUS 30 TABS,SPERMA PLUS 30 F.C.TABS,سبيرما بلس 30 اقراص,903774.0,90.5,algo_match,brand_index,,
84308,SPERTILITY 14 SACH,SPERTILITY 14 SACHETS,سبرتلتي 14 اكياس,2171012.0,92.3,algo_match,brand_index,,
90405,spesera check pregnancy,,,,,,no_match,,
84719,SPINOBAC 5MG-120ML ORAL SOLUTION,SPINOBAC 5 MG / 5 ML SYRUP 120 ML,سبينوباك 5 مجم / 5 مل شراب 120 مل,2314484.0,83.3,ai_confirmed,ai_verified,0.0,
17228,SPIREX 3MIU TAB,SPIREX 3 M.I.U. 10 TAB.,سبايركس 3 وحده 10 اقراص,2475092.0,85.7,ai_confirmed,ai_verified,0.0,
63257,SPIREX PLUS 250MG 20 TAB,SPIREX PLUS 20 F.C. TABS.,سبيركس بلس 20 اقراص,1948296.0,83.3,ai_confirmed,ai_verified,0.0,
74803,SPIRIVA 18MCG 30 INH. CAPS.+HANDIHALER,SPIRIVA 18 MCG 30 INH. CAPS.+HANDIHALER,سبايريفا 30 ك جديد,2635691.0,100.0,algo_match,brand_index,,
84403,spray on spray,NEO MOVE ON SPRAY 200 ML,بخاخ نويا حسنه 200 مل,2267275.0,100.0,algo_match,token_set_ratio,,
26537,SRILANE CREAM 20GM,SRILANE 5 % CREAM 20 GM,سريلان 5 % كريم 20 جم,,90.5,algo_match,brand_index,,
74977,SRILANE CREAM 60 GM,SRILANE 5 % CREAM 60 GM,سريلان 5 % كريم 60 جم,2378452.0,90.5,algo_match,brand_index,,
25823,STABLON 30TAB,STABLON 12.5 MG 30 SUGAR COATED TAB.,ستابلون 12.5 مجم 30 اقراص,,100.0,algo_match,token_set_ratio,,
88828,STAMIGEN 30 CAPS,STAMIGEN 30 CAPS,ستاميجن 30 اقراص,,100.0,algo_match,brand_index,,
74379,STAR VILLE acne prone skin CR 60GM,STARVILLE ACNE PRONE SKIN HYDRATE 100 ML,ستارفيل جل مرطب لحب الشباب 100 مل,2184140.0,82.7,ai_confirmed,ai_verified,0.0,
89708,Star Ville Skin Hydraating gel 100gm,,,,,,no_match,,
70222,STAR VILLE WHITENING CREAM 60 GM,STARVILLE WHITENING CREAM 60 GM,ستار فيل جل تفتيح ليلي قديم 60 جم,2585039.0,98.4,algo_match,brand_index,,
91468,STARKOPREX 20MG 4 TABS,STARKOPREX 20 MG 4 TABS.,ستاركوبريكس 20 مجم 4 اقراص,2145371.0,100.0,algo_match,brand_index,,
77858,STARKOPREX 5MG 30-TAB,STARKOPREX 5 MG 30 TABS.,ستاركوبريكس 5 مجم 30 اقراص,2313153.0,97.8,algo_match,brand_index,,
87265,STARKY ALOE VERA SCRUB,,,,,,no_match,,
87558,STARKY MASK CUCCUMBER,,,,,,no_match,,
79718,STARVILE WHITENING SOAP 100 GM,,,,,,no_match,,
87268,STARVILL HYALURONIC ACID 60 GM,,,,,,no_match,,
82241,STARVILLE EYE CONTOUR GEL 30 GM,STARVILLE EYE CONTOUR GEL 30 GM,ستار فيل اي كونتر جل 30 جم,2673152.0,100.0,algo_match,brand_index,,
80720,STARVILLE VITAMIN C SERUM 30ML,,,,,,no_match,,
87629,STARVILLE WHITENING GEL SPF 60 GM,STARVILLE WHITENING CREAM 60 GM,ستار فيل جل تفتيح ليلي قديم 60 جم,2585039.0,84.4,ai_confirmed,ai_verified,0.0,
79717,STARVILLLE ACNE- PRONE SKIN SOAP 90 GM,,,,,,no_match,,
63180,STATOMAIN 100MG 30 TAB,STATOMAIN 100 MG 30 SCORED F.C. TABS.,ستاتومين 100 مجم 30 اقراص,,90.5,algo_match,token_set_ratio,,
79691,statukast 10mg 10 tablets,,,,,,no_match,,
67263,STATURIC 80 MG 30TAB,STATURIC 80 MG 30 F.C. TABS.,ستاتوريك 80 مجم 30 اقراص,2360170.0,89.4,ai_confirmed,ai_verified,0.0,
88303,STEADYFUTAL 16 MG 60 TAB.,STEADYFUTAL 16 MG 60 TAB,ستيديفوتال 16 مجم 60 اقراص,2369308.0,100.0,algo_match,brand_index,,
82817,STEADYFUTAL 24MG 40TABS,STEADYFUTAL 24 MG 40 TAB,ستيديفوتال 24 مجم 40 اقراص,2369275.0,98.0,algo_match,brand_index,,
18602,STELLASIL 5MG 30TAB,STELLASIL 5 MG 30 TAB.,ستيلاسيل 5 مجم 30 اقراص,2268944.0,100.0,algo_match,brand_index,,
79886,STEPS CHOCOLATE TABS,,,,,,no_match,,
17689,STERILE WATER FOR INJECTION,,,,,,no_match,,
92354,STERIMAR ISOTONIC SPRAY,,,,,,no_match,,
87147,stern-vera syrup,,,,,,no_match,,
26161,STEROGYL #A# AMP IMP,,,,,,no_match,,
73079,STERONATE NOR 5 MG 20 TAB,,,,,,no_match,,
17397,STEVIA 100TAB,STEVIA 100 TABS,ستيفيا 100 اقراص,,96.6,algo_match,brand_index,,
47199,STIMU-MAX 5 TAB,STIMU MAX 100 MG 5 F.C.TABS,ستيميوماكس 100 مجم 5 اقراص,2174524.0,84.6,ai_confirmed,ai_verified,0.0,
75675,STIMULAN 400MG CAP,STIMULAN 400 MG 30 CAPS.,ستيميولان 400 مجم 30 كبسول,2313166.0,90.5,algo_match,brand_index,,
75565,STIMULAN 800 MG 30 TABS.,STIMULAN 800 MG 30 TAB.,ستيميولان 800 مجم 30 كبسول,1866483.0,97.8,algo_match,brand_index,,
4086,STIMULAN SYRUP,STIMULAN 200 MG / ML 120 ML SYRUP,ستيميولان 200 مجم / مل 120 مل شراب,2492796.0,100.0,algo_match,token_set_ratio,,
91252,STOMICOPE 40 MG 30 CAPS,STOMICOPE 40 MG 30 CAPS,ستوميكوب 40 مجم 30 اقراص,2570249.0,100.0,algo_match,brand_index,,
75285,STOMIGAS 40/1100 MG 20 CAP,STOMIGAS 20 / 1100 MG 20 CAPS.,ستوميجاز 20 / 1100 مجم 20 كبسول,2474419.0,92.3,algo_match,token_set_ratio,,
82516,STOMOPRAL 40 14 CAP,STOMOPRAL 40 MG 14 CAPS.,ستوموبرال 40 مجم 14 كبسول,2640611.0,90.5,algo_match,brand_index,,
68925,STOPADOL 20 TAB,,,,,,no_match,,
92111,stopadol 30 tap,,,,,,no_match,,
86784,STOPADOL COLD & FLU 20 CAPS,,,,,,no_match,,
88843,STOPADOL EXTENDED RELEASE TABLETS 650 MG 30 TABS,,,,,,no_match,,
87720,STOPADOL EXTRA 20 TABLETS,STOPADOL EXTRA 20 TAB.,ستوبادول اكسترا 20 اقراص,1610623.0,91.3,algo_match,brand_index,,
82598,STOPADOL FORTE 10SACHETS,STOPADOL FORTE 1000 MG 10 EFF. SACHETS,ستوب ادول فورت 10 اكياس,2561285.0,80.6,ai_confirmed,ai_verified,0.0,
91707,STOPADOL MIGRAINE 30 F.C. TABS.,STOPADOL MIGRAINE 30 TABS,ستوبادول ميجران 30 اقراص,,92.6,algo_match,brand_index,,
88096,STOPADOL NIGHT 30TABS,STOPADOL NIGHT 30 F.C.TABS,ستوبادول نايت 30 اقراص,2282228.0,91.7,algo_match,brand_index,,
78013,STOPRRHEA 2 MG 30 TABS,STOPRRHEA 2 MG 30 ORODISPERSIBLE TABS.,ستوبريا 2 مجم اقراص,2640865.0,100.0,algo_match,token_set_ratio,,
74754,STOPSPASM 20 TAB,STOPSPASM 20 F.C. TABS,ستوب سبازم 20 اقراص,1252818.0,86.5,ai_confirmed,ai_verified,0.0,
83983,strakopina 5mg 30tab,STRAKOPINA 5 MG 30 F.C.TABS,ستراكوبينا 5 مجم 30 اقراص,2436467.0,89.8,ai_confirmed,ai_verified,0.0,
86890,STRAVITA CAL 1000 MG CALCIUM 30 F.C.TABS,STRAVITA CAL 1000 MG CALCIUM 30 F.C.TABS,سترافيتا كال 1000 مجم 30 اقراص قديم,2634448.0,100.0,algo_match,brand_index,,
83311,STRAVITA IMUNE SYRUP 120ML,STRAVITA IMUNE 120 ML SYRUP,سترافيتا اميون 120 مل شراب,1486227.0,100.0,algo_match,brand_index,,
84519,STRAVITA IRON 120 ML,STRAVITA IRON 120 ML SYRUP,سترافيتا ايرون 120 مل شراب,2157617.0,87.0,ai_confirmed,ai_verified,0.0,
74932,STREPSILS HONEY & LEMON,STREPSILS HONEY LEMON 24 LOZENGES,ستربسلز عسل و ليمون 24 قطعه,903814.0,95.5,algo_match,token_set_ratio,,
90940,STREPSILS HONEY&LEMON OFFER,,,,,,no_match,,
17410,STREPSILS SUGAR FREE LOZENGES,,,,,,no_match,,
45012,STREPSILS VITAMIN C LOZENGES,,,,,,no_match,,
58375,STREPSLS COOL LOZENGES,,,,,,no_match,,
74222,STREPTOQUIN 10 TABS,STREPTOQUIN 10 TABS.,ستربتوكين 10 اقراص,,100.0,algo_match,brand_index,,
83472,STREPTOQUIN 20 TABS.,STREPTOQUIN 20 TABS.,ستربتوكين 20 اقراص,2149870.0,100.0,algo_match,brand_index,,
73644,STREPTOQUIN SUSPENSION 60 ML,,,,,,no_match,,
92397,STRINGAZOLE 40MG 20 TABLETS,,,,,,no_match,,
79703,STRINGAZOLE 40MG 21 TABLETS,STRINGAZOLE 40 MG 21 ENTERIC COATED TAB.,سترينجازول 40 مجم 21 اقراص,903827.0,83.3,ai_confirmed,ai_verified,0.0,
90734,STROGENZO 100. 30CAP,STROGENZO 100 MG 30 TAB,ستروجينزو 100 مجم 30 اقراص,,88.9,ai_confirmed,ai_verified,0.0,
80674,STRONG VILLE CREAM FOR MEN,,,,,,no_match,,
70445,STRONG VILLE HAIR SHAMPOO 220 ML,STRONGVILLE HAIR SHAMPOO 220 ML,سترونج فيل شامبو للشعر 220 مل,2200723.0,98.4,algo_match,brand_index,,
72974,STRONG VILLE HAIR TONIC SPRAY 220 ML,STRONGVILLE HAIR TONIC SPRAY 220 ML,سترونج فيل هير تونيك بخاخ للشعر 220 مل,2145649.0,84.5,ai_confirmed,ai_verified,0.0,
80673,STRONG VILLE HAIR. SH. MEN,,,,,,no_match,,
79790,strongville advanced oil 200ml,,,,,,no_match,,
79941,SUGARLO 50MG 30 TABS,SUGARLO 50 MG 30 TABS.,شوجارلو 50 مجم 30 اقراص,1396971.0,100.0,algo_match,brand_index,,
79698,SUGARLO PLUS 1000/50 30TABLETS,,,,,,no_match,,
79697,SUGARLO PLUS 500/50 30 TABLETS,,,,,,no_match,,
77980,SUGARLO PLUS 850/50 30 TABLETS,,,,,,no_match,,
82063,sukker stevia 200 gm,,,,,,no_match,,
82062,sukker stevia 30 sachet,,,,,,no_match,,
82060n,sukker stevia 48 sachet,,,,,,no_match,,
82770,SUKKER STEVIA MOZN 10 SACHS,SUKKER STEVIA MOZN 30 SACHETS,سكر ستيفيا مزن 2 معلقه 30 اكياس,2193539.0,92.9,algo_match,brand_index,,
74944,SULBACEF 1500 MG VIAL,SULBACEF 1.5 GM (I.V / I.M) INJ. VIAL,سولباسيف 1.5 جم امبول,2621484.0,80.0,ai_confirmed,ai_verified,0.0,
73873,SULBIN 1500MG VIAL,SULBIN 1.5 GM VIAL,سالبين 1.5 جم امبول,1547508.0,86.5,ai_confirmed,ai_verified,0.0,
19048,SULBIN 375MG VIAL,SULBIN 375 MG VIAL,سالبين 375 مجم امبول,2201075.0,100.0,algo_match,brand_index,,
19047,SULBIN 750MG VIAL,SULBIN 750 MG VIAL,سالبين 750 مجم امبول,1608110.0,100.0,algo_match,brand_index,,
91445,SULCEFOZONE 1.5 GM I.M. / I.V. VIAL,SULCEFOZONE 1.5 GM I.M. / I.V. VIAL,سالسيفوزون 1.5 جم امبول,2411494.0,100.0,algo_match,brand_index,,
47966,SULFAX (CMO FORMULA) MASSAGE CREAM 120 GM,SULFAX CMO FORMULA MASSAGE CREAM 120 GM,سولفاكس سي ام او كريم مساج 120 جم,2470071.0,87.5,ai_confirmed,ai_verified,0.0,
76520,SULFAX CMO MASSAGE CREAM 60GM,,,,,,no_match,,
150,SULFAX COLD SPRAY 200 ML,SULFAX COLD SPRAY 200 ML,سولفاكس كولد بخاخ 200 مل,1702297.0,100.0,algo_match,brand_index,,
83980,SULFAX JOINT 30 TABS.,SULFAX JOINT 30 TABS,سلفاكس جوينت فورتي 30 اقراص,2671318.0,100.0,algo_match,brand_index,,
81864,SULFAX MAGNESIUM CREAM 120GM advance,,,,,,no_match,,
85699,SULFAX OPTIMA GEL 120ML,,,,,,no_match,,
65501,SULFAX PLUS GEL 120 GM,SULFAX PLUS MASSAGE GEL 120 GM,سولفاكس بلس جل مساج 120 جم,2653390.0,84.6,ai_confirmed,ai_verified,0.0,
47965,SULFAX PLUS GEL 60 GM,SULFAX PLUS MASSAGE GEL 60 GM,سولفاكس بلس جل مساج 60 جم,2470069.0,84.0,ai_confirmed,ai_verified,0.0,
58576,SULFOZINC 10 MG SYRUP,SULFOZINC 10 MG / 5 ML SYRUP 80 ML,سلفوزنك 10 مجم / 5 مل شراب 80 مل,1462192.0,100.0,algo_match,token_set_ratio,,
56834,SULFOZINC 20 MG SYRUP,SULFOZINC 20 MG / 5 ML SYRUP 80 ML,سلفوزنك 20 مجم / 5 مل شراب 80 مل,2332518.0,100.0,algo_match,token_set_ratio,,
89180,SULPEPTA 25 MG 30 TABS,SULPEPTA 25 MG 30 TABS,بيبتا لايف 10 اقراص,2625293.0,100.0,algo_match,brand_index,,
80808,SUNGAZ MASSAGE SPRAY 100ML,SUNGAZ MASSAGE SPRAY,صن جاز مساج بخاخ,,85.1,ai_confirmed,ai_verified,0.0,
87285,sunnycarnitine 5 amp,SUNNYCARNITINE 1 GM / 5 ML 5 I.V. AMPS,صانيكارنيتين 1 جم / 5 مل 5 امبول,,88.9,ai_confirmed,ai_verified,0.0,
89005,SUNNYRROIDS RECTAL OINT. 15 GM,SUNNYRROIDS RECTAL OINT. 15 GM,صانيرويدز مرهم 15 جم,,100.0,algo_match,brand_index,,
90170,SUNSEIZ 500MG 30 TAB,SUNSEIZ 500 MG 30 F.C.TABS,صنسيز 500 مجم 30 اقراص,,89.4,ai_confirmed,ai_verified,0.0,
87562,SUNSILK SHAMPOO 350 ML + BALSAM 400 ML,,,,,,no_match,,
81435,SUNSILK THICK SHAMPOO 350M,,,,,,no_match,,
22840,SUPER CAL ZINC TAB,SUPER CAL ZINC 20 TABS.,سوبر كال زنك 20 اقراص,1858091.0,90.0,algo_match,brand_index,,
68914,SUPER MAG 30 TAB,,,,,,no_match,,
84517,SUPER OMEGA 30 CAPSULES,SUPER OMEGA 30 CAPS,سوبر اوميجا 30 كبسول,,90.5,algo_match,brand_index,,
78178,SUPER YEAST 30-TAB,SUPER YEAST 30 TABLETS,سوبر يست خميره 30 اقراص,,90.0,algo_match,brand_index,,
89118,SUPERKIDS GUMMIES 60 CAP,SUPERKIDS GUMMIES 60 PIECES,سوبر كيدز مالتي فيتامين 60 قطعه,2306549.0,90.9,algo_match,token_set_ratio,,
89730,SUPERKIDS GUMMIES120 PIECES,SUPERKIDS GUMMIES 120 PIECES,سوبر كيدز مالتي فيتامين 120 قطعه,2306548.0,100.0,algo_match,brand_index,,
74693,SUPLFECT 30 CAP,SUPLFECT 30 CAPS,سبلفكت 30 كبسول,1462346.0,96.8,algo_match,brand_index,,
91775,SUPRANIL 25 MG 30 CAP,SUPRANIL 25 MG 30 CAPS,سوبرانيل 25 مجم 30 كبسول,903886.0,97.7,algo_match,brand_index,,
32158,SUPRAX 100MG SYRUP 30ML,SUPRAX 100 MG / 5 ML SUSP. 30 ML,سوبراكس 100 مجم / 5 مل شراب 30 مل,1396786.0,82.1,ai_confirmed,ai_verified,0.0,
73720,SUPRAX 100MG SYRUP 60ML,SUPRAX 100 MG / 5 ML SUSP. 60 ML,سوبراكس 100 مجم / 5 مل شراب 60 مل,1496424.0,82.1,ai_confirmed,ai_verified,0.0,
74637,SUPRAX 200 MG 8 CAP,SUPRAX 200 MG 8 CAPS,سوبراكس 200 مجم 8 كبسول,948615.0,97.4,algo_match,brand_index,,
74410,SUPRAX 400 MG 5 CAP,SUPRAX 400 MG 5 CAPS,سوبراكس 400 مجم 5 كبسول,903885.0,97.4,algo_match,brand_index,,
32877,SUTRIM 200 TAB 20,,,,,,no_match,,
5911,SUTRIM SUSP,SUTRIM 200 / 40 MG SUSP. 100 ML,ستريم 200 / 40 مجم شراب 100 مل,,100.0,algo_match,token_set_ratio,,
91966,SUVREZA 10/20 MG 30 F.C.TABS,,,,,,no_match,,
77574,swabivent nebulizer solution 20 bottles,,,,,,no_match,,
70503,SWEETAL 100 SACHETS 100 G,,,,,,no_match,,
60145,SWEETAL 100 TAB,SWEETAL 100 TAB SUGAR,سويتال 100 اقراص,948640.0,83.3,ai_confirmed,ai_verified,0.0,
67515,SWEETAL 25 SACHETS,SWEETAL 1 GM 25 SACHETS,سويتال 1 جم 25 اكياس,2571332.0,87.8,ai_confirmed,ai_verified,0.0,
75760,SWEETAL 300 TAB SUGAR,SWEETAL 300 TAB SUGAR,سويتال 300 اقراص,2587850.0,100.0,algo_match,brand_index,,
56544,SWEETAL 50 SACHETS 100 G,,,,,,no_match,,
73338,SWEETAL 50 TAB,SWEETAL 50 TAB SUGAR,سويتال 50 اقراص,2436549.0,82.4,ai_confirmed,ai_verified,0.0,
71851,SWEETAL 75 SACHETS,SWEETAL 1 G* 75 SACHETS,سويتال 1 جم 75 اكياس,2340703.0,87.8,ai_confirmed,ai_verified,0.0,
63736,SWEETAL POWDERED SUGAR 250 GM,SWEETAL POWDERED SUGAR 250 GM,سويتال بودر 250 جم اصفر,2470085.0,100.0,algo_match,brand_index,,
84631,SWEETAL STEVIA 50 SACHETS 1 G,,,,,,no_match,,
84630,SWEETAL STEVIA POWDERED SUGAR 250 GM,SWEETAL STEVIA POWDERED SUGAR 250 GM,سويتال ستيفيا بودر 250 جم اخضر,1448023.0,100.0,algo_match,brand_index,,
88964,SWELLARO 50 GM GEL,SWELLARO GEL 50 GM,اسويلار جل 50 حم,,100.0,algo_match,brand_index,,
67846,SWISSLAC AR (1) 400 GM,,,,,,no_match,,
69226,SWISSLAC PREMIUM (1) 400 GM,SWISSLAC PREMIUM 1 MILK 400 GM,سويسلاك بريميوم لبن رقم 1 400 جم,,87.7,ai_confirmed,ai_verified,0.0,
67849,SWISSLAC PREMIUM (2) 400 GM,SWISSLAC PREMIUM 2 MILK 400 GM,سويسلاك بريميوم لبن رقم 2 400 جم,,87.7,ai_confirmed,ai_verified,0.0,
67848,SWISSLAC PREMIUM (3) 400 GM,SWISSLAC PREMIUM 3 MILK 400 GM,سويسلاك بريميوم لبن رقم 3 400 جم,,87.7,ai_confirmed,ai_verified,0.0,
92259,SWIVEL 50GM CREAM,,,,,,no_match,,
86340,SYCOCETAM 1000 MG 20 F.C. TABS.,SYCOCETAM 1000 MG 20 F.C. TABS.,سيكوسيتام 1000 مجم 20 اقراص,904077.0,100.0,algo_match,brand_index,,
67239,SYCOCETAM 500 MG 20 TAB,SYCOCETAM 500 MG 20 F.C. TABS.,سيكوستام 500 اقراص ماركيرل,2680572.0,90.2,algo_match,brand_index,,
61540,SYCOCETAM ORAL SOLUTION 100 MG 120 ML,SYCOCETAM 100 MG / ML ORAL SOLN. 120 ML,سيكوسيتام 100 مجم / مل محلول للفم 120 مل,904079.0,88.0,ai_confirmed,ai_verified,0.0,
49661,SYLVESTER 1 20 CAP,SYLVESTER 1 20 CAPS.,سيلفستر 1 20 كبسول,2369257.0,97.3,algo_match,brand_index,,
26248,SYMBICORT 160/4.5 120 DOSES,SYMBICORT 160 / 4.5 MCG / DOSE TURBUHALER 120 DOSES,سيمبيكورت 160 / 4.5 مكجم / جرعه 120 جرعه,2436673.0,82.6,ai_confirmed,ai_verified,0.0,
73288,SYMBICORT 320 MCG 60 DOSES,,,,,,no_match,,
78127,Sympaprost 30cap,SYMPAPROST 8 MG 30 CAPS.,سيمبابروست 8 مجم 30 كبسول,904104.0,85.0,ai_confirmed,ai_verified,0.0,
89493,SYNAPSE Q10 PLUS 60 TABS.,SYNAPSE Q 10 PLUS 60 TAB,سينابس كيو 10 بلس 60 اقراص,,98.0,algo_match,brand_index,,
81334,synjardy 12.5mg/1000mg 60 tabs,SYNJARDY 12.5 / 1000 MG 60 F.C. TABS.,سينجاردي 12.5 / 1000 مجم 60 اقراص,2193772.0,89.6,ai_confirmed,ai_verified,0.0,
46929,SYNO-BAR SOAP 125GM,,,,,,no_match,,
81148,SYNOBAR-S SOAP 100GM,SYNOBAR S SOAP 100 GM,سينوبار اس صابون 100 جم,2466814.0,100.0,algo_match,brand_index,,
49259,SYNOBAR FACIAL CLEANSER 250 ML,,,,,,no_match,,
86761,SYNOBAR SKIN CLARIFYING GEL 100 GM,,,,,,no_match,,
92343,SYNOSEL ACE TAB,SYNOSEL ACE 30 TAB,سينوسيل ايه سي اي 30 اقراص,,90.9,algo_match,brand_index,,
75727,SYNTHECORTIN 40MG AMP,SYNTHECORTIN 40 MG / ML I.M AMP,سينثيكورتين 40 مجم / مل امبول,2584276.0,83.0,ai_confirmed,ai_verified,0.0,
3656,SYNTOCINON 10IU 5AMP,SYNTOCINON 10 I.U / ML I.M / I.V. 5 AMP.,ساينتوسينون 10 وحده 5 امبول,,92.7,algo_match,token_set_ratio,,
75682,SYSTANE 10 ML EYE GEL DROPS,SYSTANE EYE GEL DROPS 10 ML,سيستان جل بديل ثيلوتيرز جديد,2681179.0,100.0,algo_match,brand_index,,
52047,SYSTANE 10ML EYE DROPS,SYSTANE EYE DROPS 10 ML,سيستان قطره عاديه 10 مل,2347934.0,100.0,algo_match,brand_index,,
59850,SYSTANE ULTRA 10ML EYE DROPS,SYSTANE ULTRA EYE DROPS 10 ML,سيستان الترا قطره للعين 10 مل,1658879.0,100.0,algo_match,brand_index,,
47651,T4-THYRO 100 MCG 100 TABS,T 4 THYRO 100 MCG 100 TABS.,تي 4 ثيرو 100 مكجم 100 اقراص,,100.0,algo_match,token_set_ratio,,
47650,T4-THYRO 50MCG TAB,T 4 THYRO 50 MCG 100 TABS.,تي 4 ثيرو 50 مكجم 100 اقراص,,88.9,ai_confirmed,ai_verified,0.0,
75099,TABOCIN 100 MG 10 CAP,TABOCINE 100 MG 10 CAPS.,تابوسين 100 مجم 10 كبسول,2060271.0,95.5,algo_match,brand_index,,
90857,TADALANDRO 5 MG 30 F.C. TABS,TADALANDRO 5 MG 30 F.C. TABS,تادالاندرو 5 مجم 30 اقراص,2474725.0,100.0,algo_match,brand_index,,
85119,TADALIPTIS 20 MG 4 F.C. TABS.,TADALIPTIS 20 MG 4 F.C. TABS,تاداليبتس 20 مجم 4 قرص,,100.0,algo_match,brand_index,,
79699,TADALONG 20MG 4TABLETS,TADALONG 20 MG 4 TABS.,تادالونج 20 مجم 4 اقراص,2312758.0,93.3,algo_match,brand_index,,
79567,TADANERFI 20MG 4FILM,TADANERFI 20 MG 4 ORODISPERSIBLE FILMS,تادانيرفي 20 مجم 4 فيلم,2453857.0,87.2,ai_confirmed,ai_verified,0.0,
91274,TADANERFI 5 MG 30 ORODISPERSIBLE FILMS.,TADANERFI 5 MG 30 ORODISPERSIBLE FILMS,تادانيرفي 5 مجم 30 فيلم,902868.0,100.0,algo_match,brand_index,,
79701,TADANERFI 5MG 20FILMS,TADANERFI 5 MG 20 ORODISPERSIBLE FILMS,تادانيرفي 5 مجم 20 فيلم,2540251.0,100.0,algo_match,token_set_ratio,,
85628,TADARAXIA 20 MG 2TABS,TADARAXIA 20 MG 2 TAB,تاداراكسيا 20 مجم 2 اقراص,2128643.0,97.7,algo_match,brand_index,,
90049,TADATRONA 5 MG 21 F.C. TABS.,TADATRONA 5 MG 21 TABS,تاداترونا 5 مجم 21 اقراص,2653446.0,91.7,algo_match,brand_index,,
82522,TAFLUPRO 30 SDU EYE DPS,TAFLUPRO 15 MCG / ML EYE DROPS 30 * 0.3 ML SDU,تافلوبرو 15 مكجم / مل قطره للعين 30 * 0.3 مل يوني دوز,,90.5,algo_match,token_set_ratio,,
82521,TAFLUPRO PLUS SDU EYE DPS,TAFLUPRO PLUS EYE DROPS 30 * 0.3 ML SDU,تافلوبرو بلس قطره للعين 30 * 0.3 مل يوني دوز,,91.3,algo_match,token_set_ratio,,
91868,TAMIFLU 75MG 10 CAPS,TAMIFLU 75 MG 10 CAPS.,تاميفلو 75 مجم 10 كبسول,,100.0,algo_match,brand_index,,
18807,TAMOXIFEN 20 MG 20 TAB,TAMOXIFEN 20 MG 20 TABS.,تاموكسيفين 20 مجم 20 اقراص,,97.8,algo_match,brand_index,,
57456,TAMSUL 0.4 MG 30 CAP,TAMSUL 0.4 MG 30 CAPSULE,تامسول 0.4 مجم 30 كبسول,1755232.0,90.9,algo_match,brand_index,,
28082,TAMSULIN 0.04 MG 28 CAP,,,,,,no_match,,
77982,TAMSULIN PLUS 20 TABS,TAMSULIN PLUS 6 / 0.4 MG 20 MR TABS.,تامسولين بلس 6 / 0.4 مجم 20 اقراص,902891.0,100.0,algo_match,token_set_ratio,,
79914,tantavair 160mcg 120 metered actuations,,,,,,no_match,,
75409,TANTUM 20ML GEL,TANTUM 5 % TOP. GEL 20 GM,تانتم جل 20 جم,2312770.0,89.7,ai_confirmed,ai_verified,0.0,
73977,TANTUM ROSA SACHETS,,,,,,no_match,,
2390,TANTUM VERDE MOUTH WASH 125 ML,,,,,,no_match,,
84297,TAOLANA 10000IU 15 TABS,,,,,,no_match,,
tar,TARDANZA 60 MG 3 F.C. TABS,TARDANZA 60 MG 3 F.C. TABS.,تاردانزا 60 مجم 3 اقراص,2149512.0,100.0,algo_match,brand_index,,
74269,TAREG 160 MG 14 CAP,TAREG 160 MG 14 F.C. TAB,تارج 160 مجم 14 اقراص,1168972.0,81.0,ai_confirmed,ai_verified,0.0,
73390,TAREG 160 MG 28 TAB,TAREG 160 MG 28 F.C. TAB.,تارج 160 مجم 28 اقراص,902874.0,90.5,algo_match,brand_index,,
73471,TAREG 320 MG 10 TAB,TAREG 320 MG 10 F.C. TAB.,تارج 320 مجم 10 اقراص,2128238.0,90.5,algo_match,brand_index,,
74292,TAREG 40MG 15TAB,TAREG 40 MG 15 F.C.TAB.,تارج 40 مجم 15 اقراص,1562792.0,90.0,algo_match,brand_index,,
73940,TAREG 80MG 14CAP,TAREG 80 MG 14 F.C.TAB.,تارج 80 مجم 14 اقراص,2333733.0,80.0,ai_confirmed,ai_verified,0.0,
74597,TARGO 750 MG 10 TAB,,,,,,no_match,,
89448,TARGOCID 200 MG VIAL FOR I.V/I.M INJ,TARGOCID 200 MG VIAL FOR I.V / I.M INJ.,تارجوسيد 200 امبول,2683240.0,91.9,algo_match,brand_index,,
89459,TARGOCID 400 MG VIAL FOR I.V/I.M INJ,TARGOCID 400 MG VIAL FOR I.V / I.M INJ.,تارجوسيد 400 مجم امبول,2326807.0,91.9,algo_match,brand_index,,
90283,TARGOMASH COMB 160/12.5MG 30 F.C. TABS,TARGOMASH COMB 160 / 12.5 MG 30 F.C. TABS,تارجوماش كومب 160 / 12.5 مجم 30 اقراص,2271041.0,89.7,ai_confirmed,ai_verified,0.0,
90850,TARGOZYM 20TAB,TARGOZYM 60 MG 20 TABS,تارجوزيم 60 مجم 20 اقراص,1658109.0,81.1,ai_confirmed,ai_verified,0.0,
27532,TARIFLOX 400 mg 10 TAB,TARIFLOX 400 MG 10 TABS.,تاريفلوكس 400 مجم 10 اقراص,902881.0,97.8,algo_match,brand_index,,
74412,TARIVID 200 MG 10 TAB,TARIVID 200 MG 10 F.C. TAB.,تاريفيد 200 مجم 10 اقراص,902882.0,91.3,algo_match,brand_index,,
73636,TAROLIMUS OINTMENT 15 GM,TAROLIMUS 0.03 % TOPICAL OINT. 15 GM,تاروليموس 0.03 % مرهم 15 جم,2469116.0,83.3,ai_confirmed,ai_verified,0.0,
73845,TAVACIN 500 MG 5 TAB,TAVACIN 500 MG 5 F.C. TAB.,تافاسين 500 مجم 5 اقراص,902885.0,90.9,algo_match,brand_index,,
73835,TAVACIN 750 MG 5 TAB,TAVACIN 750 MG 5 F.C. TAB.,تافاسين 750 مجم 5 اقراص,1744772.0,90.9,algo_match,brand_index,,
18748,TAVANIC 500MG 5 TAB,TAVANIC 500 MG 5 F.C.TAB,تافانيك محلول وريدي / سانوفي افنتس,2674661.0,90.9,algo_match,brand_index,,
73976,TAVANIC VIAL 500MG/100ML,TAVANIC 500 MG / 100 ML VIAL FOR I.V. INF.,تافنيك 500 مجم / 100 مل امبول,2072353.0,84.4,ai_confirmed,ai_verified,0.0,
86413,TAVINIFLOX 750 MG 5 TAB,,,,,,no_match,,
86412,TAVIXINOR 500 MG 5 TAB,TAVIXINOR 500 MG 5 F.C. TABS.,تافيكسينور 500 مجم 5 اقراص,2475646.0,89.8,ai_confirmed,ai_verified,0.0,
64046,TAVONIFLOX 500 MG 7 TAB,TAVONIFLOX 500 MG 7 F.C. TABS.,تافونيفلوكس 500 مجم 7 اقراص,,90.2,algo_match,brand_index,,
64015,TAVONIFLOX 750 MG 7 TAB,TAVONIFLOX 750 MG 7 F.C. TABS.,تافونيفلوكس 750 مجم 7 اقراص,,90.2,algo_match,brand_index,,
84797,TAVONIZA 10MG 20TAB,TAVONIZA 10 MG 20 F.C.TABS.,تافونيزا 10 مجم 20 اقراص,2192772.0,89.4,ai_confirmed,ai_verified,0.0,
84792,TAVONIZA 20 MG 20 TABS,TAVONIZA 20 MG 20 F.C.TABS.,تافونيزا 20 مجم 20 اقراص,902886.0,91.7,algo_match,brand_index,,
26526,TEARS GUARD DROPS,TEARS GUARD 0.3 % EYE DROPS 15 ML,تيرز جارد 0.3 % قطره للعين 15 مل,2145564.0,100.0,algo_match,token_set_ratio,,
13405,TEARS NATURAL DROPS,TEARS NATURALE EYE DROPS 15 ML,تيرز ناتشورال قطره للعين 15 مل,,82.4,ai_confirmed,ai_verified,0.0,
74463,TEBOFORTIN 40 MG 30 TAB,TEBOFORTIN 40 MG 30 F.C.TAB.,تيبوفورتين 40 مجم 30 اقراص,903026.0,92.0,algo_match,brand_index,,
74716,TEBOFORTIN 40 MG ORAL DROPS,TEBOFORTIN 40 MG / ML ORAL DROPS 30 ML,تيبوفورتين 40 مجم / مل قطره 30 مل,1739443.0,83.1,ai_confirmed,ai_verified,0.0,
84323,TEBOFORTIN FORTE 80MG 30TAB,TEBOFORTIN FORTE 80 MG 30 F.C.TABS,تيبوفورتين فورت 80 مجم 30 اقراص,2163037.0,92.1,algo_match,brand_index,,
73727,TEBONINA FORTE 40 MG 20 TAB,TEBONINA FORTE 40 MG 20 F.C. TAB.,تيبونينا فورت 40 مجم 20 اقراص,2453954.0,93.1,algo_match,brand_index,,
67302,TECAVIR 0.5 MG 30 TAB,TECAVIR 0.5 MG 30 F.C. TAB.,تيكافير 0.5 مجم 30 اقراص,1701248.0,91.3,algo_match,brand_index,,
74681,TECAVIR 1 MG 30 TAB,TECAVIR 1 MG 30 F.C.TAB.,تيكافير 1 مجم 30 اقراص,1701249.0,90.5,algo_match,brand_index,,
79495,TECHNOSPIRON 21 TABLETS,TECHNOSPIRON 0.03 / 3 MG 21 F.C.TAB.,تيكنوسبيرون 0.03 / 3 مجم 21 اقراص,2312793.0,85.0,ai_confirmed,ai_verified,0.0,
75560,TECNOVULA 50 MG 20 TAB,TECNOVULA 50 MG 20 TABS.,تيكنوفيولا 50 مجم 20 اقراص,2145511.0,97.8,algo_match,brand_index,,
25173,TEGRAL 200MG 10TAB,,,,,,no_match,,
20625,TEGRAL 200MG 50TAB,TEGRAL 200 MG 50 SCORED TABS.,تيجرال 200 مجم 50 اقراص,,83.3,ai_confirmed,ai_verified,0.0,
27163,TEGRETOL 200MG 30TAB,TEGRETOL 200 MG 30 TAB.,تيجريتول 200 مجم 30 اقراص,2149128.0,100.0,algo_match,brand_index,,
43012,TEGRETOL CR 200MG 20 TAB,,,,,,no_match,,
46303,TEGRETOL CR 400MG 20TAB,TEGRETOL CR 400 MG 20 F.C.DIVITABS,تيجريتول سي ار 400 مجم 20 اقراص,2369286.0,91.3,algo_match,token_set_ratio,,
21352,TEKLO 30TAB,TEKLO 30 TABS.,تكلو 30 اقراص,2561180.0,96.0,algo_match,brand_index,,
30305,TELFAST 120MG 20 TAB,TELFAST 120 MG 20 F.C. TABS,تلفاست 120 مجم 20 اقراص,2275874.0,89.4,ai_confirmed,ai_verified,0.0,
73138,TELFAST 180 MG 20 TAB,TELFAST 180 MG 20 F.C. TABS,تلفاست 180 مجم 20 اقراص,902967.0,89.4,ai_confirmed,ai_verified,0.0,
73379,TELFAST 30MG/5ML SUSP. 100 ML,TELFAST 30 MG / 5 ML SUSP. 100 ML,تلفاست 30 مجم / 5 مل شراب 100 مل,2475609.0,90.3,algo_match,brand_index,,
79887,TELFAST DECONGESTANT 60/120MG 10 TABS.,TELFAST DECONGESTANT 60 / 120 MG 10 EXT. REL. TABS,تلفاست دي 60 / 120 مجم 10 اقراص,,81.4,ai_confirmed,ai_verified,0.0,
59454,TEMODAL 100 MG 5 TAB MSD,TEMODAL 100 MG 5 CAP,تيمودال 100 مجم 5 كبسول,,88.9,ai_confirmed,ai_verified,0.0,
91748,TEMPORAL 1000 MG 20 TABS,TEMPORAL 1000 MG 20 TAB,تيمبورال 1000 مجم 20 اقراص,2448559.0,97.9,algo_match,brand_index,,
22022,TEMPORAL SYP 60 ML,,,,,,no_match,,
63314,TENAVIRON 300 MG 30 TABLETS,TENAVIRON 300 MG 30 TABLETS,تينافيرون 300 مجم 30 اقراص,2127084.0,100.0,algo_match,brand_index,,
79783,TENDOCAL 15 SACHETS,TENDOCAL 15 SACHETS,تندوكال 15 اكياس,2683004.0,100.0,algo_match,brand_index,,
88603,TENDOZYME 20 F.C.TABS,TENDOZYME 20 FILM COATED TAB,تيندوزايم 20 اقراص,2496871.0,81.6,ai_confirmed,ai_verified,0.0,
89458,TENOFENAMIDE 25 MG 30 TABS,TENOFENAMIDE 25 MG 30 TABS.,تينوفيناميد 25 مجم 30 اقراص,,100.0,algo_match,brand_index,,
46845,TENORETIC 14 TAB,TENORETIC 100 / 25 MG 14 F.C.TAB.,تينوريتك 100 / 25 مجم 14 اقراص,2197788.0,100.0,algo_match,token_set_ratio,,
80959,TENORMIN 100MG 28TABS,TENORMIN 100 MG 28 F.C.TAB.,تينورمين 100 مجم 28 اقراص,2260753.0,89.8,ai_confirmed,ai_verified,0.0,
31363,TENORMIN 50 MG 14 TAB,TENORMIN 50 MG 28 F.C.TAB.,تينورمين 50 مجم 28 اقراص,1658241.0,82.6,ai_confirmed,ai_verified,0.0,
46486,TENORMIN 50MG TAB,TENORMIN 50 MG 28 F.C.TAB.,تينورمين 50 مجم 28 اقراص,1658241.0,83.7,ai_confirmed,ai_verified,0.0,
89536,TENTAVAIR 160MCG/ACTUATION INHALER 120 DOSES,TENTAVAIR 160 MCG / ACTUATION INHALER 120 DOSES,تنتافير 160 مكجم 120 جرعه,2306137.0,91.3,algo_match,token_set_ratio,,
67466,TERBECOMASIL SPRAY 30 ML,TERBECOMASIL 1 % SPRAY 30 ML,تيربوكومازيل 1 % بخاخ 30 مل,2608707.0,92.3,algo_match,brand_index,,
64456,TERBIN 250 MG 14 TAB,TERBIN 250 MG 14 TAB.,تيربين 250 مجم 14 اقراص,2326610.0,100.0,algo_match,brand_index,,
30172,TERBIN CREAM,TERBIN 1 % CREAM 15 GM,تيربين 1 % كريم 15 جم,1534538.0,100.0,algo_match,token_set_ratio,,
55274,TERHEXINE 120 ML SYRUP,TERHEXINE SYRUP 120 ML,ترهكسين شراب 120 مل,,100.0,algo_match,brand_index,,
89742,TERMINAL HAIR LOTION SPRAY 110 ML,TERMINAL HAIR SPRAY 110 ML,تيرمينال بخاخ للشعر 110 مل,2435908.0,88.1,ai_confirmed,ai_verified,0.0,
92154,TERMINAL SHAMPOO,TERMINAL SHAMPOO 200 ML,تيرمينال شامبو 200 مل,1737998.0,82.1,ai_confirmed,ai_verified,0.0,
TN,TERRAMYCIN EYE OINT,TERRAMYCIN EYE OINT. 5 GM,تيراميسين مرهم للعين 5 جم,2156866.0,88.4,ai_confirmed,ai_verified,0.0,
90355,TERRY MIX NAIL LOTION 15ML,TERRY MIX NAIL LOTION 15 ML,تيري ميكس لوسيون للاظافر 15 مل,,100.0,algo_match,brand_index,,
91950,TESTERIOL 750MG/3ML I.M. VIAL,TESTERIOL 750 MG / 3 ML I.M VIAL,تيستيريول 750 مجم / 3 مل امبول,2338719.0,90.3,algo_match,brand_index,,
91672,TESTOASPIRE 1000MG 60 TABLETS,,,,,,no_match,,
20635,TETANUS ANTITOXIN .1500IU .1ML 1ML. AMP,TETANUS ANTITOXIN 1500 IU / ML 1 AMP,تيتانوس انتي توكسن 1500 وحده 1 امبول,,93.3,algo_match,brand_index,,
88907,TETRA CARE HAIR SHAMPOO 200 ML,,,,,,no_match,,
77043,TETRA GLOW SENSITIVE ZONE FOAM 200 ML,TETRA GLOW SENSITIVE ZONE FOAM CLEANSER 200 ML,تتراجلو غسول فوم للمناطق الحساسه 200 مل,2428575.0,89.2,ai_confirmed,ai_verified,0.0,
56077,TEXACORT 0.1 % CREAM 20 GM,,,,,,no_match,,
12491,THALIX 100 MG 30 CAP $$$,,,,,,no_match,,
92338,THE ORDINARY BUFFET SERUM 30ML.,THE ORDINARY BUFFET SERUM 30 ML ADULT,ذا اورديناري سيرم بافيت 30 مل,,91.2,algo_match,brand_index,,
85627,THE ORDINARY PEELING SOLUTION SERUM 30ML.,THE ORDINARY PEELING SOLUTION AHA 30 % + BHA 2 % – 30 ML,ذا اورديناري محلول التقشير ايه اتش ايه 30 % + بي اتش ايه 2 % – 30 مل,,92.1,algo_match,token_set_ratio,,
90267,THIODIO 600MG 30 CAP,THIODIO 600 MG 30 CAPS,ثيوديو 600 مجم 30 كبسول,1779760.0,97.7,algo_match,brand_index,,
85326,THIODIO COMB 600 MG 30CAPS,THIODIO COMB 600 MG 30 TAB,ثيوديو كومب 600 مجم 30 اقراص,1853672.0,83.0,ai_confirmed,ai_verified,0.0,
60324,THIONERV 300 MG 20 TAB,THIONERV 300 MG 20 TAB.,ثيونيرف 300 مجم 20 اقراص,2669466.0,100.0,algo_match,brand_index,,
74151,THIOTACID 300 MG 30 TAB,THIOTACID 300 MG 30 TAB.,ثيوتاسيد 300 مجم 30 اقراص,1658250.0,100.0,algo_match,brand_index,,
85213,THIOTACID 600 ORIGINAL 30 TABS,THIOTACID 600 ORIGINAL 20 F.C.TABS.,ثيوتاسيد اوريجينال 600 مجم 20 اقراص,,90.6,algo_match,brand_index,,
81142,THIOTACID 600 ORIGINAL MG 20 TAB,THIOTACID 600 ORIGINAL 20 F.C.TABS.,ثيوتاسيد اوريجينال 600 مجم 20 اقراص,,90.9,algo_match,brand_index,,
59894,THIOTACID COMPOUND 300 MG 30 CAP,THIOTACID COMPOUND 300 MG 30 CAPS.,ثيوتاسيد مركب 300 مجم 30 كبسول,944157.0,98.5,algo_match,brand_index,,
85898,THIOTACID COMPOUND 600 MG 30 CAP,THIOTACID COMPOUND 600 MG 30 F.C.CAPLETS,ثيوتاسيد مركب 600 مجم 30 كبسول,2435932.0,88.9,ai_confirmed,ai_verified,0.0,
92490,THIOTACID PLUS XR 30 F.C. TABS.,THIOTACID PLUS XR 30 TAB,ثيوتاسيد بلس اكس ار 30 اقراص,,90.6,algo_match,brand_index,,
74017,THIOTEX 300 MG 30 CAP,THIOTEX 300 MG 30 CAPS.,ثيوتكس 300 مجم 30 كبسول,903070.0,97.7,algo_match,brand_index,,
91447,THIOTEX FORTE 600 MG 20CAP,THIOTEX FORTE 600 MG 20 CAPS,ثيوتكس فورت 600 مجم 20 كبسول,2668505.0,98.2,algo_match,brand_index,,
73422,THIOTEX FORTE 600 MG 30CAP,THIOTEX FORTE 600 MG 30 CAPS,ثيوتكس 600 فورت جديد,2684590.0,98.2,algo_match,brand_index,,
90271,THORMOXIBAN 10MG/10TAB,,,,,,no_match,,
80214,three 400 drops 30ml,THREE DROPS 400 I.U. / 0.5 ML 30 ML,ثري دروبس 400 قطره 30 مل,2469287.0,100.0,algo_match,token_set_ratio,,
80213,three 600 drops 30ml,THREE DROPS 600 I.U / 0.5 ML 30 ML,ثري دروبس 600 قطره 30 مل,2499082.0,100.0,algo_match,token_set_ratio,,
28330,THREE ZED 120 ML LOTION,THREE ZED TOPICAL LOTION 120 ML,ثري زيد لوشن 120 مل,2475795.0,85.2,ai_confirmed,ai_verified,0.0,
56726,THROMBEX cream 40 g,,,,,,no_match,,
52070,THROMBEX DNA GEL 40 G,THROMBEXX DNA 1120 I.U / 100 GM CREAM 40 GM,ثرومبكس دي ان ايه 1120 وحده / 100 جم كريم 40 جم,1739467.0,81.0,ai_confirmed,ai_verified,0.0,
54471,THROMBEXX DNA GEL40 G,THROMBEXX DNA 1120 I.U / 100 GM CREAM 40 GM,ثرومبكس دي ان ايه 1120 وحده / 100 جم كريم 40 جم,1739467.0,81.8,ai_confirmed,ai_verified,0.0,
90674,THROMBOLINTA 90MG 30TAB,THROMBOLINTA 90 MG 30 F.C. TABS.,ثرومبولينتا 90 مجم 30 اقراص,,90.9,algo_match,brand_index,,
88921,THYROCARBIN 5 MG 100 F.C. TABS,THYROCARBIN 5 MG 100 F.C. TABS.,ثايروكاربين 5 مجم 100 اقراص,2653519.0,100.0,algo_match,brand_index,,
84912,THYROCARBIN 5MG 50 TABS,THYROCARBIN 5 MG 50 F.C. TABS.,ثايروكاربين 5 مجم 50 اقراص,2129146.0,92.3,algo_match,brand_index,,
3538,THYROCIL 50 MG 30TAB,THYROCIL 50 MG 30 TABS.,ثايروسيل 50 مجم 30 اقراص,2635862.0,97.7,algo_match,brand_index,,
84738,THYROXINE 100MCG 100 TAB,THYROXINE 100 MCG 100 TAB.,ثايروكسين 100 مكجم 100 اقراص,,100.0,algo_match,brand_index,,
84839,THYROXINE50 MG 100 TABLETS,THYROXINE 50 MCG 100 TAB.,ثيروكسين 50 مكجم 100 اقراص,,90.2,algo_match,brand_index,,
88835,TIADO CONDITIONER 250 ML,,,,,,no_match,,
84959,Tiapride-Clavita Pharma 137.9 mg/ml 30ml Solution,TIAPRIDE CLAVITA PHARMA 137.9 MG / ML SYRUP 30 ML,تيابرايد كلافيتا فارما قطره بالفم 30 مل,,86.9,ai_confirmed,ai_verified,0.0,
47360,TICANASE NASAL SPRAY,TICANASE 0.05 % NASAL SPRAY 12 GM,تيكانيز 0.05 % بخاخ للانف 12 جم,2435911.0,100.0,algo_match,token_set_ratio,,
79267,TICANASE PLUS 125/50 MCG NASAL SPRAY 15 ML,TICANASE PLUS 125 / 50 MCG NASAL SPRAY 15 ML,تيكانيز بلس 125 / 50 مكجم بخاخ للانف 15 مل,,90.7,algo_match,brand_index,,
90602,tidy fair lotion,TIDY FAIR LOTION 15 ML,تيدي فير لوسيون 15 مل,,84.2,ai_confirmed,ai_verified,0.0,
26174,TIGER KING 10 TAB,,,,,,no_match,,
79781,TIGINT PLUS 10 SACHETS,TIGINT PLUS 10 SACHETS,تيجنت بلس 10 اكياس,2182289.0,100.0,algo_match,brand_index,,
86435,TIMBESTATIN 10/20 MG 14 F.C TAB,TIMBESTATIN 10 / 20 MG 14 F.C.TAB.,تيمبستاتين 10 / 20 مجم 14 اقراص,2498661.0,87.5,ai_confirmed,ai_verified,0.0,
75181,TIMOGEN SYRUP 120 ML,TIMOGEN 10 MG / 5 ML SYRUP 120 ML,تيموجين 10 مجم / 5 مل شراب 120 مل,2369244.0,100.0,algo_match,token_set_ratio,,
28194,TIMOLOL 0.5% DROPS,TIMOLOL 0.5 % EYE DROPS 5 ML,تيمولول 0.5 % قطره للعين 5 مل,907723.0,83.9,ai_confirmed,ai_verified,0.0,
58189,TINEAREST 15 GM CREAM,TINEAREST 1 % TOPICAL CREAM 15 GM,تينياريست كريم 15 جم,,100.0,algo_match,token_set_ratio,,
85256,TINIFLOXACIN 20TAB,TINIFLOXACIN 20 TAB.,تنيفلوكساسين 20 اقراص,903056.0,100.0,algo_match,brand_index,,
63226,TINIFLOXACIN 600MG 10 TAB,,,,,,no_match,,
40043,TINOX CREAM,TINOX 1 % CREAM 15 GM,تينوكس 1 % كريم 15 جم,2625820.0,100.0,algo_match,token_set_ratio,,
77297,TIOCON CREAM,TIOCON 1 % CREAM 20 GM,تيوكون كريم 20 جم,2674342.0,100.0,algo_match,token_set_ratio,,
87242,TIPTOP GEL 50 GM,,,,,,no_match,,
57182,TIRALEPSY 1000 MG 20 F.C. TAB,TIRALEPSY 1000 MG 20 F.C. TAB,تيراليبسي 1000 مجم 20 اقراص,2164238.0,100.0,algo_match,brand_index,,
73864,TIRALEPSY 1000 MG 20 TAB,TIRALEPSY 1000 MG 20 F.C. TAB,تيراليبسي 1000 مجم 20 اقراص,2164238.0,92.3,algo_match,brand_index,,
86379,TIRALEPSY 1000MG 30 F.C. TAB,TIRALEPSY 1000 MG 20 F.C. TAB,تيراليبسي 1000 مجم 20 اقراص,2164238.0,96.4,algo_match,brand_index,,
73622,TIRALEPSY 500 MG 30 TAB,TIRALEPSY 500 MG 30 F.C. TAB.,تيراليبسي 500 مجم 30 اقراص,2535840.0,92.0,algo_match,brand_index,,
61350,TIRALEPSY SYRUP 100 MG 120 ML,,,,,,no_match,,
47807,TIRATAM 120 ML SYRUP,,,,,,no_match,,
81089,TIRATAM 1000 MG 30 F.C. TABS,TIRATAM 1000 MG 30 F.C. TAB,تيراتام 1000 مجم 30 اقراص,2145753.0,98.1,algo_match,brand_index,,
55524,TIRATAM 500 MG 30 TAB,TIRATAM 500 MG 30 F.C. TAB,تيراتام 500 مجم 30 اقراص,2144324.0,91.3,algo_match,brand_index,,
64458,TIRATAM XR 500 MG 20 TAB,TIRATAM XR 500 MG 20 F.C. TAB,تيراتام اكس ار 500 مجم 20 اقراص,2144752.0,92.3,algo_match,brand_index,,
81775,TIRATAM XR 750 mg tab,TIRATAM XR 750 MG 20 F.C. TAB,تيراتام اكس ار 750 مجم 20 اقراص,2487116.0,85.7,ai_confirmed,ai_verified,0.0,
80939,TITAN GEL IMP++++,,,,,,no_match,,
79493,TOBOLANZA 24 CAPSULES,,,,,,no_match,,
73594,TOBRADEX DROPS,TOBRADEX EYE SUSP. DROPS 5 ML,توبرادكس قطره 5 مل,1996423.0,100.0,algo_match,token_set_ratio,,
80116,TOBRADEX OINT,TOBRADEX EYE OINT. 3.5 GM,توبرادكس مرهم للعين 3.5 جم,2248946.0,100.0,algo_match,token_set_ratio,,
13269,TOBREX DROPS,TOBREX 0.3 % EYE DROPS 5 ML,توبريكس 0.3 % قطره للعين 5 مل,,100.0,algo_match,token_set_ratio,,
2378,TOBRIN 0.3% EYE. OINT. 5 GM,TOBRIN 0.3 % EYE.OINT. 5 GM,توبرين 0.3 % مرهم للعين 5 جم,2471673.0,94.1,algo_match,brand_index,,
2342,TOBRIN DROPS,TOBRIN 0.3 % EYE DROPS 5 ML,توبرين 0.3 % قطره للعين 5 مل,2469219.0,100.0,algo_match,token_set_ratio,,
92028,TODIPHI 10 ML ORAL DROPS,TODIPHI ORAL DROPS 10 ML,توديفاي قطره بالفم 10 مل,2530211.0,100.0,algo_match,brand_index,,
156158,tola hair lotion 1+1 offer,TOLA HAIR LOTION 120 ML OFFER 1 + 1,تولا لوسيون للشعر 120 مل عرض 1 + 1,2146585.0,82.0,ai_confirmed,ai_verified,0.0,
88512,TOLA HAIR LOTION 120ML,TOLA HAIR LOTION 120 ML,تولا لوسيون للشعر 120 مل,2497221.0,100.0,algo_match,brand_index,,
80930,tola hair oil replacement 100 ml,TOLA HAIR OIL REPLACEMENT 100 ML,تولا بديل الزيت 300 مل,2306009.0,100.0,algo_match,brand_index,,
87625,TOLA KIDS CREAM FOR CURLY HAIR 120 ML 1+1,,,,,,no_match,,
88881,TOLANA CARNITINE 20 TABS,TOLANA CARNITINE 20 TABS,تولانا كارنتين 20 اقراص,2453948.0,100.0,algo_match,brand_index,,
88461,TOMAZINE 10MG 30 TAB,TOMAZINE 10 MG 30 F.C. TAB.,تومازين 10 مجم 30 اقراص,2143490.0,91.3,algo_match,brand_index,,
17887,TOMEX 80 TAB,TOMEX 80 TABLETS,توميكس 80 اقراص,2129319.0,85.7,ai_confirmed,ai_verified,0.0,
73552,TOMEX PLUS 50 TAB,TOMEX PLUS 50 TABLETS,توميكس بلس 50 اقراص,1359264.0,89.5,ai_confirmed,ai_verified,0.0,
90205,TONADOGEST 10 MG 30 F.C. TABS,TONADOGEST 10 MG 30 TABS,تونادوجيست 10 مجم 30 اقراص,2250657.0,92.3,algo_match,brand_index,,
84120,tonair hair lotion 100ml,TONAIR HAIR LOTION 100 ML,تونير لوشن للشعر 100 مل,,100.0,algo_match,brand_index,,
27652,TOP-4 CREAM,TOP 4 CREAM 15 GM,توب 4 كريم 15 جم,,100.0,algo_match,token_set_ratio,,
47765,TOP-FLAM CREAM,TOP FLAM CREAM 15 GM,توب فلام كريم 15 جم,2609875.0,82.4,ai_confirmed,ai_verified,0.0,
24136,TOP CLEAN SPRAY,TOP CLEAN TOPICAL SPRAY 100 ML,توب كلين بخاخ 100 مل,2249479.0,100.0,algo_match,token_set_ratio,,
81026,TOP HAIR LOTION 10 AMP.* 5 ML,,,,,,no_match,,
50472,TOP HAIR LOTION 120 ML,TOP HAIR LOTION 120 ML,توب هير لوسيون 120 مل,1939661.0,100.0,algo_match,brand_index,,
91977,TOP SELLERS HONEY,,,,,,no_match,,
53901,TOP ZAD SOAP,TOPZAD SOAP 80 GM,توب زاد صابون 80 جم,1654378.0,95.7,algo_match,partial_token_sort_ratio,,
23086,TOPAMAX 100 MG 60 TAB,TOPAMAX 100 MG 60 F.C. TAB.,توباماكس 100 مجم 60 اقراص,2206189.0,91.3,algo_match,brand_index,,
21518,TOPAMAX 25MG TAB,TOPAMAX 25 MG 60 F.C. TAB,توباماكس 25 مجم 60 اقراص,2321393.0,82.9,ai_confirmed,ai_verified,0.0,
85011,TOPGING ADVANCE 30CAPS,TOP GING ADVANCE 30 CAPS.,توب جينج ادفانس 30 كبسول,902971.0,85.1,ai_confirmed,ai_verified,0.0,
28331,TOPGING CAP,,,,,,no_match,,
88172,TOPI-GENT CLEANSING FOAM 150 ML 1 + 1,,,,,,no_match,,
75715,topi-gent delicate cleansing foam 150ml,TOPI GENT DELICATE CLEANSING FOAM 150 ML,توبي جنت ديليكت فوم 150 مل,1502455.0,100.0,algo_match,brand_index,,
75716,TOPI-GENT SEBUM CLEANSING FOAM 150 ML,TOPI GENT SEBUM CLEANSING FOAM 150 ML,توبي جنت فوم سيبوم 150 مل,2173548.0,100.0,algo_match,brand_index,,
90720,TOPILEPT 25MG 30TAB,,,,,,no_match,,
75100,TOPIRAMATE 100MG 10TABS,TOPIRAMATE 100 MG 10 SCORED F.C. TAB.,توبيراميت 100 مجم 10 اقراص,2164255.0,80.0,ai_confirmed,ai_verified,0.0,
73164,TOPIRAMATE 25 MG 30 TAB,TOPIRAMATE 25 MG 30 F.C.TAB.,توبيراميت 25 مجم 30 اقراص,1653436.0,92.0,algo_match,brand_index,,
39985,TOPMODE FORTE TAB,TOPMODE FORTE 200 MG 10 TAB,توبمود فورت 200 مجم 10 اقراص,,100.0,algo_match,token_set_ratio,,
39986,TOPMODE TAB,,,,,,no_match,,
87519,TOPOPRAZAN 20 MG 14 TAB,TOPOPRAZAN 20 MG 14 TAB,توبوبرازان 20 مجم 14 اقراص,1323866.0,100.0,algo_match,brand_index,,
83273,TOPRO 10 SACHETS,TOPRO 10 SACHETS,توبرو 10 كيس,2010497.0,100.0,algo_match,brand_index,,
60314,TORSAMOLEX 10 MG 20 TAB,TORSAMOLEX 10 MG 20 TABS.,تورساموليكس 10 مجم 20 اقراص,902996.0,97.9,algo_match,brand_index,,
60393,TORSAMOLEX 20 MG 20 TAB,TORSAMOLEX 20 MG 20 TABS.,تورساموليكس 20 مجم 20 اقراص,902995.0,97.9,algo_match,brand_index,,
74124,TORSERETIC 10 MG 30 TAB,TORSERETIC 10 MG 30 TAB.,تورسريتك 10 مجم 30 اقراص,902998.0,100.0,algo_match,brand_index,,
78280,TORSERETIC 100 MG 30 TABS.,TORSERETIC 100 MG 30 TAB.,تورسريتك 100 مجم 30 اقراص,2192852.0,98.0,algo_match,brand_index,,
74015,TORSERETIC 20 MG 30 TAB,TORSERETIC 20 MG 30 TAB.,تورسريتك 20 مجم 30 اقراص,1658194.0,100.0,algo_match,brand_index,,
68869,TORSERETIC 5 MG 30 TAB,TORSERETIC 5 MG 30 TAB.,تورسريتك 5 مجم 30 اقراص,2312811.0,100.0,algo_match,brand_index,,
87435,TOTACAL CALCIUM 30 TAB,,,,,,no_match,,
79112,TOTAL COD LIVER OIL 120 ML SYP,,,,,,no_match,,
8591,TOTAVIT 20 TAB,TOTAVIT 20 TABS,توتافيت 20 اقراص,1690237.0,96.6,algo_match,brand_index,,
23185,TOTAVIT SYRUP 100 ML,TOTAVIT SYRUP 100 ML,توتافيت شراب 100 مل,1396166.0,100.0,algo_match,brand_index,,
79110,TOTY GRAND 120 ML SYRUP,TOTY GRAND SYRUP 120 ML,توتي جراند شراب 120 مل,2469227.0,100.0,algo_match,brand_index,,
75318,TOUJEO SOLOSTAR 300UNITS/ML 3 PENS,TOUJEO SOLOSTAR 300 I.U. / ML 1.5 ML 3 PENS,توجيو سولوستر 300 وحده / مل 1.5 مل 3 اقلام,1744780.0,85.2,ai_confirmed,ai_verified,0.0,
TOUX,TOUX PROSPERITY SYRUP 120 ML,,,,,,no_match,,
68887,TRAJENTA 5 MG 30 TAB,TRAJENTA 5 MG 30 TABS.,تراجينتا 5 مجم 30 اقراص,2112494.0,97.6,algo_match,brand_index,,
46402,TRAVATAN DROPS 2.5 ML,TRAVATAN 0.004 % EYE DROPS 2.5 ML,ترافاتان 0.004 % قطره للعين 2.5 مل,1485994.0,100.0,algo_match,token_set_ratio,,
88008,TRAVODERMAL 30 GM CREAM,TRAVODERMAL TOPICAL CREAM 30 GM,ترافوديرمال كريم 30 جم,2144617.0,85.2,ai_confirmed,ai_verified,0.0,
67470,TRAVONORM 0.004 % SOL,TRAVONORM 0.004 % EYE DROPS. 5 ML,ترافونورم 0.004 % قطره للعين 5 مل,2530378.0,89.5,ai_confirmed,ai_verified,0.0,
79229,TRAVONORM PLUS EYE DROP,TRAVONORM PLUS 0.004 % / 0.5 % EYE DROPS 5 ML,ترافونورم بلس 0.004 % / 0.55 قطره للعين 5 مل,2456292.0,87.8,ai_confirmed,ai_verified,0.0,
84294,TREATO-ULC 20/1100MG 14 CAP,TREATO ULC 20 / 1100 MG 14 CAPS,تريتو الس 20 / 1100 مجم 14 كبسول,2192814.0,88.1,ai_confirmed,ai_verified,0.0,
67297,TREATO-ULC 40/1100MG 14 CAP,TREATO ULC 20 / 1100 MG 14 CAPS,تريتو الس 20 / 1100 مجم 14 كبسول,2192814.0,88.1,ai_confirmed,ai_verified,0.0,
67521,TREATO ANTI-BREAKAGE HAIR SERUM 120 ML,,,,,,no_match,,
43780,TREATO SHAMPOO FRIZZ 250 ML,,,,,,no_match,,
86313,TRECZIMUS 0.1% TOPICAL OINT. 30 GM,TRECZIMUS 0.1 % TOPICAL OINT. 30 GM,تريكزيمس 0.1 % مرهم 30 جم,2668911.0,95.5,algo_match,brand_index,,
73645,TRECZIMUS 0.3 MG OINTMENT 20 GM,,,,,,no_match,,
73391,TREFLUCAN 150 MG 1 CAP,TREFLUCAN 150 MG 1 CAPS.,تريفلوكان 150 مجم 1 كبسول,2453907.0,97.8,algo_match,brand_index,,
74080,TRENCEDIA 550 MG 10 TAB,TRENCEDIA 550 MG 10 F.C. TABS.,ترينسيديا 550 مجم 10 اقراص,,90.2,algo_match,brand_index,,
75113,TRENDO 20 F.C. TABS.,TRENDO 20 F.C. TABS.,تريندو 20 اقراص,2144876.0,100.0,algo_match,brand_index,,
30439,TRENTAL400 SR TAB,TRENTAL 400 SR 20 F.C.TABS.,ترينتال 400 اس ار 20 اقراص,2606655.0,81.8,ai_confirmed,ai_verified,0.0,
68855,TRESIBA FLEX TOUCH 100 U 1 PEN,,,,,,no_match,,
83619,tress shampoo 150ml,,,,,,no_match,,
59651,TRETOFLAMIN CREAM 20 GM,TRETOFLAMIN 0.025 % CREAM 20 GM,تريتوفلامين 0.025 % كريم 20 جم,2267192.0,85.2,ai_confirmed,ai_verified,0.0,
79303,TREXOTAZ 1.5 GM VIAL,TREXOTAZ 1.5 GM I.M. / I.V. VIAL,تريكسوتاز 1.5 جم امبول,1562819.0,80.0,ai_confirmed,ai_verified,0.0,
83174,TREXOTAZ 2 GM I.M. / I.V. VIAL,TREXOTAZ 2 GM I.M. / I.V. VIAL,تريكسوتاز 2 جم امبول,2499239.0,100.0,algo_match,brand_index,,
80591,TREXOZOLA 2.5 MG 10 TABS,TREXOZOLA 2.5 MG 10 F.C. TABS.,تريكسوزولا 2.5 مجم 10 اقراص,,92.3,algo_match,brand_index,,
22103,TRI-B 6 AMP,TRI B I.M. 6 DOUBLE AMP.,تراي بي 6 دبل امبول,,100.0,algo_match,token_set_ratio,,
79330,TRI-BETAPRONATE TOPICAL CREAM 30 GM,TRI BETAPRONATE CREAM 30 GM,تري بيتابرونيت كريم 30 جم,902910.0,87.1,ai_confirmed,ai_verified,0.0,
51551,TRI BENZOIN IN ZNOPAST,,,,,,no_match,,
79486,TRI GUARD 30CAPSULES,TRIGUARD 30 CAPSULES,تريجارد 30 كبسول,1752719.0,82.9,ai_confirmed,ai_verified,0.0,
51647,TRI TECT ACNE SOAP 100 GM,TRI TECT ACNE SOAP 100 GM,تراي تيكت اكني صابون حب شباب 100 جم,2313262.0,100.0,algo_match,brand_index,,
49204,TRI TECT ANTISETIC SOAP 100 GM,TRI TECT ANTISEPTIC SOAP 100 GM,تراي تيكت صابون مطهر 100 جم,1428924.0,98.4,algo_match,brand_index,,
49206,TRI TECT BABY SOAP 100 GM,TRI TECT BABY SOAP 100 GM,تراي تيكت اطفال صابون 100 جم,1654376.0,100.0,algo_match,brand_index,,
54897,TRIACOR 5/5 MG 10 TAB,TRIACOR 5 / 5 MG 10 F.C. TAB.,ترياكور 5 / 5 مجم 10 اقراص,2635183.0,83.3,ai_confirmed,ai_verified,0.0,
73586,TRIACTIN 20 TABS,TRIACTIN 4 MG 20 TAB.,ترايكتين 4 مجم 20 اقراص,2312791.0,83.3,ai_confirmed,ai_verified,0.0,
18963,TRIACTIN SYRUP,TRIACTIN 2 MG / 5 ML 120 ML SYRUP,ترايكتين 2 مجم / 5 مل 120 مل شراب,2469151.0,100.0,algo_match,token_set_ratio,,
79294,TRIAMERICAN 1GM VAIL,TRIAMERICAN 1 GM I.M. VIAL,تريامريكان 1 جم امبول عضل,2642631.0,87.0,ai_confirmed,ai_verified,0.0,
67296,TRIB GOLD 30 CAP,TRIB GOLD 30 CAPS.,تريب جولد 30 كبسول,2129510.0,97.0,algo_match,brand_index,,
79488,TRIBATENS 40/5/12.5 30TSABLETS,,,,,,no_match,,
90780,TRIBULIVA 30 TAB,TRIBULIVA 30 TAB,تربيوليفا 30 اقراص,,100.0,algo_match,brand_index,,
64110,TRICOGYN JEL 50 GM,,,,,,no_match,,
90719,TRIGASTCARE 120 CAP,TRIGASTCARE 120 H.G. CAPS,ترايجاستاكير 120 كبسول,2469149.0,88.4,ai_confirmed,ai_verified,0.0,
73761,TRILEPTAL 300MG 50TAB,TRILEPTAL 300 MG 50 F.C.TAB.,تريليبتال 300 مجم 50 اقراص,,92.0,algo_match,brand_index,,
73627,TRILEPTAL 60 MG/ML 100 ML SYRUP,TRILEPTAL 60 MG / ML ORAL SUSP. 100 ML,تريليبتال 60 مجم / مل شراب 100 مل,2156413.0,82.4,ai_confirmed,ai_verified,0.0,
74585,TRILEPTAL 600MG 50TAB,TRILEPTAL 600 MG 50 F.C. TAB.,ترايلبتال 600 مجم 50 اقراص,2681705.0,92.0,algo_match,brand_index,,
73898,TRILLERG 10ML EYE DROPS,,,,,,no_match,,
73779,TRIMED FLU 20 TAB,TRIMED FLU 20 F.C. TABS.,تريميد فلو 20 اقراص,2312779.0,87.2,ai_confirmed,ai_verified,0.0,
78145,TRIMELASMA 30GM CREAM,TRIMELASMA TOP. CREAM 30 GM,تريميلازما كريم 30 جم,1802686.0,91.7,algo_match,brand_index,,
74000,TRINUTREX 30 CAP,TRINUTREX 30 CAPS,ترينوتريكس 30 كبسول,,97.0,algo_match,brand_index,,
18581,TRIO-CLAR42CAP,TRIO CLAR 42 CAPS,تريو كلار 42 كبسول,1686109.0,97.0,algo_match,brand_index,,
86829,TRIOCEPT 6 STRIPS * 21 TAB,TRIOCEPT 21 TAB. 6 STRIP (TRIPHASIC),تريوسيبت 21 اقراص 6 شرائط,1754441.0,96.0,algo_match,partial_token_sort_ratio,,
83578,TRIOCOBAVIT 30 CAPS,TRIOCOBAVIT 30 TAB,تريوكوبافيت 30 اقراص,2264431.0,86.5,ai_confirmed,ai_verified,0.0,
79492,TRIPLIXAM 10/2.5/10 15TABLETS,,,,,,no_match,,
89192,TRIPLIXAM 10/2.5/5MG 15 F.C.TABS.,TRIPLIXAM 5 / 1.25 / 5 MG 15 F.C. TABS.,تريبليكسام 25 / 5 / 5 اقراص,2197974.0,80.0,ai_confirmed,ai_verified,0.0,
91792,TRIPTOFEM 0.1MG/ML 6 PREF. SYRINGES,TRIPTOFEM 0.1 MG / ML 6 PREF. SYRINGES,تريبتوفيم 0.1 مجم / مل 6 سرنجه,,94.4,algo_match,brand_index,,
23265,TRITACE 1.25MG 14TAB,TRITACE 1.25 MG 14 TAB.,تريتاس 1.25 مجم 14 اقراص,,100.0,algo_match,brand_index,,
23266,TRITACE 2.5MG 14TAB,TRITACE 2.5 MG 14 TAB.,تريتاس 2.5 مجم 14 اقراص,902943.0,100.0,algo_match,brand_index,,
57409,TRITACE 5 MG 14 TAB,TRITACE 5 MG 14 TAB.,تريتاس 5 مجم 14 اقراص,947935.0,100.0,algo_match,brand_index,,
56570,TRITACE COMP 14 TAB,TRITACE COMP 5 / 25 MG 14 TAB.,تريتاس كومب 5 / 25 مجم 14 اقراص,1517851.0,100.0,algo_match,token_set_ratio,,
58243,TRITACE COMP LS 14 TAB,TRITACE COMP LS 2.5 / 12.5 MG 14 TAB.,تريتاس كومب ال اس 2.5 / 12.5 مجم 14 اقراص,1504994.0,100.0,algo_match,token_set_ratio,,
55583,TRITACE MAX 10 MG/25 MG,TRITACE MAX 10 / 25 MG 10 TAB.,تريتاس ماكس 10 / 25 مجم 10 اقراص,2225422.0,85.7,ai_confirmed,ai_verified,0.0,
57382,TRITACE PROTECT 10 MG 20 TAB,TRITACE PROTECT 10 MG 20 TAB.,تريتاس بروتيكت 10 مجم 20 اقراص,2435828.0,100.0,algo_match,brand_index,,
81193,Tritone 100mg 30Tablets,TRITONE 100 MG 30 TAB.,ترايتون 100 مجم 30 اقراص,2435806.0,91.3,algo_match,brand_index,,
73606,TRITONE 125ML SYRAP,TRITONE 4.8 MG / ML SUSP. 125 ML,ترايتون 4.8 مجم / مل شراب 125 مل,2542724.0,82.4,ai_confirmed,ai_verified,0.0,
74587,TRITONE 200 MG 30 TAB,TRITONE 200 MG 30 TAB,ترايتون 200 مجم 30 اقراص,2435807.0,100.0,algo_match,brand_index,,
91475,TRITONE 50MG 5AMP,TRITONE 50 MG / 5 ML I.V. / I.M. 5 AMP.,ترايتون 50 مجم / 5 مل 5 امبول,,100.0,algo_match,token_set_ratio,,
73604,TRITOSPOT CREAM 15GM,TRITOSPOT CREAM 15 GM,ترايتوسبوت ق,2514732.0,100.0,algo_match,brand_index,,
30381,TRITTICO 100MG TAB,TRITTICO 100 MG 20 TAB.,تريتتيكو 100 مجم 20 اقراص,1485762.0,92.7,algo_match,brand_index,,
30380,TRITTICO 50MG 20TAB,TRITTICO 50 MG 20 TAB.,تريتتيكو 50 مجم 20 اقراص,2143837.0,100.0,algo_match,brand_index,,
47582,TRIVASTAL RETARD 30 TAB,TRIVASTAL RETARD 50 MG 30 TAB.,تريفاستال ريتارد 50 مجم 30 اقراص,2475684.0,88.5,ai_confirmed,ai_verified,0.0,
75734,TRIXAMARC 1000MG I.M. VIAL,TRIXAMARC 1000 MG I.M. VIAL,تريكسامارك 1 جم امبول,2682608.0,100.0,algo_match,brand_index,,
75730,trixamarc 500MG VIAL IM,TRIXAMARC 500 MG I.M. VIAL,تريكسامارك 0.5 جم امبول,2653407.0,98.0,algo_match,brand_index,,
79302,TRIXOMASH 1 GM VIAL FOR I.M. INJ,TRIXOMASH 1 GM VIAL FOR I.M. INJ.,تريكسوماش 1 جم امبول عضل,,100.0,algo_match,brand_index,,
75690,TRONE 100 MG 10 SACH,TRONE 10 SACHETS 100 GM,ترون 10 اكياس 100 جم,2362687.0,88.4,ai_confirmed,ai_verified,0.0,
91456,TRONE 20 CAP,TRONE 20 CAPS,ترون 20 كبسول,,96.0,algo_match,brand_index,,
87346,TROPHIC SILICONE GEL 50 GM,TROPHIC SILICON GEL 50 GM,تروفيك سيليكون جل 50 جم,1992798.0,98.0,algo_match,brand_index,,
61865,TROSPAMEXIN 20 MG 20 TAB,TROSPAMEXIN 20 MG 20 F.C. TABS.,تروسبامكسين 20 مجم 20 اقراص,,90.6,algo_match,brand_index,,
83713,trozachrome 3amp,TROZACHROME 3 I.M. AMPS,تروزاكروم 3 امبول,2335734.0,87.2,ai_confirmed,ai_verified,0.0,
91142,TRUST SHAMPOO 150ML,TRUST SHAMPOO 150 ML,تراست شامبو 150 مل,2476126.0,100.0,algo_match,brand_index,,
79321,TRUST SYRUP 120ML,,,,,,no_match,,
79109,TRUSTNAL SYRUP,TRUSTNAL 100 MG / 5 ML ORAL SUSP. 100 ML,ترستنال 100 مجم / 5 مل شراب 100 مل,1847095.0,88.9,ai_confirmed,ai_verified,0.0,
83937,TRYPSALIN + 20TABLETS,TRYPSALIN 20 TABS,تربسالين 20 اقراص,2164267.0,87.2,ai_confirmed,ai_verified,0.0,
87370,TRYPSICAN 30 TAB,TRYPSIN 30 TAB,تربسين 30 اقراص,,93.3,algo_match,brand_index,,
89836,TRYPTIZOL 10 MG 60 TABS,,,,,,no_match,,
84446,TRYPTIZOL 10MG 20 TAB,TRYPTIZOL 10 MG 20 TABS,تريبتيزول 10 مجم 20 اقراص,,97.8,algo_match,brand_index,,
74851,TRYPTIZOL 25MG 30 TAB,TRYPTIZOL 25 MG 30 TABS.,تريبتيزول 25 مجم 30 اقراص,902941.0,97.8,algo_match,brand_index,,
81747,TUDASIDONE 40MG 20TABS,TUDASIDONE 40 MG 20 F.C. TABS.,توداسيدون 40 مجم 20 اقراص,1653451.0,92.3,algo_match,brand_index,,
82856,tudasidone 80 mg 20 tab,TUDASIDONE 80 MG 20 F.C. TABS.,توداسيدون 80 مجم 20 اقراص,2145685.0,90.2,algo_match,brand_index,,
82616,TULANGO-SLIM 30 TABS,TULANGO SLIM 30 CAPS,تولانجو سليم 30 كبسول,2145704.0,90.0,algo_match,token_set_ratio,,
84184,TULANGO-VIT 120ML SYRUP,TULANGO VIT 120 ML SYRUP,تولانجو فيت 120 مل شراب,903013.0,100.0,algo_match,brand_index,,
92068,TULANGO CONCIEVE 14SACH,TULANGO CONCEIVE 14 SACHETS,تولانجو كونسيف 14 اكياس,2636801.0,90.2,algo_match,brand_index,,
81215,tulangodrop,,,,,,no_match,,
85657,TURBO SLIM 40 CAPS IMP,,,,,,no_match,,
86275,TUSSI-IBM 100 ML SYRUP,TUSSI IBM SYRUP 100 ML,توسي اي بي ام 100 مل شراب,1132079.0,100.0,algo_match,brand_index,,
43683,TUSSISTOP 30 MG SYRUP 100 ML,TUSSISTOP 30 MG / 5 ML SYRUP 100 ML,توسيستوب 30 مجم / 5 مل شراب 100 مل,903004.0,88.9,ai_confirmed,ai_verified,0.0,
81947,TUSSISTOP 60 MG 20 TABS,TUSSISTOP 60 MG 20 TABS,توسيستوب 60 مجم 20 اقراص,2145746.0,100.0,algo_match,brand_index,,
73565,TUSSIVAN N SYRUP 125 ML,TUSSIVAN N SYRUP 125 ML,توسيفان ان شراب 125 مل,2469239.0,100.0,algo_match,brand_index,,
73395,TUSSKAN SYRUP 100 ML,TUSSKAN SYRUP 100 ML,توسكان شراب 100 مل,1180656.0,100.0,algo_match,brand_index,,
49880,TWINZOL EYE DROPS 5 ML,TWINZOL EYE DROPS 5 ML,توينزول قطره للعين 5 مل,903019.0,100.0,algo_match,brand_index,,
81019,TWINZOL SINGLE DOSE 30 UNITS,,,,,,no_match,,
90836,TWIST & GO NTENSE LASH WERUM 10ML,,,,,,no_match,,
87942,TWIST AND GO HAIR SHAMPOO 250 MG,,,,,,no_match,,
84466,TWIT-TEAR XP EYE DROPS,TWIT TEAR XP EYE DROPS 10 ML,تويت تير اكس بي قطره للعين 10 مل,2263864.0,88.0,ai_confirmed,ai_verified,0.0,
91420,TWIT-TEAR ALLERGY EYE DROPS 10 ML,TWIT TEAR ALLERGY EYE DROPS 10 ML,تويت تير الليرجي قطره للعين 10 مل,2510145.0,100.0,algo_match,brand_index,,
84286,TWIT-TEAR EYE DROPS,TWIT TEAR EYE DROPS 10 ML,تويت تير قطره للعين 10 مل,2469246.0,86.4,ai_confirmed,ai_verified,0.0,
73248,TYMER DROPS 5 ML,TYMER 0.3 % EYE DROPS 5 ML,تايمر قطره للعين 5 مل,1396107.0,100.0,algo_match,token_set_ratio,,
91641,U-RICHI CARBAMIDE CREAM 50 GM,U RICHI CARBAMIDE CREAM 50 GM,يو ريتشي كارباميد كريم 50 جم,2471579.0,100.0,algo_match,brand_index,,
91167,U RICHI PANTHENOL ADVANCE CREAM GEL 50M,U RICHI PANTHENOL ADVANCE CREAM GEL 50 GM,يو ريتشي بانثينول ادفانس كريم جل 50 جم,2443138.0,98.8,algo_match,brand_index,,
89653,UBM IMMUNE 375MG 30 CAPS,UBM IMMUNE 30 CAPS,يو بي ام اميون 30 كبسول,2680701.0,83.7,ai_confirmed,ai_verified,0.0,
85228,ulcezole 30mg 20tab,ULCEZOLE 30 MG 20 TABLETS,السيزول 30 مجم 20 قرص,2464556.0,91.3,algo_match,brand_index,,
79477,ULCEZOLE 60 MG 20 CAPSULES,ULCEZOLE 60 MG 20 DEL. REL. CAPS.,السيزول 60 مجم 20 كبسول,2312394.0,82.1,ai_confirmed,ai_verified,0.0,
79481,ULSOREST 30TABLETS,,,,,,no_match,,
62593,ULTRA FAIR 15 GM CREAM OFFER,,,,,,no_match,,
63251,ULTRA FEET CREAM 50G,ULTRA FEET CREAM 50 GM,الترا فيت كريم 50 جم,2635302.0,97.7,algo_match,brand_index,,
81444,Ultra Slim Cap,ULTRA SLIM 30 CAPS.,الترا سليم 30 كبسول,1657421.0,87.5,ai_confirmed,ai_verified,0.0,
75118,ULTRACAINE GEL,ULTRACAINE 5 % GEL 30 GM,التراكايين 5 % جل 30 جم,2145581.0,100.0,algo_match,token_set_ratio,,
46376,ULTRACILLIN 1500MG VIAL,ULTRACILLIN 1500 MG VIAL,التراسيلين 1500 مجم امبول,2674618.0,100.0,algo_match,brand_index,,
47707,ULTRACILLIN 750MG VIAL,ULTRACILLIN 750 MG VIAL,التراسيلين 750 مجم امبول,2488338.0,100.0,algo_match,brand_index,,
57204,ULTRACIPRO E.R. 1 GM 5 F.C. TABS.,ULTRACIPRO E.R. 1 GM 5 F.C. TABS.,التراسيبرو اي ار 1 جم 5 اقراص,2468337.0,100.0,algo_match,brand_index,,
90138,ultrahumidin cream,ULTRAHUMIDIN CREAM 30 GM,التراهيوميدين كريم 30 جم,1979306.0,85.7,ai_confirmed,ai_verified,0.0,
88688,ULTRAMOX 625 MG 12 F.C. TABS,ULTRAMOX 625 MG 12 F.C. TABS.,التراموكس 625 مجم 12 اقراص,,100.0,algo_match,brand_index,,
73308,ULTRASOLV 10 CAP,ULTRASOLV 10 F.C. TAB,التراسولف 10 اقراص,2096432.0,83.3,ai_confirmed,ai_verified,0.0,
40572,ULTRASOLV SYRUP 120 ml,ULTRASOLV SYRUP 120 ML,التراسولف شراب 120 مل,2468336.0,100.0,algo_match,brand_index,,
81796,UMEGA KIDS ORAL DROPS 30ML,UMEGA KIDS DROPS 30 ML,يوميجا كيدز قطره 30 مل,2471595.0,89.8,ai_confirmed,ai_verified,0.0,
88853,UNI-MOIST CREAM 100 GM,UNI MOIST CREAM 100 GM,مويست وان يوريا كريم 100 جم جديد,2640530.0,100.0,algo_match,brand_index,,
4278,UNIBIOTIC 500 MG 5 TAB,UNIBIOTIC 500 MG 5 F.C. TAB,يونيبيوتك 500 مجم 5 اقراص,2455431.0,91.7,algo_match,brand_index,,
81493,unicetamol oral drops for children 15ml,,,,,,no_match,,
73361,UNICTAM 1500 VIAL,UNICTAM 1.5 GM I.M / I.V. VIAL,يونيكتام 1.5 جم امبول,2442786.0,82.8,ai_confirmed,ai_verified,0.0,
73273,UNICTAM 375 MG 12 TAB,UNICTAM 375 MG 12 TABS.,يونيكتام 375 مجم 12 اقراص,2300528.0,97.7,algo_match,brand_index,,
17927,UNICTAM 375MG VIAL,UNICTAM 3 GM VIAL,يونيكتام 3 جم امبول,,88.9,ai_confirmed,ai_verified,0.0,
73235,UNICTAM 750 MG VIAL,UNICTAM 3 GM VIAL,يونيكتام 3 جم امبول,,83.3,ai_confirmed,ai_verified,0.0,
80489,UNIFUNGI 150MG 2 CAPSULES,UNIFUNGI 150 MG 2 CAPS,يونيفنجاي 150 مجم 2 كبسول,2442229.0,91.7,algo_match,brand_index,,
91952,UNIK IN SPRAY 30 ML,UNIK IN SPRAY 30 ML,يونيك ان بخاخ 30 مل,2633913.0,100.0,algo_match,brand_index,,
79212,UNILOXAM 500 MG 10 TABS,UNILOXAM 500 MG 10 F.C. TABS,يونيلوكسام 500 مجم 10 اقراص,2609182.0,92.0,algo_match,brand_index,,
79213,UNILOXAM 750MG 10 TABLETS,UNILOXAM 750 MG 10 F.C. TABS,يونيلوكسام 750 مجم 10 اقراص,2456203.0,86.8,ai_confirmed,ai_verified,0.0,
64076,UNIPRIDOL 5MG/5ML SYP. 100 ML,UNIPRIDOL 5 MG / 5 ML SYP. 100 ML,يونيبريدول 5 مجم / 5 مل شراب 100 مل,2589421.0,90.3,algo_match,brand_index,,
83628,UNIPRIDOL FORTE 15MG/5ML SYP. 100 ML,UNIPRIDOL FORTE 15 MG / 5 ML SYP. 100 ML,يونيبريدول فورت 15 مجم / 5 مل شراب 100 مل,2510546.0,92.1,algo_match,brand_index,,
79478,UNISIATEM 40 mg 30 tabs,,,,,,no_match,,
79479,UNISIATEM 80MG 30 TABS,,,,,,no_match,,
88069,UNITED VIT 30 F.C TABLETS,UNITED VIT 30 TAB,يونايتد فيت 30 اقراص,2501452.0,81.0,ai_confirmed,ai_verified,0.0,
18792,UNITREXATE 50 MG 5 VIAL,UNITREXATE 50 MG / 2 ML 50 MG 5 VIALS I.M. I.V,يونيتريكسات 50 مجم / 2 مل 5 امبول,2653512.0,87.8,ai_confirmed,ai_verified,0.0,
89990,universal 50gram,UNIVERSAL CREAM 50 GM,يونيفرسال كريم 50 جم,2514911.0,84.2,ai_confirmed,ai_verified,0.0,
66052,UNIVERSAL CREAM 100 MG,UNIVERSAL CREAM 100 GM,يونيفرسال كريم 100 جم,2442800.0,95.5,algo_match,brand_index,,
24325,UNIVIT SYRUP,UNIVIT SYRUP 100 ML,يونيفيت شراب 100 مل,,100.0,algo_match,token_set_ratio,,
40081,UNIZITHRIN 200MG 30ML SUSP,UNIZITHRIN 200 MG / 5 ML SUSP. 30 ML,يونيزيثرين 200 مجم / 5 مل شراب 30 مل,2471603.0,88.9,ai_confirmed,ai_verified,0.0,
82960,unizithrin 500 6 cap,UNIZITHRIN 500 MG 6 CAPS,يونيزيثرين 500 مجم 6 كبسول,,90.9,algo_match,brand_index,,
63189,UNOCRON 60MG MR 30 TAB,UNOCRON MR 60 MG 30 TABS.,اونوكرون ام ار 60 مجم 30 اقراص,2435419.0,97.9,algo_match,brand_index,,
79107,UNOVIT SYRUP,UNOVIT SYRUP 120 ML,اونوفيت شراب 120 مل,1546280.0,100.0,algo_match,token_set_ratio,,
87185,UPDATE BODY OIL,UPDATE BODY OIL 60 ML,ابديت زيت 60 مل,2146796.0,83.3,ai_confirmed,ai_verified,0.0,
74215,UR-AID 12SACHETS,,,,,,no_match,,
4972,URALYT U GRANULES,,,,,,no_match,,
58522,URECARE CREAM 30 GM,URECARE 10 % CREAM 30 GM,يوريكير 10 % كريم 30 جم,2442208.0,88.4,ai_confirmed,ai_verified,0.0,
61375,URGENT PLUS MASSAGE CREAM 50 GM,URGENT PLUS CREAM 50 GM,ارجنت بلس كريم 50 جم,2513150.0,85.2,ai_confirmed,ai_verified,0.0,
86776,URGINAFECT 10 MG 20 TABS,URGINAFECT 10 MG 20 F.C. TABS.,ارجينافيكت 10 مجم 20 اقراص,2468195.0,92.3,algo_match,brand_index,,
85421,URGINAFECT 5 MG 20 TABS,URGINAFECT 5 MG 20 F.C. TABS.,ارجينافيكت 5 مجم 20 اقراص,1657299.0,92.0,algo_match,brand_index,,
49806,URI CONTROL 2 MG 10 TAB,URICONTROL 2 MG 10 TAB.,يوريكنترول 2 مجم 10 اقراص,,84.4,ai_confirmed,ai_verified,0.0,
90595,URIBLADON 50MG XR 30TAB,URIBLADON 50 MG XR 30 TAB,يوريبلادون اكس ار 50 مجم 30 اقراص,,100.0,algo_match,brand_index,,
81368,URICODROP 120 TAB,URICODROP 120 MG 10 F.C. TABS.,يوريكودروب 120 مجم 10 اقراص,2623689.0,86.7,ai_confirmed,ai_verified,0.0,
81365,URICODROP 40 MG 20 TABS,URICODROP 40 MG 20 F.C. TABS.,يوريكودروب 40 مجم 20 اقراص,2442267.0,92.0,algo_match,brand_index,,
76781,URICODROP 80MG 30TAB,URICODROP 80 MG 30 F.C. TABS.,يوريكودروب 80 مجم 30 اقراص,2604575.0,89.8,ai_confirmed,ai_verified,0.0,
91073,URICOL-N 6 SAC,,,,,,no_match,,
7466,URICOL SACHETS,URICOL 6 EFF. GR. IN SACHETS,يوريكول 6 اكياس فواره,2426004.0,100.0,algo_match,token_set_ratio,,
74071,URINEX 24 CAP,URINEX 24 CAPS,يورينيكس 24 كبسول,2441922.0,96.3,algo_match,brand_index,,
90994,URINEX 36 CAP,URINEX 36 CAP,يورينيكس 36 كبسول,2442638.0,100.0,algo_match,brand_index,,
74086,URIPAN XR TAB 10 MG 30 TAB,URIPAN X.R. 10 MG 30 TABS.,يوريبان اكس ار 10 مجم 30 اقراص,2313761.0,88.0,ai_confirmed,ai_verified,0.0,
73711,URIPAN 5 MG 30 TAB,URIPAN 5 MG 30 TABS.,يوريبان 5 مجم 30 اقراص,2623845.0,97.3,algo_match,brand_index,,
74248,URIPAN SYRUP 120 ML,URIPAN 0.1 % SYRUP 120 ML,يوريبان 0.1 % شراب 120 مل,2651570.0,86.4,ai_confirmed,ai_verified,0.0,
79108,URIPRIDOL SYRUP,,,,,,no_match,,
UR,URIVIN SACHETS,URIVIN 10 EFF. SACHETS,يوريفين فوار 10 اكياس,2455427.0,80.0,ai_confirmed,ai_verified,0.0,
73069,UROSOLVINE 12 SACHETS,,,,,,no_match,,
90434,UROSOLVINE N SACHETS,,,,,,no_match,,
73428,URSO PLUS 20 CAP,,,,,,no_match,,
49821,URSODIOL 250 MG 20 CAP,URSODIOL 250 MG 20 CAPS,اورسودايول 250 مجم 20 كبسول,2291163.0,97.8,algo_match,brand_index,,
73429,URSOFALK 250 MG 20 CAP,URSOFALK 250 MG 20 CAPS.,اورسوفالك 250 مجم 20 كبسول,2145238.0,97.8,algo_match,brand_index,,
63185,UTROCARE 100MG 30TAB,,,,,,no_match,,
87710,UVEPRO LIGHT TEXTURE CREAM OFFER 1+1,,,,,,no_match,,
vg,V-GONE 100MG 8TABS,V GONE 100 MG 8 F.C. TAB.,في جون 100 مجم 8 اقراص,2250085.0,88.4,ai_confirmed,ai_verified,0.0,
87857,VACATION ACNE PRONE SKIN CREAM 60 ML,,,,,,no_match,,
87725,VACATION HYDRO GEL SUNSCREEN +50 60ML,,,,,,no_match,,
91968,VACATION SEBIO CONTROL Cream GEL 60 ml,,,,,,no_match,,
87712,VACATION WHITENING FACIAL CLEANSING FOAM 200 ML,VACATION WHITENING FACIAL CLEANSING FOAM 200 ML,فاكيشن غسول فوم لتفتيح البشره 200 مل,2318007.0,100.0,algo_match,brand_index,,
87671,VACATION WHITENING NIGHT CARE GEL 60 ML,VACATION WHITENING NIGHT CARE GEL 60 ML,فاكيشن جل تفتيح ليلي 60 مل,1847961.0,100.0,algo_match,brand_index,,
46999,VAGICLIND VAGINAL CREAM,,,,,,no_match,,
86416,VALGESTRIL 21 TAB,VALGESTRIL 21 TABS,فالجيستريل 21 اقراص,1513551.0,97.1,algo_match,brand_index,,
91690,VALO BIOTIN 10000 MCG 30 CAP,,,,,,no_match,,
56219,VALPOEAST-SR 20 TAB,VALPOEAST SR 500 MG 20 TAB.,فالبوايست اس ار 500 مجم 20 اقراص,2369300.0,84.4,ai_confirmed,ai_verified,0.0,
65995,VALSATENS 80 MG 30 TAB,VALSATENS 80 MG 30 F.C.TAB.,فالساتينس 80 مجم 30 اقراص,,91.7,algo_match,brand_index,,
85098,VALUDAL 60 GUMMIES,,,,,,no_match,,
29411,VANCOMYCIN 50OMG VIAL,VANCOMYCIN 500 MG 1 VIAL,فانكومايسين 500 مجم امبول,2541501.0,91.3,algo_match,brand_index,,
55539,VANO CREAM 50 GM,VANO CREAM 50 GM,فانو كريم 50 جم,1654452.0,100.0,algo_match,brand_index,,
67207,vantomor 50mg 20tab,VANTOMOR 50 MG 20 DISPERSIBLE TAB.,فانتومور 50 2 شريط,2635307.0,100.0,algo_match,token_set_ratio,,
86828,VANVILDA PLUS 50/1000 MG 30 TABS,,,,,,no_match,,
90139,vanvilda plus 50/850,,,,,,no_match,,
65699,VANZAPRO 1 GM 1 VIAL,VANZAPRO 1 GM I.M / I.V VIAL,فانزابرو 1 جم امبول,2471732.0,100.0,algo_match,token_set_ratio,,
65979,VARDAPEX 10 MG 4 TAB,VARDAPEX 10 MG 4 F.C. TABS,فاردابيكس 10 مجم 4 اقراص,904202.0,88.9,ai_confirmed,ai_verified,0.0,
75551,VARDE 20 MG 4 TAB,VARDE 20 MG 4 F.C. TABS,فاردي 20 مجم 4 اقراص,904201.0,87.2,ai_confirmed,ai_verified,0.0,
65996,VARDENA 20 MG 4 TAB,VARDENA 20 MG 4 F.C. TABS,فاردينا 20 م,2675440.0,88.4,ai_confirmed,ai_verified,0.0,
56179,VARDENORECT 20 MG 8 TAB,VARDENORECT 20 MG 8 F.C. TABS,فاردينوريكت 20 مجم 8 اقراص,,90.2,algo_match,brand_index,,
87071,VARDENORECT 5 MG 30 TABS,VARDENORECT 5 MG 30 F.C.TABS.,فاردينوريكت 5 مجم 30 اقراص,1651892.0,92.3,algo_match,brand_index,,
89942,VARIC CREAM 75GM,VARIC CREAM 75 GM,فاريك كريم 75 جم,2472087.0,100.0,algo_match,brand_index,,
86573,VARIO CREAM 60 GM,VARIO CREAM 60 GM,فاريو كريم 60 جم,2335755.0,100.0,algo_match,brand_index,,
75585,VARNOVA 10 MG 30 TAB,VARNOVA 10 MG 30 F.C. TABS.,فارنوفا 10 مجم 30 اقراص,1552900.0,88.9,ai_confirmed,ai_verified,0.0,
75587,VARNOVA 20 MG 4 TAB,VARNOVA 20 MG 4 F.C. TABS.,فارنوفا 20 مجم 4 اقراص,2470369.0,88.4,ai_confirmed,ai_verified,0.0,
77923,varnova 5mg 30tabs,VARNOVA 5 MG 30 F.C. TABS.,فارنوفا 5 مجم 30 اقراص,2571555.0,90.9,algo_match,brand_index,,
4261,VASCON 20 TABS,VASCON 5 MG 20 TAB.,فاسكون 5 مجم 20 اقراص,1454644.0,81.2,ai_confirmed,ai_verified,0.0,
22390,VASCON DROPS,VASCON 1 % ORAL DROPS 15 ML,فاسكون 1 % قطره للفم 15 مل,2470342.0,100.0,algo_match,token_set_ratio,,
83625,vasocare 400mg tab,VASOCARE 400 MG S.R. 20 TAB,فازوكير 400 مجم 20 اقراص,2622798.0,84.4,ai_confirmed,ai_verified,0.0,
18916,VASONORM 10MG TAB,VASONORM 10 MG 10 TAB.,فازونورم 10 مجم 10 اقراص,,92.3,algo_match,brand_index,,
19376,VASONORM 5MG TAB,VASONORM 5 MG 10 TAB.,فازونورم 5 مجم اقراص,2620056.0,91.9,algo_match,brand_index,,
67370,VASTAFLAM 50MG 20 TABS,VASTAFLAM 50 MG 20 SUGAR C.TABS.,فاستافلام 50 مجم 20 اقراص,2156379.0,85.2,ai_confirmed,ai_verified,0.0,
25835,VASTAREL MR 30 TAB,VASTAREL MR 35 MG 30 F.C.TAB.,فاستاريل ام ار 35 مجم 30 اقراص,2313282.0,100.0,algo_match,token_set_ratio,,
67210,vastasiero 10mg 20tab,VASTASIERO 10 MG 20 F.C. TABS.,فاستاسيرو 10 مجم 20 اقراص,2161246.0,90.2,algo_match,brand_index,,
78749,vastasiero20mg,,,,,,no_match,,
76742,VATIKA HAITR SERUM ALL 47 ML,,,,,,no_match,,
85116,VAVRA B NEURO 30 CAPSULES,,,,,,no_match,,
89075,VAVRA D3 10000 30 CAPS,,,,,,no_match,,
89074,VAVRA IRON 20 CAPS,,,,,,no_match,,
68843,VAXATO 10 MG 20 TAB,VAXATO 10 MG 20 F.C TABS,فاكساتو 10 مجم 20 اقراص,2400739.0,88.4,ai_confirmed,ai_verified,0.0,
77541,vaxato 15mg 30 tabs,VAXATO 15 MG 30 TABS.,فاكساتو 15 مجم 30 اقراص,904453.0,100.0,algo_match,brand_index,,
87477,VAXATO 2.5MG 30 TAB,VAXATO 2.5 MG 30 TABS,فاكساتو 2.5 مجم 30 اقراص,2145942.0,97.6,algo_match,brand_index,,
74804,VAXIGRIP TETRA 15MCG/0.5ML PREFILLED SYRINGE,VAXIGRIP TETRA 15 MCG / 0.5 ML PREFILLED SYRINGE,فاكسيجريب تيترا 15 مكجم / 0.5 مل,,89.4,ai_confirmed,ai_verified,0.0,
75172,VECOVARTEC PLUS 20/12.5 MG 21 TAB,VECOVARTEC PLUS 20 / 12.5 MG 28 F.C. TAB,فيكوفارتيك بلس 20 / 12.5 مجم 28 اقراص,1427295.0,83.3,ai_confirmed,ai_verified,0.0,
75333,VECOVARTEC PLUS 40/12.5 MG 21 TAB,VECOVARTEC PLUS 20 / 12.5 MG 28 F.C. TAB,فيكوفارتيك بلس 20 / 12.5 مجم 28 اقراص,1427295.0,80.0,ai_confirmed,ai_verified,0.0,
90713,VEE-SKIN 30CAP,VEE SKIN 30 CAPS,في سكين 30 اقراص,2146111.0,96.8,algo_match,brand_index,,
91301,vee allure moist cream 150 gm,,,,,,no_match,,
90577,VEE B-COMPLEX 30CAP,VEE B COMPLEX 30 CAP,في بي كومبلكس 30 اقراص,2146511.0,100.0,algo_match,brand_index,,
88752,VEE CARE 60 CAPS,VEE CARE 60 CAPS,في كير 60 اقراص,2146110.0,100.0,algo_match,brand_index,,
90821,VEE FERO IRON 30 TAB,,,,,,no_match,,
90815,VEE HAIR 60 TABS,VEE HAIR 60 TABS,في هير 60 اقراص,2146861.0,100.0,algo_match,brand_index,,
90576,VEE ORTHO 30CAP,VEE ORTHO 30 CAP,في اورثو 30 اقراص,2146507.0,100.0,algo_match,brand_index,,
89960,VEE WHITE 30 TABS,VEE WHITE 30 CAPS,في وايت 30 اقراص,2254067.0,88.2,ai_confirmed,ai_verified,0.0,
83547,VEGAPANTIN 600MG 30TABS,VEGAPANTIN 600 MG 30 F.C.TAB.,فيجابانتين 600 مجم 30 اقراص,1608268.0,90.6,algo_match,brand_index,,
74491,VELOSEF 1 GM 8 TAB,VELOSEF 1 GM 8 TABS.,فيلوسيف 1 جم 8 اقراص,1548067.0,97.3,algo_match,brand_index,,
36511,VELOSEF 1GM VIAL,VELOSEF 1 GM I.M. / I.V.VIAL,فيلوسيف 1 جم امبول,2587409.0,100.0,algo_match,token_set_ratio,,
74559,VELOSEF 250MG SYRUP 100ML,VELOSEF 250 MG / 5 ML 100 ML SUSP.,فيلوسيف 250 مجم / 5 مل 100 مل شراب,,83.3,ai_confirmed,ai_verified,0.0,
75126,VELOSEF 500 MG 16 CAP,VELOSEF 500 MG 16 CAPS.,فيلوسيف 500 مجم 16 كبسول,939300.0,97.7,algo_match,brand_index,,
47022,VENAXAN 500 MG 5 TAB,VENAXAN 500 MG 5 F.C.TAB.,فيناكسان 500 مجم 5 اقراص,2436924.0,90.9,algo_match,brand_index,,
73613,VENDEXINE SYRUP 125ML,VENDEXINE SYRUP 125 ML,فيندكسين شراب 125 مل,904475.0,100.0,algo_match,brand_index,,
80541,VENLATROPE 50MG 30-TAB,VENLATROPE 50 MG 30 EXTENDED REL. TAB.,فينلاتروب 50 مجم 30 اقراص,,100.0,algo_match,token_set_ratio,,
89720,venolen idrogel,VENOLEN IDROGEL 100 ML,فينولين ايدروجل 100 مل,,81.1,ai_confirmed,ai_verified,0.0,
86853,VENOSEL SYRUP,,,,,,no_match,,
73426,VENTAL COMPOSITUM INHALER 200 PUFFS,,,,,,no_match,,
73081,VENTAL INHALER 200 INHALATIONS,,,,,,no_match,,
89355,VENTAMOR FACIAL WASH 200 ML,VENTAMOR FACIAL WASH 200 ML,فينتامور غسول للوجه للتفتيح 200 مل,1768583.0,100.0,algo_match,brand_index,,
89388,VENTAMOR WHITENING CREAM 60 GM,VENTAMOR WHITENING SOAP 60 GM,صابونه فاكس 60 جم 5 قطع,1974574.0,81.4,ai_confirmed,ai_verified,0.0,
63223,VENTOCOUGH SUGAR FREE SYR 125ML,VENTOCOUGH SUGAR FREE SYRUP 125 ML,فينتوكوف خالي من السكر شراب 125 مل,2313396.0,97.0,algo_match,brand_index,,
69036,VENTOCOUGH W/SUGAR SYR 125ML,,,,,,no_match,,
88401,VENTOHERB SYRUP 120 ML,VENTOHERB SYRUP 120 ML,فنتوهيرب شراب 120 مل,2623153.0,100.0,algo_match,brand_index,,
74326,VENTOLIN DISKUS,VENTOLIN DISKUS 200 MCG / DOSE ACCUHALER,فنتولين بخاخ 100 مكجم جديد / جلاكسو,2456986.0,100.0,algo_match,token_set_ratio,,
73373,VENTOLIN EVOHALER 100 MCG INHALER,VENTOLIN EVOHALER 100 MCG / ACTUATION INHALER,فينتولين ايفوهيلر 100 مكجم استنشاق,1988745.0,84.6,ai_confirmed,ai_verified,0.0,
73448,VENTOLIN SYRUP,,,,,,no_match,,
90085,VENTOSPAN SYRUP,VENTOSPAN SYRUP 60 ML,فينتوسبان شراب 60 مل,2635991.0,83.3,ai_confirmed,ai_verified,0.0,
91858,VEPICLE 20 TABS,VEPICLE 20 TAB,فيبيكل 20 اقراص,2544383.0,96.6,algo_match,brand_index,,
84559,VERDAPIOTAL 10 MG 30 TAB,VERDAPIOTAL 10 MG 30 F.C.TAB.,فيردابيوتال 10 مجم 30 اقراص,2347471.0,92.3,algo_match,brand_index,,
27313,VERDO 20 CAPS.,VERDO 20 CAPSULES,فيردو 20 كبسول,2501286.0,86.7,ai_confirmed,ai_verified,0.0,
57990,VERDOL WASH 250 ML,,,,,,no_match,,
47101,VERM-1 TAB,,,,,,no_match,,
48107,VERM-1 TAB 28STRIPS,,,,,,no_match,,
74588,VERMIZOLE 200 MG 6TAB,VERMIZOLE 200 MG 6 TAB.,فيرميزول 200 مجم 6 اقراص,904428.0,100.0,algo_match,brand_index,,
73997,VERMIZOLE SYRUP,VERMIZOLE 200 MG / 5 ML SUSP. 30 ML,فيرميزول 200 مجم / 5 مل شراب 30 مل,904429.0,89.7,ai_confirmed,ai_verified,0.0,
73778,VERSERC 16MG 30 TAB,VERSERC 16 MG 30 TAB.,فيرسيرك 16 مجم 30 اقراص,904426.0,100.0,algo_match,brand_index,,
73605,VERSERC 24MG 30 TAB,VERSERC 24 MG 30 TAB.,فيرسيرك 24 مجم 30 اقراص,2470525.0,100.0,algo_match,brand_index,,
88432,VETOYAGRA 100 MG 12 ORO-DISPERSIBLE TABS.,VETOYAGRA 100 MG 12 ORO DISPERSIBLE TABS,فيتوياجرا 100 مجم 12 اقراص,1925887.0,100.0,algo_match,brand_index,,
47394,VETOYAGRA 100 MG 5 TAB,VETOYAGRA 100 MG 5 F.C. TABS,فيتوياجرا 100 مجم 5 اقراص,2008176.0,89.8,ai_confirmed,ai_verified,0.0,
81140,vetoyagra 100mg TABLETS,VETOYAGRA 100 MG 5 F.C. TABS,فيتوياجرا 100 مجم 5 اقراص,2008176.0,82.4,ai_confirmed,ai_verified,0.0,
V100,VIAGRA 100 MG 4 TAB,VIAGRA 100 MG 4 F.C.TAB.,فياجرا 100 مجم 4 اقراص,904389.0,90.5,algo_match,brand_index,,
28469,VIAGRA 100 MG 4 TAB IMPORTED,,,,,,no_match,,
v50,VIAGRA 50 MG 4 TAB,VIAGRA 50 MG 4 F.C.TAB.,فياجرا 50 مجم 4 اقراص,904390.0,90.0,algo_match,brand_index,,
79265,VIASALMOL AEROSOL INHALATION,,,,,,no_match,,
80753,VIASALMOL PLUS 200 METERED ACTUATION,,,,,,no_match,,
58891,VIATRAZO 80 MG 3 VAG. SUPP.,VIATRAZO 80 MG 3 VAG. SUPP.,فياترازو 80 مجم 3 لبوس مهبلي,2166549.0,100.0,algo_match,brand_index,,
75284,VIATRAZO VAGINAL CREAM 30GM,,,,,,no_match,,
75050,VIAVAG 25MG 10 TAB,VIAVAG 25 MG 10 F.C. TAB.,فيافاج 25 مجم 10 اقراص,1659123.0,90.5,algo_match,brand_index,,
60167,VIAVAG 100 MG 10 TAB,VIAVAG 100 MG 10 F.C.TAB.,فيافاج 100 مجم 10 اقراص,2144438.0,90.9,algo_match,brand_index,,
74431,VIBRAMYCIN 100 MG 10 CAP,VIBRAMYCIN 100 MG 10 CAPS.,فيبرامايسين 100 مجم 10 كبسول,2464919.0,98.0,algo_match,brand_index,,
75065,VICKSOLYTIC SYRUP 120ML,VICKSOLYTIC SYRUP 120 ML,فيكسوليتك شراب 120 مل,1911192.0,100.0,algo_match,brand_index,,
85607,VIDAGLUSE PLUS 50\500 MMG 30 TABS,,,,,,no_match,,
VD,VIDROP ORAL DROPS 15 ML,VIDROP 2800 I.U. / ML ORAL DROPS 15 ML,فيدروب 2800 وحده / مل قطره للفم 15 مل,904417.0,100.0,algo_match,token_set_ratio,,
73166,VIGAMOX DROPS 5 ml ne,VIGAMOX 0.5 % EYE DROPS 5 ML,فيجاموكس 0.5 % قطره للعين 5 مل,1992269.0,92.3,algo_match,token_set_ratio,,
79504,VIGOTON PLUS 20 TABS,VIGOTON PLUS 20 CAPS,فيجوتون بلس 20 كبسول,2276602.0,90.0,algo_match,token_set_ratio,,
87733,VIGOTON PLUS 30 tab,,,,,,no_match,,
89460,VILATRIPLO 100/62.5/25 MCG 60 INH. CAPS.+DUOHALER,,,,,,no_match,,
89429,VILATRIPLO 200/62.5/25 MCG 60 INH. CAPS.+DUOHALER,,,,,,no_match,,
80011,VILDAFORMIN 50/1000MG 30TABS,VILDAFORMIN 50 / 1000 MG 30 TABS.,فيلدافورمين 50 / 1000 مجم 30 اقراص,904462.0,80.6,ai_confirmed,ai_verified,0.0,
74957,VILDAGLUSE 50 MG 30 TAB,VILDAGLUSE 50 MG 30 TABS.,فيلداجلوز 50 مجم 30 اقراص,2156615.0,97.9,algo_match,brand_index,,
65572,VILDAGLUSE PLUS 50/1000 MG 30 TAB,VILDAGLUSE PLUS 50 / 1000 MG 30 TABS.,فيلداجلوز بلس 50 / 1000 مجم 30 اقراص,942923.0,81.2,ai_confirmed,ai_verified,0.0,
87072,VILDAGLUSE PLUS 50/850 MG 30 TABS,VILDAGLUSE PLUS 50 / 850 MG 30 TABS,فيلداجلوز بلس 50 / 850 مجم 30 اقراص,1228281.0,94.1,algo_match,brand_index,,
86488,vilgat 50 mg 30 tabs,VILGAT 50 MG 30 TABS.,فيلجات 50 مجم 30 اقراص,,100.0,algo_match,brand_index,,
81322,VILZOLID 600 MG 10TAB,VILZOLID 600 MG 10 F.C. TAB.,فيلازوليد 600 مجم 10 اقراص,2316841.0,91.7,algo_match,brand_index,,
82390,VINAX 3 STRIPS 30 TABS,VINAX 30 TAB,فيناكس 30 اقراص,2018965.0,80.0,ai_confirmed,ai_verified,0.0,
63245,VINOMAX CREAM 30G,VINOMAX CREAM 30 GM,فينوماكس كريم 30 جم,2156669.0,97.3,algo_match,brand_index,,
67607,VINOSIN CREAM 50 GM,VINOSIN CREAM 50 GM,فينوسين كريم 50 جم,1659172.0,100.0,algo_match,brand_index,,
91370,VIOCYST 30TAB,VIOCYST 30 TABS,فيوسيست 30 اقراص,904497.0,96.6,algo_match,brand_index,,
84572,VIOCYST 60TAB,VIOCYST 60 F.C.TABS,فيوسيست 60 قرص,2157833.0,84.8,ai_confirmed,ai_verified,0.0,
91975,VIOCYST PLUS TAB,VIOCYST PLUS 30 TABS,فيوسيست بلس 30 اقراص,2180128.0,88.9,ai_confirmed,ai_verified,0.0,
4205,VIOTIC EAR DROPS 10 ML,VIOTIC EAR DROPS 10 ML,فيوتك قطره للاذن 10 مل,,100.0,algo_match,brand_index,,
454213,VIRECTA 100mg 9 TAB,VIRECTA 100 MG 9 F.C. TAB,فايركتا 100 مجم 9 اقراص,,90.9,algo_match,brand_index,,
v2,VIRECTA 12 TABS,VIRECTA 100 MG 12 F.C. TAB.,فايركتا 100 مجم 12 اقراص,904250.0,80.0,ai_confirmed,ai_verified,0.0,
91587,VIRECTA PLUS 4 TABS,VIRECTA PLUS 4 TAB,فايركتا بلس 4 اقراص,2223441.0,97.3,algo_match,brand_index,,
78132,VIRUSTAT 200MG/5ML SUSP. 120 ML,VIRUSTAT 200 MG / 5 ML SUSP. 120 ML,فيروستات 200 مجم / 5 مل شراب 120 مل,2475490.0,90.9,algo_match,brand_index,,
91162,VIRUSTAT 400MG/5ML SUSP. 120 ML,VIRUSTAT 400 MG / 5 ML SUSP. 120 ML,فيروستات 400 مجم / 5 مل شراب 120 مل,2160476.0,90.9,algo_match,brand_index,,
47745,VIRUSTAT CREAM,VIRUSTAT 5 % CREAM 5 GM,فيروستات 5 % كريم 5 جم,2172854.0,100.0,algo_match,token_set_ratio,,
67368,visanne 2mg 28 tab,VISANNE 2 MG 28 TABLETS,فيزان 2 مجم 28 اقراص,2644411.0,90.5,algo_match,brand_index,,
65712,VISCERA 3 AMP,VISCERA 5 MG / 2 ML 3 AMP.,فيسرا 5 مجم / 2 مل 3 امبول,2487476.0,100.0,algo_match,token_set_ratio,,
52082,VISCERA SYRUP 120 ML,VISCERA 10 MG / 5 ML SYRUP 120 ML,فيسرا 10 مجم / 5 مل شراب 120 مل,2470546.0,100.0,algo_match,token_set_ratio,,
74589,VISCERALGINE 20 TAB,VISCERALGINE 50 MG 20 F.C.TABS.,فيسرالجين 50 مجم 20 اقراص,2470548.0,88.2,ai_confirmed,ai_verified,0.0,
73549,VISCERALGINE SYRUP 120 ML,VISCERALGINE 20 MG 6 SUPP.,فيسرالجين 20 مجم 6 لبوس,,84.0,ai_confirmed,ai_verified,0.0,
43526,VISINE A.C. EYE DROPS 15 ML,VISINE A.C. EYE DROPS 15 ML,فايزين قطره للعين اي سي 15 مل (اخضر),,100.0,algo_match,brand_index,,
92013,VISMED 0.18% EYE DROPS 20 X 0.3 ML SDU,VISMED 0.18 % EYE DROPS 20 X 0.3 ML SDU,فيزميد قطره للعين 20 امبول جرعه احاديه,,96.1,algo_match,brand_index,,
88577,VITA-DE-VAL 10000 IU 30 SOFT GELATIN CAPS,VITA DE VAL 30 CAPS,فيتا زنك 30 ك / ابيكو,2651235.0,100.0,algo_match,token_set_ratio,,
60970,VITA HAIR 60 TAB,VITA HAIR 60 TAB,فيتا زنك اقرص ابيكو,2620237.0,100.0,algo_match,brand_index,,
21867,VITA STRESS 20 TABS,VITA STRESS 20 F.C.TABS,فيتا ستريس 20 اقراص,1073577.0,90.5,algo_match,brand_index,,
90866,VITAB BLAST 30 TAB,,,,,,no_match,,
73267,VITACID C EFF 12 TAB,,,,,,no_match,,
2402,VITACID CALCIUM EFF TAB,VITACID CALCIUM 12 EFF. TAB.,فيتاسيد كالسيوم 12 اقراص فوار,2551242.0,93.9,algo_match,brand_index,,
60155,VITAFERROL 120 ML SYR SUGAR FREE,,,,,,no_match,,
88508,VITALOCHOC 10 SACHET,VITALOCHOC 10 SACHET,فيتالوشوك 10 اكياس,2146204.0,100.0,algo_match,brand_index,,
81799,VITALOCHOC PLUS SACHETS,VITALOCHOC PLUS 10 SACHET,فيتالوشوك بلس 10 اكياس,904403.0,91.7,algo_match,brand_index,,
86987,Vitalox Junior 200ml Liquid,,,,,,no_match,,
12021,VITAMIN E FORTE 40 MG 20 CAP,,,,,,no_match,,
86810,VITAMIN B9 400 MCG 20 TABS,VITAMIN B 9 400 MCG 20 TABS,فيتامين بي 9 400 مكجم 20 اقراص,2407595.0,100.0,algo_match,brand_index,,
75135,VITAMIN D3 50000 IU 100 TAB USA $$$,,,,,,no_match,,
73130,VITAMIN E 1000 MG 24 CAP,VITAMIN E 1000 MG 24 CAPS.,فيتامين هـ 1000 مجم 24 كبسول,2436875.0,98.0,algo_match,brand_index,,
73453,VITAMIN E 400 MG CAP,VITAMIN E 400 MG 24 SOFT GELATIN CAPS,فيتامين اي 400 مجم 24 كبسول فاركو,904407.0,88.9,ai_confirmed,ai_verified,0.0,
90570,VITAMOUNT FOR MEN CAP 15,VITAMOUNT FOR MEN 15 TABS,فيتاماونت رجال 10 ك جديد / امون,2644559.0,81.6,ai_confirmed,ai_verified,0.0,
82692,VITAMOUNT FOR WOMEN 15 CAPS,VITAMOUNT FOR WOMEN 15 S.G.CAPS.,فيتامونت سيدات 15 كبسول,2470508.0,93.1,algo_match,brand_index,,
90872,VITAPERFECT 20 CAPS,VITAPERFECT 20 CAPS.,فيتابرفيكت 20 كبسول,989426.0,100.0,algo_match,brand_index,,
73032,VITATRON 30 CAP,VITATRON 30 CAPS,فيتاترون 30 كبسول,2159911.0,96.8,algo_match,brand_index,,
92546,VITAWELL MAGNESIUM BREAK THROUGH 30 CAP,VITA WELL MAGNESIUM BREAK THROUGH 30 CAP,فيتاويل ماغنسيوم بريك 30 اقراص,,98.7,algo_match,brand_index,,
73735,VITAYAMI 30 TAB,VITAYAMI 30 F.C. TABS.,فيتايامي 30 اقراص,904410.0,85.7,ai_confirmed,ai_verified,0.0,
1564,VITAZINC N 30 SOFT GELATIN CAPS,,,,,,no_match,,
78390,VITIFECT SYP,,,,,,no_match,,
84436,VITONEX ADULTS 20 CAP,,,,,,no_match,,
91740,VITONEX CHILDREN SYRUP 120 ML,VITONEX CHILDREN SYRUP 120 ML,فيتونكس اطفال شراب 120 مل,2623115.0,100.0,algo_match,brand_index,,
83882,VIVIDOL HAIR GROWTH LOTION 150ML,,,,,,no_match,,
63288,VIVIDOL HAIR OIL 250ML,,,,,,no_match,,
46316,VIVIDOL HAIR OIL SPRAY 120ML,,,,,,no_match,,
88265,VIXAPORT 30 TAB,VIXAPORT 30 F.C. TABS,فيكسابورت 30 اقراص,,85.7,ai_confirmed,ai_verified,0.0,
90072,VOLTAREN 100 GEL,VOLTAREN 1 % EMULGEL 100 GM,فولتارين 1 % ايمولجيل 100 جم,2173391.0,85.7,ai_confirmed,ai_verified,0.0,
33236,VOLTAREN 100MG 10 SUPP,VOLTAREN 100 MG 10 SUPP.,فولتارين 100 لبوس 2 شريط س جديد,2398683.0,100.0,algo_match,brand_index,,
74586,VOLTAREN 25MG SUPP,VOLTAREN 25 MG 5 SUPP.,فولتارين 25 مجم 5 لبوس,2470461.0,95.0,algo_match,brand_index,,
vol3,VOLTAREN 3AMP,VOLTAREN 75 MG / 3 ML 3 AMP.,فولتارين 75 مجم / 3 مل 3 امبول,2159793.0,100.0,algo_match,token_set_ratio,,
73514,VOLTAREN 50 MG 20 TAB,VOLTAREN 50 MG 20 TAB.,فولتارين 50 مجم 20 اقراص,1125027.0,100.0,algo_match,brand_index,,
vol6,VOLTAREN 6AMP,VOLTAREN 75 MG / 3 ML 6 AMP.,فولتارين 75 مجم / 3 مل 6 امبول,2159794.0,100.0,algo_match,token_set_ratio,,
78602,VOLTAREN EMULGEL 100GM,VOLTAREN 1 % EMULGEL 100 GM,فولتارين 1 % ايمولجيل 100 جم,2173391.0,92.0,algo_match,brand_index,,
74306,VOLTAREN EMULGEL 25 GM,VOLTAREN 1 % EMULGEL 25 GM,فولتارين 1 % ايمولجيل 25 جم,904367.0,91.7,algo_match,brand_index,,
73561,VOLTAREN EMULGEL 50GM,VOLTAREN 1 % EMULGEL 50 GM,فولتارين 1 % ايمولجيل 50 جم,2313351.0,91.7,algo_match,brand_index,,
73814,VOLTAREN SR 100 MG 20 TAB,VOLTAREN SR 100 MG 20 F.C.TAB.,فولتارين اس ار 100 مجم 20 اقراص,904366.0,92.6,algo_match,brand_index,,
89685,volvaro oral gel 20gm,VOLVARO ORAL GEL 20 GM,فولفارو جل للفم 20 جم,1817335.0,100.0,algo_match,brand_index,,
51521,VOMIBREAK 10-10 MG 30 TAB,VOMIBREAK 10 / 10 MG 30 DELAYED REL. F.C. TABS.,فوميبريك 10 / 10 مجم 30 اقراص,904378.0,90.0,algo_match,token_set_ratio,,
90783,VOMIFRATON 4MG/2ML 5 I.M./I.V./INF. AMP,VOMIFRATON 4 MG / 2 ML 5 AMP,فوميفراتون 4 مجم / 2 مل 5 امبول,,85.7,ai_confirmed,ai_verified,0.0,
85117,VOMIFRATON 8MG/4ML 5 AMP,VOMIFRATON 8 MG / 4 ML 5 AMP,فوميفراتون 8 مجم / 2 مل 5 امبول,,88.9,ai_confirmed,ai_verified,0.0,
3820,VOMISTOP CAP,VOMISTOP 10 SOFT GELATIN CAPS.,فوميستوب 10 كبسول,,80.0,ai_confirmed,ai_verified,0.0,
91621,VOMITRENAT 20/20MG 30 EXT. REL. F.C. TABS,,,,,,no_match,,
83331,VONACIDAN 10 MG 20 TABS,VONACIDAN 10 MG 20 F.C.TABS,فوناسيدان 10 مجم 20 اقراص,2596349.0,92.0,algo_match,brand_index,,
83189,VONACIDAN 20MG 20 TAB,VONACIDAN 20 MG 28 F.C.TABS,فوناسيدان 20 مجم 28 اقراص,2470484.0,85.7,ai_confirmed,ai_verified,0.0,
90347,VONAFUT 10MG/20TAB,VONAFUT 10 MG 20 TABS,فونافوت 10 مجم 20 اقراص,2314612.0,82.9,ai_confirmed,ai_verified,0.0,
90348,VONAFUT 20MG/20TAB,VONAFUT 10 MG 20 TABS,فونافوت 10 مجم 20 اقراص,2314612.0,82.9,ai_confirmed,ai_verified,0.0,
82709,VONASPIRE 10MG 14TABS,VONASPIRE 10 MG 14 F.C.TABS,فوناسبير 10 مجم 14 اقراص,,92.0,algo_match,brand_index,,
81138,VONASPIRE 20 MG 14 F.C TABS.,VONASPIRE 20 MG 14 F.C.TABS,فوناسبير 20 مجم 14 اقراص,2168124.0,100.0,algo_match,brand_index,,
92252,vonaspire 20mg 28tab,VONASPIRE 20 MG 28 F.C.TABS,فوناسبير 20 مجم 28 اقراص,2684822.0,89.8,ai_confirmed,ai_verified,0.0,
85378,VONDALOUS 20MG TAB,VONDALOUS 20 MG 20 TABS,فوندالوس 20 مجم 20 قرص,948970.0,90.5,algo_match,brand_index,,
90871,VONOGASTRIC 20 MG 20 ORAL DIS. TABS,VONOGASTRIC 20 MG 20 TABS,فونوجستريك 20 مجم 20 اقراص,2475319.0,84.7,ai_confirmed,ai_verified,0.0,
91164,VONOPEP 20MG 20TAP,VONOPEP 20 MG 20 F.C. TABS.,فونوبيب 20 مجم 20 اقراص,2559670.0,84.4,ai_confirmed,ai_verified,0.0,
85109,vonopravin 10 mg 28 tab,VONOPRAVIN 10 MG 28 F.C. TABS,فونوبرافين 10 مجم 28 قرص,2436859.0,90.2,algo_match,brand_index,,
84673,VONOPRAVIN 20 MG 28 TABS,VONOPRAVIN 20 MG 28 F.C. TABS,فونوبرافين 20 مجم 28 قرص,1041634.0,92.3,algo_match,brand_index,,
85045,vonseca 10mg 14tab,VONSECA 10 MG 14 TABS,فونسيكا 10 مجم 14 اقراص,2470488.0,97.6,algo_match,brand_index,,
83720,VONSECA 20 MG 14 TABS,VONSECA 20 MG 14 TABS,فونسيكا 20 مجم 14 اقراص,904388.0,100.0,algo_match,brand_index,,
87039,VORZA MASSAGE CREAM 50 GM,,,,,,no_match,,
79298,VOTRIAXONE 500MG,VOTRIAXONE 500 MG I.M VIAL,فوترياكسون 500 مجم امبول عضل,2470442.0,100.0,algo_match,token_set_ratio,,
61674,VOXAZOLDIN 600 MG 10 TAB,VOXAZOLDIN 600 MG 10 F.C. TABLETS,فوكسازولدين 600 مجم 10 اقراص,,85.7,ai_confirmed,ai_verified,0.0,
47834,WE.GEL 25 GM,WE GEL 25 GM,وي جل 25 جم,2512009.0,100.0,algo_match,token_set_ratio,,
86834,WE.GEL GEL 75 GM,WE GEL 75 GM,وي جل 75 جم,2471564.0,100.0,algo_match,token_set_ratio,,
87002,well baby spray,WELL BABY SPRAY 30 ML,ويل بيبي بخاخ 30 مل,1699739.0,83.3,ai_confirmed,ai_verified,0.0,
85882,WELL BABY SYRUP 120ML,WELL BABY SYRUP 120 ML,ويل بيبي شراب 120 مل,2141726.0,100.0,algo_match,brand_index,,
89654,WELL SHAPE 15 SACHETS,WELL SHAPE 15 SACHETS,ويل شيب 15 اكياس,,100.0,algo_match,brand_index,,
83813,WELLINTA SR 150 MG TABS,WELLINTA 150 MG 30 S.R.F.C.TABS.,ويلينتا 150 مجم اس ار 30 اقراص,,81.5,ai_confirmed,ai_verified,0.0,
83160,WELLMAN 30 TAB,,,,,,no_match,,
81273,WELLMETAZONE 40GM,WELLMETAZONE 0.1 % CREAM 40 GM,ويلميتازون 0.1 % كريم 40 جم,2113028.0,100.0,algo_match,token_set_ratio,,
64057,WELLOFUNG CREAM 40 GM,WELLOFUNG 2 % TOPICAL CREAM 40 GM,ويلوفنج 2 % كريم 40 جم,919550.0,100.0,algo_match,token_set_ratio,,
83155,WELLWOMAN ORIGINAL 60 TABS.,WELLWOMAN ORIGINAL 60 TABLETS,ويل ومان اوريجينال 60 اقراص احمر,1612465.0,94.5,algo_match,brand_index,,
79641,WESAYA HAIR OIL,WESAYA HAIR OIL 200 ML,وصايا زيت للشعر 200 مل,2146630.0,81.1,ai_confirmed,ai_verified,0.0,
81373,WESTABREATH 500 20TAB,WESTABREATH 500 MCG 20 F.C. TABS,ويستابريث 500 مكجم 20 اقراص,2184791.0,83.0,ai_confirmed,ai_verified,0.0,
75226,WESTAIR 14 SACHETS NEW 2018,WESTAIR 4 MG 14 SACHETS.,ويست اير 4 مجم 14 اكياس,905494.0,80.0,ai_confirmed,ai_verified,0.0,
84610,westgrelor 90 mg 10 taB,WESTGRELOR 90 MG 10 F.C.TABS.,ويستجريلور 90 مجم 10 اقراص,2438842.0,90.2,algo_match,brand_index,,
90818,wfs plus Stronger formula 180 caps,,,,,,no_match,,
85637,WHITE SHADOW 25g CREAM,WHITE SHADOW CREAM 25 GM,وايت شادو كريم 25 جم,,97.9,algo_match,token_set_ratio,,
48020,WHITEX CREAM,,,,,,no_match,,
85584,WIDEPREX 100MG 60ML SYRUP,WIDEPREX 100 MG / 5 ML POWDER FOR ORAL SUSPENTION 60 ML,ويديبريكس 100 مجم شراب 60 مل,2471565.0,87.5,ai_confirmed,ai_verified,0.0,
90757,WILLI D3 15ML,WILLI D 3 ORAL DROPS 15 ML,ويلي دي 3 قطره بالفم 15 مل,2452489.0,100.0,algo_match,token_set_ratio,,
91940,WIN CYSTINE 30 TAB,WIN CYSTINE 30 TABS,وين سيستين 30 اقراص,,97.3,algo_match,brand_index,,
52039,WINCEF 1000 MG I.M VIAL,,,,,,no_match,,
52042,WINCEF 500 MG I.M VIAL,WINCEF 500 MG I.M. / I.V. VIAL,ونسيف 500 مجم امبول,2652752.0,88.0,ai_confirmed,ai_verified,0.0,
60119,WINdipine 10 MG 30 TAB,WINDIPINE 10 MG 30 TAB.,وينديبين 10 مجم 30 اقراص,905499.0,100.0,algo_match,brand_index,,
60140,WINdipine 5 MG 30 TAB,WINDIPINE 5 MG 30 TAB.,وينديبين 5 مجم 30 اقراص,2369391.0,100.0,algo_match,brand_index,,
73899,WINTRIAXONE 0.5 AMP,WINTRIAXONE 1 GM PD. FOR I.M INJ.,وينترياكسون 1 جم عضل,,83.3,ai_confirmed,ai_verified,0.0,
81329,WINZOXIB 120 MG 7 TABS,WINZOXIB 120 MG 7 TAB,وينزوكسيب 120 مجم 7 اقراص,905501.0,97.7,algo_match,brand_index,,
85082,WINZOXIB 60 MG 20 TABS,WINZOXIB 60 MG 20 F.C.TABS,وينزوكسيب 60 مجم 20 اقراص,,91.7,algo_match,brand_index,,
81372,WINZOXIB 90 MG F.C.TABS,WINZOXIB 90 MG 30 F.C. TABS,وينزوكسيب 90 مجم 30 اقراص,2313754.0,93.9,algo_match,brand_index,,
9314,X-ADE 16 TAB,X ADE 16 F.C. TABS.,اكس ايد 16 قرص,,82.8,ai_confirmed,ai_verified,0.0,
46881,XALACOM EYE DROPS 2.5 ML,XALACOM EYE DROPS 2.5 ML,زالاكوم قطره للعين 2.5 مل,1946976.0,100.0,algo_match,brand_index,,
18338,XALATAN EYE DROPS,XALATAN 50 MCG / ML EYE DROPS 2.5 ML,زالاتان 50 مكجم / مل قطره للعين 2.5 مل,1563009.0,100.0,algo_match,token_set_ratio,,
68845,XALATREX EYE DROPS 2.5 ML,XALATREX 50 MCG / ML EYE DROPS,زالاتريكس 50 مكجم / مل قطره للعين,1739915.0,83.6,ai_confirmed,ai_verified,0.0,
90032,xaltec 5mg 20tab,XALTEC 5 MG 20 TABS,زالتيك 5 مجم 20 اقراص,,97.3,algo_match,brand_index,,
78043,XANOXIBAN 10 MG 10 TAB,XANOXIBAN 10 MG 10 F.C. TABS.,زانوكسيبان 10 مجم 10 اقراص,2683440.0,89.8,ai_confirmed,ai_verified,0.0,
90786,XANTHIBUX 40 MG 20 F.C. TABS,XANTHIBUX 40 MG 20 F.C. TABS.,زانثيبوكس 40 مجم 20 اقراص,2431362.0,100.0,algo_match,brand_index,,
27557,XANTHIBUX 80 MG 20 TAB,XANTHIBUX 80 MG 20 F.C. TABS.,زانثيبوكس 80 مجم 20 اقراص,2431358.0,89.8,ai_confirmed,ai_verified,0.0,
63926,xanthistop 120 MG 30 TAB,XANTHISTOP 120 MG 30 TABLETS,زانسيستوب 120 مجم 30 اقراص,2166854.0,92.3,algo_match,brand_index,,
92069,XANTHISTOP 40MG TABS,XANTHISTOP 40 MG 30 TAB,زانسيستوب 40 مجم 30 اقراص,2363483.0,90.9,algo_match,brand_index,,
73732,XANTHISTOP 80 MG 30 TABS.,XANTHISTOP 80 MG 30 TABS.,زانسيستوب 80 مجم 30 اقراص,1426709.0,100.0,algo_match,brand_index,,
89266,XARELTO 20 MG 14 TAB,XARELTO 20 MG 14 TABS,زاريلتو 20 مجم 14 اقراص,2668686.0,97.6,algo_match,brand_index,,
74247,XARELTO 20 MG 28 TAB,XARELTO 20 MG 28 F.C. TAB.,زاريلتو 20 مجم 28 اقراص,2337668.0,90.9,algo_match,brand_index,,
88046,XATRAL XL 10 MG 30 TABLETS,XATRAL XL 10 MG 30 F.C.TABS.,زاترال اكس ال 10 مجم 30 اقراص,1700831.0,86.8,ai_confirmed,ai_verified,0.0,
81364,XEFO RAPID 8 MG 20TABS,XEFO RAPID 8 MG 20 F.C.TABS.,زيفو رابيد 8 مجم 20 اقراص,2143868.0,92.0,algo_match,brand_index,,
64016,XEREXOMAIR 500 MG 3 TAB,XEREXOMAIR 500 MG 3 F.C.TABS.,زيروكسومير 500 مجم 3 اقراص,1426751.0,90.2,algo_match,brand_index,,
83756,XERODOX 30 SUBLINGUAL TABS,XERODOX 30 SUBLINGUAL TABLETS,زيرودوكس 30 اقراص تحت اللسان,2431215.0,94.5,algo_match,brand_index,,
92633,XERODOX PLUS 30 CAPS,XERODOX PLUS 30 CAPS,زيرودوكس اقراص,2684687.0,100.0,algo_match,brand_index,,
60936,xgeva 120 mg injection AMGEN,,,,,,no_match,,
81154,XICLAV 1 GM 14 TABS,XICLAV 1 GM 14 F.C. TABS.,زيكلاف 1 جم 14 اقراص,1739957.0,90.5,algo_match,brand_index,,
81330,xigduo 5mg\1000mg 56 tabs,XIGDUO 5 / 1000 MG 56 F.C.TABS.,زيجدو 5 / 1000 مجم 56 اقراص,,84.2,ai_confirmed,ai_verified,0.0,
67459,XILOIAL MONO 10 ML,,,,,,no_match,,
86339,XILONE 20 MG 20 ORODISPERSABLE TABS.,XILONE 20 MG 20 ORODISPERSABLE TABS,زيلون 20 مجم 20 اقراص,2436405.0,100.0,algo_match,brand_index,,
73116,XILONE FORTE SYRUP,XILONE FORTE 15 MG / 5 ML SYRUP 100 ML,زيلون فورت 15 مجم / 5 مل شراب 100 مل,903712.0,100.0,algo_match,token_set_ratio,,
73162,XILONE SYRUP 100 ml,XILONE 5 MG / 5 ML SYRUP 100 ML,زيلون 5 مجم / 5 مل شراب 100 مل,903711.0,100.0,algo_match,token_set_ratio,,
88838,XILOPRED 16 MG 20TABS,XILOPRED 16 MG 20 TABS.,زيلوبريد 16 مجم 20 اقراص,1268745.0,100.0,algo_match,brand_index,,
74464,XIMACEF SUSP 30ML,XIMACEF 100 MG / 5 ML SUSP. 30 ML,زيماسيف 100 مجم / 5 مل شراب 30 مل,1802412.0,100.0,algo_match,token_set_ratio,,
89718,XIMALACT 250 MG 30 CAPS,XIMALACT 250 MG 30 CAPS,زيمالاكت 250 مجم 30 كبسول,1774405.0,100.0,algo_match,brand_index,,
75131,XITHRONE 200MG SUSP 15ML,XITHRONE 200 MG / 5 ML SUSP. 15 ML,زيثرون 200 مجم / 5 مل شراب 15 مل,2143880.0,88.1,ai_confirmed,ai_verified,0.0,
73451,XITHRONE 200MG SUSP 25ML,XITHRONE 200 MG / 5 ML SUSP. 25 ML,زيثرون 200 مجم / 5 مل شراب 25 مل,903683.0,88.1,ai_confirmed,ai_verified,0.0,
73113,XITHRONE 500 MG 5 TAB,XITHRONE 500 MG 5 F.C.TAB.,زيثرون 500 مجم 5 اقراص,1243829.0,91.3,algo_match,brand_index,,
73852,XITHRONE 500MG 3TAB,XITHRONE 500 MG 3 F.C.TAB.,زيثرون 500 مجم 3 اقراص,903686.0,91.3,algo_match,brand_index,,
3154,XOLAMOL EYE DROPS,XOLAMOL EYE DROPS 5 ML,زولامول قطره عين 5 مل,2469823.0,87.2,ai_confirmed,ai_verified,0.0,
66031,XORAXON 1 GM I.V VIAL,XORAXON 1 GM I.V. VIAL,زوراكسون 1 جم,1337615.0,100.0,algo_match,brand_index,,
73293,XORAXON 1 GM IM VIAL,XORAXON 1 GM I.M. VIAL,زوراكسون 1 جم امبول عضل,2551395.0,97.6,algo_match,brand_index,,
47169,XORIN 1GM VIAL,XORIN 1 GM VIAL,زورين 1 جم امبول,2150424.0,100.0,algo_match,brand_index,,
47170,XORIN 500MG VIAL,XORIN 500 MG VIAL,زورين 500 مجم امبول,2640858.0,100.0,algo_match,brand_index,,
74210,XTENSION 150 MG 28 TAB,X TENSION 150 MG 28 SCORED TAB.,اكس تينشن 150 مجم 28 اقراص,901924.0,80.8,ai_confirmed,ai_verified,0.0,
74698,XTENSION 300 MG 28 TAB,X TENSION 300 MG 28 SCORED TAB,اكس تينشن 300 مجم 28 اقراص,901925.0,80.8,ai_confirmed,ai_verified,0.0,
73491,XTENSION PLUS 150/12.5 MG 28TAB 0,,,,,,no_match,,
74697,XTENSION PLUS 300/12.5 MG 28 TAB,,,,,,no_match,,
82916,xultophy 100/3.6,,,,,,no_match,,
91068,XXXXXXXXXXX,,,,,,no_match,,
86589,XYCLINDO 1% TOPICAL FOAM 100 GM,XYCLINDO 1 % TOPICAL FOAM,زيكليندو 1 % فوم,2487489.0,89.3,ai_confirmed,ai_verified,0.0,
89856,XYRKUX 120 MG 7 TABS.,XYRKUX 120 MG 7 TABS,زيركوكس 120 مجم 7 اقراص,2039836.0,100.0,algo_match,brand_index,,
90395,xyrkux 60mg 20flim,XYRKUX 60 MG 20 TABS,زيركوكس 60 مجم 20 اقراص,1695370.0,85.7,ai_confirmed,ai_verified,0.0,
88349,XYRKUX 90 MG 30 TABS.,XYRKUX 90 MG 30 TABS,زيركوكس 90 مجم 30 اقراص,2039837.0,100.0,algo_match,brand_index,,
73891,YASMIN 0.03/3 MG 21 TABS.,YASMIN 0.03 / 3 MG 21 TABS.,ياسمين 0.03 / 3 مجم 21 اقراص,2442240.0,88.0,ai_confirmed,ai_verified,0.0,
66290,YAZ 28 TAB,,,,,,no_match,,
20771,YEAST 60 TAB MEPACO.,,,,,,no_match,,
84509,YEAST PEX 60 TABS,YEAST PEX 60 TABS,يست بكس (اقراص خميره) 60 قرص,2447236.0,100.0,algo_match,brand_index,,
90682,YOKATOMIL 30GM,YOKATOMIL OINTMENT 30 GM,يوكاتوميل مرهم 30 جم,,100.0,algo_match,token_set_ratio,,
3123,YOSTIRETIC 30TAB,YOSTIRETIC 30 TAB.,يوستيريتك 30 اقراص,,100.0,algo_match,brand_index,,
81205,YULE GEL,,,,,,no_match,,
59500,ZACAGLONE 3 AMPOULES,,,,,,no_match,,
73828,ZADITEN 30TAB,ZADITEN 1 MG 30 TAB.,زادتين 1 مجم 30 اقراص,,84.8,ai_confirmed,ai_verified,0.0,
86734,ZADOGLOBN 20 CAPS,ZADOGLOBIN 20 CAPS,زادوجلوبين 20 كبسول,1352636.0,97.1,algo_match,brand_index,,
79075,ZAK ACE 175ml,,,,,,no_match,,
88732,ZAK TIMELESS SPRAY 175ML,,,,,,no_match,,
79629,ZAK tobacoo vanilla,,,,,,no_match,,
52028,ZANDROS 20 CAPS,ZANDROS 20 CAPS,زاندروس 20 كبسول,2313088.0,100.0,algo_match,brand_index,,
63950,ZANOGLIDE 2/30MG 30 TABS,ZANOGLIDE 2 / 30 MG 30 TAB.,زانوجليد 2 / 30 مجم 30 اقراص,903637.0,90.2,algo_match,brand_index,,
63830,ZANOGLIDE 4/30 MG 30 TAB.,ZANOGLIDE 2 / 30 MG 30 TAB.,زانوجليد 2 / 30 مجم 30 اقراص,903637.0,88.0,ai_confirmed,ai_verified,0.0,
52072,ZARO JEL GEL 15 GM,,,,,,no_match,,
65986,ZARROPRAZOLE 20/1100 MG 28 CAP,ZARROPRAZOLE 20 / 1100 MG 28 CAPS.,زاروبرازول 20 / 1100 مجم 28 كبسول,2112765.0,88.9,ai_confirmed,ai_verified,0.0,
82237,ZARROPRAZOLE 20/1680MG 10 SACHETS,ZARROPRAZOLE 20 / 1680 MG 10 SACHETS,زاروبرازول 20 / 1680 مجم 10 اكياس,,88.6,ai_confirmed,ai_verified,0.0,
89182,ZARZIO 30 MIU/0.5ML PREF. SYRINGE FOR S.C./I.V. IN,ZARZIO 30 MIU / 0.5 ML PREFILLED SYRINGE S.C. I.V.,زارزيو 30 وحده / 0.5 مل سرنجه,2388711.0,80.4,ai_confirmed,ai_verified,0.0,
83790,zathrotrue 6 tab,ZATHROTRUE 500 MG 6 F.C. TABS,زاثروترو 500 مجم 6 اقراص,2436341.0,85.7,ai_confirmed,ai_verified,0.0,
19437,ZEFFIX TAB,ZEFFIX 100 MG 28 F.C.TAB.,زيفكس 100 مجم 28 اقراص,2584512.0,100.0,algo_match,token_set_ratio,,
84566,ZEMYLAISE 200 CEIP UNIT/ML SYRUP 120 ML,ZEMYLAISE 120 ML SYRUP,زيمايلاز 120 مل شراب,2268043.0,100.0,algo_match,token_set_ratio,,
23041,ZESPERONE 2MG 10 TAB,ZESPERONE 2 MG 10 F.C. TAB.,زيسبيرون 2 مجم 10 اقراص,2146112.0,91.3,algo_match,brand_index,,
23042,ZESPERONE 4MG TAB,ZESPERONE 4 MG 10 F.C. TAB.,زيسبيرون 4 مجم 10 اقراص,1547486.0,83.7,ai_confirmed,ai_verified,0.0,
47496,ZESTORETIC-20 10 TAB.,ZESTORETIC 20 MG 10 TAB,زيستوريتك 20 مجم 10 اقراص,1125026.0,93.0,algo_match,brand_index,,
90236,ZESTORETIC 20/12.5MG,,,,,,no_match,,
47494,ZESTRIL 10MG TAB,ZESTRIL 10 MG 10 TABS.,زيستريل 10 مجم 10 اقراص,2173050.0,89.5,ai_confirmed,ai_verified,0.0,
47495,ZESTRIL 20MG TAB,ZESTRIL 20 MG 10 TABS.,زيستريل 20 مجم 10 اقراص,1612204.0,89.5,ai_confirmed,ai_verified,0.0,
74312,ZESTRIL 5MG TAB,ZESTRIL 5 MG 30 TAB,زيستريل 5 مجم 30 اقراص,,91.4,algo_match,brand_index,,
87333,ZETACOLEST 180 MG 30 TAB,ZETACOLEST 180 MG 30 TABS,زيتاكوليست 180 مجم 30 اقراص,2159741.0,98.0,algo_match,brand_index,,
89450,ZETACOLEST PLUS 180/10 MG 30 F.C. TABS,,,,,,no_match,,
84130,ZETAKARDOVAL 10/160 30 TABS,ZETAKARDOVAL 10 / 160 MG 30 F.C. TABS.,زيتاكاردوفال 10 / 160 مجم 30 اقراص,2159764.0,82.5,ai_confirmed,ai_verified,0.0,
92128,ZETAKARDOVAL 10/320 MG 30TAB,ZETAKARDOVAL 10 / 320 MG 30 F.C. TABS.,زيتاكاردوفال 10 / 320 مجم 30 اقراص,,83.1,ai_confirmed,ai_verified,0.0,
84129,ZETAKARDOVAL 5/160 30 TABS,ZETAKARDOVAL 10 / 160 MG 30 F.C. TABS.,زيتاكاردوفال 10 / 160 مجم 30 اقراص,2159764.0,87.0,ai_confirmed,ai_verified,0.0,
91743,ZETAZOLEX 2 MG 30 F.C. TABS,ZETAZOLEX 2 MG 30 F.C. TABS,زيتازولكس 2 مجم 30 اقراص,,100.0,algo_match,brand_index,,
92073,zetazolex 4 mg 30 tab,ZETAZOLEX 4 MG 30 F.C. TABS,زيتازولكس 4 مجم 30 اقراص,,89.4,ai_confirmed,ai_verified,0.0,
89387,ZIAFLEX MASSAGE GEL 50 GM,ZIAFLEX MASSAGE GEL 50 GM,زيافليكس جل مساج 50 جم,,100.0,algo_match,brand_index,,
74483,ZIMACAL 30 TAB,ZIMACAL 30 TABS,زيماكال 30 اقراص,,96.6,algo_match,brand_index,,
46883,ZINC OLIVE CREAM 75 GM,ZINC OLIVE CREAM 75 GM,زنك اوليف ديستينا 60 جم,2086621.0,100.0,algo_match,brand_index,,
83211,zinc olive lotion 100ml,ZINC OLIVE LOTION 50 + SPF 100 ML,زنك اوليف لوشن المهن,2681181.0,84.2,ai_confirmed,ai_verified,0.0,
9309,ZINC OLIVE LOTION 60 ML,,,,,,no_match,,
73995,ZINC ORIGIN 10 MG 120 ML SYRUP,ZINC ORIGIN 0.2 GM / 100 ML SYRUP 120 ML,زنك اورجن 0.2 جم / 100 مل شراب 120 مل,,82.9,ai_confirmed,ai_verified,0.0,
60520,ZINC ORIGIN 20 MG 20 TAB,ZINC ORIGIN 20 MG 20 DISPERSIBLE TAB.,زنك اورجن 20 مجم 20 اقراص,2559350.0,80.0,ai_confirmed,ai_verified,0.0,
87456312,ZINC OXIDE OINT,,,,,,no_match,,
62835,ZINCODERM CREAM 50GM,ZINCODERM TOPICAL CREAM 50 GM,زنكوديرم كريم 50 جم,903653.0,84.0,ai_confirmed,ai_verified,0.0,
56517,ZINCODERM SKIN LOTION 120 ML,,,,,,no_match,,
82767,ZINCOKID LOTION 120ML,ZINCOKID LOTION 120 ML,زنكوكيد لوسيون 120 مل,,100.0,algo_match,brand_index,,
88587,ZINCOMIST 10MG/5ML SYRUP 120 ML,ZINCOMIST SYRUP 120 ML,زنكوميست شراب 120 مل,2636012.0,80.0,ai_confirmed,ai_verified,0.0,
59755,ZINCOREX SHAMPOO 200 ML,ZINCOREX SHAMPOO 200 ML,زنكوركس شامبو 200 مل,2195935.0,100.0,algo_match,brand_index,,
35758,ZINCOSIL CREAM,ZINCOSIL CREAM 20 GM,زنكوسيل كريم 20 جم,,82.4,ai_confirmed,ai_verified,0.0,
73286,ZINCTRON 30 CAP,ZINCTRON 30 CAPS.,زنكترون 30 كبسول,2369280.0,96.8,algo_match,brand_index,,
88023,ZINOBACILLY ORAL DROP,ZINOBACILLY ORAL DROPS 10 ML,زينوباسلي قطره للفم 10 مل,2260632.0,85.7,ai_confirmed,ai_verified,0.0,
21844,ZINOL 1GM VIAL,ZINOL 500 MG VIAL,زينول 500 مجم امبول,2113522.0,81.2,ai_confirmed,ai_verified,0.0,
18641,ZISROCIN 500 MG 3 CAP,ZISROCIN 500 MG 3 CAPS.,زيسروسين 500 مجم 3 كبسول,2143892.0,97.7,algo_match,brand_index,,
73265,ZISROCIN SUSP 100 MG 30 ML,ZISROCIN 100 MG / 5 ML SUSP. 30 ML,زيسروسين 100 مجم / 5 مل شراب 30 مل,2340857.0,88.1,ai_confirmed,ai_verified,0.0,
87934,ZITHOTRAC 500 MG 3 TABS,ZITHOTRAC 500 MG 3 TABS,زيثوتراك 500 مجم 3 اقراص,985761.0,100.0,algo_match,brand_index,,
74097,ZITHRODOSE 100 MG SYRUP 60 ML,ZITHRODOSE 100 MG / 5 ML SUSP. 60 ML,زيثرودوز 100 مجم / 5 مل شراب 60 مل,2290155.0,84.4,ai_confirmed,ai_verified,0.0,
77244,ZITHRODOSE 100MG/5ML SUSP. 45ML,ZITHRODOSE 100 MG / 5 ML SUSP. 45 ML,زيثرودوز 100 مجم / 5 مل شراب 45 مل,1919903.0,91.2,algo_match,brand_index,,
77243,zithrodose 500 mg 5cap,ZITHRODOSE 500 MG 5 CAPS.,زيثرودوز 500 مجم 5 كبسول,2436376.0,97.9,algo_match,brand_index,,
74599,ZITHROKAN 100MG SUSP,ZITHROKAN 100 MG / 5 ML PD. FOR ORAL SUSP. 15 ML,زيثروكان 100 مجم / 5 مل للاطفال شراب 15 مل,1547472.0,100.0,algo_match,token_set_ratio,,
74506,ZITHROKAN 200MG/5ML SUSP. 15 ML,ZITHROKAN 200 MG / 5 ML PD. FOR ORAL SUSP. 15 ML,زيثروكان 200 مجم / 5 مل للاطفال شراب 15 مل,2469833.0,90.6,algo_match,token_set_ratio,,
73871,ZITHROKAN 500 MG 3 CAP,ZITHROKAN 500 MG 3 CAPS.,زيثروكان 500 مجم 3 كبسول,903680.0,97.8,algo_match,brand_index,,
92474,ZITHROKAN 500 MG 5 CAP,,,,,,no_match,,
73900,ZITHROMAX 1200MG SUSP,,,,,,no_match,,
81087,ZITHROMAX 500 MG 3 CAP,ZITHROMAX 500 MG 3 F.C.TABS,زيثروماكس 500 مجم 3 اقراص,1517855.0,81.6,ai_confirmed,ai_verified,0.0,
76186,ZITHROMAX 600MG 15ml SUSP,,,,,,no_match,,
74066,ZITHROMAX 900MG SUSP,,,,,,no_match,,
78665,ZITOXANAL 50MG 30-CAP,ZITOXANAL 50 MG 30 CAPS.,زيتوكسنال 50 مجم 30 كبسول,,97.8,algo_match,brand_index,,
79291,ZOFATRONE 4 MG 3 AMP,ZOFATRONE 4 MG / 2 ML 3 AMP. FOR I.V / I.M INJ,زوفاترون 4 مجم / 2 مل 3 امبول,903657.0,100.0,algo_match,token_set_ratio,,
90736,ZOFFRAN 8 MG 8 AMP,,,,,,no_match,,
606,ZOFRAN 4 MG 5 AMP,,,,,,no_match,,
88042,ZOFRAN 4 ML 10 AMPOULES,,,,,,no_match,,
88687,ZOFRAN 8 MG 8 AMPS,ZOFRAN 8 MG / 4 ML 8 AMP,زوفران 8 مجم / 4 مل 8 امبول,,81.0,ai_confirmed,ai_verified,0.0,
90770,ZOFRAN 8MG 4 ML 8AMP,ZOFRAN 8 MG / 4 ML 8 AMP,زوفران 8 مجم / 4 مل 8 امبول,,95.7,algo_match,brand_index,,
19012,ZOFRAN 8MG 5AMP,,,,,,no_match,,
45449,ZOFRAN 8MG TAB,ZOFRAN 8 MG 10 TAB.,زوفران 8 مجم 10 اقراص,,90.9,algo_match,brand_index,,
74659,ZOLADEX DEPOT 3.6 MG AM,,,,,,no_match,,
90540,ZOLADEX LA 10.8MG,ZOLADEX LA 10.8 MG PREF. SYRINGE,زولادكس ال ايه 10.8 مجم سرنجه,1108376.0,100.0,algo_match,token_set_ratio,,
79409,ZOLIDOCYRL 6 TABLETS,ZOLIDOCYRL 200 MG 6 TABS.,زوليدوكريل 200 مجم 6 اقراص,1911781.0,88.9,ai_confirmed,ai_verified,0.0,
80288,ZOLMSOLAN 2.5MG 6 FILMS,ZOLMSOLAN 2.5 MG 6 ORODISPERSIBLE FILMS,زولمسولان 2.5 مجم 6 افلام,2006590.0,100.0,algo_match,token_set_ratio,,
89709,ZOLMSOLAN 5 MG 6 ORODISPERSIBLE FILM,ZOLMSOLAN 5 MG 6 ORODISPERSIBLE FILM,زولمسولان 5 مجم 6 افلام,1615846.0,100.0,algo_match,brand_index,,
86019,ZOMEGIPRAL 40 MG 1 VIAL,ZOMEGIPRAL 40 MG POWDER FOR I.V. INF. VIAL,زوميجبرال 40 مجم امبول وريد,2183989.0,95.5,algo_match,token_set_ratio,,
19056,ZOVIRAX 10% CREAM,,,,,,no_match,,
19038,ZOVIRAX 400MG 10 TAB,ZOVIRAX 400 MG 10 TAB.,زوفيراكس 400 مجم 10 اقراص,1402904.0,100.0,algo_match,brand_index,,
40591,ZOVIRAX D.S 400MG/5ML SUSP.100ML,ZOVIRAX D.S 400 MG / 5 ML SUSP. 100 ML,زوفيراكس دي اس 400 مجم / 5 مل شراب 100 مل,2165492.0,91.7,algo_match,brand_index,,
91683,ZSWEV JOINT 30 TABS,,,,,,no_match,,
73352,ZURCAL 20 MG 14 TAB,ZURCAL 20 MG 14 GASTRO RESISTANT TABS.,زوركال 20 مجم 14 اقراص,903652.0,88.2,ai_confirmed,ai_verified,0.0,
64265,ZURCAL 40 MG 1 VIAL,ZURCAL 40 MG POWDER FOR I.V. INF. VIAL,زوركال 40 مجم امبول وريد,1517671.0,94.4,algo_match,token_set_ratio,,
73074,ZURCAL 40 MG 14 TAB,ZURCAL 40 MG 14 GASTRO RESISTANT TABS.,زوركال 40 مجم 14 اقراص,2313097.0,88.2,ai_confirmed,ai_verified,0.0,
85659,ZURCAL 40 MG 28 TAB,ZURCAL 40 MG 28 GASTRO RESISTANT TABS.,زوركال 40 مجم 28 اقراص,2474694.0,88.2,ai_confirmed,ai_verified,0.0,
33107,ZYLOFEN 1 MG 20 TAB,ZYLOFEN 1 MG 20 TAB.,زيلوفين 1 مجم 20 اقراص,2139975.0,100.0,algo_match,brand_index,,
74414,ZYLORIC 300 MG 30 TAB,ZYLORIC 300 MG 30 TABS.,زيلوريك 300 مجم 30 اقراص,,97.7,algo_match,brand_index,,
91303,ZYMA COLIN 120 ML SYRUP,,,,,,no_match,,
34657,ZYMAGALLINE TAB,ZYMAGALLIN 30 TAB.,زيماجالين 30 اقراص,1547500.0,87.5,ai_confirmed,ai_verified,0.0,
84847,ZYMALGE GEL 50 GM,ZYMALGE 50 G GEL,زيمالج 50 جم جل,2146455.0,84.8,ai_confirmed,ai_verified,0.0,
91619,ZYMONOSKA 20 ENTERIC COATED TABLETS,ZYMONOSKA 20 ENTERIC COATED TABLETS,زيمونوسكا 20 اقراص مغلف,2114155.0,100.0,algo_match,brand_index,,
67391,ZYPREXA 10 MG 28TAB,ZYPREXA 10 MG 7 COATED TAB.,زيبريكسا 10 مجم 7 اقراص,,91.9,algo_match,token_set_ratio,,
84710,ZYPREXA 5MG -7 TAB,ZYPREXA 5 MG 7 COATED TAB.,زيبريكسا 5 مجم 7 اقراص,,83.7,ai_confirmed,ai_verified,0.0,
79410,ZYROVAZET 10/10 MG 30 TABLETS,ZYROVAZET 10 / 10 MG 30 F.C. TABS.,زيروفازيت 10 / 10 مجم 30 اقراص,2330853.0,82.0,ai_confirmed,ai_verified,0.0,
80536,ZYROVAZET 10/20 MG 30 TABLETS,ZYROVAZET 10 / 20 MG 30 F.C. TABS.,زيروفازيت 10 / 20 مجم 30 اقراص,2145621.0,82.0,ai_confirmed,ai_verified,0.0,
83736,ZYROVAZET 10/40 MG 30 TABLETS,ZYROVAZET 10 / 40 MG 30 F.C. TABS,زيروفازيت 10 / 40 مجم 30 اقراص,2145849.0,82.0,ai_confirmed,ai_verified,0.0,
81344,ZYROVAZET 5/10MG 30 F.C.TABS,ZYROVAZET 5 / 10 MG 30 F.C.TABS,زيروفازيت 5 / 10 مجم 30 اقراص,1658689.0,86.7,ai_confirmed,ai_verified,0.0,
73870,ZYRTEC 20 TAB,ZYRTEC 10 MG 20 TAB.,زيرتك 10 مجم 20 اقراص,2146121.0,81.2,ai_confirmed,ai_verified,0.0,
73367,ZYRTEC DROPS 10 ML,ZYRTEC 10 MG / ML ORAL DROPS 10 ML,زيرتك 10 مجم / مل قطره للفم 10 مل,2452694.0,100.0,algo_match,token_set_ratio,,
73468,ZYRTEC SYRUP 100 ML,ZYRTEC 0.1 % SYRUP 100 ML,زيرتك 0.1 % شراب 100 مل,903689.0,86.4,ai_confirmed,ai_verified,0.0,
87121,افونا كريم صنفرة 300 جم طمي مغربي,,,,,,no_match,,
85408,اميبابين 30قرص,,,,,,no_match,,
91271,اوفا ماكس امريكي,,,,,,no_match,,
91421,اوفتريل 250 ملي/حقن,,,,,,no_match,,
88200,ايفا صن بلوك اطفال 200 مللي,,,,,,no_match,,
83064,برومكس بلاس 12كيس,,,,,,no_match,,
90285,بودرة تقشير بوبنت 10جرام,,,,,,no_match,,
88229,بيزلين بليه اناره فوريه + جفاف تام,,,,,,no_match,,
88196,بيوفيتا 60 ق+30 ق عرض,,,,,,no_match,,
87978,تولا شامبو 250 مللي عرض 2 قطعه اطفال,,,,,,no_match,,
51509,جلسرين طبى نقى بليه زجاج,,,,,,no_match,,
78756,جيل الصبار للبشره,,,,,,no_match,,
87832,حلمة بيبرونه بلبز كلاسيك 0 شهور,,,,,,no_match,,
86722,خميرة البيرة لتسمين الوجه,,,,,,no_match,,
92447,ديتول مطهر (تيتاتول ),,,,,,no_match,,
86029,رويال جيل 450 مل ملك الاحساس,,,,,,no_match,,
92306,زيت خروع بنكهة الشيكولاتة,,,,,,no_match,,
87911,زيت فاتيكا بالجبه السوداء 90 مللي,,,,,,no_match,,
87866,سباركل شاور جيل 300 مللي جرام,,,,,,no_match,,
88195,ستارفيل عرض غسول اكني 200 مللي 1+1,,,,,,no_match,,
86774,ستربس استحلاب عسل و ليمون,,,,,,no_match,,
90997,سفن سيز 120 قرص,,,,,,no_match,,
88048,سوبر كيدز صن سكرين لوشن 200 مللي + رول اون عرض,,,,,,no_match,,
90881,سيريلاك قمح بدون لبن زياده 20%,,,,,,no_match,,
79570,شراب دوالي ايطالي تحت الركبه كل المقاسات,,,,,,no_match,,
92258,شكولاتة حريمي 10 قطع,,,,,,no_match,,
SLD,صابونة لبان دكر,,,,,,no_match,,
18231,صبغة جاوى 15 مل ايما,,,,,,no_match,,
58809,صبغة جاوى 30 مل,,,,,,no_match,,
91976,عسل حريمي,,,,,,no_match,,
87138,فاستر امبولات كولاجين للشعر,,,,,,no_match,,
87362,فرش اسنان كبار و اطفال FLODENT,,,,,,no_match,,
89625,فرش اسنان ماستر كبار 2 غيار,,,,,,no_match,,
90998,فيتامين د 50الف,,,,,,no_match,,
87134,لابيلو زبدة كاكاو مع عبير الزعتر,,,,,,no_match,,
87380,لايف بوي صابون 165 جرام ازرق,,,,,,no_match,,
W,ماء مذيب,,,,,,no_match,,
87642,ماكينه باديكير + امواس + مبشره 3*1,,,,,,no_match,,
85928,مخمرية جيل معطر للجسم 100 مل لي لي,,,,,,no_match,,
79258,مخمريه جيل معطر للجسم 100 مل ميرسي,,,,,,no_match,,
51554,مرهم راسب أبيض,,,,,,no_match,,
90106,مكروكروم,,,,,,no_match,,
88193,ميلاتيكس روتين تفتيح البشره غسول + كريم,,,,,,no_match,,
87128,نونو شامبو 500مللي+شامبو100مللي,,,,,,no_match,,
87129,نونو شامبو اصفر لتر+زيت200مللي,,,,,,no_match,,
92134,نيفيلوب فالسارتان 5/80,,,,,,no_match,,
86135,يوفي برو دراي تاتش كريم 50 حماية 50مل,,,,,,no_match,,
