product_name_ar,product_name_en,store_product_id
1 2 3 وان تو ثري 20 اقراص,1 2 3 ONE TWO THREE 20 F.C. TAB,2437679
1 2 3 وان تو ثري اكسترا 20 اقراص,1 2 3 ONE TWO THREE EXTRA 20 F.C. TAB,2403271
1 2 3 وان تو ثري شراب 120 مل,1 2 3 ONE TWO THREE SYRUP 120 ML,2094308
555 كولونيا بخاخ 120 مل,555 COLOGNE SPRAY 120 ML,1844459
55555 بودره تلك 100 جرام بدون رائحه ازرق صغيره,FIVE FIVES BABY TALCUM POWDER 100 GM FRAGRANCE FREE,1430400
55555 بودره تلك 200 جرام بدون رائحه ازرق كبيره,FIVE FIVES BABY TALCUM POWDER 200 GM FRAGRANCE FREE,1430396
55555 بودره تلك سوبر برائحه الورد 100 جم روز صغيره,FIVE FIVES SUPER TALCUM POWDER WITH ROSE FRAG. 100 GM,1656583
55555 بودره تلك سوبر برائحه الورد 200 جم روز كبيره,FIVE FIVES SUPER TALCUM POWDER WITH ROSE FRAG. 200 GM,1430399
55555 حنه اسود 100 جم,FIVE FIVES HENNA 100 GM BLACK,1430397
55555 حنه اسود 200 جم,FIVE FIVES HENNA 200 GM BLACK,1430398
55555 كولونيا 200 مل,55555 COLONGE 200 ML,1400135
55555 كولونيا بخاخ 130 مل صغيره,55555 COLONGE SPRAY 130 ML,1400132
55555 كولونيا بخاخ 230 مل كبيره,55555 COLONGE SPRAY 230 ML,1400134
اباندروكير 150 مجم 2 اقراص,IBANDROCARE 150 MG 2 F.C.TAB,901629
ابتاميل بروسينيو لبن 400 جم,APTAMIL PROSYNEO MILK 400 GM,2445636
ابتوفول 10 / 25 مجم 20 اقراص,APTOFUL 10 / 25 MG 20 F.C.TAB,2509526
ابتوفول 5 / 12.5 مجم 20 اقراص,APTOFUL 5 / 12.5 MG 20 F.C. TAB,2634552
ابديت زيت 60 مل,UPDATE BODY OIL 60 ML,2146796
ابديت كريم تفتيح بشره 50 جم,UPDATE WHITENING CREAM 50 GM,2618707
ابراتروبيوم ميلان 0.5 مجم / 2 مل (للكبار) 10 جرعات امبول,IPRATROPIUM MYLAN 0.5 MG / 2 ML (ADULTS) 10 UNIT DOSE VIAL.,1736375
ابرافنت اس بخاخ 200 جرعه,IPRAVENT S AEROSOL FOR INHALATION 200 DOSES,2281828
ابروفال 300 مجم اقراص,APROVEL 300 MG 14 TAB.,2681570
ابروفيل 150 مجم 14 اقراص,APROVEL 150 MG 14 TAB.,2337832
ابروفيل 150 مجم 28 اقراص,APROVEL 150 MG 28 TAB,2638944
ابروفيل 150 مجم 28 اقراص 206,APROVEL 150 MG 28 TAB,2681060
ابروفيل 300 مجم 14 اقراص,APROVEL 300 MG 14 TAB.,1944092
ابروفيل 300 مجم 28 اقراص,APROVEL 300 MG 28 TAB,2668894
ابريكور كريم 30 جم,APRICOR CREAM 30 GM,2498753
ابريكور كريم 30 جم لحب الشباب,APRICOR CREAM 30 GM,2681484
ابسي دينت جل,EPSI DENT GEL,1545697
ابسي فلون كريم,EPSI FLONE CREAM,1652175
ابسي فليكس جل,EPSI FLEX GEL,1652176
ابل لايت 30 اقراص,APPLE LITE 30 TABS.,1652178
ابل لايت 30 اقراص س 45,APPLE LITE 30 TABS.,2683063
ابلونج نوفالجين 500 مجم 10 اقراص,NOVALGIN OBLONG 500 MG 10 F.C TAB.,2475624
ابي جرو 10 اكياس,API GROW POWDER 10 SACHETS,2191720
ابي دينيترا 10 مجم 20 اقراص,EPI DINITRA 10 MG 20 TABLETS,2127261
ابي دينيترا 5 مجم 30 اقراص,EPI DINITRA 5 MG 30 SUBLINGUAL TABLETS,2127262
ابي رايز شراب 120 مل,APPE RAISE SYRUP 120 ML,2468081
ابي رايز شراب جديد,APPE RAISE SYRUP 120 ML,2681980
ابياكتو 50 جم كريم,IBIACTO 50 GM CREAM,2498188
ابياموكس 400 مجم / 5 مل شراب 80 مل,IBIAMOX 400 MG / 5 ML SUSP. 80 ML,1883162
ابياموكس 500 مجم 12 كبسول,IBIAMOX 500 MG 12 CAPS.,1876695
ابيتومور 120 مل شراب,,2682769
ابيتومور شراب,,2672781
ابيتويد 20 مجم 30 اقراص,APETOID 20 MG 30 F.C.TAB.,901646
ابيجرييك شراب 100 مل,APPEGREEK SYRUP 100 ML,2499723
ابيجنت 20 مجم / 2 مل 3 امبول,EPIGENT 20 MG / 2 ML I.V. / I.M. 3 AMP.,2498042
ابيجنت 80 مجم / 2 مل 3 امبول,EPIGENT 80 MG / 2 ML I.M. / I.V. 3 AMPS.,2354931
ابيجونال 75 وحده 1 امبول,EPIGONAL 75 I.U. 1 AMP.,2553912
ابيدرا 100 وحده / مل 5 خرطوشات,APIDRA 100 I.U. / ML 5 CARTIRIDGES,2287864
ابيدرا سولوستار 100 وحده / مل 1 قلم,APIDRA SOLOSTAR 100 I.U. / ML 1 PREFILLED PEN,2225119
ابيدرا سولوستار 100 وحده / مل 5 قلم,APIDRA SOLOSTAR 100 I.U. / ML 5 PREFILLED PEN,2434921
ابيدكسون 0.05 % مرهم 5 جم,EPIDEXONE 0.05 % EYE OINT. 5 GM,2126668
ابيدكسون 1 مجم / مل قطره 5 مل,EPIDEXONE 1 MG / ML EYE / EAR DROPS 5 ML,1838274
ابيدكسون بلس 1 مجم / مل قطره 5 مل,EPIDEXONE PLUS 1 MG / ML EYE / EAR DROPS 5 ML,1671069
ابيدون شراب 125 مل,APIDONE SYRUP 125 ML,2369319
ابيدون شراب 35,APIDONE SYRUP 125 ML,2681182
ابيدون شراب س جديد,APIDONE SYRUP 125 ML,2681008
ابيديرم كريم 50 جم,EPIDERM SOOTHING CREAM 50 GM,2312240
ابيرازول 20 مجم 14 كبسول,EPIRAZOLE 20 MG 14 CAPS.,2452821
ابيرازول 40 مجم 10 كبسول,EPIRAZOLE 40 MG 10 CAPS,2638681
ابيرليفان 40 مجم / مل امبول,EPIRELEFAN 40 MG / ML I.M AMP.,2506936
ابيروفاستين 10 مجم 14 اقراص,EPIROVASTIN 10 MG 14 SCORED F.C. TAB,2434911
ابيروفاستين 10 مجم 7 اقراص,EPIROVASTIN 10 MG 7 SCORED F.C. TAB,2627643
ابيروفاستين 20 مجم 14 اقراص,EPIROVASTIN 20 MG 14 TABS,1545709
ابيروفاستين 20 مجم 7 اقراص,EPIROVASTIN 20 MG 7 F.C. TAB,2487280
ابيروفاستين 40 مجم 14 اقراص,EPIROVASTIN 40 MG 14 TAB,2498049
ابيريزين 10 مجم 10 اقراص,EPIRIZINE 10 MG 10 TAB.,1555218
ابيريزين 5 مجم / مل شراب 60 مل,EPIRIZINE 5 MG / ML SYRUP 60 ML,2191727
ابيزيثرو 200 مجم / 5 مل 15 مل شراب,EPIZITHRO 200 MG / 5 ML 15 ML SUSP,2265899
ابيزيثرو 200 مجم / 5 مل 30 مل شراب,EPIZITHRO 200 MG / 5 ML 30 ML SUSP,1839394
ابيزيثرو 500 مجم 3 كبسول,EPIZITHRO 500 MG 3 CAPS,2401797
ابيزيثرو 500 مجم 6 كبسول,EPIZITHRO 500 MG 6 CAPS,2560244
ابيستجمين 0.05 % 5 امبول 1 مل,EPISTIGMIN 0.05 % 5 AMPOULES 1 ML,1738416
ابيستجمين 0.25 % 1 امبول 5 مل,EPISTIGMIN 0.25 % VIAL 5 ML,2434928
ابيسوبت قطره 5 مل,EPISOPT EYE DROPS 5 ML,2434929
ابيسيفين 1 جم امبول عضل,EPICEPHIN 1 GM I.M.VIAL,2671551
ابيسيفين 1 جم امبول وريد,EPICEPHIN 1 GM I.V. VIAL,2126756
ابيسيفين 2 جم امبول وريد,EPICEPHIN 2 GM I.V. VIAL,2559887
ابيفاسي 5000 وحده امبول,EPIFASI 5000 I.U. AMP.,2186072
ابيفورتيل 30 كبسول,APIFORTYL 30 CAPS.,2642743
ابيفيناك 0.1 % قطره 5 مل,EPIFENAC 0.1 % EYE DROPS 5 ML,925434
ابيفيناك 100 مجم 5 لبوس,EPIFENAC 100 MG 5 RECTAL SUPP.,1608263
ابيفيناك 12.5 مجم 5 لبوس,EPIFENAC 12.5 MG 5 SUPP.,919485
ابيفيناك 25 مجم 20 اقراص,EPIFENAC 25 MG 20 ENTERIC COATED TAB.,2050451
ابيفيناك 25 مجم 5 لبوس,EPIFENAC 25 MG 5 SUPP.,1700729
ابيفيناك 50 مجم 20 اقراص,EPIFENAC 50 MG 20 ENTERIC COATED TAB.,2208637
ابيفيناك 50 مجم 5 لبوس,EPIFENAC 50 MG 5 SUPP.,2668930
ابيفيناك 75 مجم / 3 مل 3 امبول,EPIFENAC 75 MG / 3 ML I.M. / I.V. 3 AMP.,2113291
ابيفيناك اس ار 100 مجم 10 كبسول,EPIFENAC 100 MG S.R. 10 CAPS.,1519364
ابيفيناك اس ار 75 مجم 10 اقراص,EPIFENAC 75 MG S.R. 10 TABS.,2434933
ابيفينيكول 1 % مرهم للعين 5 جم,EPIPHENICOL 1 % EYE OINT. 5 GM,2495221
ابيكروم 4 % قطره 10 مل,EPICROM 4 % EYE DROPS 10 ML,2672802
ابيكس ببرونه 150 مل بيد,APEX BABY BOTTLE 150 ML WITH HAND,2331145
ابيكس ببرونه 250 مل بيد,APEX BABY BOTTLE 250 ML WITH HAND,2633879
ابيكس ببرونه 60 مل,APEX BABY BOTTLE 60 ML,2633881
ابيكس قطن طبي 50 جم 1 كيلو,APEX MEDICAL COTTON 50 GM 1 KILO,2131150
ابيكساتراك 2.5 مجم 30 اقراص,APIXATRACK 2.5 MG 30 F.C. TABS.,2157538
ابيكساتراك 5 مجم 30 اقراص,APIXATRACK 5 MG 30 F.C. TABS.,2277803
ابيكساجارد 2.5 مجم 30 اقراص,APIXAGUARD 2.5 MG 30 TABS,2632877
ابيكسيدون 0.5 مجم 30 اقراص,APEXIDONE 0.5 MG 30 F.C.TAB.,901666
ابيكسيدون 1 مجم / مل شراب 100 مل,APEXIDONE 1 MG / ML SYRUP 100 ML,901670
ابيكسيدون 1 مجم 20 اقراص,APEXIDONE 1 MG 20 F.C.TAB.,901671
ابيكسيدون 2 مجم 20 اقراص,APEXIDONE 2 MG 20 F.C.TAB.,901667
ابيكسيدون 3 مجم 30 اقراص,APEXIDONE 3 MG 30 F.C.TAB.,901668
ابيكسيدون 4 مجم 30 اقراص,APEXIDONE 4 MG 30 F.C.TAB.,2343342
ابيكوانتيل 600 مجم 4 اقراص,EPIQUANTEL 600 MG 4 F.C. TABS.,2643690
ابيكوبريد 20 مجم 20 اقراص,EPICOPRED 20 MG 20 ORODISPERSIBLE TABS.,2453201
ابيكوبريد 5 مجم 30 اقراص,EPICOPRED 5 MG 30 ORODISPERSIBLE TABS.,901677
ابيكوبنتين 100 مجم 30 اقراص,EPICOPENTIN 100 MG 30 F.C. TAB,2073381
ابيكوبنتين 300 مجم 30 اقراص,EPICOPENTIN 300 MG 30 CAPS,2506924
ابيكوبنتين 400 مجم 30 اقراص,EPICOPENTIN 400 MG 30 CAPS,901675
ابيكوبنتين 600 مجم 30 اقراص,EPICOPENTIN 600 MG 30 F.C.TABS,2620852
ابيكوبنتين 800 مجم 30 اقراص,EPICOPENTIN 800 MG 30 F.C. TABS,2073363
ابيكوتيل 20 مجم 10 اقراص,EPICOTIL 20 MG 10 F.C.TAB.,2149193
ابيكوتيل 20 مجم 5 لبوس للكبار,EPICOTIL 20 MG 5 ADULT SUPP.,2143859
ابيكوجيل شراب 180 مل,EPICOGEL SUSP. 180 ML,901680
ابيكوسيللين 500 مجم 16 كبسول,EPICOCILLIN 500 MG 16 CAPS.,2434951
ابيكوفلوسين 200 مجم 10 اقراص,EPICOFLOCIN 200 MG 10 F.C.TAB.,1765828
ابيكوفيللين 2.5 جم / 100 مل شراب 125 مل,EPICOPHYLLINE 2.5 G / 100 ML SYRUP 125 ML,901681
ابيلات 10 مجم 30 كبسول,EPILAT 10 MG 30 S.G.CAPS.,2507048
ابيليبكس 10 مجم 30 اقراص,APILIPEX 10 MG 30 F.C.TAB.,2423575
ابيليفاي 10 مجم 10 اقراص,ABILIFY 10 MG 10 TABS.,2671797
ابيليفاي 15 مجم 10 اقراص,ABILIFY 15 MG 10 TABS.,943058
ابيليفاي 5 مجم 10 اقراص,ABILIFY 5 MG 10 TABS,2254422
ابيماج 12 اكياس فوار,EPIMAG 12 EFF. GR. IN SACHETS,987232
ابيميرافلو 75 مجم 10 كبسول,EPIMIRAFLU 75 MG 10 CAPS.,2589105
ابينور 400 مجم 14 اقراص,EPINOR 400 MG 14 TAB.,2129543
اتاكاند 16 مجم 14 اقراص,ATACAND 16 MG 14 F.C. TAB,2277008
اتاكاند 4 مجم 14 اقراص,ATACAND 4 MG 14 TAB.,901698
اتاكاند 8 مجم 14 اقراص,ATACAND 8 MG 14 TABS,901699
اتاكاند بلس 16 / 12.5 مجم 14 اقراص,ATACAND PLUS 16 / 12.5 MG 14 TABS,2332540
اتاكاند بلس 32 / 25 مجم 14 اقراص,ATACAND PLUS 32 / 25 MG 14 TABS.,901697
اتالوكس كريم 40 جم,ATALUX CREAM 40 GM,1738452
اترابكس 100 مجم 15 كبسول,ITRAPEX 100 MG 15 CAPS.,2651590
اترابكس 100 مجم 4 كبسول,ITRAPEX 100 MG 4 CAPS.,901701
اترافنجكس 100 مجم 15 كبسول,ITRAFUNGEX 100 MG 15 CAPS.,2434964
اترافنجكس 100 مجم 4 كبسول,ITRAFUNGEX 100 MG 4 CAPS.,2584376
اتراكتا ريفورس 12 امبول 5 مل,ATRAKTA RE / FORCE HAIR 12 AMPOULES 5 ML,1744208
اتراكتا ريفورس سيروم للشعر 200 مل,ATRAKTA RE / FORCE HAIR SERUM 200 ML,1765847
اتراكون 100 مجم 14 كبسول,ITRACON 100 MG 14 CAPS.,901708
اترانوكس 100 مجم 15 كبسول,ITRANOX 100 MG 15 CAPS.,2434966
اترانوكس 100 مجم 5 كبسول,ITRANOX 100 MG 5 CAPS,2635903
اتروبين سلفات 0.1 % 6 امبول ممفيس,ATROPINE SULPHATE 0.1 % 6 AMP,2312272
اتروبين سلفات 100 امبول,ATROPINE SULPHATE 1 MG / ML 100 AMP,2575718
اتروبين سلفات 6 امبول,ATROPINE SULPHATE 0.1 % 6 AMP,2682644
اتروزيمب 10 / 10 مجم 30 اقراص,ATROZEMB 10 / 10 MG 30 F.C. TAB.,2312274
اتروزيمب 10 / 20 مجم 30 اقراص,ATROZEMB 20 / 10 MG 30 F.C. TAB.,1652246
اتروزيمب 10 / 40 مجم 30 قرص,ATROZEMB 40 / 10 MG 30 F.C. TAB,2157748
اتروزيمب 10 / 80 مجم 30 اقراص,ATROZEMB 10 / 80 MG 30 TABS,2146598
اتروفنت 250 ميكرو / 2 مل 20 امبول,ATROVENT 250 MCG / 2 ML 20 UNIT DOSE VIAL,2542937
اتروفنت 500 ميكرو / 2 مل 20 امبول,ATROVENT 500 MCG / 2 ML 20 UNIT DOSE VIAL.,1689058
اتش ايرون 30 كبسول,H IRON 30 CAPS,2499724
اتش بي اي ايه بلس 20 اقراص,H PEA PLUS 20 CAPS,2315999
اتش بي جي فيت 30 كبسول,HPG VIT 30 CAPS,1874635
اتش جوينت 30 اقراص,H JOINT 30 TABS,2161369
اتش فيرين 350 20 كبسول,H FERRIN 350 20 CAPSULES,2499727
اتكوجليفلوزين 10 مجم 30 اقراص,ATCOGLIFLOZIN 10 MG 30 F.C.TABS,2128555
اتكوجليفلوزين 25 مجم 30 اقراص,ATCOGLIFLOZIN 25 MG 30 F.C.TABS,1657241
اتكوفلدوميت 50 / 1000 مجم اقراص,ATCOVILDUMET 50 / 1000 MG TAB,2143687
اتكوفومسيت 4 مجم / 2 مل 3 امبول,ATCOVOMSET 4 MG / 2 ML 3 AMPS,2199683
اتكوفومسيت 8 مجم / 4 مل 3 امبول,ATCOVOMSET 8 MG / 4 ML 3 AMPS,2299279
اتكوكوكسيب 60 مجم 30 اقراص,ETORICOXIB 60 MG 30 TABS,2199252
اتكوكوكسيب 90 مجم 30 اقراص,ETORICOXIB 90 MG 30 TABS,2146672
اتلا دي كا قطره بالفم 15 مل,ATLA DK ORAL DROPS 15 ML,2646192
اتلاباسيلس قطره بالفم 15 مل,ATLABACILLUS ORAL DROP 15 ML,2570465
اتلاتكس كريم 50 جم,ATLATEX CREAM 50 GM,2586204
اتلاكير 20 اقراص,ATLACARE 20 TABS,2595651
اتميبرازول 20 مجم 20 كبسول,ATMIPRAZOLE 20 MG 20 CAPS,2185401
اتميبرازول 40 مجم 20 كبسول,ATMIPRAZOLE 40 MG 20 CAPS.,2129103
اتنسيرا 18 مجم 30 كبسول,ATTENSERA 18 MG 30 CAPS.,2609377
اتور 10 مجم 7 اقراص,ATOR 10 MG 7 TAB.,2312276
اتور 20 مجم 10 اقراص,ATOR 20 MG 10 F.C. TAB.,1671708
اتور 40 مجم 10 اقراص,ATOR 40 MG 10 F.C. TAB.,1665501
اتور 80 مجم 10 اقراص,ATOR 80 MG 10 F.C.TABS,2345216
اتورستات 10 مجم 14 اقراص,ATORSTAT 10 MG 14 F.C.TAB,901722
اتورستات 20 مجم 14 اقراص,ATORSTAT 20 MG 14 SCORED TABS,901723
اتورستات 40 مجم 14 اقراص,ATORSTAT 40 MG 14 BISCORED TABS,2312281
اتورستات 80 مجم 10 اقراص,ATORSTAT 80 MG 10 BISCORED TABS,1063650
اتوريزا 10 / 10 مجم 28 اقراص,ATOREZA 10 / 10 MG 28 F.C. TAB.,1738474
اتوريزا 20 / 10 مجم 21 اقراص,ATOREZA 20 / 10 MG 21 F.C. TAB.,901725
اتوريزا 40 / 10 مجم 28 اقراص,ATOREZA 40 / 10 MG 28 F.C. TAB.,901728
اتوريزا 80 / 10 مجم 28 اقراص,ATOREZA 80 / 10 MG 28 F.C. TAB,1173128
اتوريكوكس هيكسال 120 مجم 10 اقراص,ETORICOX HEXAL 120 MG 10 TABS,2511422
اتوريكوكس هيكسال 60 مجم 30 اقراص,ETORICOX HEXAL 60 MG 30 F.C.TABS,1937296
اتوريكوكس هيكسال 90 مجم 30 اقراص,ETORICOX HEXAL 90 MG 30 F.C.TABS,1686517
اتوزيت 10 / 10 مجم 30 اقراص,ATOZET 10 / 10 MG 30 F.C. TAB.,2637060
اتوزيت 10 / 20 مجم 30 اقراص,ATOZET 20 / 10 MG 30 F.C. TAB.,2637228
اتوزيت 10 / 40 مجم 30 اقراص,ATOZET 40 / 10 MG 30 F.C. TAB.,2636220
اتوفليوس غسول نسائي 250 مل,ATTOVELOCE FEMININE CLEANSER 250 ML,2407624
اتوفيلوس ابو فاس مرهم,ATTOVELOCE OINT 50 GM,2682779
اتوفيلوس بانثينول جل 50 جم,ATTOVELOCE PANTHENOL GEL 50 GM,1792741
اتوفيلوس جل مزلق بديل كي واي,ATTOVELOCE PANTHENOL GEL 50 GM,2338509
اتوفيلوس كريم بلس يوريا,ATTOVELOCE DIAPER CREAM 50 MG,2314988
اتوفيلوس كلاميل لوشن 100 مل,ATTOVELOCE CALAMINE LOTION 100 ML,1792743
اتوفيلوس كلنسر,ATTOVELOCE CALAMINE LOTION 100 ML,2682780
اتوفيلوس مرهم 50 جم,ATTOVELOCE OINT 50 GM,1792744
اتوكوكسام 60 مجم 21 اقراص,ETOCOXAM 60 MG 21 TAB,2382975
اتوكوكسام 90 مجم 21 اقراص,ETOCOXAM 90 MG 21 TAB,2382983
اتومافوتكس 10 مجم 30 كبسول,ATOMAFUTIX 10 MG 30 CAPS.,2497523
اتومافوتكس 25 مجم 30 كبسول,ATOMAFUTIX 25 MG 30 CAPS.,2562794
اتومافوتكس 40 مجم 30 كبسول,ATOMAFUTIX 40 MG 30 CAPS.,2128928
اتومافيوتكس شراب 100 مل,ATOMAFUTIX ORAL SOLUTION 100 ML,2569328
اتوموريلاكس 20 مجم / 5 مل شراب 100 مل,ATOMORELAX 20 MG / 5 ML SYRUP 100 ML,942903
اتوموكس ابكس 10 مجم 30 كبسول,ATOMOXAPEX 10 MG 30 CAPS.,2128030
اتوموكس ابكس 18 مجم 30 كبسول,ATOMOXAPEX 18 MG 30 CAPS.,901733
اتوموكس ابكس 25 مجم 30 كبسول,ATOMOXAPEX 25 MG 30 CAPS.,901734
اتوموكس ابكس 4 مجم / مل شراب 100 مل,ATOMOXAPEX 4 MG / ML SYRUP 100 ML,1916956
اتوموكس ابكس 40 مجم 30 كبسول,ATOMOXAPEX 40 MG 30 CAPS.,901735
اتوموكس ابكس 60 مجم 30 كبسول,ATOMOXAPEX 60 MG 30 CAP.,2671793
اتوميتافلوزين 12.5 / 1000 مجم 30 اقراص,ATOMETAFLOZINE 12.5 MG / 1000 30 TABS,2293072
اتوميتافلوزين 12.5 / 500 مجم 30 اقراص,ATOMETAFLOZINE 12.5 / 500 MG 30 TABS,1799114
اتينو 100 مجم 20 اقراص,ATENO 100 MG 20 F.C.TAB.,2471612
اتينو 50 مجم 20 اقراص,ATENO 50 MG 20 F.C.TAB.,1533665
اتينو 50 مجم اقراص,ATENO 50 MG 20 F.C.TAB.,2681471
اتينو سي 100 / 25 مجم 20 اقراص,ATENO C 100 / 25 MG 20 TAB.,2513621
اتينو سي 50 / 25 مجم 20 اقراص,ATENO C 50 / 25 MG 20 TAB.,2453237
اجار اكياس,AGAR SACHET,2191804
اجار قطره للفم 15 مل,AGAR ORAL DROP 15 ML,2511049
اجارستين قطره 15 مل,AGARSTIN ORAL DROP 15 ML,1425222
اجاريصن قطره بالفم 15 مل,AGARISUN ORAL DROP 15 ML,1811322
اجاريلا 15 مل قطره للصفرا,,2680955
اجارين نقط,AGARINE DROPS,2499550
اجريكس 75 مجم 60 اقراص,AGGREX 75 MG 60 TABS.,901744
اجنوكاستون 20 مجم 30 اقراص,AGNUCASTON 20 MG 30 F.C. TAB.,2142573
اجوفالد 25 مجم 21 اقراص,AGOVALD 25 MG 21 F.C.TABS.,2145804
اجيرا 10 % يوريا لوشن للجسم 200 مل,AGERA 10 % UREA BODY LOTION 200 ML,2631444
اجيرا انتي سكار سيليكون جل 50 جم,AGERA ANTI SCAR SILICONE GEL 50 GM,2631445
اجيرا غسول تفتيح 150 مل,AGERA WHITENING FACIAL CLEANSER 150 ML,2468152
اجيرا غسول حب الشباب 150 مل,AGERA ACNE FACIAL CLEANSER 150 ML,2631443
اجيرا كريم,AGERA ACNE CREAM 50 GM,2632014
اجيرا كريم 50 جم لحب الشباب,AGERA ACNE CREAM 50 GM,2584595
اجيرا كريم تفتيح 50 جم,AGERA WHITENING CREAM 50 GM,1096341
اجيولاكس 12 اكياس,AGIOLAX 12 GRANULES IN SACHETS,2312290
اختبار حمل شريط 100 ق,BABY CHECK 10 PS,2252017
اختبار فيروس بي,BABY CHECK 10 PS,2224372
اختبار مخدرات رباعي,I TEST FOUR PARAMEDIC DRUG TEST,1776216
اختبار مخدرات سباعي,SIRIN SEVEN PARAMEDIC DRUG TEST,1776217
اداجل 0.1 % جل موضعي 30 جم,ADAGEL 0.1 % TOPICAL GEL 30 GM,2618356
ادبورت 1 مجم 100 اقراص,ADPORT 1 MG 100 CAPS,2400736
ادرينالين 1 مجم / 1 مل 1 امبول,ADRENALINE 1 MG / 1 ML 1 I.M. / S.C. AMP,2446174
ادرينالين 1 مجم / 1 مل 100 امبول,ADRENALINE 1 MG / 1 ML 100 I.M. / S.C. AMP.,2492766
ادرينوكورتين 1 مجم / مل امبول,ADRENOCORTINE 1 MG / ML I.M. AMP.,2183202
ادفانس صابون 100 جم,ADVANCE SOAP 100 GM,2468157
ادفانكريب 400 مجم 5 اقراص,ADVANCRIB 400 MG 5 TABLETS,2096005
ادفانكريب 400 مجم 7 اقراص,ADVANCRIB 400 MG 7 F.C. TAB,2585824
ادفاهير لوشن 120 مل,ADVAHAIR LOTION 120 ML,1737821
ادفوكسين 400 مجم 10 اقراص,ADVOXIN 400 MG 10 F.C. TABS,2561772
ادفوهيليكس شراب 120 مل,ADVOHELIX SYRUP 120 ML,1387951
ادو جي 30 اقراص,ADDO G 30 HARD GELATIN CAPSULES,2199765
ادوساج كريم 50 جم,ADOSAGE CREAM 50 GM,2207844
ادول 500 مجم 24 اقراص,ADOL 500 MG 24 CAPLETS,1395326
ادول اكسترا 24 اقراص,ADOL EXTRA 24 CAPLETS.,1398887
ادولور 30 مجم 3 امبول,ADOLOR 30 MG 3 AMPS.,901756
ادويبرازول 10 مجم 30 اقراص,ADWIPRAZOLE 10 MG 30 F.C. TAB.,2544280
ادويبرازول 30 مجم 30 اقراص,ADWIPRAZOLE 30 MG 30 F.C.TAB.,2544281
ادويتين 30 مجم 30 كبسول,ADWITINE 30 MG 30 CAPS.,2508703
ادويتين 60 مجم 30 كبسول,ADWITINE 60 MG 30 CAPS.,1533675
ادويستادين 5 مجم 30 اقراص,ADWISTADINE 5 MG 30 SCORED F.C.TABS,2532918
ادويستادين 7.5 مجم 30 اقراص,ADWISTADINE 7.5 MG 30 F.C.TABS,2560123
ادويفلام 12.5 مجم للرضع 5 لبوس,ADWIFLAM 12.5 MG INFANTS 5 SUPP.,2126704
ادويفلام 25 مجم للاطفال 5 لبوس,ADWIFLAM 25 MG CHILDREN 5 SUPP.,2267253
ادويفلام 50 مجم 10 اكياس,ADWIFLAM 50 MG 10 SACHETS,2468162
ادويفلام 50 مجم 20 كبسول,ADWIFLAM 50 MG E.R. 20 CAPS.,2435004
ادويفلام 75 مجم / 3 مل 6 امبول,ADWIFLAM 75 MG / 3 ML 6 AMP.,1159218
ادويفلام 75 مجم 5 لبوس,ADWIFLAM 75 MG 5 SUPP.,2312303
ادويفلام ايملجل 50 جم,ADWIFLAM EMULGEL 50 GM,2319764
ادويفلسار كو 12.5 / 160 مجم 30 اقراص,ADWIVALSAR CO 160 / 12.5 MG 10 SCORED F.C.TAB.,2150450
ادويفلوكساسين 400 مجم 7 اقراص,ADWIFLOXACEN 400 MG 7 F.C. TABS.,1772498
ادويموف جل 50 جم,ADWIMOVE TOPICAL GEL 50 GM,2341888
اديداس بخاخ رجالي رصاصي 150 مل باوور بوستر,ADIDAS MEN POWER BOOSTER SPRAY 150 ML,2544263
اديمكس 0.5 مجم / 2 مل 3 امبول,EDEMEX 0.5 MG / 2 ML 3 AMPS. I.M / I.V,2669138
اديمكس 1 مجم 20 اقراص,EDEMEX 1 MG 20 TAB.,901764
اديمكس 3 امبول,EDEMEX 0.5 MG / 2 ML 3 AMPS. I.M / I.V,2682637
اديوروبان 8 مجم 20 اقراص,EDUROPAN 8 MG 20 F.C. TABS.,2491872
ار اكس بخاخ مساج 100 مل,RX MASSAGE SPRAY 100 ML,2606513
ار اكس جل مساج 100 جم,RX MASSAGE GEL 100 GM,2291945
ار اكس جل مساج 50 جم,RX MASSAGE GEL 50 GM,2601829
ار اكس كريم مساج 100 جم,RX MASSAGE CREAM 100 GM,2149944
ار اكس كريم مساج 50 جم,RX MASSAGE CREAM 50 GM,2601826
ار بي جي فينتو مساج جل 100 جم,RPG FINTO MASSAGE GEL 100 GM,2499730
ارانسب 30 مكجم 4 امبول,ARANESP 30 MCG 4 PREF. SYRINGE,2557348
ارباتج 2 % شراب 100 مل,ARBATEG 2 % SUSP. 100 ML,2366822
ارباتج 200 مجم 30 اقراص,ARBATEG 200 MG 30 TAB,2569277
اربيدرين 150 مجم 10 اقراص,IRBEDRIN 150 MG 10 TAB.,2627758
اربيدرين 300 مجم 10 اقراص,IRBEDRIN 300 MG 10 TAB.,1738509
اربيدرين ديو 150 / 12.5 مجم 10 اقراص,IRBEDRIN DIU 150 / 12.5 MG 10 TAB.,1425248
اربيدرين ديو 300 / 12.5 مجم 10 اقراص,IRBEDRIN DIU 300 / 12.5 MG 10 TAB.,2379275
اربيفيوتال 150 مجم 30 اقراص,IRBEFUTAL 150 MG 30 TAB.,2086121
اربيفيوتال كو 300 / 12.5 مجم 30 اقراص,IRBEFUTAL CO 300 / 12.5 MG 30 TAB.,1945204
اربيكسيان 10 مجم 20 اقراص,AREPEXANE 10 MG 20 F.C. TAB.,2141725
اربيكسيان 30 مجم 20 اقراص,AREPEXANE 30 MG 20 F.C. TAB.,2499104
ارتافا 30 كبسول,ARTAVA 30 CAPS,2638997
ارتوفيناك 0.09 % قطره للعين 5 مل,ARTOFENAC 0.09 % EYE DROPS 5 ML,2543663
ارتيجا 30 كبسول,ARTEGA 30 CAPS,2622753
ارتيسوي 30 اقراص,ARTISOY 30 TABS,1856250
ارتيكافول 75 مجم / 3 مل امبول,ARTICAVOL 75 MG / 3 ML 3 AMP.,2468186
ارتيكسبان 5 مجم 30 اقراص,ARTIXIBAN 5 MG 30 F.C. TABS.,2682632
ارتيكسيبان 2.5 مجم 30 اقراص,ARTIXIBAN 2.5 MG 30 F.C. TABS.,2624317
ارتيكسيبان 5 مجم 30 اقراص,ARTIXIBAN 5 MG 30 F.C. TABS.,906613
ارتيكوسيف 50 مجم 30 كبسول,ARTICU SAFE 50 MG 30 CAPS.,2435016
ارث فري 20 مجم 30 اقراص,ARTHFREE 20 MG 30 F.C.TABS.,2329315
ارثروفاست 150 مجم 14 اقراص,ARTHROFAST 150 MG 14 M.R. TABLETS,2097143
ارثروهولد 400 مجم 30 اقراص,ARTHROHOLD 400 MG 30 CAPSULES,2542933
ارثروهولد بلس 14 اكياس,ARTHROHOLD PLUS 14 SACHETS,2668954
ارثروهولد بلس 14 اكياس,ARTHROHOLD PLUS 14 SACHETS,2065972
ارثوجو 30 اقراص,ORTHOGO 30 TABS,2146669
ارثينور 10 كبسول,ARTHINEUR 10 CAPS.,2312312
ارجكتا 1000 مجم 30 اقراص,ARGECTA 1000 MG 30 TABS,2146298
ارجنت بلس كريم 50 جم,URGENT PLUS CREAM 50 GM,2513150
ارجنت مساج كريم 50 جم,URGENT MASSAGE CREAM 50 GM,2159188
ارجنت مساج كريم 75 جم,URGENT MASSAGE CREAM 75 GM,2475757
ارجنتو بروفيت صن بلوك 50 عرض قطعتين,ARGENTO PROFIT SUNSCREEN SPF 50 GEL 100 ML OFFER 1 + 1,2114000
ارجنتو بروفيت واقي شمس + 50 اس بي اف 50 مل لوشن,ARGENTO PROFIT SUNSCREEN 50 + SPF LOTION 50 ML,1961867
ارجنتو بروفيت واقي شمس + 50 اس بي اف 60 مل جل,ARGENTO PROFIT SUNSCREEN SPF 50 GEL 60 ML,1850519
ارجنتو غسول 200 مل / اخضر,ARGENTO CLEAR FACIAL CLEANSER 200 ML,2682681
ارجنتو كلير تونر للوجه 200 مل عرض 1 + 1,ARGENTO CLEAR TONER 200 ML OFFER 1 + 1,2114145
ارجنتو كلير غسول للوجه 200 مل,ARGENTO CLEAR FACIAL CLEANSER 200 ML,2521307
ارجنتو كلير غسول للوجه 200 مل عرض 1 + 1,ARGENTO CLEAR FACIAL CLEANSER 200 ML OFFER 1 + 1,2453270
ارجنتو محيط العين 30 جم جديد,ARGENTO NIGHT CREAM 30 GM,2668743
ارجنتو نايت كريم 30 جم,ARGENTO NIGHT CREAM 30 GM,1657297
ارجنتو نايت كريم 60 جم,ARGENTO NIGHT CREAM 60 GM,2474323
ارجنتو نايت كريم 60 جم عرض 1 + 1,ARGENTO NIGHT CREAM 60 GM OFFER 1 + 1,1776228
ارجوبرينو 600.000 وحده 3 امبول,ERGOPRENO 600.000 I.U. / 1.5 ML 3 I.M. / ORAL AMP.,2453271
ارجي فيرول شراب 120 مل,ARGI FEROL SYRUP 120 ML,2609376
ارجي وان شراب 250 مل,ARGI ONE ORAL SYRUP 250 ML,2620853
ارجيكتا 1000 مجم 30 اقراص,ARGECTA 1000 MG 30 TABS,2682096
ارجينافكت 1 مجم شراب 150 مل,URGINAFECT 1 MG SUSPENSION 150 ML,1942344
ارجينافيكت 10 مجم 20 اقراص,URGINAFECT 10 MG 20 F.C. TABS.,2468195
ارجينافيكت 5 مجم 20 اقراص,URGINAFECT 5 MG 20 F.C. TABS.,2601835
ارجينافيكت بلس 5 / 50 مجم 20 اقراص,URGINAFECT PLUS 5 / 50 MG 20 TABS,2362693
ارجينين و سيترولين 1000 مجم 60 اقراص,ARGIININE AND CITRULLINE 1000 MG 60 TAB,1163660
اردوسولفين 300 مجم 10 كبسول,ERDOSOLVINE 300 MG 10 CAPS.,2128657
اردوكسيماج 40 مجم 14 اقراص,ARDOXIMAG 40 MG 14 TABS,1382227
اردوليتيك 300 مجم 20 كبسول,ERDOLYTIC 300 MG 20 CAPS.,902365
ارفي 30 اقراص,ARVI 30 TAB,2499733
اركوكسيا 120 مجم 7 اقراص,ARCOXIA 120 MG 7 F.C.TABS,2178079
اركوكسيا 60 مجم 14 اقراص,ARCOXIA 60 MG 14 F.C.TABS,901805
ارموداكيور 150 مجم 30 اقراص,ARMODACURE 150 MG 30 TABS.,1689762
ارموويك 50 مجم 20 اقراص,ARMOWAKE 50 MG 20 TABS.,2312315
ارو اوليه بلس شراب 100 مل,IRO OLEY PLUS SYRUP 100 ML,2209989
ارو سرنجات اطفال 3 سم علبه 100 قطعه,ARROW STRINGS 3 CM FOR KIDS 100 PCS,2129873
ارومابرازان 20 مجم 20 اقراص,ARROMAPRAZAN 20 MG 20 FILM COATED TABLETS,2652417
اروماسين 25 مجم 30 اقراص,AROMASIN 25 MG 30 TABS,2076394
ارومالوك 2.5 مجم 30 اقراص,AROMALOCK 2.5 MG 30 F.C. TABS,2289750
اروميجا مساج جل 60 جم,AROMEGA MASSAGE GEL 60 GM,2453280
اروهيم 30 اقراص,IROHIM 30 TAB,2128740
اريبيبرازول 1 مجم شراب 120 مل,ARIPIPRAZOLE 1 MG / ML ORAL SOL. 120 ML,1847101
اريبيبرازول 10 مجم 20 اقراص,ARIPIPRAZOLE 10 MG 20 F.C. TAB.,1004141
اريبيبرازول 10 مجم 20 اقراص فوار,ARIPIPRAZOLE 10 MG 20 ORALLY DISINT. TABS.,1091352
اريبيبرازول 15 مجم 20 اقراص,ARIPIPRAZOLE 15 MG 20 F.C. TAB.,1772535
اريبيبرازول 20 مجم 20 اقراص,ARIPIPRAZOLE 20 MG 20 F.C. TAB.,1665787
اريبيبرازول 30 مجم 20 اقراص,ARIPIPRAZOLE 30 MG 20 F.C.TAB.,1738534
اريبيبرازول 5 مجم 30 اقراص,ARIPIPRAZOLE 5 MG 30 F.C. TAB,2173845
اريبيبراكير 10 مجم 30 قرص,ARIPIPRACARE 10 MG 30 TABS.,2652403
اريبيبراكير 20 مجم 20 اقراص,ARIPIPRACARE 20 MG 20 SCORED TABS.,2632745
اريبيبريكس 1 مجم / مل محلول للفم 100 مل,ARIPIPREX 1 MG / ML ORAL SOL. 100 ML,1726449
اريبيبريكس 10 مجم 30 اقراص,ARIPIPREX 10 MG 30 F.C.TAB,901776
اريبيبريكس 15 مجم 20 اقراص,ARIPIPREX 15 MG 20 F.C.TAB,1114214
اريبيبريكس 20 مجم 20 اقراص,ARIPIPREX 20 MG 20 F.C.TAB,2435033
اريبيبريكس 30 مجم 30 اقراص,ARIPIPREX 30 MG 30 F.C.TAB.,2653281
اريثريكس 200 مجم 20 كبسول,ARYTHREX 200 MG 20 CAPS.,2468205
اريسبت 10 مجم 14 اقراص,ARICEPT 10 MG 14 F.C. TAB.,2468197
اريسبت 10 مجم 7 اقراص,ARICEPT 10 MG 7 F.C. TAB.,2452847
اريسبت 5 مجم 14 اقراص,ARICEPT 5 MG 14 TAB.,1395350
اريسبت 5 مجم 7 اقراص,ARICEPT 5 MG 7 TAB.,2669053
اريسبت 5 مجم 7 اقراص,ARICEPT 5 MG 7 TAB.,1606334
اريك 100 مجم 12 اقراص,EREC 100 MG 12 F.C. TABS.,2453291
اريكتاليس 20 مجم 2 اقراص,ERECTALIS 20 MG 2 F.C. TAB.,2145166
اريكتاليس 20 مجم 4 اقراص,ERECTALIS 20 MG 4 F.C. TAB,2435046
اريكتاليس 5 مجم 30 اقراص,ERECTALIS 5 MG 30 TABS,2435047
اريكتاماكس 20 مجم 2 اقراص,ERECTAMAX 20 MG 2 F.C.TABS,2453292
اريكتاماكس 20 مجم 4 اقراص,ERECTAMAX 20 MG 4 F.C.TABS,901814
اريكتوباك 5 مجم 30 اقراص,ERECTOBACK 5 MG 30 TAB,1666152
اريكسترا 7.5 مجم / 0.6 مل 10 امبول,ARIXTRA 7.5 MG / 0.6 ML 10 S.C PREFILLED SYRINGES,2624070
اريكوفان 20 اقراص,ERRICOVAN 20 TAB,1860663
اريميديكس 1 مجم 28 اقراص,ARIMIDEX 1 MG 28 TAB.,2472566
ازاثيوبرين 50 مجم 100 اقراص,AZATHIOPRINE MYLAN 50 MG 100 TABS.,2610400
ازاثيوبرين ايفافارما 100 مجم 30 اقراص,AZATHIOPRINE EVAPHARMA 100 MG 30 F.C.TABS.,2149180
ازاثيوبرين ايفافارما 25 مجم 30 اقراص,AZATHIOPRINE EVAPHARMA 25 MG 30 F.C.TABS.,1859978
ازاثيوبرين ايفافارما 50 مجم 30 اقراص,AZATHIOPRINE EVAPHARMA 50 MG 30 F.C.TABS.,2128384
ازاثيوبرين ايفافارما 75 مجم 30 اقراص,AZATHIOPRINE EVAPHARMA 75 MG 30 F.C.TABS.,2453294
ازاديرم 20 % كريم 30 جم,AZADERM 20 % CREAM 30 GM,961328
ازارجا قطره للعين 5 مل,AZARGA EYE SUSP. DROPS 5 ML,2347796
ازالايد 500 مجم 3 كبسول,AZALIDE 500 MG 3 CAPS.,2453297
ازجوفانس 40 مجم 7 كبسول,AZGOVANC 40 MG 7 CAPS.,2139989
ازجوفلوكس 400 مجم 10 اقراص,AZGOFLOX 400 MG 10 F.C. TABS.,2143205
ازجوكلاتينس قطره 5 مل,AZGOCLATENS EYE DROPS 5 ML,1159270
ازروليد 1200 مجم / 30 مل شراب,AZROLID 1200 / 30 ML SUSP,2674996
ازروليد 500 مجم 3 اقراص,AZROLID 500 MG 3 F.C.TABS,2588697
ازروليد 600 مجم / 15 مل شراب,AZROLID 600 / 15 ML SUSP,1973885
ازروليد 900 مجم / 22.5 مل شراب,AZROLID 900 / 22.5 ML SUSP,2084817
ازماتاك 20 مجم 14 كبسول,ESMATAC 20 MG DR 14 CAPS.,2128466
ازماتاك 40 مجم 28 كبسول,ESMATAC 40 MG 28 D.R. CAPS,901827
ازماريليف 2.5 مجم بخاخ 20 امبير 2.5 مل,ASTHMARELIEF 2.5 MG NEBULIZER SOLN. 20 AMP. 2.5 ML,2498260
ازمازون بخاخ 60 مل,ASMAZON SPRAY 60 ML,2496237
ازمازون كريم 30 جم,ASMAZON CREAM 30 GM,2586201
ازماكاست 10 مجم 30 اقراص,ASMAKAST 10 MG 30 F.C. TAB.,2453302
ازماكاست 5 مجم 30 اقراص,ASMAKAST 5 MG 30 CHEWABLE TAB.,901825
ازمالير 10 مجم 10 اقراص,ASMALAIR 10 MG 10 TAB.,2144165
ازمالير 5 مجم 10 اقراص,ASMALAIR 5 MG 10 TAB.,1533711
ازموراب 10 مجم 7 اكياس,ESMORAP 10 MG 7 SACHET,1989224
ازموراب 40 مجم 14 كبسول,ESMORAP 40 MG 14 CAPS.,2149282
ازموراب 40 مجم 7 اكياس,ESMORAP 40 MG 7 SACHETS,2498401
ازموراب 7 اكياس 10 مجم اكياس س جديد,ESMORAP 10 MG 7 SACHET,2631988
ازها سيرم تقشير عرض قطعيتين 4,AZHA BODY SPLASH TRIPLE OUD 150 ML,1613695
ازهي بادي سبلاش عود اصفر 150 مل,AZHA BODY SPLASH TRIPLE OUD 150 ML,1981055
ازهي رول اون بدون 1 + 1,AZHA RETINOL SERUM 30 ML 1 + 1,1699671
ازهي ريتينول سيرم 30 مل,AZHA RETINOL SERUM 30 ML,2497214
ازهي سيرم 30 جم علبه + علبه,AZHA C SERUM 30 ML,2651252
ازهي سيرم فيتامين سي 30 مل,AZHA C SERUM 30 ML,2610180
ازهي سيرم فيتامين سي 30 مل عرض 1 + 1,AZHA C SERUM 30 ML OFFER 1 + 1,2431181
ازهي فونديشن ميديم 02 30 مل,AZHA FOUNDATION MEDIUM 02 30 ML,1178720
ازهي فيتامين سي سيرم عرض,AZHA C SERUM 30 ML OFFER 1 + 1,1657336
ازهي كريم تفتيح,AZHA CREAM SPF 20 . 75 GM,2637914
ازهي كريم تفتيح اس بي اف 20 . 30 جم,AZHA CREAM SPF 20 . 30 GM,2187212
ازهي كريم تفتيح اس بي اف 20 . 75 جم,AZHA CREAM SPF 20 . 75 GM,2497217
ازهي لوشن لتفتيح الجسم 100 مل,AZHA WHITENING BODY LOTION 100 ML,2171293
ازهي لوشن لتفتيح الجسم 100 مل عرض 1 + 1,AZHA WHITENING BODY LOTION 100 ML OFFER 1 + 1,2140455
ازهي مزيل عرق برتقالي 60 مل 1 + 1,AZHA DEODORANT ROLL ON ORANGE 60 ML 1 + 1,2114146
ازهي مزيل عرق برتقالي 60 مل سي بريز,AZHA DEODORANT ROLL ON ORANGE 60 ML SEA BREEZE,2140690
ازهي مزيل عرق بيري بلس موف 60 مل,AZHA DEODORANT ROLL ON BERRY PLUS 60 ML,1765974
ازهي مزيل عرق بيري بلس موف 60 مل عرض 1 + 1,AZHA DEODORANT ROLL ON BERRY PLUS 60 ML OFFER 1 + 1,2497213
ازهي مزيل عرق ديب بيربل احمر بينك 60 مل,AZHA ROLL ON DEEP PURPLE 60 ML,1652366
ازهي مزيل عرق ديب بيربل احمر بينك 60 مل عرض 1 + 1,AZHA ROLL ON DEEP PURPLE 60 ML OFFER 1 + 1,2621950
ازهي مزيل عرق سيكريت ازرق 60 مل,AZHA ROLL ON BLUE SECRET 60 ML,1776236
ازهي مزيل عرق سيكريت ازرق 60 مل عرض 1 + 1,AZHA ROLL ON BLUE SECRET 60 ML OFFER 1 + 1,2621951
ازهي مزيل عرق عود اصفر 60 مل عرض 1 + 1,AZHA DEODORANT ROLL ON YELLOW OUD 60 ML OFFER 1 + 1,2621953
ازهي مزيل عرق فلورال اخضر 60 مل,AZHA DEODORANT ROLL ON GREEN FLORAL 60 ML,1562514
ازهي مزيل عرق فلورال اخضر 60 مل 1 + 1,AZHA DEODORANT ROLL ON GREEN FLORAL 60 ML 1 + 1,2114148
ازهي ميسلر ووتر 200 مل,AZHA MICELLAR WATER 200 ML,2497218
ازهي ميسلر ووتر 200 مل عرض 1 + 1,AZHA MICELLAR WATER 200 ML OFFER 1 + 1,2114147
ازور سائل بخاخ 100 مل,AZOR LIQUID SPRAY 100 ML,1599594
ازوهارموني 20 اقراص,AZOHARMONI 20 CAPS,2497023
ازي ونس 250 مجم 6 كبسول,AZI ONCE 250 MG 6 CAPS.,2474443
ازيباكتوسين 500 مجم 3 اقراص,AZIBACTOCIN 500 MG 3 TABS,2248908
ازيتاناد 500 مجم 3 اقراص,AZITANAD 500 MG 3 TAB,2653904
ازيتاناد 500 مجم 3 اقراص ايناد فارما 63,AZITANAD 500 MG 3 TAB,2669864
ازيثروماش 500 مجم 3 اقراص,AZITHROMASH 500 MG 3 F.C. TABS,2390023
ازيثروماش 500 مجم 6 اقراص,AZITHROMASH 500 MG 6 F.C. TABS,2146568
ازيثرومايسين اي يو جي 500 مجم 3 اقراص,AZITHROMYCIN AUG 500 MG 3 F.C.TABS,2293074
ازيثرومايسين اي يو جي 500 مجم 6 اقراص,AZITHROMYCIN AUG 500 MG 6 F.C.TABS,1995417
ازيروا 1000 مجم 2 اقراص,AZIROWA 1000 MG 2 F.C. TABS.,2327674
ازيلاست بلس 125 / 50 مكجم بخاخ 25 مل,AZELAST PLUS 125 / 50 MCG NASAL SPRAY 25 ML,901818
ازيماكرون 500 مجم 3 اقراص,AZIMACRON 500 MG 3 TAB,1765984
اس 26 برو جولد 1 لبن 400 جم,S 26 PRO GOLD 1 MILK 400 GM,2156982
اس 26 برو جولد 1 لبن 900 جم,S 26 PRO GOLD 1 MILK 900 GM,2668701
اس 26 برو جولد 2 لبن 400 جم,S 26 PROMIL GOLD 2 MILK 400 GM,2501136
اس 26 برو جولد 3 لبن 400 جم,S 26 PROGRESS GOLD 3 MILK 400 GM,2126731
اس 26 بروميل جولد اتش ام او لبن 400 مل,S 26 PROMIL GOLD HMO MILK 400 ML,2157171
اس 26 جولد 1 لبن 400 جم,S 26 GOLD 1 MILK 400 GM,1565215
اس 26 جولد 1 لبن 900 جم,S 26 GOLD 1 MILK 900 GM,2337022
اس 26 جولد 2 لبن 400 جم,S 26 GOLD 2 MILK 400 GM,2643871
اس 26 جولد 2 لبن 900 جم,S 26 GOLD 2 MILK 900 GM,2449098
اس 26 جولد 3 لبن 400 جم,S 26 GOLD 3 MILK 400 GM,2194411
اس 26 جولد 3 لبن 900 جم,S 26 GOLD 3 MILK 900 GM,2344063
اس 26 جولد ايه ار لبن 400 جم,S 26 GOLD AR MILK 400 GM,2635006
اس ام ار 2 مجم 20 اقراص,S.M.R 2 MG 20 TAB.,1570891
اس بي ميكس 200 جم 2 اكياس,S.P. MIX 200 GM 2 SACHETS,2146418
اسباتريند 10 اكياس,ASPATREND 10 SACHETS,1133520
اسبروتكت 100 مجم 30 اقراص,ASPROTECT 100 MG 30 ENTERIC COATED TAB.,907697
اسبريكارلو 81 مجم 30 اقراص للمضغ,ASPRICARLO 81 MG 30 CHEWABLE TABS.,901838
اسبرين بروتكت 100 مجم 30 اقراص,ASPIRIN PROTECT 100 MG 30 GASTRO RESISTANT TABS.,901839
اسبرين كيمافارم 75 مجم 30 اقراص,ASPIRIN CHEMIPHARM 75 MG 30 CHEW.TABS,2406835
اسبوسيد 75 مجم 30 اقراص,ASPOCID 75 MG 30 TAB,2312333
اسبوسيد 75 مجم 30 اقراص مضغ للاطفال,ASPOCID PAEDIATRIC 75 MG 30 CHEWABLE TAB,2312334
اسبوفار 81 مجم 30 اقراص,ACPOPHAR 81 MG 30 E.C. TABS,2672708
استرازيم 30 اقراص,ESTREZYM 30 TABS,2632166
استراسيبتيف 0.25 / 0.035 مجم 21 اقراص,ESTRACEPTIVE 0.25 / 0.035 MG 21 TABS.,2508912
استرامارك 0.03 / 3 مجم 21 اقراص,ESTRAMARK 0.03 / 3 MG 21 F.C.TABS.,2222866
استرو جهاز ضغط جرانزيا ذراع + شاحن,GRANZIA ASTRO ARM BLOOD PRESSURE MONITOR + CHARGER,2131236
استروهيم 10 كبسول,ASTROHEAM 10 CAPSULES,2511321
استكريما كريم 30 جم,ISTIKREMA CREAM 30 GM,1545868
استوزا 24 قطعه,ESTOZA (CHOCOLATE) 24 PIECES,2498788
استوزا شيكولاته 24 قطعه 95,ESTOZA (CHOCOLATE) 24 PIECES,2629845
استوهالت 40 مجم 14 كبسول,ESTOHALT 40 MG 14 CAPS.,901843
استيرا امبريس جل 30 جم,STEARA IMPRESS GEL 30 GM,2500128
استيرا امبريس غسول 120 مل,STEARA IMPRESS CLEANSER 120 ML,2536073
استيروماب 10 مجم 30 اقراص,ESTERO MAP 10 MG 30 F.C.TAB,901844
استيروماب 20 مجم 30 اقراص,ESTERO MAP 20 MG 30 F.C.TAB,2601862
استيكان 10 مجم 14 اقراص,ESTIKAN 10 MG 14 F.C.TABS.,2624224
استيكان 10 مجم 28 اقراص,ESTIKAN 10 MG 28 F.C.TABS,2562806
استيكان 20 مجم 14 اقراص,ESTIKAN 20 MG 14 F.C.TAB.,901846
استيل جلوتا اقراص,ACETYL GLUTA TAB,2462527
استيل سي كورسيبت 20 كبسول,ACETYL C CORCEPT 20 CAP,2521787
استيل سيستايين 200 مجم 10 اكياس,ACETYLCISTEIN 200 MG 10 SACHET,2452687
استيل سيستايين 600 مجم 10 اكياس,ACETYLCISTEIN 600 MG 10 EFF. INSTANT GRAN. SACHETS,2140102
استيل سيستايين فيتا سي 10 اكياس,ACETYLCYSTEINE VITA C 10 SACHETS,2296794
استين 10 مجم 20 اقراص,ASTIN 10 MG 20 TAB,2486380
استين 20 مجم 20 اقراص,ASTIN 20 MG 20 F.C.TAB,2329873
استين 5 مجم / 5 مل شراب 100 مل,ASTIN 5 MG / 5 ML SYRUP 100 ML,901851
اسكوربيك اسيد نقط بالفم 15 مل,ASCORBIC ACID ORAL DROPS 15 ML,2496994
اسكوزنتال 10 اكياس,ASCOZENTAL 10 GRANULES FOR ORAL SUSP. SACHETS,2500997
اسكوسترين سي 20 اقراص,ASCOCITRIN C 20 TAB,1982119
اسماتروبيم 500 مكجم / 2 مل 20 امبول,ASMATROPIM 500 MCG / 2 ML 20 NEBULIZER VIAL SOLN,2601863
اسنشيال 300 مجم 30 كبسول,ESSENTIALE 300 MG 30 CAPS,2486381
اسيتابرام 10 مجم 20 اقراص,ESCITAPRAM 10 MG 20 TAB,2255449
اسيتابرام 20 مجم 10 اقراص,ESCITAPRAM 20 MG 10 F.C. TABS,2274247
اسيتابرام 20 مجم 20 اقراص,ESCITAPRAM 20 MG 20 F.C.TABS,2113833
اسيتابكس 14 اكياس,ACETAPAX 14 SACHETS,2146537
اسيتابكس 7 اكياس,ACETAPAX 7 SACHETS,2644817
اسيتالوبرج 20 مجم 10 اقراص,ESCITALOBORG 20 MG 10 TABS.,2126737
اسيتوثايم 10 اكياس,ACETOTHYME 10 SACHETS,2571763
اسيتولايك اسيتون ازرق 75 مل,ACETYLEX 10 SACHETS,2316955
اسيتولايك اسيتون بينك 75 مل,ACETYLEX 10 SACHETS,2316956
اسيتوليتك 600 مجم 10 كبسول,ACETOLYTIC 600 MG 10 CAPS,2543670
اسيتون ايفا 100 مل ازرق,AFAAK ACETONE ACETONYL 100 ML BLUE,2624705
اسيتون لونا مزيل طلاء اظافر بالفراوله 100 مل,LUNA NAIL POLISH REMOVER STRAWBERRY 100 ML,2222022
اسيجلوتير 200 مجم 30 اقراص,ACIGLOTIR 200 MG 30 TABLETS,2491874
اسيزادكس ان جل 40 جم,ASCIZADEX N TOP. GEL 40 GM,2300369
اسيفيراكس 400 مجم 30 اقراص,ACIVIRAX 400 MG 30 TABS,2535750
اسيفيراكس 800 مجم 20 اقراص,ACIVIRAX 800 MG 20 TABS.,970883
اسيفيراكس 800 مجم اقراص,ACIVIRAX 800 MG 20 TABS.,2681326
اسيكزيما كريم 15 جم,ACECZEMA CREAM 15 GM,2041640
اسيكلوفير 250 مجم 5 امبول,ACYCLOVIR 250 MG 5 VIAL,2347414
اسيكلوفير 400 ستادا 35 اقراص,ACYCLOVIR 400 STADA 35 TAB.,901858
اسيكلوفير 5 % كريم 10 جم مصر,ACYCLOVIR 5 % TOPICAL CREAM 10 GM,901857
اسيكلوفير 500 مجم 5 امبول,ACYCLOVIR 500 MG 5 VIAL,2626646
اسيكلوفير 800 ستادا 35 اقراص,ACYCLOVIR 800 STADA 35 TAB.,1666454
اسيكون 720 مجم 20 اقراص,ACICONE 720 MG 20 CHEW. TAB.,2260353
اسيكون اس 720 / 25 مجم 20 اقراص,ACICONE S 720 / 25 MG 20 CHEW. TAB.,1738589
اسيكون شراب 120 مل,ACICONE SUSP. 120 ML,2197539
اسيليرا مساج جل 60 جم,ASCELERA MASSAGE GEL 60 GM,2181469
اسيليوفيناز 100 مجم 20 اقراص,ACELIOFINAZ 100 MG 20 F.C. TAB,2500486
اسيماي 5 امبول,ACEMAY 5 AMPS,2539671
اسينا ايفي شراب كحه,ASENA B COMPLEX 30 SUBLINGUAL TABLETS,2567762
اسيناديا 10 مجم 10 اقراص,ASENADIA 10 MG 10 SUBLINGUAL TABS.,2515103
اسينشيال فورت 300 مجم 30 كبسول,ESSENTIALE FORTE 300 MG 30 CAPS,1826993
اشلي حجر خفاف لازاله الجلد الميت صغير,ASHLEY PUMICE STONE FOR DEAD SKIN REMOVAL,2407361
اشلي قصافه صغيره,ASHELY NAIL CLIPPER SMALL,2407367
اشواجندا فارماتونيك 30 كبسول,ASHWAGANDHA PHARMATONIC 30 CAP,2146704
اف بي 12 اقراص,F B 12 TAB,2499736
اف كورتين 4 مجم / مل 3 امبول,F CORTEN 4 MG / ML 3 AMP,2674893
افارا 10 مجم 30 اقراص,AVARA 10 MG 30 F.C. TAB.,2487329
افارا 20 مجم 30 اقراص,AVARA 20 MG 30 F.C.TAB.,2435081
افازير 0.3 % قطره للعين 10 مل,AVAZIR 0.3 % EYE DROPS 10 ML,2435083
افازير 0.3 % مرهم للعين 5 جم,AVAZIR 0.3 % EYE OINT. 5 GM,2601869
افاق اسيتون اسيتونيل 120 مل ازرق,AFAAK ACETONE ACETONYL 120 ML BLUE,2186520
افاق جل معقم لليد 70 مل ابيض,AFAK HAND GEL 70 ML WHITE,1821759
افاق جل معقم لليد 70 مل ازرق,AFAK HAND GEL 70 ML BLUE,2386897
افاق جل معقم لليد 70 مل بينك,AFAK HAND GEL 70 ML PINK,2386898
افاق جليسرين نقي 50 مل,AFAK PURE GLYCIRIN 50 ML,1400584
افاق هاند ووش 500 مل بالليمون,AFAK HAND WASH 500 ML WITH LEMON,2167187
افاق هاند ووش 500 مل بالورد,AFAK HAND WASH 500 ML WITH FLOWER,2167186
افاق هاند ووش 500 مل برائحه المسك,AFAK HAND WASH 500 ML WITH MUSK,1779568
افالوميج شراب 120 مل,AVALOMEG SYRUP 120 ML,2552903
افاميس بخاخ للانف 120 مل,AVAMYS NASAL SPRAY 120 DOSES,2562857
افاندوريكس شراب 120 مل,AVANDORIX SYRUP 120 ML,1435760
افرست لوشن للاطفال 120 مل,EVEREST LOTION 120 ML,1737829
افروميد 30 قرص,AFROMED 30 CAPS.,1119781
افروميلان 50 مجم 30 اقراص,AVEROMILAN 50 MG 30 F.C.TABS.,2645098
افنيو شامبو للشعر 250 مل,AVENU HAIR SHAMPOO 250 ML,1545905
افنيو لوشن للشعر 120 مل,AVENU HAIR LOTION 120 ML,1944256
افوبينو 10 كبسول,AVOBEANO 10 CAP,2537418
افودارت 0.5 مجم 30 كبسول,AVODART 0.5 MG 30 CAPS.,2536454
افوريكسال 30 اقراص,AVOREXAL 30 CAPS,2512146
افوصويا 30 كبسول,AVOSOYA 30 CAPS.,2601873
افوفا بادي سبلاش 253 مل فلورال برائحه الزهور,AVUVA BODY SPARY FLORAL 253 ML,1672827
افوفا بادي سبلاش 253 مل مانجو وخوخ,AVUVA MANGO PEACH BODY SPLASH FOR WOMEN 253 ML,1940118
افوفا بادي سبلاش 55 مل اوليمبس,AVUVA BODY SPLASH OLYMBUS 55 ML,2170499
افوفا بادي سبلاش 55 مل باشون فورت,AVUVA BODY SPLASH PASSION FRUIT 55 ML,1776288
افوفا بادي سبلاش 55 مل بالشيري بلوسوم,AVUVA CHERRY BLOSSOM BODY SPLASH FOR WOMEN 55 ML,1776290
افوفا بادي سبلاش 55 مل بالمانجو والخوخ,AVUVA BODY SPLASH 55 ML MANGO PEACH,2219444
افوفا بادي سبلاش 55 مل برائحه الزهور,AVUVA BODY SPLASH FLORAL 55 ML,2130065
افوفا بادي سبلاش 55 مل رمان,AVUVA BODY SPLASH POMEGRANATE 55 ML,2438800
افوفا بادي سبلاش 55 مل سكان مي,AVUVA BODY SPLASH OLYMBUS 55 ML,2170503
افوفا بادي سبلاش 55 مل فانيليا وجوز هند,AVUVA BODY SPLASH VANILLA COCONUT 55 ML,1776292
افوفا بادي سبلاش 55 مل لادي مادنيس,AVUVA BODY SPLASH LADY MADNESS 55 ML,2170500
افوفا بودي سبلاش 55 مل,AVUVA BODY SPLASH OLYMBUS 55 ML,1401569
افوفا سويت 100 جم,SWEET AVOVA 100 ML COCONUT,1401193
افوفا شمع بارد برطمان 228 مل باشون فروت,AVUVA COLD WAX HAIR REMOVAL PASSION FRUIT 228 GM,2601877
افوفا شمع بارد برطمان 228 مل جولد,AVUVA COLD WAX HAIR REMOVAL GOLD 228 GM,2601878
افوفا شمع بارد برطمان 228 مل شيري,AVUVA COLD WAX HAIR REMOVAL CHERRY BLOSSOM 228 GM,2601880
افوفا شمع بارد برطمان 228 مل فلورال,AVUVA COLD WAX HAIR REMOVAL FLORAL 228 GM,2601879
افوفا صن سكرين لوشن 120 مل,AVUVA SUNSCREEN LOTION 120 ML,2131415
افوفا عجينه لازاله الشعر 100 جم الفحم الافريقي,AVUVA HAIR REMOVER AFRICAN BLACK PASTE 100 GM,1776300
افوفا عجينه لازاله الشعر 100 جم باشون فورت,AVUVA WHITE PASTE HAIR REMOVAL PASSION FRUIT 100 GM,2130951
افوفا عجينه لازاله الشعر 100 جم بالشيري بلوسوم,AVUVA WHITE PASTE HAIR REMOVAL 100 GM CHERRY BLOSSOM,2130952
افوفا عجينه لازاله الشعر 100 جم بجوز الهند والفانيليا,AVUVA WHITE PASTE HAIR REMOVAL 100 GM COCONUT VANILLA,2189462
افوفا عجينه لازاله الشعر 100 جم برائحه الزهور,AVUVA WHITE PASTE HAIR REMOVAL 100 GM FLOWER,2601876
افوفا عجينه لازاله الشعر 100 جم جولد,AVUVA GOLD PASTE FOR FACE AND SENSTIVE AREAS 100 GM,2189461
افوفا عجينه لازاله الشعر 100 جم دلكه سوداني,AVUVA SUDANESE DALKA WHITE PASTE WASHABLE HAIR REMOVER 100 GM,2160966
افوفا عجينه لازاله الشعر 100 جم ريد فالفيت,AVUVA RED VELVET WHITE PASTE WASHABLE HAIR REMOVER 100 G,2130833
افوفا لوشن للجسم 63 مل شيري بلوسوم,AVUVA BODY LOTION CHERRY 63 ML,2129865
افوفا ماسك لتفتيح لون البشره 100 جم بالفحم,AVUVA FACIAL MUSK WITH ACTIVE CHARCOAL 100 ML,2672537
افوفا ماكينه حلاقه حريمي 1 قطعه,AVUVA FEMININE DISPOSABLE RAZOR 1 PIECE,2427058
افوفا ماكينه حلاقه رجالي 4 + 1 بالصبار,AVUVA SOFT MEN RAZOR PACK OF 4 + 1,2131528
افوفا هاند اند بادي كريم 200 مل شيري بلوسوم,AVUVA HAND AND BODY CREAM CHERRY 200 ML,2170526
افوفا هاند اند بادي كريم 200 مل فانيليا,AVUVA VANILLA MARSHMALLOW HAND AND BODY CREAM 200 ML,2130716
افيروبايوز 642.9 مجم / 5 مل 60 مل شراب,AVEROBIOS 642.9 MG / 5 ML 60 ML SUSP.,1657365
افيروبايوز 642.9 مجم / 5 مل 75 مل شراب,AVEROBIOS 642.9 MG / 5 ML 75 ML SUSP,2456132
افيروثيازيد 10 / 40 / 12.5 مجم 30 اقراص,AVEROTHIAZIDE 10 / 40 / 12.5 MG 30 F.C.TABS.,2140969
افيروثيازيد 5 / 20 / 12.5 مجم 30 اقراص,AVEROTHIAZIDE 5 / 20 / 12.5 MG 30 F.C.TABS.,2642632
افيروثيازيد 5 / 40 / 12.5 مجم 30 اقراص,AVEROTHIAZIDE 5 / 40 / 12.5 MG 30 F.C.TABS,2471618
افيروثيازيد 5 / 40 / 25 مجم 30 اقراص,AVEROTHIAZIDE 5 / 40 / 25 MG 30 F.C.TABS.,2473308
افيروزوليد 600 مجم 10 اقراص,AVEROZOLID 600 MG 10 F.C.TAB.,2524273
افيروزوليد 600 مجم اقراص,AVEROZOLID 600 MG 10 F.C.TAB.,2642930
افيروكوكسيب 90 جم 20 قرص,AVEROCOXIB 90 MG 20 F.C. TABS,971212
افيرون 24 اقراص,AVIRON 24 TABS.,2145440
افيفافاسك 10 / 160 مجم 28 اقراص,AVIVAVASC 10 / 160 MG 28 F.C. TAB.,901877
افيفافاسك 5 / 160 مجم 28 اقراص,AVIVAVASC 5 / 160 MG 28 F.C. TAB.,2312348
افيكير جل 100 جم,AVICARE 100 GM GEL,2622754
افيكير جل 25 جم,AVICARE 25 GM GEL,2497016
افيل 45.5 مجم / 2 مل 6 امبول,AVIL 45.5 MG / 2 ML 6 I.M. AMPS.,2669355
افيل 6 امبول جديد,AVIL 45.5 MG / 2 ML 6 I.M. AMPS.,2680921
افيلاك 10 اكياس,AVILAC 10 SACHETS,2497017
افينا كريم بديل زنك اوليف 50 جرام,AVONA DEER HEEL CREAM 250 GM,2191938
افينوكس بخاخ بالفم 60 مل,AVINOX ORAL SPRAY 60 ML,2497018
اكانزا بخاخ سائل 15 مل,AKANZA LIQUID SPRAY 15 ML,2312351
اكترابيد 100 وحده / 10 مل امبول,ACTRAPID HM 100 I.U. / ML 10 ML VIAL,2336695
اكترابيد بنفل 100 وحده / 5 مل* 3 مل,ACTRAPID HM 100 I.U. / ML 5 * 3 ML PENFILLS,1840928
اكتوس 15 مجم 30 اقراص,ACTOS 15 MG 30 TAB.,1688990
اكتوس 30 مجم 30 اقراص,ACTOS 30 MG 30 TAB.,2150066
اكتومثرين 5 % لوسيون 50 مل,ECTOMETHRIN 5 % LOTION 50 ML,2474951
اكتونيكس بخاخ اطفال 20 مل,ECTONEX KIDS NASAL SPRAY 20 ML,1663371
اكتونيكس بخاخ كبار 20 مل,ECTONEX ADULTS NASAL SPRAY 20 ML,2602099
اكتي 20 مجم 20 اقراص,ACTI 20 MG 20 F.C. TABS,2468273
اكتي 4 بلس كريم تفتيح 75 جم,ACTI 4 PLUS WHITENING CREAM 75 GM,2499738
اكتي فوليك 30 اقراص,ACTI FOLIC 30 TABS,901885
اكتي كولا ادفانس 10 اكياس,ACTI COLLA ADVANCE 10 SACHETS,2319772
اكتي كولا ادفانس 30 اكياس,ACTI COLLA ADVANCE 30 SACHETS,1685141
اكتي كولا سي 10 اكياس,ACTI COLLA C 10 SACHETS,2312354
اكتي كولا سي 30 اكياس,ACTI COLLA C 30 SACHETS,2562979
اكتي كولا عادي 10 اكياس 258,ACTI COLLA C 10 SACHETS,2627460
اكتي ماس مساج بخاخ 60 جم,ACTI MASS MASSAGE SPRAY 60 GM,2157978
اكتي ماس مساج كريم 50 جم,ACTI MASS MASSAGE CREAM 50 GM,1752433
اكتيف هير زيت 120 مل,ACTIVE HAIR OIL 120 ML,2191945
اكتيف هير شامبو 250 مل,ACTIVE HAIR SHAMPOO 250 ML,2142697
اكتيف هير كريم 100 جم,ACTIVE HAIR CREAM 100 GM,2113769
اكتيف هير لوشون 250 مل,ACTIVE HAIR LOTION 250 ML,1737834
اكتيفاست 50 مجم 30 اقراص,ACTIFAST 50 MG 30 F.C.TAB.,2160425
اكتيفاست 50 مجم 30 اكياس,ACTIFAST 50 MG 30 SACHETS,2435105
اكتيفاست 50 مجم 6 اكياس,ACTIFAST 50 MG 6 SACHETS,2569467
اكتيمار 30 كبسول,ACTIMAR 30 CAPSULES,1058086
اكتيمو 100 مجم 14 اكياس,ACTIMO 100 MG 14 SACHETS,1766047
اكديستيرون 25 مجم 20 اقراص,ACDISTERON 25 MG 20 TAB,2317701
اكريتين 0.025 % كريم 30 جم,ACRETIN 0.025 % CREAM 30 GM,1783735
اكريتين 0.05 % كريم 30 جم,ACRETIN 0.05 % CREAM 30 GM,1770279
اكس ال بخاخ حريمي 150 فضي,XL SILVER SPARY FOR WOMEN 150 ML,1400564
اكس ال بخاخ حريمي 150 مل KISS شيري,XL BODY PERFUME SPRAY KISS WOMEN 150 ML,1401548
اكس ال بخاخ حريمي 150 مل ازورا,XL AZZURRA PARIS SPRAY FOR WOMEN 150 ML,2452057
اكس ال بخاخ حريمي 150 مل اليجانس,XL ELEGANCE PARIS SPRAY FOR WOMEN 150 ML,1776339
اكس ال بخاخ حريمي 150 مل بونجور,XL BONJOUR PARIS SPRAY FOR WOMEN 150 ML,2452059
اكس ال بخاخ حريمي 150 مل تانجو,XL TANGO PARIS SPRAY FOR WOMEN 150 ML,1400565
اكس ال بخاخ حريمي 150 مل جولد,XL GOLD SPRAY FOR WOMEN 150 ML,1401101
اكس ال بخاخ حريمي 150 مل ديفين,XL DIVINE SPARY FOR WOMEN 150 ML,1400582
اكس ال بخاخ حريمي 150 مل رويال عود,XL ROYALE OUD SPRAY FOR WOMEN 150 ML,2566489
اكس ال بخاخ حريمي 150 مل فانيليا,XL VANILLA BODY SPRAY FOR WOMEN 150 ML,2130933
اكس ال بخاخ حريمي 150 مل كاش دور,XL CACHE D'OR PARIS SPRAY FOR WOMAN 150 ML,1401131
اكس ال بخاخ حريمي 150 مل لامور,XL PARIS LAURENT SPRAY FOR WOMEN 150 ML,2129862
اكس ال بخاخ رجالي 150 مل ازورا,XL AZZURA SPARY FOR MEN 150 ML,1401657
اكس ال بخاخ رجالي 150 مل جراند,XL GRAND BODY SPRAY FOR MEN 150 ML,1401098
اكس ال بخاخ رجالي 150 مل رويال عود,XL ROYAL OUD L'HOMME SPRAY FOR MEN 150 ML,2130861
اكس ال بخاخ رجالي 150 مل شيكولاته,XL CHOCOLATE SPRAY FOR MEN 150 ML,1401661
اكس ال بخاخ رجالي 150 مل فضي,XL SILVER SPARY FOR MEN 150 ML,2434099
اكس ال بخاخ رجالي 150 مل وان بليون,XL ONE BILLION SPARY FOR MEN 150 ML,1401660
اكس بخاخ 150 مل اكوا برغموت,AXE AQA BERGAMOT BODY SPRAY 150 ML,2131673
اكس بخاخ 150 مل ايس تشيل,AXE ICE CHILL BODY SPRAY FOR MEN 150 ML,1401179
اكس بخاخ 150 مل ايس تشيل عرض,AXE ICE CHILL BODY SPRAY FOR MEN 150 ML OFFER 15,2131010
اكس بخاخ 150 مل بلاك,AXE BLACK BODY SPRAY 150 ML,2182469
اكس بخاخ 150 مل بلاك عرض,AXE BLACK BODY SPRAY 150 ML OFFER,2601895
اكس بخاخ 150 مل بلاك فانيليا,AXE BLACK VANILLA BODY SPRAY – 150 ML,2177039
اكس بخاخ 150 مل بلاك نايت عرض,AXE BLACK NIGHT BODY SPRAY 150 ML OFFER 25,2313925
اكس بخاخ 150 مل جولد,AXE GOLD BODY SPRAY 150 ML,2549235
اكس بخاخ 150 مل جولد عرض,AXE GOLD BODY SPRAY 150 ML OFFER 25,2601897
اكس بخاخ 150 مل ريتشارج سبورت فريش,AXE BODY SPRAY FOR MEN RECHARGE SPORT FRESH 150 ML,2130740
اكس بخاخ 150 مل ريتشارج سبورت فريش عرض,AXE BODY SPRAY FOR MEN RECHARGE SPORT FRESH 150 ML OFFER,2672540
اكس بخاخ 150 مل سكيتبورد اند فريش روز,AXE SKATEBOARD AND FRESH ROSES DEODORANT BODY SPRAY 150 ML,2244943
اكس بخاخ 150 مل سكيتبورد اند فريش روز عرض,AXE SKATEBOARD AND FRESH ROSES DEODORANT BODY SPRAY 150 ML OFFER,2601896
اكس بخاخ 150 مل شيري سبريتز,AXE CHERRY SPRITZ BODY SPRAY – 150 ML,2177040
اكس بخاخ 150 مل شيكولاته عرض,AXE CHOCOLATE SPRAY 150 ML OFFER 25,2131631
اكس بخاخ 150 مل كوكيز,AXE COOKIES BODYSPRAY 150 ML,2493766
اكس بخاخ 150 مل كوكيز خصم,AXE COOKIES BODYSPRAY 150 ML OFFER,2601899
اكس بخاخ الجيب 17 مل سكيتبورد اند فريش روز,AXE SKATEBOARD FRESH ROSES POCKET SPRAY 17 ML,2129818
اكس برفان بدون غاز 122 مل انتينس,AXE SIGNATURE BODY PERFUME INTENSE 122 ML,2672560
اكس برفان بدون غاز 122 مل سواف,AXE SIGNATURE BODY PERFUME SUAVE 122 ML,2672559
اكس برفان جيب 17 مل شيكولاته,AXE CHOCOLATE POCKET 17 ML,2076571
اكس برفان جيب 17 مل كوكيز,AXE COOKIES POCKET 17 ML FOR MEN,2420742
اكس تينشن 150 مجم 28 اقراص,X TENSION 150 MG 28 SCORED TAB.,901924
اكس تينشن 300 مجم 28 اقراص,X TENSION 300 MG 28 SCORED TAB,901925
اكس تينشن بلس 150 / 12.5 مجم 28 اقراص,X TENSION PLUS 150 / 12.5 MG 28 SCORED TAB.,901923
اكس تينشن بلس 300 / 12.5 مجم 28 اقراص,X TENSION PLUS 300 / 12.5 MG 28 SCORED TAB.,2453351
اكس ستيك فريش ابولو 85 جم,AXE STICK FRESH APOLLO DEODORANT 85 G,2087579
اكسابين 20 امبول,EXPAINTECH PM 20 TABS.,2681364
اكسابين 20 مجم / 2 مل 2 سرنجه جاهزه,EXAPINE 20 MG / 0.2 ML 2 PREFILLED SYRINGES,2625654
اكسابين 40 مجم / 4 مل 2 سرنجه جاهزه,EXAPINE 40 MG / 0.4 ML 2 PREFILLED SYRINGES,2616041
اكسابين 60 مجم / 6 مل 2 سرنجه جاهزه,EXAPINE 60 MG / 0.6 ML 2 PREFILLED SYRINGES,2333999
اكسابين 80 مجم / 8 مل 2 سرنجه جاهزه,EXAPINE 80 MG / 0.8 ML 2 PREFILLED SYRINGES,2562793
اكسارونت 5 مجم 30 اقراص,IKSARONT 5 MG 30 F.C. TABS.,2468282
اكساريتيك 10 مجم 30 اقراص,EXARETIC 10 MG 30 TAB,2601900
اكساريتيك 20 مجم / 2 مل 3 امبول,EXARETIC 20 MG / 2 ML 3 AMP,2254866
اكساريتيك 20 مجم 30 اقراص,EXARETIC 20 MG 30 TAB.,2325827
اكسال غسول للجسم 250 مل,AXAL BODY WASH 250 ML,2346723
اكساميد 10 مجم 30 اقراص,EXAMIDE 10 MG 30 TAB,1451211
اكساميد 100 مجم 20 اقراص,EXAMIDE 100 MG 20 TABS,2146254
اكساميد 20 مجم 20 اقراص,EXAMIDE 20 MG 20 TAB.,919489
اكساميد 5 مجم 30 اقراص,EXAMIDE 5 MG 30 TAB.,2312360
اكسبكتو فلو اقراص,,2675432
اكسبكتوفلو 20 كبسول,EXPECTOFLU 20 CAPS.,2468289
اكسبنتك بي ام 20 اقراص,EXPAINTECH PM 20 TABS.,2181470
اكسترا بانثين بلس كريم 50 جم,EXTRA PANTHEN PLUS CREAM 50 GM,2363489
اكسترا بانثين كريم 50 جم,EXTRA PANTHEN CREAM 50 GM,2363490
اكسترا بانثين لوسيون 175 مل,EXTRA PANTHEN LOTION 175 ML,2625711
اكسترا بروتين شوكولاته 300 جم 10 كيس,EXTRA PROTEIN CHOCOLATE 300 G 10 SACHETS,2199842
اكسترا بروتين فانيليا 300 جم 10 كيس,EXTRA PROTEIN VANILLIA 300 G 10 SACHETS,2468291
اكسترا شاين شامبو 200 مل,EXTRA SHINE SHAMPOO 200 ML,2499739
اكسترا كريم 50 جم,EXTRA CREAM 50 GM,2156699
اكستراجيسيك 400 مجم 20 اقراص,EXTRAGESIC 400 MG 20 F.C. TABS.,2146285
اكستراكين 20 كبسول,EXTRAKIN 20 CAPS,2624279
اكستروما دي ان ايه فورت جل 25 جم,EXTRAUMA DNA FORTE TOPICAL GEL 25 GM,1278379
اكستروما دي ان ايه فورت جل 40 جم,EXTRAUMA DNA FORTE TOPICAL GEL 40 GM,1516298
اكستروما دي ان ايه كريم 25 جم,EXTRAUMA DNA CREAM 25 GM,2642061
اكستروما فورت 40 جرام جل,EXTRAUMA DNA FORTE TOPICAL GEL 40 GM,2683005
اكستروما كريم,EXTRAUMA DNA CREAM 40 GM,2681054
اكستريم 20 قطعه 95,EXTREME CARAMRL 20 PIECES,2513142
اكستريم اقراص جديد,EXTRAUMA DNA CREAM 25 GM,2422730
اكستريم اكسيونا شوكولاته 20 قطعه,EXTREME AXIONA CHOCOLATE 20 SOFT CHEWS PIECES,2097240
اكستريم كراميل 20 قطعه,EXTREME CARAMRL 20 PIECES,2345154
اكسفورج 10 / 160 مجم 14 اقراص,EXFORGE 10 MG / 160 MG 14 F.C. TAB.,901920
اكسفورج 5 / 160 مجم 14 اقراص,EXFORGE 5 MG / 160 MG 14 F.C. TAB.,901917
اكسفورج اتش سي تي 5 / 160 / 12.5 مجم 14 اقراص,EXFORGE HCT 5 / 160 / 12.5 MG 14 F.C. TAB.,901919
اكسفول صابون 80 جم,EXOFOL SOAP 80 GM,2499298
اكسفول كريم 60 جم,EXOFOL CREAM 60 GM,1195757
اكسليسا 10 مجم 14 اقراص,EXCELSA 10 MG 14 F.C.TAB,1854056
اكسليسا 10 مجم 7 اقراص,EXCELSA 10 MG 7 F.C.TAB,2668890
اكسليسا 20 مجم 14 اقراص,EXCELSA 20 MG 14 F.C.TAB,1850281
اكسوسيرليك 250 مجم 20 اقراص,EXOSIRYLIC 250 MG 20 F.C.TABS,2143403
اكسوسيرليك 500 مجم 20 اقراص,EXOSIRYLIC 500 MG 20 F.C.TABS,2616798
اكسومايلين الترا 600 مجم 30 اقراص,AXOMYELIN ULTRA 600 MG 30 F.C. TABS,2387476
اكسيبون فيتامين ب كومبلكس 30 اقراص,EXIBION VITAMIN B COMPLEX 30 TABS,1766074
اكسيدوجاست 40 مجم 20 كبسول,EXEEDOGAST 40 MG 20 CAPS.,901927
اكسيدوليب 1 مجم 30 كبسول,EXEEDOLIP 1 GM 30 S.G.CAPS.,2468305
اكسيريد 20 اقراص,AXIRED 20 TAB.,2126761
اكسيريد 30 اقراص,AXIRED 30 TAB,1744795
اكسيريد ثيرابي 30 اقراص,AXIRED THERAPY 30 TAB,2535811
اكسيكا 20 اقراص,AXICA 20 PILLS,2472590
اكسيلانس صبغه اشقر لؤلؤي رمادي فاتح جدا 9 / 12,L’ORÉAL PARIS EXCELLENCE 9.12 COOL PEARL VERY LIGHT BLONDE,1779086
اكسيلانس صبغه بني 4,L'ORÉAL PARIS EXCELLENCE 4.0 BROWN,2129981
اكسيلانس صبغه بني فاتح 5,L'ORÉAL PARIS EXCELLENCE CREME 5 LIGHT BROWN,2130164
اكسيوبار 15 مجم 20 اقراص,EXUPAR 15 MG 20 TAB.,2511069
اكسيوم ميلاتونين 3 مجم 30 اقراص,AXIOM MELATONIN 3 MG 30 TAB,1736007
اكسيوم ميلاتونين 5 مجم 30 اقراص,AXIOM MELATONIN 5 MG 30 TAB,1736008
اكلاتريم كريم شد الجسم 120 جم,ECLATREM BODY FIRMING CREAM 120 GM,2618696
اكلادور الوان,KIKO NAIL LACQUER 24 PS,2562128
اكليس صابون 100 جم,ACLESS SOAP 100 GM,1738644
اكماسونيد 9 مجم 10 اقراص,EKMASONID 9 MG 10 E.R.F.C.TABS.,2466653
اكنابالين 1 % جل موضعي 25 جم,AKNAPALEN 1 % TOPICAL GEL 25 GM,2636535
اكنو صابون 80 جم,AKNO SOAP 80 GM,1618244
اكني اكت جل موضعي 15 جم,ACNIACT TOPICAL GEL 15 GM,990338
اكني باي صابون 100 جم,ACNEBAI SOAP 100 GM,2498405
اكني ستوب صابون 75 جم,ACNE STOP SOAP 75 GM,2500770
اكني ستوب غسول 250 مل,ACNE STOP FACIAL WASH 250 ML,1676494
اكني ستوب كريم 30 جم,ACNE STOP CREAM 30 GM,1425364
اكني ستوب لوشن 200 مل,ACNE STOP FACIAL LOTION 200 ML,901934
اكني فري 0.05 % كريم 30 جم,ACNE FREE 0.05 % CREAM 30 GM,2289751
اكني فيرا صابون 80 جم,ACNEVERA SOAP 80 GM,2220352
اكنيسكيف 0.1 % جيل 30 جم,ACNESCAVE 0.1 % TOPICAL GEL 30 GM,901935
اكوا بلس شراب 100 مل,AQUA PLUS SYRUP 100 ML,2468312
اكوا جريب شراب 60 مل,AQUA GRIPE SYRUP 60 ML,2621941
اكوا كولو 120 مل شراب,AQUA COLLO 120 ML SYRUP,2312370
اكوجين 10 كبسولات,EKOGAIN 10 CAP,2433175
اكوجين 20 كبسولات مكمل غذائي,EKOGAIN 10 CAP,2671576
اكوسنس ستيك مرطب للجلد 10 جم,ECOSENSE SKIN CARE STICK 10 GM,1546384
اكونستا بخاخ لنمو الشعر 220 مل,AKONESTA HAIR TONIC SPRAY 220 ML,2620675
اكونستا شامبو للشعر 220 مل,AKONESTA HAIR SHAMPOO 220 ML,2620676
اكونستا كريم للشعر 120 مل,AKONESTA HAIR CREAM 120 ML,2620677
اكياس جمع بول اطفال,BABY URINE COLLECTION BAG,1778958
اكياس جمع بول كبار,ADULT URINE COLLECTION BAG,1400103
اكياس سباركل احمر بالشريط,NEW STAR 7 HAIR GEL 20 ML,2601918
اكياس كلير شامبو رجالي بالشريط,CLEAR MAN SHAMPOO 5 ML SACHET,2601921
اكيروز 40 مجم 14 اقراص,EKIROZ 40 MG 14 TABS,2223000
اكيما زيت الشعر 120 مل,AKEMA HAIR OIL 120 ML,943284
ال ارجنين,L ARGININE MEPACO 30 TABS,2601922
ال ارجنين 1000 مجم 60 كبسوله,ALFA OMEGA 3 1000 MG 60 CAP,2642945
ال ارجينين اقراص,L ARGININE MEPACO 30 TABS,2623419
ال ارجينين سيديكو 1000 مجم 60 اقراص,L ARGININE 1000 MG 60 TABS. SEDICO,2632471
ال ارجينين مارفيل 1000 مجم 30 اقراص,L ARGININE MARVEL 1000 MG 30 TABS,2468314
ال ارجينين ميباكو 60 اقراص,L ARGININE MEPACO 60 TABS.,2453359
ال اي سي ايرن نقط 60 مل,LEC IRON DROPS 60 ML,2369569
ال جازونال كريم بديل الجازون,ALGASON MASSAGE CREAM 40 GM,2491544
ال سي 5 مل قطره,LC DROPS 5 ML,1752324
ال سي بلس 5 مل قطره,LC PLUS 5 ML DROP,2435133
ال سي فلورا 20 اقراص,LC FLORA 20 CAPS,2299282
ال سي فورت قطره 10 مل,L.C FORTE DROPS 10 ML,2326805
ال كارنتين زنك 30 اقراص,L CARNITINE ZINC 30 TABS,2128794
ال كارنيتين 1 جم / 5 مل 5 امبول,L CARNITINE 1 GM / 5 ML 5 I.V. AMP.,2570339
ال كارنيتين 300 مجم / مل شراب 30 مل,L CARNITINE 300 MG / ML SYRUP 30 ML,2435137
ال كارنيتين 350 مجم 20 كبسول,L CARNITINE 350 MG 20 CAPS.,901937
ال كارنيتين بلس 20 اقراص,L CARNITINE PLUS 20 F.C. TAB.,901941
ال كارنيتين مارفل 750 مجم 30 اقراص,L CARNITINE 750 MG 30 TABS MARVEL,2601923
الاسبانيه سرنجات 10 سم 125 قطعه,EGYPT SPANI SYRINGE 10 CM 125 PCS,1399943
الاسبانيه سرنجات 3 سم 300 ق اطفال بالعلبه,EGYPT SPAIN SYRING 3 CM FOR KIDZ 300 PCS,1399871
الاسبانيه سرنجات 3 سم 300 ق سيدات بالعلبه,EGYPT SPAIN SYRING 3 CM FOR WOMEN 300 PCS,2131390
الاسبانيه سرنجات 3 سم 300 ق كبار بالعلبه,EGYPT SPAIN SYRING 3 CM FOR ADULT 300 PCS,1399850
الاسبانيه سرنجات 5 سم 125 سرنجه لاعطاء الدواء,EGYPT SPAIN SYRING 5 CM FOR CHILDREN’S DRINKING 125 PCS,2130830
الاسبانيه سرنجات 5 سم 250 ق بالعلبه,EGYPT SPAIN SYRING 5 CM 250 PCS,1399927
الاسبانيه سرنجات للرضع 3 سم 300 سرنجه,EGYPT SPANI BABY SYRINGE 3 CM,1422979
الافيليك 20 كبسول,ALAFLIC 20 CAPS,2499740
الامين سرنجات 3 سم 100 سرنجه للاطفال,ALAMIN SRYING 3 CM FOR KIDS 100 PCS,2131062
الاهرام اسيتون 60 مل,AHRAM ACETON 60 ML,2208299
الاهرام جليسرين بليه 60 مل,AHRAM GLYCERIN ROLL ON 60 ML,2131085
الاهرام كحول بخاخ 120 مل,AHRAM ALCOHOL SPRAY 120 ML,2320153
الاهرام ميكروكروم بخاخ 12 قطعه,AHRAM MICROCHROME SPRAY 12 PCS,2131109
البافيت حديد شراب 60 مل,ELBAVIT WITH IRON SYRUP 60 ML,2640730
البافيت كالسيوم شراب 60 مل,ELBAVIT SYRUP 60 ML,1737838
البالوران 120 مجم 30 اقراص,ELBALURAN 120 MG 30 F.C. TABS.,2296797
البالوران 20 مجم 30 اقراص,ELBALURAN 20 MG 30 F.C. TABS.,2606617
البالوران 40 مجم 30 اقراص,ELBALURAN 40 MG 30 F.C. TABS.,2473127
البالوران 60 مجم 30 اقراص,ELBALURAN 60 MG 30 F.C. TABS.,2468326
البالوران 80 مجم 30 اقراص,ELBALURAN 80 MG 30 F.C. TABS.,2453364
الباليرج 100 مل شراب,ELBALLERGE 100 ML SYRUP,2453368
البرهان زيت لاطاله وتكثيف الشعر 100 مل احمر,AL BURHAN RED PROOF VOLUMIZING AND LENGTHENING OIL 100 ML,1776365
البرهان زيت لاطاله وتكثيف الشعر 200 مل احمر,AL BURHAN RED PROOF VOLUMIZING AND LENGTHENING OIL 200 ML,2180492
البرهان زيت لاطاله وتكثيف الشعر 50 مل احمر,AL BURHAN RED PROOF VOLUMIZING AND LENGTHENING OIL 50 ML,2602889
البرهان زيت لتساقط الشغر 100 مل اصفر,AL BURHAN YELLOW OIL FOR HAIR LOSS 100 ML,1401480
البرهان زيت لتساقط الشغر 200 مل اصفر,AL BURHAN YELLOW OIL FOR HAIR LOSS 200 ML,2180493
البرهان زيت لتساقط الشغر 250 مل اصفر,AL BURHAN YELLOW OIL FOR HAIR LOSS 250 ML,1401214
البرهان زيت لتساقط الشغر 50 مل اصفر,AL BURHAN YELLOW OIL FOR HAIR LOSS 50 ML,2602890
البرهان زيت لفرد الشعر 100 مل ازرق,AL BURHAN BLUE HAIR OIL FOR STRAIGHT HAIR 100 ML,2602887
البرهان زيت لفرد الشعر 200 مل ازرق,AL BURHAN BLUE HAIR OIL FOR STRAIGHT HAIR 200 ML,2602888
البرهان زيت لفرد الشعر 250 مل ازرق,AL BURHAN BLUE HAIR OIL FOR STRAIGHT HAIR 250 ML,1656587
البرهان زيت لفرد الشعر 50 مل ازرق,AL BURHAN BLUE HAIR OIL FOR STRAIGHT HAIR 50 ML,2602891
البرهان شامبو شعر اون اند اون 250 مل باللافندر موف,ON ON SODIUM SULFATE FREE SHAMPOO 250 ML,2130358
البرو 20 اقراص,ELPRO 20 TABS,1612255
البك 2 قياس الضغط الزئبقي الياباني,ALBACK 2 JAPANESE MERCURY BLOOD PRESSURE GAUGE,2633877
البوثيل 90 مجم 8 لبوس,ALBOTHYL 90 MG 8 VAG. SUPP.,2312378
البوستكس 16 مجم 30 اقراص,ALBUSTIX 16 MG 30 TAB,2306129
البوستكس 32 مجم 30 قرص,ALBUSTIX 32 MG 30 TABS,2510772
البوستكس 4 مجم 30 قرص,ALBUSTIX 4 MG 30 TAB,2493000
البوستكس 8 مجم 30 اقراص,ALBUSTIX 8 MG 30 TAB.,2036155
البوستكس دي 16 / 12.5 مجم 30 اقراص,ALBUSTIX D 16 / 12.5 MG 30 TAB.,2510356
البوستكس دي 32 / 12.5 مجم 30 اقراص,ALBUSTIX D 32 / 12.5 MG 30 TAB.,2486382
البوماك كريم تفتيح مضاد للتجاعيد 75 جم,ALBUMAC LIGHTENING ANTI AGING CREAM 75 GM,2500323
البينج بلس كريم,ALBING PLUS CREAM,2383004
البينج صن سكرين جل,ALBING PLUS CREAM,2180312
البينج كريم تفتيح 60 مل,ALBING WHITENING CREAM 60 ML,2559709
البيندازول 200 مجم / 5 مل 30 مل شراب,ALBENDAZOLE 200 MG / 5 ML SUSP. 30 ML,901944
البيندازول 400 مجم 6 اقراص,ALBENDAZOLE 400 MG 6 TABS,2312379
البيندازول شراب,ALBENDAZOLE 200 MG / 5 ML SUSP. 30 ML,2683173
الترا سليم 30 كبسول,ULTRA SLIM 30 CAPS.,1657421
الترا فيت كريم 50 جم,ULTRA FEET CREAM 50 GM,2635302
الترا كير كريم 100 جم,ULTRA CARE CREAM 100 GM,1772698
الترا كير كريم 30 جم,ULTRA CARE CREAM 30 GM,1652491
الترا ميدانين 10 مجم 20 كبسول,ULTRA MEDANINE 10 MG 20 CAPS.,2396644
التراسولف 10 اقراص,ULTRASOLV 10 F.C. TAB,2601930
التراسولف شراب 120 مل,ULTRASOLV SYRUP 120 ML,2128323
التراسيبرو اي ار 1 جم 5 اقراص,ULTRACIPRO E.R. 1 GM 5 F.C. TABS.,2468337
التراسيللين 1500 مجم امبول / سيديكو,,2674618
التراسيلين 1500 مجم امبول,ULTRACILLIN 1500 MG VIAL,2499604
التراسيلين 750 مجم امبول,ULTRACILLIN 750 MG VIAL,2488338
التراكايين 5 % جل 30 جم,ULTRACAINE 5 % GEL 30 GM,2145581
الترانيل 20 كبسول,ULTRANYL 20 CAPSULES,1657427
التراهير بخاخ للشعر,,2487874
التراهيوميدين كريم 30 جم,ULTRAHUMIDIN CREAM 30 GM,1979306
التيازيم 60 مجم 40 اقراص,ALTIAZEM 60 MG 40 TAB.,2435151
التيزا جهاز ضغط جرانزيا ذراع يو اس بي,GRANZIA AUTOMATIC BLOOD PRESSURE MONITOR USB ALTEZZA,1777307
الجازونال بيدل الجازون,,2673329
الجازونال كريم بديل الجازون,,2494764
الجو ببرونه 150 مل بيد,ALEGO DOUBLE HANDLE FEEDING BOTTLE 150 ML,1776848
الجو ببرونه 250 مل,ALEGO DOUBLE FEEDING BOTTLE 250 ML,2331147
الجو ببرونه 250 مل بيد,ALEGO DOUBLE HANDLE FEEDING BOTTLE 250 ML,2130552
الجو ببرونه 60 مل,ALE GO BOTTLE 60 ML,2130615
الجو حلمه سليكون,ALGO SILICON NIPPLE,2129998
الجو سكاته بسلسله حصيره 12 قطعه,ELGEO SOOTHER WITH CHAIN 12 PCS,2131128
الجو سكاته حصيره 12 قطعه,ELGEO SOOTHER 12 PCS,2131129
الجو شفاط لبن الثدي,ALGO BREAST PUMP,2175147
الجو كوب لا ينقلب للاطفال,ALGO WEIGHTED CUP FOR KIDS,1863864
الجو كوب للاطفال عادي,ALGO CUP FOR KIDS,2130650
الجيزال كريم 40 جم,ALGESAL SURACTIVE 40 GM CREAM,2139980
الدوليه سرنجات 10 سم,ELDAWLIA SYRING 10 CM,1821642
الدوليه سرنجات 20 سم بالقطعه,ELDAWLIA SYRING 20 CM 1 PS,1400524
الدوليه سرنجات 3 سم 250 ق اطفال بالعلبه,ELDAWLIA SYRING 3 CM 250 PCS FOR KIDZ,1399939
الدوليه سرنجات 3 سم 250 ق رضع بالعلبه,ELDAWLIA SYRING 3 CM 250 PCS FOR NEWBORN,2130323
الدوليه سرنجات 3 سم 250 ق سيدات بالعلبه,ELDAWLIA SYRING 3 CM 250 PCS FOR WOMEN,1400619
الدوليه سرنجات 3 سم 250 ق كبار اخضر بالعلبه,ELDAWLIA SYRING 3 CM 250 PCS FOR ADULT,1399946
الدوليه سرنجات 5 سم 200 ق بالعلبه,ELDAWLIA SYRING 5 CM 200 PCS,1400304
الدوليه سرنجات 50 سم ببوز,ALDAWLIA SYRING WITH FEEDING 50 CM,2130426
الدوليه سرنجات 50 سم سن بالقطعه,ELDAWLIA SYRING 50 CM,1400526
الدوليه سرنجات انسولين 1 سم 10 قطع,ELDAWLIA INSULIN SYRINGES 1 CM 10 PCS,1462002
الدوميت 250 مجم 30 اقراص,ALDOMET 250 MG 30 TAB,2601933
الراتلر,,2601935
الزاد سيز شراب 120 مل,ALZAD SEAS SYRUP 120 ML,2497525
الزمندا 10 مجم / جم قطره فمويه 20 مل,ALZMENDA 10 MG / GM ORAL DROPS 20 ML,901965
الزمندا 20 مجم 21 اقراص,ALZMENDA 20 MG 21 F.C.TAB,1657434
الزمندا 5 مجم 14 اقراص,ALZMENDA 5 MG 14 F.C. TAB.,901962
الزيبيزيل 10 مجم 14 اقراص,ALZEPIZIL 10 MG 14 F.C. TAB.,901966
الزيبيزيل 5 مجم 14 اقراص,ALZEPIZIL 5 MG 14 F.C. TAB.,1562537
الزيكسا 10 مجم 30 اقراص,ALZIXA 10 MG 30 F.C. TABS.,2671084
الزينتال 20 مجم / مل شراب 20 مل,ALZENTAL 20 MG / ML SUSP. 20 ML,1024350
الزينتال 200 مجم 6 اقراص,ALZENTAL 200 MG 6 F.C. TAB.,2468348
الس فري 150 مجم 20 كبسول,ULCFREE 150 MG 20 CAPS.,2273944
السادا جل للشعر 100 مل اخضر,AL SADA HAIR GEL 100 ML GREEN,1945278
السادا جل للشعر 100 مل اخضر مموه عسكري,ELSADA ULTRA STRONG HAIR STYLING GEL MILITARY 100 ML,2130852
السادا جل للشعر 100 مل ازرق,AL SADA HAIR GEL 100 ML BLUE,1945267
السادا جل للشعر 100 مل اصفر,AL SADA HAIR GEL 100 ML YELLOW,1945308
السادا جل للشعر 100 مل بينك,AL SADA HAIR GEL 100 ML PINK,1945309
السادا جل للشعر 1000 مل ابيض,EL SADA LONG LASTING HAIR STYLING GEL 1000 ML WHITE,1945511
السادا جل للشعر 1000 مل اخضر,EL SADA LONG LASTING HAIR STYLING GEL 1000 ML GREEN,2130560
السادا جل للشعر 1000 مل ازرق,EL SADA LONG LASTING HAIR STYLING GEL 1000 ML BLUE,1777835
السادا جل للشعر 1000 مل اصفر,EL SADA LONG LASTING HAIR STYLING GEL 1000 ML YELLOW,2130646
السادا جل للشعر 1000 مل بينك,EL SADA LONG LASTING HAIR STYLING GEL 1000 ML PINK,1777838
السادا جل للشعر 250 مل ابيض,EL SADA HAIR GEL 250 ML WHITE,1917900
السادا جل للشعر 500 مل ابيض,AL SADA HAIR GEL 500 ML WHITE,2168735
السادا جل للشعر 500 مل اخضر,ELSADA LONG LASTING HAIR STYLING GEL GREEN 500 ML,2130892
السادا جل للشعر 500 مل اخضر مموه عسكري,ELSADA ULTRA STRONG HAIR STYLING GEL MILITARY 500 ML,2130893
السادا جل للشعر 500 مل اصفر,ELSADA HAIR GEL 500 ML YELLOW,2129965
السادا جل للشعر 500 مل بينك,ELSADA HAIR GEL 500 ML PINK,2130527
السوريست 100 مجم 30 اقراص,ULSOREST 100 MG 30 F.C. TAB.,2363528
السيزول 30 مجم 20 قرص,ULCEZOLE 30 MG 20 TABLETS,2464556
السيزول 60 مجم 20 كبسول,ULCEZOLE 60 MG 20 DEL. REL. CAPS.,2312394
العراب ماء ورد 250 مل,ALARRAB ROSE WATER 250 ML,2130816
الفا درينك 12 اكياس,ALPHA DRINK 12 SACHETS,2539690
الفا فريش 2 جم 15 اكياس,ALPHA FRESH 2 GM 15 SACHETS,2160993
الفا مور 15 اكياس,ALPHA MORE 15 SACHETS,2497382
الفابتكس بخاخ للفم 60 مل,ALPHABTIX MOUTH SPRAY 60 ML,2497637
الفابريمو 0.2 % قطره للعين 5 مل,ALFABRIMO 0.2 % EYE DPS. 5 ML,1737015
الفابريمو بلس قطره للعين 5 مل,ALFABRIMO PLUS EYE DROPS 5 ML,2409596
الفابرينزيما 1 % / 0.2 % قطره للعين 5 مل,ALPHABRINZIMA 1 % / 0.2 % EYE DROPS 5 ML,1946492
الفاثرومب 5 مكجم 20 اقراص,ALFATHROMB 5 MCG 20 TABS,1853785
الفادوبا 250 مجم 30 اقراص,ALFADOPA 250 MG 30 F.C.TAB.,2601940
الفاسبكت 500 مجم 5 اقراص,ALFASPECT 500 MG 5 S.F.C. TABS.,1738676
الفاسبكت 750 مجم 7 اقراص,ALFASPECT 750 MG 7 S.F.C. TABS.,2435164
الفافلاتول شراب 100 مل,ALPHAFLATUL SYRUP 100 ML,2520305
الفافيم 300 مجم 20 كبسول,ALPHAVIM 300 MG 20 CAPS,2158895
الفافيم 600 مجم 20 كبسول,ALPHAVIM 600 MG 20 CAPS,2605951
الفافيم 600 مجم 30 كبسول,ALPHAVIM 600 MG 30 CAPS,2312395
الفافين 600 مجم 30 اقراص,ALPHAFEN 600 MG 30 TAB.,1566220
الفاكارينو 2 مكجم / مل قطره 10 مل,ALFACARENO 2 MCG / ML ORAL DROPS. 10 ML,2369271
الفاكالسيدول 2 مكجم / مل 10 مل قطره,ALFACALCIDOL 2 MCG / ML ORAL DPS. 10 ML,901978
الفاكالسيدول 2 مكجم / مل 20 مل قطره,ALFACALCIDOL 2 MCG / ML ORAL DPS. 20 ML,2168956
الفاكروبيك سي 30 اقراص,ALPHACROBIC C 30 TABS,2181471
الفاكليندامايسين 300 مجم / 2 مل 5 امبول,ALFACLINDAMYCIN 300 MG / 2 ML 5 AMP. I.V. / I.M. INJ.,2377420
الفاكليندامايسين 600 مجم / 4 مل 5 امبول,ALFACLINDAMYCIN 600 MG / 4 ML 5 AMP. I.V. / I.M. INJ.,1798573
الفاكيموترايبسين 5 مجم 3 امبول,ALPHACHYMOTRYPS 5 MG 3 IM VIAL,2143814
الفاليبو 600 مجم 20 اقراص,ALPHALIPO 600 MG 20 F.C. TABS,2637269
الفاماش 30 اقراص,ALFAMASH 30 TAB,1515507
الفاميليز شراب 80 مل,ALPHAMYLASE SYRUP 80 ML,1737842
الفانوفا 0.15 % قطره للعين 5 مل,ALPHANOVA 0.15 % EYE DROPS 5 ML,901982
الفانوفا بلس قطره للعين 5 مل,ALPHANOVA PLUS EYE DROPS 5 ML,2462819
الفيدنج امبولات للشعر 5 امبول,ALFEDING HAIR VIALS 5 AMP,2342694
الفيدنج بخاخ 120 مل,ALFEDING SPRAY 120 ML,2342696
الفيدنج كريم للشعر العادي,ALFEDING CREAM FOR NORMAL HAIR,2498586
الفيرينسبازم 24 كبسول,ALVERINSPASM 24 S.G.CAPS,1406654
الفيف شامبو 200 مل ابيض احمر مرمم الشعر,L'OREAL ELVIVE TOTAL REPAIR 5 REPAIRING SHAMPOO 200 ML,2601957
الفيف شامبو 200 مل ذهبي عادي وجاف شفاف,L'OREAL ELVIVE DREAM LONG REINFORCING SHAMPOO 200 ML,2601956
الفيف شامبو 400 مل ارجانين تساقط,L’OREAL PARIS ELVIVE ARGININE RESIST SHAMPOO 400 ML,2644529
الفيف شامبو 400 مل حمض الجلايكوليك خصم 20 % 0,L'OREAL ELVIVE [GLYCOLIC] GLOSS SHAMPOO 400 ML,2644556
الفيف شامبو 400 مل دريم لونج طويل وتالف خصم 20 % 0,L'OREAL ELVIVE DREAM LONG REINFORCING SHAMPOO 400 ML,2644555
الفيف شامبو 400 مل ذهبي عادي وجاف خصم 15 % 0,L'OREAL ELVIVE DREAM LONG REINFORCING SHAMPOO 400 ML,2601959
الفيف شامبو 400 مل شديد الجفاف خصم 15 % 0,L'OREAL ELVIVE EXTRAORDINARY OIL SHAMPOO FOR DRY TO VERY DRY HAIR 400 ML,2645899
الفيف شامبو 400 مل هيالورون,L'OREAL ELVIVE [HYALURON] PURE REHYDRATING SHAMPOO 400 ML,2601958
الفيف شامبو 400 مل هيالورون بيور خصم 20 % 0,L'OREAL ELVIVE [HYALURON] PURE REHYDRATING SHAMPOO 400 ML,2645898
الفينترن 30 اقراص,ALPHINTERN 30 F.C. TABS.,2435175
الفينويل 30 اقراص,ALPHINWELL 30 TAB,2618373
الفيولين بي شراب 100 مل,ALVEOLIN P SYRUP 100 ML,901992
الفيوميوسين شراب 120 مل,ALVEOMUCIN SYRUP 120 ML,2553288
الكا مصر غسول قلوي بودره 12 اكياس,ALKA MISR ALKALINE WASH POWDER 12 SACHETS,2468375
الكابرس 10 مجم 30 اقراص,ALKAPRESS 10 MG 30 TAB.,2606425
الكابرس 5 مجم 20 اقراص,ALKAPRESS 5 MG 20 TAB.,901995
الكابرس بلس 10 / 160 مجم 20 اقراص,ALKAPRESS PLUS 10 / 160 MG 20 F.C. TABS.,901997
الكابرس بلس 160 / 5 مجم 14 اقراص,ALKAPRESS PLUS 5 / 160 MG 14 F.C. TABS.,1615467
الكابرس تريو 10 / 160 / 12.5 مجم 14 اقراص,ALKAPRESS TRIO 10 / 160 / 12.5 MG 14 F.C. TABLET,2630207
الكابرس تريو 10 / 320 / 25 مجم 14 اقراص,ALKAPRESS TRIO 10 / 320 / 25 MG 14 F.C. TABS.,2521038
الكابرس تريو 5 / 160 / 12.5 مجم 14 اقراص,ALKAPRESS TRIO 5 / 160 / 12.5 MG 14 F.C. TABS.,2145957
الكابرس تريو 5 / 160 / 25 مجم 14 اقراص,ALKAPRESS TRIO 5 / 160 / 25 MG 14 F.C. TABS.,2145956
الكابريد 50 مجم 30 اقراص,ALKAPRIDE 50 MG 30 SCORED TABS.,1125358
الكافتابرو 0.25 % قطره للعين 3 مل,ALCAFTAPRO 0.25 % EYE DROPS 3 ML,2575232
الكانازول 150 مجم 2 كبسول,ALKANAZOLE 150 MG 2 CAPS.,2159191
الكتروماش محلول جفاف بالكريز 200 مل,ELECTRO MASH CHERRY 200 ML,1874236
الكور بلس 10 / 20 مجم 14 اقراص,ALKOR PLUS 10 / 20 MG 14 TAB.,2332054
الليربان 1 مجم / 5 مل شراب 100 مل,ALLERBAN 1 MG / 5 ML SYRUP 100 ML,1652539
الليربان اس ار 2 مجم 20 اقراص,ALLERBAN S.R. 2 MG 20 TAB.,902001
الليرتام 180 مجم / المهن,,2680571
الليرجكس 20 جم كريم,,2672424
الليرجكس كريم ايبيكو,,2681993
الليرجيكازون 125 / 50 مكجم بخاخ 140 جرعه,ALLERGICASONE 125 / 50 MCG NASAL SPRAY 140 ACTUATIONS,902021
الليرديب بخاخ الانف 60 مل,ALLERDEP NASAL SPRAY 60 ML,1738709
النمر 1 لصقه,TIGER POROUS PLASTER 1 PATCHES,1345735
النمر 50 لصقه,TIGER POROUS PLASTER 50 PATCHES,2603602
النمر بلس 24 لصقه,TIGER PLUS 24 PIECES,2492879
الهجان برفان 100 مل,ELHAGAN PERFUM 100 ML,1942137
الهجان برفان 50 مل,ELHAGAN PERFUM 50 ML,1688604
الوبانثين لوشن للشعر 190 مل,ALOPANTHEN HAIR LOTION 190 ML,2060230
الوكيتا بخاخ للشعر 200 مل,ALOEKITA HAIR SPRAY 200 ML,2097309
الوكيتا دي اس شامبو للشعر 250 مل ضد تساقط الشعر اخضر,ALOEKITA DS HAIR SHAMPOO 250 ML ANTI HAIR FALL,2144843
الوكيتا شامبو ضد القشره 200 مل,ALOEKITA ANTI DANDRUFF SHAMPOO 200 ML,2187713
الوكيتا شامبو للشعر بالكافيين 200 مل,ALOEKITA CAFFEINE SHAMPOO 200 ML,2435191
الوكيتا كونديشنر (بلسم) للشعر 200 مل,ALOEKITA CONDITIONER 200 ML HAIR,2536081
الوكيتا ليف ان كريم للشعر 120 جم,ALOEKITA LEAVE IN CREAM 120 GM,2421682
الوكيتا ماسك للشعر 200 جم,ALOEKITA HAIR MASK 200 GM,2468385
الوكيتا هير شامبو ازرق,ALOEKITA CAFFEINE SHAMPOO 200 ML,2620858
اليتاك كريم 50 جم,ELITAC CREAM 50 GM,2143428
اليجا كريم تفتيح 60 جم,ELEGA WHITENING CREAM 60 GM,1172964
اليجا لوشن للبشره 120 مل,ELEGA SKIN LOTION 120 ML,2192048
اليجا منظف للوجه 150 مل,ELEGA FACIAL CLEANSER 150 ML,2199764
اليجانت بخاخ حريمي 200 مل ايفري داي,ELEGANT SPRAY FOR WOMEN 200 ML EVERY DAY,2130569
اليجانت بخاخ حريمي 200 مل باشون,ELEGANT SPRAY FOR WOMEN 200 ML PASSION,2130538
اليجانت بخاخ حريمي 200 مل فاشون,ELEGANT SPRAY FOR WOMEN 200 ML FASHION,1946086
اليجانت بخاخ رجالي 200 مل اكسايت,ELEGANT SPRAY FOR MEN 200 ML EXCITE,2130640
اليجانت بخاخ رجالي 200 مل تويست,ELEGANT SPRAY FOR MEN 200 ML TWIST,1946088
اليجانت بخاخ رجالي 200 مل فيكتوري,ELEGANT SPRAY FOR MEN 200 ML VICTORY,1946124
اليجانت برفان جيب حريمي 17 مل امورا,ELEGANT POCKET PERFUME FOR WOMEN 17 ML AMORA,1946125
اليجون اي كونتر سيروم 30 مل,ALEJON EYE CONTOUR SERUM 30 ML,2513021
اليجون بادي ميلك للتفتيح 200 مل,ALEJON WHITENING BODY MILK 200 ML,2397082
اليجون بوست ليزر كريم 75 مل,ALEJON POST LASER CREAM 75 ML,2131455
اليجون تان اويل بخاخ 200 مل,ALEJON TAN OIL SPRAY 200 ML,1862455
اليجون تونر 200 مل,ALEJON TONER 200 ML,2397085
اليجون جل مرطب للبشره 75 جم,ALEJON FACIAL MOISTURIZER GEL 75 GM,2131593
اليجون رول اون مزيل عرق بني عطر شرقي 50 مل,ALEJON DEODORANT ROLL ON ORIENTAL 50 ML,2562681
اليجون رول اون مزيل عرق رصاصي بدون عطر 50 مل,ALEJON DEODORANT ROLL ON FRAGRANCE FREE 50 ML,2562656
اليجون رول اون مزيل عرق شامبيون رجالي ازرق 50 مل,ALEJON DEODORANT ROLL ON CHAMPION 50 ML,2562680
اليجون سيروم فيتامين سي 50 مل,ALEJON VITAMIN C SERUM 50 ML,2631220
اليجون سيروم للشعر 50 مل,ALEJON HAIR SERUM 50 ML,1945106
اليجون شامبو جديد,ALEJON ANTI DANDRUFF SHAMPOO 120 ML,2669005
اليجون شامبو للشعر ضد التساقط 200 مل,ALEJON ANTI HAIR LOSS SHAMPOO 200 ML,1986682
اليجون شامبو للشعر ضد القشره 120 مل,ALEJON ANTI DANDRUFF SHAMPOO 120 ML,2632641
اليجون صابون لحب الشباب 100 جم,ALEJON ACNE SOAP 100 GM,2513022
اليجون صن اسكرين بخاخ 200 مل,ALEJON SUN SCREEN SPRAY 200 ML,2219200
اليجون صن اسكرين جل 75 مل,ALEJON SUN SCREEN 50 + SPF GEL 75 ML,2254386
اليجون صن اسكرين كريم 75 مل,ALEJON SUN SCREEN 50 + SPF CREAM 75 ML,1936270
اليجون صن سكرين كريم 120 مل,ALEJON SUN SCREEN 50 + SPF CREAM 120 ML,2254384
اليجون غسول تفتيح للبشره 200 مل,ALEJON FACIAL WHITENING CLEANSER 200 ML,2169526
اليجون غسول جل للبشره الدهنيه 150 مل,ALEJON OILY SKIN GEL CLEANSER 150 ML,2397094
اليجون غسول للوجه للبشره الجافه 150 مل,ALEJON DRY SKIN CLEANSER 150 ML,1862362
اليجون غسول ​​البشره الدهني فوم 200 مل,ALEJON OILY SKIN CLEANSER 200 ML,1846828
اليجون كريم تفتيح 50 مل,ALEJON WHITENING CREAM 50 ML,1986683
اليجون كريم للبشره الدهنيه 50 جم,ALEJON OILY SKIN CREAM 50 GM,2397084
اليجون كريم للقدم 75 جم,ALEJON FOOT CREAM 75 GM,2625742
اليجون كريم لليد والاظافر 75 جم,ALEJON HAND AND NAIL CREAM 75 GM,1846829
اليجون كريم مرطب للبشره 75 جم,ALEJON FACIAL MOISTURIZER CREAM 75 GM,2397092
اليجون كولاجين سيروم 50 مل,ALEJON COLLAGEN SERUM 50 ML,2397087
اليجون كونديشنر للشعر 200 مل,ALEJON HAIR CODITIONER 200 ML,2397091
اليجون ماسك للشعر 200 مل,ALEJON HAIR MASK 200 ML,2497677
اليجون ماسك للوجه بالالوفيرا والاوميجا 3 125 مل,ALEJON PEEL OFF MASK WITH ALOE VERA / OMEGA 3 6 125 ML,2562657
اليجون هير لسيون 150 م,ALEJON HAIR LOATION 150 ML,2674503
اليجون هير لوشن 150 مل,ALEJON HAIR LOATION 150 ML,2562679
اليجون يوريا كريم 200 جم,ALEJON UREA CREAM 200 GM,2397093
اليديل 1 % كريم 15 جم,ELIDEL 1 % CREAM 15 GM,2474790
اليديل 1 % كريم 30 جم,ELIDEL 1 % CREAM 30 GM,2630203
الير 2.5 مجم / 5 مل شراب 120 مل,ALLEAR 2.5 MG / 5 ML SYRUP 120 ML,2606413
الير 5 مجم 20 اقراص,ALLEAR 5 MG 20 F.C.TABS,2097304
اليرتام 120 مجم 10 اقراص,ALERTAM 120 MG 10 F.C.TAB.,1995585
اليرتام 180 مجم 10 اقراص,ALERTAM 180 MG 10 F.C.TAB.,2142588
اليرجاواي 5 مجم 20 اقراص,ALERGAWAY 5 MG 20 ORAL DISINTEG. TABS.,1738706
اليرجوليبر 1 مجم / مل شراب 120 مل,ALERGOLIBER 1 MG / ML SYRUP 120 ML,1031203
اليرجيتون 10 مجم 20 اقراص,ALLERGETONE 10 MG 20 TABS.,1765098
اليرجيكس 1.5 % كريم 20 جم,ALLERGEX 1.5 % CREAM 20 GM,2652964
اليرجيل 2 مجم / 5 مل شراب 120 مل,ALLERGYL 2 MG / 5 ML SYRUP 120 ML,1840176
اليرزون 0.1 % كريم 25 جم,ALLERZONE 0.1 % CREAM 25 GM,902022
اليرزون 0.1 % لوسيون 20 مل,ALLERZONE 0.1 % TOPICAL LOTION 20 ML,2126631
اليرفين 180 مجم 20 اقراص,ALLERFEN 180 MG 20 F.C. TABS.,2126794
اليريد 10 مجم 30 اقراص,ALERID 10 MG 30 F.C. TABS.,2435200
اليس ماكينه حلاقه حريمي اكياس 5 ق بينك,ALICE FOR WOMEN 5 PCS,2129875
اليس ماكينه حلاقه حريمي الوفيرا خضر 2 ماكينه,ALICE ALOEVERA WOMEN 2 PCS,2131475
اليس ماكينه حلاقه حريمي فيتامين سي اصفر 2 ماكينه,ALICE VITAMIN C EXCEPTION 2 PIECE,2131474
اليفا 30 اقراص,ALIVA 30 TAB,1687763
اليفنتا لوسيون ضد تساقط الشعر 120 مل,ELEVENTA ANTI HAIR LOSS LOTION 120 ML,2507689
اليفو 5 مجم 20 اقراص,ALLEVO 5 MG 20 F.C. TAB.,902024
اليفيا قطره,ALEVIA DROP,2253122
اليكا ام كريم 30 جم,ELICA M CREAM 30 GRAM,1251328
اليكاسال مرهم موضعي 30 جم,ELICASAL TOPICAL OINT. 30 GM,902025
اليكسوبرين 75 مجم 50 اقراص,ALEXOPRINE 75 MG 50 CHEW. TAB,1800815
اليكسولايت شراب جفاف 360 مل اناناس,ALEXOLYTE (ORS) SYRUP 360 ML PINEAPPLE,2453409
اليكسولايت شراب جفاف 360 مل برتقال,ALEXOLYTE (ORS) SYRUP 360 ML ORANGE,2435204
اليكسولايت شراب جفاف 360 مل فراوله,ALEXOLYTE (ORS) SYRUP 360 ML STRAWBERRY,2435205
اليكسولايت شراب جفاف 360 مل موز,ALEXOLYTE (ORS) SYRUP 360 ML BANANA,2601977
اليكويس 2.5 مجم 20 اقراص,ELIQUIS 2.5 MG 20 F.C. TABS.,902029
اليكويس 5 مجم 20 اقراص,ELIQUIS 5 MG 20 F.C. TABS.,954553
اليمبوسيس 2.5 مجم 30 اقراص,ELIMBOSIS 2.5 MG 30 F.C. TABS,947272
اليمبوسيس 5 مجم 30 اقراص,ELIMBOSIS 5 MG 30 F.C. TABS,902031
اليمنت شرايط سكر 50 شريط,ELEMENT BLOOD GLUCOSE 50 TEST STRIPS,1400748
اليموليفان 10 / 160 مجم 28 اقراص,ELIMOLIVAN 10 / 160 MG 28 F.C. TABS.,2249473
الين 20 كبسول,ALIN 20 CAP,947274
الينجاك 20 كبسوله جيلاتينيه صلبه,ALINJAK 20 HARD GELATIN CAPSULES,2326476
الينفاي كبار 30 اقراص,ALLINPHI ADULT 30 TAB,2146431
ام اكس 1 مجم / مل 3 امبول,EM EX 1 MG / ML 3 AMPS.,1435626
ام اكس 1 مجم 10 اقراص,EM EX 1 MG 10 F.C.TAB.,2320879
ام بي او اميونو 30 كبسول,MBO IMMUNO 30 CAP,1824542
ام بي اوتو 30 قرص,MB OTTO 30 TABS,1813527
ام بي رارافيو 30 اقراص,MB RARAVIO 30 FILM COATED TABS,1738721
اماجلوست 2 / 30 مجم 30 اقراص,AMAGLUST 2 / 30 MG 30 SCORED TAB.,2142626
اماجلوست 4 / 30 مجم 30 اقراص,AMAGLUST 4 / 30 MG 30 SCORED TAB.,902038
اماريل 1 مجم 30 اقراص,AMARYL 1 MG 30 TABS.,902039
اماريل 2 مجم 30 اقراص,AMARYL 2 MG 30 TABS.,902040
اماريل 3 مجم 30 اقراص,AMARYL 3 MG 30 TABS.,2435214
اماريل 4 مجم 30 اقراص,AMARYL 4 MG 30 TABS.,902041
اماريل ام 2 / 500 مجم 30 اقراص,AMARYL M 2 / 500 MG 30 F.C.TABS.,902043
امارين سيروم للشعر 120 مل,AMAREN HAIR SERUM 120 ML,2499187
اماندا ليب بالم 4.8 جم بطيخ,AMANDA MILANO LIP CARE WITH SHEA BUTTER WATERMELON 4.8 G,2456458
اماندا ليب بالم 4.8 جم تروبيكال,AMANDA MILANO LIP BALM NO. 10 TROPICAL,2168580
اماندا ليب بالم 4.8 جم فراوله,AMANDA MILANO LIP CARE STRAWBERRY,2168584
امبابيتس 25 مجم 30 قرص,EMPABETES 25 MG 30 TAB,2312430
امباجلوتيك 10 مجم 30 اقراص,EMPAGLUTECH 10 MG 30 F.C. TABS,2500772
امباجلوتيك 25 مجم 30 اقراص,EMPAGLUTECH 25 MG 30 F.C. TABS,2500773
امباجليفورم 10 / 1000 مجم 30 اقراص,EMPAGLIFORM XR 10 / 1000 MG 30 F.C. TABS,2159197
امباجليفورم 12.5 / 1000 مجم 30 اقراص,EMPAGLIFORM 12.5 / 1000 MG 30 F.C. TABS.,1425064
امباجليفورم 12.5 / 500 مجم 30 اقراص,EMPAGLIFORM 12.5 / 500 MG 30 F.C. TABS.,1625301
امباجليفورم 5 / 1000 مجم 30 اقراص,EMPAGLIFORM 5 / 1000 MG 30 F.C. TABS.,1738731
امباجليفورم 500 / 5 مجم 30 اقراص,EMPAGLIFORM 5 / 500 MG 30 F.C. TABS.,2673968
امباجليفورم اكس ار 25 / 1000 مجم 30 اقراص,EMPAGLIFORM XR 25 / 1000 MG 30 F.C. TABS,2489100
امباجليماكس 10 مجم 30 اقراص,EMPAGLIMAX 10 MG 30 F.C. TABS.,2606091
امباجليماكس 25 مجم 30 اقراص,EMPAGLIMAX 25 MG 30 F.C. TABS.,1984209
امباكيرل 10 / 5 مجم 30 اقراص,EMPACYRL 10 / 5 MG 30 F.C. TABS,1989002
امباكيرل 25 / 5 مجم 30 اقراص,EMPACYRL 25 / 5 MG 30 F.C. TABS,1989003
امبروبرو 20 اقراص استحلاب بنكهه البرتقال,AMBROPRO 20 MG 20 LOZENGES ORANGE FLAVOR,2260533
امبروبرو 20 اقراص استحلاب بنكهه العرقسوس,AMBROPRO 20 MG 20 LOZENGES LIQUORICE FLAVOR,2354266
امبروبرو 20 اقراص استحلاب بنكهه النعناع,AMBROPRO 20 MG 20 LOZENGES MINT FLAVOR,2498665
امبروبرواقراص نعناع استحلاب,,2336467
امبروفلو 10 / 40 مجم 20 اقراص,IMPROFLOW 10 / 40 MG 20 F.C. TABS.,2499746
امبروناسين 10 مجم 10 اقراص,IMPRONACIN 10 MG 10 F.C. TAB.,2146581
امبروناسين 5 مجم 10 اقراص,IMPRONACIN 5 MG 10 F.C. TAB.,2146583
امبريلا لوشن سبراي للحمايه من الشمس 75 مل,UMBRELLA SUNSCREEN LOTION SPRAY SPF 50 + 75 ML,1310419
امبوفير 20 مجم / مل 5 امبول,AMPOFER 20 MG / ML 5 AMP. FOR I.V. INJ. / INF.,902045
امبيافا 750 مجم 30 اقراص,AMPIAVA 750 MG 30 F.C.TABS,1623373
امبيزيم جي 30 اقراص,AMBEZIM G 30 F.C. TABS.,2315000
امبيليكس بخاخ 70 مل,UMBILIX SPRAY 70 ML,1159439
امتنان شاي البقدونس والكرفس 18 فتله,EMTENAN PARSLEY AND CELERY TEA 18 TEABAGS,2643749
امتنان عسل البردقوش 450 جم,IMTENAN MARJORAM HONEY 450 GM,2343411
امتنان عسل بالجنسنج 180 جم,EMTENAN GINSENG HONEY 180 GM,2493831
امتنان عسل برتقال 250 مل سداسي,EMTENAN ORANGE HONEY 250 ML HEXAGON,2343406
امتنان عسل حبه البركه 250 جم سداسي,EMTENAN BLACK SEED HONEY 250 G HEXAGON,2343402
امتنان عسل زهور الربيع 250 جم,IMTENAN SPRING BLOSSOM HONEY 250 GM,2343410
امتنان عسل زهور الربيع 450 جم سداسي,IMTENAN SPRING BLOSSOM HONEY 450 GM,2343409
امتنان عسل زهور الربيع 800 جم,IMTENAN SPRING BLOSSOM HONEY 800 GM,2493833
امتنان عسل موالح 450 جم,IMTENAN CITRUS FLOWER HONEY 450 G,2343405
امتنان عسل نواره البرسيم 250 مل,EMTENAN CLOVER HONEY 250 ML,2343407
امتنان عسل نواره البرسيم 800 مل,EMTENAN CLOVER HONEY 800 ML,2493832
امتنان عسل نواه البرسيم خام 450 جم سداسي,IMTENAN CLOVER BLOSSOM HONEY 450 G HEXAGONAL,2343408
امجليبرايت 500 مجم 30 اقراص,IMEGLIBRIGHT 500 MG 30 TABLETS,2221573
امري ك 10 مجم / مل 5 امبول,AMRI K 10 MG / ML 5 AMP. I.M.,2634202
امريزول 125 مجم / 5 مل شراب 120 مل,AMRIZOLE 125 MG / 5 ML SUSP. 120 ML,942907
امريزول 250 مجم 20 اقراص,AMRIZOLE 250 MG 20 TABS.,2642931
امريزول 500 مجم 20 اقراص,AMRIZOLE 500 MG 20 TABS.,902049
امريزول 500 مجم امبول 100 مل,AMRIZOLE 500 MG VIAL 100 ML,2192082
املا بخاخ للشعر 200 مل لفك التشابك,DABUR AMLA SPRAY NOURISHING KIDS DETANGLER 200 ML,2130306
املا زيت 270 مل اطفال,DABUR AMLA KIDS HAIR OIL 270 ML,2601992
املا زيت اطفال 180 مل,DABUR AMLA KIDS HAIR OIL 180 ML,1401083
املا زيت اطفال 270 مل,DABUR AMLA KIDS HAIR OIL 270 ML,1401345
املا زيت اطفال 90 مل,DABUR AMLA KIDS NOURISHING HAIR OIL 90 ML,1400940
املا زيت اطفال بخاخ فك تشابك 200 مل,DABUR AMLA KIDS HAIR OIL 270 ML,2601994
املا زيت جولد 180 مل,DABUR AMLA GOLD HAIR OIL 180 ML,2601995
املا زيت جولد 270 مل,DABUR AMLA GOLD HAIR OIL 270 ML,1400972
املا زيت جولد 45 مل,DABUR AMLA GOLD HAIR OIL 45 ML,2601996
املا زيت جولد 90 مل,DABUR AMLA GOLD HAIR OIL 90 ML,2601997
املا زيت شعر الذهبي 270 مل,DABUR AMLA HAIR OIL 270 ML,2624706
املا زيت شعر ياسمين 180 مل,DABUR AMLA JASSMIN HAIR OIL 180 ML,2624708
املا زيت عادي 180 مل,DABUR AMLA HAIR OIL 180 ML,1400946
املا زيت عادي 270 مل,DABUR AMLA HAIR OIL 270 ML,1400937
املا زيت عادي 45 مل,DABUR AMLA HAIR OIL 45 ML,2601999
املا زيت عادي 90 مل,DABUR AMLA HAIR OIL 90 ML,2602000
املا زيت ياسمين 180 مل,DABUR AMLA JASSMIN HAIR OIL 180 ML,1400964
املا زيت ياسمين 270 مل,DABUR AMLA JASSMIN HAIR OIL 270 ML,1400959
املا زيت ياسمين 45 مل,DABUR AMLA JASSMIN HAIR OIL 45 ML,2602002
املا زيت ياسمين 90 مل,DABUR AMLA JASSMIN HAIR OIL 90 ML,2602003
املا سيرم 50 مل بزيت الحيه للاصلاح ذهبي,DABUR AMLA SNAKE OIL REPAIR THERAPY HAIR SERUM 50 ML,1419842
املا سيرم 50 مل بزيت الحيه للجاعيد برتقالي,DABUR AMLA SNAKE OIL FRIZZ CONTROL HAIR SERUM 50 ML,1776395
املا سيرم 50 مل زيت الحيه للتقصف ازرق,DABUR AMLA SNAKE OIL SPILT ENDS SEAL HAIR SERUM 50 ML,2602004
املا سيرم اطفال 50 مل,DABUR AMLA KIDS HAIR SERUM 50 ML,2169766
املا شامبو 190 مل بالكيرياتين موف,DABUR AMLA KERATIN CREAM SHAMPOO 190 ML,2169491
املا شامبو 190 مل زيت الحيه برتقالي,DABUR AMLA SNAKE OIL NOURISHMENT CRÈME SHAMPOO 190 ML,2252165
املا شامبو 360 مل زيت الحيه برتقالي,DABUR AMLA SNAKE OIL NOURISHMENT CRÈME SHAMPOO 360 ML,2130831
املا شامبو 360 مل فيتامينات اخضر,DABUR AMLA VITAMIN CREAM SHAMPOO 190 ML,2130268
املا شامبو 360 مل كيرياتين موف,DABUR AMLA KERATIN CREAM SHAMPOO 360 ML,2130263
املا كريم شعر 125 بالفيتامين ازرق,DABUR AMLA HAIR CREAM VITAMIN 125 ML,2129870
املا كريم شعر 125 مل بالكيرياتين موف,DABUR AMLA HAIR CREAM KERATIN 125 ML,1656586
املا كريم شعر 125 مل بروتين احمر,DABUR AMLA HAIR CREAM PROTEIN 125 ML,1400235
املا كريم شعر 125 مل بزيت الحيه برتقالي,DABUR AMLA HAIR CREAM SNAKE OIL 125 ML,1400579
املوديبين 10 مجم 20 اقراص,AMLODIPINE 10 MG 20 TABS.,2497335
املوسازايد 5 / 12.5 / 20 مجم 30 اقراص,AMLOSAZIDE 5 / 12.5 / 20 MG 30 F.C. TABS.,2680952
املوسازيد 10 / 25 / 40 مجم 30 اقراص,AMLOSAZIDE 10 / 25 / 40 MG 30 F.C. TABS.,1657503
املوسازيد 5 / 12.5 / 20 مجم 30 اقراص,AMLOSAZIDE 5 / 12.5 / 20 MG 30 F.C. TABS.,2435225
املوسازيد 5 / 12.5 / 40 مجم 30 اقراص,AMLOSAZIDE 5 / 12.5 / 40 MG 30 F.C. TABS.,2145735
املوسازيد 5 / 25 / 40 مجم 30 اقراص,AMLOSAZIDE 5 / 25 / 40 MG 30 F.C. TABS.,1425467
املوفيران 5 / 5 مجم 30 اقراص,AMLOVERAN 5 / 5 MG 30 TABS.,2669463
امواس حواجب تنكل 3 ق,ROOFA SPAIN EYEBROW SHAPERS 3 PIECES 002 SC,2407164
امواس للحواجب 3 ق فلامينجو ياباني,FEATHER FLAMINGO JAPANESE EYEBROW RAZOR 3 PCS,1826681
اموسار 100 مجم 30 اقراص,AMOSAR 100 MG 30 F.C. TABS.,2139911
اموسار 50 مجم 30 اقراص,AMOSAR 50 MG 30 F.C. TABS.,1337572
اموسار فورت 100 / 25 مجم 30 اقراص,AMOSAR FORTE 100 / 25 MG 30 F.C.TAB.,2468431
اموسيريبرال بلس 20 / 40 مجم 30 اقراص,AMOCEREBRAL PLUS 20 / 40 MG 30 TABS.,1642251
اميبابين 30 اقراص,AMYPAPINE 30 TABS,1041632
اميبازول 1 جم 2 اقراص,AMEBAZOL 1 GM 2 F.C. TABS.,2312440
اميبازول اقراص 27,AMEBAZOL 1 GM 2 F.C. TABS.,2681468
اميبروستون 24 مكجم 30 كبسول,AMIPROSTONE 24 MCG 30 CAPS.,1532978
اميبروستون 8 مكجم 20 كبسول,AMIPROSTONE 8 MCG 20 CAPS.,2540249
اميبريد 200 مجم 30 اقراص,AMIPRIDE 200 MG 30 SCORED TAB,2435233
اميبريد 400 مجم 20 اقراص,AMIPRIDE 400 MG 20 SCORED F.C. TAB.,2312441
اميبريد 50 مجم 20 اقراص,AMIPRIDE 50 MG 20 TAB.,2312439
اميبريد 50 مجم 30 اقراص,AMIPRIDE 50 MG 30 TAB.,902064
اميتركس 20 اقراص,EMETREX 20 TAB.,2156328
اميتركس 50 مجم / مل 3 امبول للكبار,EMETREX ADULT 50 MG / ML 3 I.M. / I.V. AMP.,2012175
اميجران ادكو 30 اقراص,AMIGRAINE ADCO 30 TAB.,2145038
اميجراوست 2.5 مجم 4 اقراص,AMIGRAWEST 2.5 MG 4 F.C. TAB.,2312443
اميجليسبير 500 مجم 30 اقراص,IMEGLISPIRE 500 MG 30 F.C. TABS,2293078
اميروبيم 1 جم امبول وريد,AMEROPEM 1 G I.V. 1 VIAL,2602013
اميروبيم 500 مجم امبول وريد,AMEROPEM 500 MG I.V. VIAL,1812850
اميريست 8 مجم / 4 مل 3 امبول,EMEREST 8 MG / 4 ML 3 AMP,2146954
اميكاسين 500 مجم 2 مل امبول 34,AMIKACIN AMOUN 500 MG / 2 ML VIAL,2497706
اميكاسين 500 مجم امبول,AMIKACIN AMOUN 500 MG / 2 ML VIAL,2489240
اميكاسين امبول,AMIKACIN AMOUN 500 MG / 2 ML VIAL,2574972
اميكاسين امون 500 مجم / 2 مل امبول,AMIKACIN AMOUN 500 MG / 2 ML VIAL,1475911
اميكاسين بخاخ 100 مل,AMIKACIN SPRAY 100 ML,1503239
اميلو 5 مجم 3 شريط,AMILO 5 MG 30 TAB.,2680574
اميلو 5 مجم 30 اقراص,AMILO 5 MG 30 TAB.,1503749
اميلوسبيرت شراب 90 مل,AMYLOSPIRIT SYRUP 90 ML,2180933
امينو ماش اقراص جديد,AMINO CAL 20 TAB,2651636
امينورينوكير,AMINORENOCARE 100 TABS,2680920
امينورينوكير 100 اقراص,AMINORENOCARE 100 TABS,2407538
امينوليبان محلول 500 مل,AMINOLEBAN I.V. INFUSION 500 ML,2669354
امينوماش اقراص 120,IMMUNO MASH D D 3 10.000 I.U. 30 F.C.TABS,2645945
اميوتريكسات 10 مجم 10 اقراص,IMUTREXATE 10 MG 10 TABS.,2468447
اميوتريكسات 15 مجم 10 اقراص,IMUTREXATE 15 MG 10 TABS.,1949028
اميوتريكسات 2.5 مجم 10 اقراص,IMUTREXATE 2.5 MG 10 TABS.,2668304
اميوتريكسات 5 مجم 10 اقراص,IMUTREXATE 5 MG 10 TABS.,1962405
اميوتريكسات 7.5 مجم 10 اقراص,IMUTREXATE 7.5 MG 10 TABS.,2468451
اميوتونكس شراب 60 مل,IMMUTONEX SYRUP 60 ML,2637467
اميوجارد 14 اكياس,IMMUGUARD 14 SACHETS,2435243
اميوجارد 7 اكياس,IMMUGUARD 7 SACHETS,2435244
اميوفاي شراب 100 مل,IMMUPHI SYRUP 100 ML,2084688
اميولانت 20 كبسول,IMMULANT 20 CAPS,2468455
اميولانت بلس 20 كبسول,IMMULANT PLUS 20 CAPS,1516706
اميولانت شراب 120 مل,IMMULANT SYRUP 120 ML,2166186
اميونفيتا 20 كبسول,IMMUNVITA 20 CAPS.,1802751
اميونكوسترا 20 اقراص,IMMUONCOSTRA 20 TABS,2544380
اميونو ماش دي 3 10000 وحده 30 اقراص,IMMUNO MASH D D 3 10.000 I.U. 30 F.C.TABS,2453438
اميونو ماش دي 3 5000 وحده 30 اقراص,IMMUNO MASH D D 3 5000 I.U. 30 F.C.TABS,2625665
اميونو ماش فيتامين سي وزنك 30 اقراص,IMMUNO MASH 30 VITAMIN C + ZINC F.C. TABS,2468444
اميونو ماش كيدز 100 مل شراب,IMMUNO MASH KIDS SYRUP 100 ML,2515396
ان اند اوت 200 مل شاور جل,IN AND OUT 200 ML SHOWER GEL,1239924
ان اند اوت زيت للشعر 120 مل,IN AND OUT HAIR OIL 120 ML,2146987
ان بلوكي صابون 80 جم,UNBLOCKY SOAP 80 GM,2618705
ان بي بلس كريم 50 جم,N.P PLUS CREAM 50 GM,987576
ان ستريب غيار لاصق 10 25 النصر ميديكال 25 قطعه,AN STRIPE ADHESIVE STRIPS 10 25 AL NASR MEDICAL 25 PIECES,1821676
ان يو سبازم 20 مجم / مل 3 امبول,NU SPASM 20 MG / ML 3 AMPS,2437571
اناجين بخاخ للشعر 120 مل,ANAGEN HAIR LOTION SPRAY 120 ML,2498654
اناستروزول ساندوز 1 مجم 30 اقراص,ANASTROZOL SANDOZ 1 MG 30 F.C. TAB.,2311374
اناسيزياجو كريم 30 جم,ANASEZIAGO CREAM 30 GM,2625680
انافرانيل 25 مجم 30 اقراص,ANAFRONIL 25 MG 30 TAB.,2468463
انافورتين سيروم للشعر 120 مل,ANAFORTEN HAIR SERUM 120 ML,2472831
انافورتين شامبو 200 مل,ANAFORTEN HAIR SHAMPOO 200 ML,2199866
انافورتين شامبو ضد القشره 200 مل,ANAFORTEN ANTI DANDRUFF SHAMPO 200 ML,1358442
انافورتين كريم للشعر 120 جم,ANAFORTEN HAIR CREAM 120 GM,1760985
انافورتين كونديشنر ماسك للشعر 300 جم,ANAFORTEN HAIR CONDITIONING MASK 300 GM,2498716
انافورتين لوشن للشعر بخاخ 120 مل,ANAFORTEN HAIR LOTION SPRAY 120 ML,1163361
اناليرج 2 مجم / 5 مل شراب 100 مل,ANALLERGE 2 MG / 5 ML SYRUP 100 ML,2630136
اناليرج 4 مجم 60 اقراص,ANALLERGE 4 MG 60 TAB.,2474465
انتجرول 10 مجم 30 اقراص,INTEGROL 10 MG 30 F.C. TABS.,2168422
انتجرول 5 مجم 30 اقراص,INTEGROL 5 MG 30 F.C. TABS.,2453460
انتراجل 1.6 % 32 مجم / 2 مل سرنجه,INTRAGEL 1.6 % 32 MG / 2 ML PREFILLED SYRINGE,2641495
انترافير بي 30 اقراص,INTRAFER B 30 TABS,2468466
انتروجرمينا 2 بليون / 5 مل شراب 10 امبول,ENTEROGERMINA 2 BILLION / 5 ML ORAL SUSP. 10 MINI BOTTLES,2471625
انتروجرمينا 4 بليون / 5 مل شراب 10 امبول,ENTEROGERMINA 4 BILLION / 5 ML ORAL SUSP. 10 MINI BOTTLES,2513211
انتروفير 100 مجم / 5 مل 5 امبول,INTEROFER 100 MG / 5 ML 5 AMP FOR I.V. INJ.,2624671
انتريستو 100 مجم 49 / 51 مجم 28 اقراص,ENTRESTO 100 MG 49 / 51 MG 28 F.C.TABS,2097384
انتريستو 200 مجم 97 / 103 مجم 56 اقراص,ENTRESTO 200 MG 97 / 103 MG 56 F.C.TABS,2452784
انتريستو 50 مجم 24 / 26 مجم 28 اقراص,ENTRESTO 50 MG 24 / 26 MG 28 F.C.TABS,2198921
انتوبرال 20 مجم 14 اقراص,ANTOPRAL 20 MG 14 TAB.,902089
انتوبرال 40 مجم 14 اقراص,ANTOPRAL 40 MG 14 TAB.,902090
انتودين 20 مجم 30 اقراص,ANTODINE 20 MG 30 F.C.TAB.,902092
انتودين 40 مجم 30 اقراص,ANTODINE 40 MG 30 F.C. TABS.,2435255
انتوكس 30 اقراص,ANTOX 30 TABS,2530605
انتي فلو 20 كبسول,ANTIFLU 20 CAP.,2342466
انتي كوكس 15 مجم / 3 مل 6 امبول,ANTI COX II 15 MG / 3 ML 6 AMP.,2464557
انتي كوكس 15 مجم 10 لبوس,ANTI COX II 15 MG 10 SUPP.,2192126
انتي كوكس 15 مجم 30 اقراص,ANTI COX II 15 MG 30 TAB.,902098
انتي كوكس 7.5 مجم 20 كبسول,ANTI COX II 7.5 MG 20 CAPS.,2602031
انتيتوسين 100 مجم / 5 مل شراب 120 مل,ANTITUSSIN 100 MG / 5 ML SYRUP 120 ML,2487818
انتيدير غسول مهبلي 240 مل,INTIDARE VAGINAL DOUCHE 240 ML,2582922
انتيزول 100 مجم / 5 مل شراب 30 مل,ANTIZOLE 100 MG / 5 ML SUSP. 30 ML,2637465
انتيفر 100 مجم 20 * 6 اقراص,ANTIVER 100 MG 20 * 6 TABS.,2589211
انتيفلام 25 مجم 20 اقراص,ANTIFLAM 25 MG 20 TABS.,1766260
انتيفلام 50 مجم 20 اقراص,ANTIFLAM 50 MG 20 TABS.,1738780
انتيكرامب 5 مجم / 2 مل امبول,ANTIKRAMP 5 MG / 2 ML AMP,2359007
انتينال 200 مجم 24 كبسول,ANTINAL 200 MG 24 CAPS.,902103
انتينال 220 مجم / 5 مل 60 مل شراب,ANTINAL 220 MG / 5 ML 60 ML SUSP.,2369322
انجرام كريم حلاقه 40 جم ازرق,INGRAM SHAVING CREAM 40 GM BLUE,2602033
انجرام كريم حلاقه 40 جم اكسترا كول اخضر,INGRAM SHAVING CREAM EXTRA COOL 40 GM,1778828
انجرام كريم حلاقه 60 جم ازرق,INGRAM SHAVING CREAM 60 GM BLUE,2130393
انجرام كريم حلاقه 60 جم اكسترا كول اخضر,INGRAM SHAVING CREAM EXTRA COOL 60 GM,2602034
انجكتفير 500 مجم 10 مل امبول وريدي,INJECTAFER 500 MG / 10 ML VIAL,2565143
انجوسموث 75 مجم 30 اقراص,ANGOSMOOTH 75 MG 30 F.C. TABS.,2128918
انجي 10 / 10 مجم 14 اقراص,INEGY 10 / 10 MG 14 TAB.,2163108
انجي 10 / 20 مجم 14 اقراص,INEGY 10 / 20 MG 14 TAB.,2192134
انجي 10 / 40 مجم 14 اقراص,INEGY 10 / 40 MG 14 TAB.,947334
انجيبلوك 150 / 12.5 مجم 21 اقراص,ANGIOBLOCK 150 / 12.5 MG 21 F.C. TABS.,2253013
انجيبلوك 300 / 25 مجم 30 اقراص,ANGIOBLOCK 300 / 25 MG 30 F.C. TABS.,2564385
انجيوسارتان 10 مجم 28 اقراص,ANGIOSARTAN 10 MG 28 F.C. TABS.,1657553
انجيوسارتان 20 مجم 28 اقراص,ANGIOSARTAN 20 MG 28 F.C. TABS.,2447298
انجيوسارتان 40 مجم 28 اقراص,ANGIOSARTAN 40 MG 28 F.C. TABS.,902108
انجيوسارتان بلس 20 / 12.5 مجم 28 اقراص,ANGIOSARTAN PLUS 20 / 12.5 MG 28 F.C. TABS.,2097408
انجيوسارتان بلس 20 / 25 مجم 28 اقراص,ANGIOSARTAN PLUS 20 / 25 MG 28 F.C. TABS.,2549647
انجيوسارتان بلس 40 / 25 مجم 28 اقراص,ANGIOSARTAN PLUS 40 / 25 MG 28 F.C. TABS.,2129566
انجيوفوكس (افوكس) 20 مجم 20 اقراص,ANGIOFOX (EFFOX) 20 MG 20 TABS.,2468483
انجيوفوكس (افوكس) 25 مجم 30 كبسول,ANGIOFOX (EFFOX) 25 MG LONG 30 CAPS.,2312471
انجيوفوكس (افوكس) 50 مجم 20 كبسول,ANGIOFOX (EFFOX) 50 MG LONG 20 CAPS.,1546122
انداجرا 100 مجم 12 اقراص,ANDAGRA 100 MG 12 F.C. TABS,2128956
اندرا بخاخ 125 مل,ENDRA SPRAY 125 ML SENSE,1401194
اندرال 10 مجم 50 اقراص,INDERAL 10 MG 50 TABS,2129609
اندرال 40 مجم 50 اقراص,INDERAL 40 MG 50 TABS,902115
اندليكسابان 2.5 مجم 20 اقراص,ENDLIXABAN 2.5 MG 20 F.C. TABS.,2493932
اندليكسابان 2.5 مجم 30 اقراص,ENDLIXABAN 2.5 MG 30 F.C. TABS.,947344
اندليكسابان 5 مجم 20 اقراص,ENDLIXABAN 5 MG 20 F.C. TABS,902123
اندليكسابان 5 مجم 30 اقراص,ENDLIXABAN 5 MG 30 F.C. TABS.,1918518
اندو 10 مجم 10 اكياس,ANDO 10 GM 10 SACHETS,1632871
اندو كف 120 مل شراب,ENDO COUGH 120 ML SYP,1884200
اندوبنتين اكس ار 300 مجم 30 اقراص,ANDOPENTENE XR 300 MG 30 F.C. TABS,2312476
اندوبنتين اكس ار 600 مجم 30 اقراص,ANDOPENTENE XR 600 MG 30 F.C. TABS,2435272
اندوبوكستين 60 مجم 6 اقراص,ANDOPOXETINE 60 MG 6 TAB.,2156352
اندوبيسيف قطره,ANDOBESIF DROP,2673454
اندوداريسين 7.5 مجم 20 اقراص,ANDODARICIN 7.5 MG 20 EXT. REL. F.C.TAB.,2128463
اندودرافا 2 مجم 28 اقراص,ENDODRAVA 2 MG 28 TABS.,2160369
اندوديرما اكسترا ايمولينت جل 50 مل,ANDODERMA EXTRA EMOLLIENT GEL 50 ML,2464547
اندوريستات 120 مجم 20 اقراص,ANDOURISTAT 120 MG 20 F.C. TABLETS,2468489
اندوريستات 80 مجم 20 اقراص,ANDOURISTAT 80 MG 20 F.C. TABLETS,2159163
اندوريفابان 10 مجم 20 اقراص,ANDORIVABAN 10 MG 20 TABS,2363480
اندوريفابان 15 مجم 20 اقراص,ANDORIVABAN 15 MG 20 TABS,1738791
اندوريفابان 2.5 مجم 20 اقراص,ANDORIVABAN 2.5 MG 20 F.C. TABS,2675016
اندوريفابان 20 مجم 20 اقراص,ANDORIVABAN 20 MG 20 F.C. TABS.,2337833
اندوريفابان 5 مجم اقراص,ANDORIVABAN 2.5 MG 20 F.C. TABS,1657565
اندوسبتيف 30 / 75 مجم 21 اقراص,ANDOCEPTIVE 30 / 75 MCG 21 COATED TAB.,1150606
اندوفيت ايرون بلس شراب 100 مل,ANDOVIT IRON PLUS SUSP. 100 ML,2453473
اندوفيت نيورو 20 اقراص,ANDOVIT NEURO 20 F.C. TABS.,1516299
اندوفيت نيورو بلس 350 مل,ANDOVIT NEURO PLUS 350 30 F.C. TABS,2681457
اندوفيل امبول شعر,ENDOVIL HAIR AMPOULES,2669871
اندوفيل سيروم 75 مل,ENDOVIL SERUM 75 ML,2499747
اندوفيل لوشن للشعر 120 مل,ENDOVIL HAIR LOTION 120 ML,2669863
اندوفيمباميد 10 مجم / مل شراب 100 مل,ANDOVIMPAMIDE 10 MG / ML SYRUP 100 ML,2635345
اندوفيمباميد 100 مجم 30 اقراص,ANDOVIMPAMIDE 100 MG 30 TABS,902131
اندوفيمباميد 50 مجم 30 اقراص,ANDOVIMPAMIDE 50 MG 30 TABS,1114014
اندوكاندوكسين 200 مجم 3 لبوس,ANDOCANDOXIN 200 MG 3 VAGINAL CAPS.,1973649
اندوكاندوكسين 600 مجم 1 لبوس,ANDOCANDOXIN 600 MG 1 VAGINAL CAPS.,1808768
اندوماتويد 2 مجم 28 اقراص,ANDOMATOID 2 MG 28 TABS,2673244
اندوماتويد 4 مجم 28 اقراص,ANDOMATOID 4 MG 28 TABS,2422735
اندوميثاسين 1 % بخاخ 120 مل ايه اي تي,INDOMETHACIN 1 % TOPICAL SPRAY 120 ML,2452531
اندوميثاسين العربيه 100 مجم 10 لبوس,INDOMETHACIN 100 MG 10 SUPP. B.P. 2014,902132
اندوميثاسين محلول,INDOMETHACIN 25 MG 24 CAPS,2646485
انديكويبين 200 مجم 20 اقراص,ANDEQUEPINE 200 MG 20 EXT. REL. F.C. TAB.,1738798
انرفيتا اقراص منشط,ENNERVITA KIDS 30 CHEWABLE TABS,2633445
انرفيتا ريتش 30 كبسول,ENNERVITA RICH 30 CAPS,2445021
انرفيتا كيدز 30 اقراص مضغ,ENNERVITA KIDS 30 CHEWABLE TABS,2498968
انرفيتا منشط 14 كبسوله,ENNERVITA 14 CAPSULES,2630964
انريتش شراب 100 مل,ENRICH SYRUP 100 ML,902135
انريتش قطره 30 مل,ENRICH ORAL DROPS 30 ML,902136
انزوبتيما 24 اقراص,ANZOPTIMA 24 CAPLETS,2376577
انزودام بخاخ,ENZODAM SPRAY,2315175
انزيماكس دوال ريليس 10 كبسول,ENZYMAX DUAL RELEASE 10 DOUBLE CAPSULES,2630147
انزيماكس ديو بيوتك 10 كبسول,ENZYMAX DUO BIOTICS 10 DOUBLE CAPSULES,2468507
انزيماكس ديوبايوتكس كبسول جديد,ENZYMAX DUO BIOTICS 10 DOUBLE CAPSULES,2682737
انزيموراف 30 اقراص,ENZYMORAVE 30 TABS,2499749
انزيهيرب 20 كبسول,ENZYHERB 20 CAPS,2250651
انسباجو 25 مجم 14 اقراص,INSPAGO 25 MG 14 F.C.TABS,2575702
انسباجو 25 مجم 21 اقراص,INSPAGO 25 MG 21 F.C.TABS,2625614
انستابيلا كلامين لوسيون,INESTABELLA CALAMINE LOTION,2646891
انستافيناك 50 مجم 10 اكياس,INESTAFENAC 50 MG 10 SACHET,1159509
انستاماكس بانثينول كريم 50 جم,INSTAMAX PANTHENOL CREAM 50 GM,2499750
انسولاتارد اتش ام 100 وحده / مل 10 مل امبول,INSULATARD HM 100 I.U. / ML 10 ML VIAL,1750341
انسولين تريسبا 5 اقلام ثلاجه,PIC INSULIN NEEDLES 3.5 MM 100 PCS,1926870
انسولين سوليكوا سولوستار,INSULIN BAG SIZE S,2428364
انسولين نوفومكس 30 فليكس بن,NOVOPEN 4 INSULIN PEN,2673449
انسولين هيمولوج 100 اقلام,PIC INSULIN NEEDLES 4 MM 100 PCS,2448968
انسوليناجيبت 70 / 30 100 وحده / 10 مل امبول,INSULINAGYPT 70 / 30 100 I.U. / ML ( 10 ML) VIAL,2353816
انسوليناجيبت ان 100 وحده / 10 مل امبول,INSULINAGYPT N 100 I.U. / ML ( 10 ML) VIAL,2318121
انسيلاكوكس 120 مجم 10 اقراص,ANSELACOX 120 MG 10 F.C.TABS,1612209
انسيلاكوكس 120 مجم 30 اقراص,ANSELACOX 120 MG 30 F.C.TABS,2161677
انسيلاكوكس 60 مجم 30 اقراص,ANSELACOX 60 MG 30 F.C. TABS.,1546144
انسيلاكوكس 90 مجم 30 اقراص,ANSELACOX 90 MG 30 F.C. TABS.,2498269
انسيني كريم التهاب الحفاطات,,2567846
انشانتر لوشن 250 مل شارمينج اصفر,ENCHANTEUR CHARMING PERFUMED LOTION 250 ML,2130907
انشور لبن بالفانيليا 400 جم,ENSURE POWDER 400 GM,2538662
انف كارتافيكس 20 اقراص,INF CARTAFEX 20 TAB,1738812
انفاريز 30 مل قطره,ANVAREZ DROPS 30 ML,2319366
انفازير قطره,ANVIZIRAM 200 MG 40 F.C.TABS.,2681180
انفسونيل 20 كبسول,INFSWENIL 20 CAP,1738811
انفكتوميسين 500 مجم 6 اقراص,INFECTOMYCIN 500 MG 6 F.C. TABS.,2464864
انفلاكام 10 مجم 20 اقراص فواره,INFLACAM 10 MG 20 DISPERSIBLE TAB.,2126842
انفلاكام 10 مجم 20 كبسول,INFLACAM 10 MG 20 CAPS.,1766301
انفلاكام 20 مجم 10 اقراص فواره,INFLACAM 20 MG 10 DISPERSIBLE TAB.,2192179
انفلاكام 20 مجم 10 كبسول,INFLACAM 20 MG 10 CAPS.,2192178
انفلامكسير قطره بالفم 30 مل,INFLAMXIR ORAL DROP 30 ML,2499181
انفلامولوكس جل 30 جم,INFLAMOLOX GEL 30 GM,2174503
انفلاميكسير قطره,INFLAMXIR ORAL DROP 30 ML,2680630
انفلوبروب بخاخ 65 مل,INFLUPROP NASAL SPRAY 65 ML,1824425
انفلوفاك تترا 1 سرنجه 0.5 مل,INFLUVAC TETRA 1 PREF.SYRINGE SUSP. FOR I.M. S.C. INJ 0.5 ML.,2150421
انفنتي اي كونتر,INFINITY NATURALS EYE CONTOUR CREAM 20 ML + EYE SERUM 40 ML,2543142
انفنتي تينتيد صن سكرين لوشن 60 مل,INFINITY CARE 50 + SPF TINTED LOTION 60 ML,2319626
انفنتي رول اون تفتيح 1 + 1,INFINITY VITAMIN C ROLL ON,1844145
انفيجا 3 مجم 7 اقراص,INVEGA 3 MG 7 EXTENDED RELEASE TAB.,2552388
انفيجا 6 مجم 7 اقراص,INVEGA 6 MG 7 EXTENDED RELEASE TABS.,2207778
انفيستا بديل الزيت 120 جم,INVESTA OIL REPLACEMENT 120 GM,902167
انفيستا سيرم 120 مل,INVESTA SERUM 120 ML,2146973
انفيكتوكيور 125 مجم / 5 مل شراب 60 مل,INFECTOCURE 125 MG / 5 ML SUSP. 60 ML,2511037
انفيكتوكيور 250 مجم / 5 مل شراب 60 مل,INFECTOCURE 250 MG / 5 ML SUSP. 60 ML,2129307
انفيكتوكيور 250 مجم 14 اقراص,INFECTOCURE 250 MG 14 F.C. TABS.,2189501
انفيكتوكيور 500 مجم 14 اقراص,INFECTOCURE 500 MG 14 F.C. TABS.,1937748
انفينتي اكرين منظف الوجه 250 مل + انفينتي اكرين كريم موضعي 60 جم,INFINITY AKREN FACIAL CLEANSER 250 ML + INFINITY AKREN TOPICAL CREAM 60 GM,2126753
انفينتي اكرين منظف ​​الوجه 250 مل,INFINITY AKREN FACIAL CLEANSER 250 ML,901898
انفينتي انتنس سبوت كريم لحب الشباب 30 مل,INFINITY INTENSE SPOT CONTROLS ACNE CREAM 30 ML,2468521
انفينتي اويل كنترول صن سكرين جل كريم 50 مل,INFINITY OIL CONTROL SUNSCREEN GEL CREAM 50 ML,2401907
انفينتي بانثينول 5 % كريم 30 جم,INFINITY PANTHENOL 5 % CREAM 30 GM,2445116
انفينتي بانثينول 5 % كريم 50 جم,INFINITY PANTHENOL 5 % CREAM 50 GM,2618372
انفينتي برونفي شراب 120 مل,INFINITY BRONVY SYRUP 120 ML,2497846
انفينتي جل كريم تفتيح 50 مل,INFINITY WHITENING CREAM GEL 50 ML,2636833
انفينتي جل ملطف ومرطب بعد الليزر 120 مل,INFINITY SOOTHING MOISTURIZING GEL 120 ML,2146225
انفينتي رول اون اوشن بريز + انفينتي رول اون برائحه العود,INFINITY WHITENING ROLL ON OCEAN BREEZE + INFINITY WHITENING ROLL ON OUD,2494487
انفينتي رول اون توت + انفينتي رول اون فواكهه,INFINITY ROLL ON BERRY + INFINITY ROLL ON FRUITS,2476004
انفينتي رول اون عود + انفينتي رول اون توت,INFINITY ROLL ON BERRY + INFINITY ROLL ON OUD,2494492
انفينتي رول اون لبني 1 + 1,INFINITY ROLL ON FRUITY + INFINITY ROLL ON OUD,1358522
انفينتي رول اون للتفتيح فيتامين سي,INFINITY VITAMIN C ROLL ON,2474409
انفينتي رول اون للتفتيح فيتامين سي عرض 1 + 1,INFINITY VITAMIN C ROLL ON OFFER 1 + 1,2627516
انفينتي رول اون مزيل للعرق هيربال للبشره الحساسه 80 مل عرض 1 + 1,INFINITY SENSITIVE ROLL ON HERBAL 80 ML,1738822
انفينتي رول اون مزيل للعرق وللتفتيح 80 مل اوشن بريز عرض 1 + 1,INFINITY WHITENING ROLL ON OCEAN BREEZE 80 ML OFFER 1 + 1,1917908
انفينتي رول اون مزيل للعرق وللتفتيح 80 مل برائحه التوت عرض 1 + 1,INFINITY WHITENING ROLL ON BERRY SCENT 80 ML,2131017
انفينتي رول اون مزيل للعرق وللتفتيح 80 مل برائحه العود عرض 1 + 1,INFINITY WHITENING ROLL ON OUD 80 ML,2131081
انفينتي رول اون مزيل للعرق وللتفتيح 80 مل برائحه الفواكه عرض 1 + 1,INFINITY WHITENING ROLL ON FRUITY 80 ML,2131080
انفينتي ريتينول بي 3 سيرم 30 مل,INFINITY RETINOL B 3 SERUM 30 ML,2595497
انفينتي ريتينول كريم للعين 30 جم,INFINITY RETINOL EYE CREAM 30 GM,1938583
انفينتي ريتينول كريم للوجه 50 جم,INFINITY RETINOL CREAM 50 GM,2438790
انفينتي سيروم فيتامين سي 40 مل,INFINITY VITAMIN C SERUM 40 ML,2497850
انفينتي سيروم فيتامين سي 40 مل عرض 1 + 1,INFINITY VITAMIN C SERUM 40 ML OFFER 1 + 1,2317927
انفينتي سيروم لمحيط العين 40 مل,INFINITY EYE CONTOUR SERUM 40 ML,1652702
انفينتي سيروم مضاد للتجاعيد نايت 40 مل,INFINITY ANTI AGING NIGHT SERUM 40 ML,2150119
انفينتي سيكا كريم 50 جم,INFINITY CICA REPAIR CREAM 50 GM,2337612
انفينتي شيت ماسك فيتامين سي 1 قطعه,INFINITY VITAMIN C FACE SHEET MASK 1 PCS,1881381
انفينتي صن سكرين لوسيون للتفتيح 50 مل,INFINITY WHITENING SUNSCREEN LOTION 50 ML,2563783
انفينتي غسول,INFINITY WHITENING CLEANSING FOAM 200 ML,2618367
انفينتي غسول تفتيح فوم 200 مل,INFINITY WHITENING CLEANSING FOAM 200 ML,2586510
انفينتي غسول للوجه انستا بوست 150 مل + 50 مل,INFINITY FACIAL CARE INSTA BOOST FACIAL WASH 150 ML + 50 ML,2189810
انفينتي غسول للوجه انستا جلو 150 مل + 50 مل,INFINITY FACIAL WASH INSTA GLOW 150 ML + 50 ML,2192190
انفينتي غسول للوجه انستا سوث 150 مل + 50 مل,INFINITY FACIAL WASH INSTA SOOTHE 150 ML + 50 ML,2426982
انفينتي غسول للوجه انستا كلير 150 مل + 50 مل,INFINITY FACIAL CARE INSTA CLEAR FACIAL WASH 150 ML + 50 ML,2192188
انفينتي غسول مرطب للوجه بعد الليزر 200 مل,INFINITY POST LASER FACIAL WASH 200 ML,2468527
انفينتي غسول وجه للبشره الجافه والحساسه 200 م,INFINITY FACIAL WASH 200 ML,2563784
انفينتي فيتامين سي غسول 200 مل + انفينتي فيتامين سي سيرم,INFINITY VITAMIN C CLEANSER 200 ML + SERUM,902170
انفينتي كريم تفتيح 60 جم,INFINITY WHITENING CREAM 60 GM,2420876
انفينتي كريم تفتيح 60 جم عرض 1 + 1,INFINITY WHITENING CREAM 60 GM OFFER 1 + 1,2146441
انفينتي كريم للعين للتفتيح 30 مل,INFINITY WHITENING EYE CONTOUR CREAM 30 M,1895484
انفينتي كريم مرطب 120 مل,INFINITY MOISTURIZING CREAM 120 ML,2200146
انفينتي كريم ملطف ومرطب بعد الليزر 120 جم,INFINITY SOOTHING MOISTURIZING POST LASER CREAM 120 GM,2367735
انفينتي كولا بلس 10 اكياس,INFINITY COLLA PLUS 10 SACHETS,2497864
انفينتي كولاجين انتي ايدج كريم ليلي ونهاري 50 مل 1 + 1,INFINITY COLLAGEN ANTI AGING DAY AND NIGHT 50 ML 1 + 1,2618371
انفينتي كير SPF 50 ميست بخاخ 120 مل عرض 1 + 1,INFINITY CARE 50 + SPF MIST SPRAY 120 ML OFFER 1 + 1,2192201
انفينتي كير تينتيد 1 + 1,INFINITY CARE 50 + SPF TINTED LOTION 60 ML,1973939
انفينتي كير صن سكرين دراي بخاخ 200 مل,INFINITY CARE SUNSCREEN DRY SPRAY 200 ML,2365161
انفينتي كير فيلفيت تاتش واقي الشمس انفيزيبل بعامل حمايه من الشمس 50 + 60 جم,INFINITY CARE INVISIBLE VELVET TOUCH SUNSCREEN SPF 50 + 60 G,2365162
انفينتي كير لوشن تينتد 50 + 60 مل عرض 1 + 1,INFINITY CARE 50 + SPF TINTED LOTION 60 ML OFFER 1 + 1,1881393
انفينتي كير لوشن للاطفال 45 + عامل حمايه 120 مل,INFINITY CARE KIDS 45 + SPF LOTION 120 ML,1676830
انفينتي كير لوشن للاطفال 45 + عامل حمايه 120 مل عرض 1 + 1,INFINITY CARE KIDS 45 + SPF LOTION 120 ML OFFER 1 + 1,2192192
انفينتي كير هيدرو بوست 50 + جل 60 مل,INFINITY CARE HYDRO BOOST 50 + SPF GEL 60 ML,2472833
انفينتي كير هيدرو بوست 50 + جل 60 مل عرض 1 + 1,INFINITY CARE HYDRO BOOST 50 + SPF GEL 60 ML OFFER 1 + 1,2637916
انفينتي مرهم ملطف 15 جرام,INFINITY SOOTHING OINTMENT 15 GM,2596858
انفينتي ناتشورال كريم مرطب للجسم بالفراوله 250 مل,INFINITY MOISTURIZING BODY CREAM STRAWBERRY EXTRACT 250 ML,2160404
انفينتي هيالو كولاجين سيروم اس بي اف 30 30 مل,INFINITY HYALU COLLAGEN SERUM SPF 30 30 ML,2552739
انفينتي واقي شمس تنتد كريم 60 مل,INFINITY SUNSCREEN TINTED CREAM 60 ML,2379112
انفينيتي صن سكري 50,INFINITY WHITENING SUNSCREEN LOTION 50 ML,2177267
انفينيتي كريم ماستر زنك,INFINITY MOISTURIZING CREAM 120 ML,2420875
انكالسيوم 30 اقراص,INCALCIUM 30 TABS.,2497868
انكان بي كومب 30 اقراص,INCAN B COMB 30 F.C.TABS.,1657594
انكان دي 30 اقراص,INCAN D 30 TABS,2422950
انكان دي ادفانس 30 اقراص,INCAN D ADVANCE 30 TABS,2143587
انكان دي قطره بالفم 15 مل,INCAN D ORAL DROPS 15 ML,2317998
انكان سي 30 كبسول,INCAN C 30 CAPS.,2318642
انكونت ال ايه 4 مجم 30 اقراص,INCONT L.A. 4 MG 30 TAB.,902173
انلت اير 10 مجم 10 اقراص,INLETAIR 10 MG 10 F.C.TAB.,902174
انلت اير 4 مجم 14 اكياس,INLETAIR 4 MG 14 SACHETS,1657598
انلفن بخاخ للشعر الترا هولد 300 مل,ENLIVEN HAIR SPRAY ULTRA HOLD 300 ML,1776437
انلفن جل للشعر 2 ابيض 500 مل,ENLIVEN HAIR GEL 2 500 ML,2382628
انلفن جل للشعر 4 ازرق 250 مل,ENLIVEN HAIR GEL 4 250 ML,2566490
انلفن موس للشعر الترا هولد 300 مل,ENLIVEN MOUSSE ULTRA HOLD 300 ML,2219116
انماكس حقنه شرجيه 120 مل,ENEMAX ENEMA 120 ML,947380
انهالكس 18 مكجم 30 كبسول + جهاز استنشاق,INHALEX 18 MCG 30 INH. CAPS.+ INH. DEVICE,1425558
انهاليفي شراب 120 مل,INHALE F 120 ML,2187336
انهانتين 400 مل 30 كبسول,ENHANTIN 400 ML 30 CAPS,1009883
انهيباميت 12.5 / 1000 مجم 30 اقراص,INHIBAMET 12.5 / 1000 MG 30 F.C. TABS.,1918616
انهيباميت 12.5 / 500 مجم 30 اقراص,INHIBAMET 12.5 / 500 MG 30 F.C. TABS.,1738830
انوجين كارتيجين 30 كبسول,INNOGEN CARTIGEN 30 CAPS,2346981
انورو اليبيتا جهاز الاستنشاق 62.5 / 25 ميكرو 30 جرعه مقننه,ANORO ELLIPTA 62.5 / 25 MCG INHALER 30 METERED DOSES,1991359
انوفا 50 مجم 10 اقراص,ANUVA 50 MG 10 DISPERSIBLE TAB.,2453489
انوفكا جل للتسنين 30 جم,ANOVCA TOOTH GEL 30 GM,2609343
انوفوليك 30 كبسوله,INOFOLIC 30 CAPS.,1474756
انوفوليك اتش بي 30 كبسول,INOFOLIC HP 30 CAPS,1941311
انوفوليك كومب اتش بي 30 اقراص 30 اقراص,INOFOLIC HP 30 CAPS,2673051
انوفوليك كومبي اتش بي 30 كبسول,INOFOLIC COMBI HP 30 CAPS,1689160
انوكسيكام 20 مجم 10 لبوس,ANOXICAM 20 MG 10 SUPP.,2435310
انوكسيكام 20 مجم 20 اقراص,ANOXICAM 20 MG 20 TAB.,2112977
انونا كير زيت الشعر 200 مل,ANONA CARE HAIR OIL 200 ML,2146443
انونا لوشن للشعر 120 مل,ANONA HAIR LOTION 120 ML,1766335
انونا هير سيروم 120 مل,ANONA HAIR ANTIFRIZZ SERUM 120 ML,2146243
انيرا كولاجين 10 اكياس,ENERA COLLAGEN 10 SACHETS,2365486
انيرا كولاجين شوتس 10 امبولات شراب,ENERA COLLAGEN SHOTS 10 DRINKABLE SHOTS,2234318
انيفاس كريم 30 جم,ANIVAS CREAM 30 GM,2140417
او ار اس 10 اكياس فواره,ORS 10 SACHET,2312495
او ار اس بخاخ مغذّي ملمّع للشعر بزيت الزيتون 450 مل اخضر,ORS OLIVE OIL NOURISHING SHEEN SPRAY 450 ML,1846683
او ار اس بخاخ مغذّي ملمّع للشعر بزيت الزيتون 85 مل اخضر,ORS OLIVE OIL NOURISHING SHEEN SPRAY 85 ML,2176849
او ار اس بخاخ مقوّي ملمّع للشعر بزيت الارجان 250 مل بني,ORS ARGAN OIL FORTIFYING SHEEN SPRAY 250 ML,1846691
او ار اس فرد اعشاب وزيت زيتون نورمال,ORS OLIVE OIL RELAXER KIT NORMAL,2130579
او ايفي هيل شراب 120 مل,O IVY HEL SYRUP 120 ML,2146726
او زد كريم 100 جم,O.Z TOPICAL CREAM 100 GM,1657601
او زد كريم 50 جم,O.Z TOPICAL CREAM 50 GM,2113506
او زد لوشن 120 مل,O.Z TOPICAL LOTION 120 ML,1238847
اواديست 1 جم 20 اقراص,AWADIST 500 MG 20 TABS,2674747
اواديست 1000 مجم 20 اقراص,AWADIST 1000 MG 20 F.C. TABS.,2468546
اواديست 500 مجم 20 اقراص,AWADIST 500 MG 20 TABS,1612746
اواديست بلس 20 قرص,AWADIST PLUS 20 F.C. TABS.,1849152
اواديليفو 500 مجم 10 اقراص,AWADILEVO 500 MG 10 TABS,1489599
اواديليفو 500 مجم 10 اقراص قابله للانتشار بالفم,AWADILEVO 500 MG 10 TABS,2680392
اوبتا تريبكسون 30 اقراص,OPTA TRIBXON 30 CAP,2146627
اوبتابرو مساج جل 100 جم,OPTAPRO MASSAGE GEL 100 GM,2182150
اوبتاديرول بلس 30 كبسول,OPTADEROL PLUS 30 CAPS,2146245
اوبتاكادو 300 مجم 30 كبسوله,OPTACADO 300 MG 30 CAPS,2160499
اوبتامينيس 100 اقراص,OPTAMINESS 100 TABS.,2150369
اوبتامينيس 150 اقراص,OPTAMINESS 150 TABS.,902198
اوبتوتروب 1 % 10 مل قطره,OPTOTROP 1 % 10 ML DROPS,2506937
اوبتوزولين قطره للعين 10 مل,OPTOZOLINE EYE DROPS 10 ML,1635176
اوبتي فري بيور مويست محلول عدسات 90 مل,OPTI FREE PUREMOIST CONT. LENS SOLUTION 90 ML,2282069
اوبتي فريش قطره للعين 10 مل,OPTIFRESH EYE DROPS 10 ML,2541140
اوبتي فونيك بخاخ 60 مل,OPTI PHONIC TOPICAL SPRAY 60 ML,2267268
اوبتي فونيك قطره,OPTI PHONIC DROPS,2267269
اوبتيبا 10 اكياس,OPTIBA 10 SACHETS,2114069
اوبتيبريد 10 مجم / مل قطره للعين 5 مل,OPTIPRED 10 MG / ML EYE DROPS (SUSP.) 5 ML,902193
اوبتيجارد 3 مجم / مل قطره للعين 15 مل,OPTIGUARD 3 MG / ML EYE DPS. 15 ML,2621227
اوبتيديكس تي قطره للعين 5 مل,OPTIDEX T EYE DROPS 5 ML,2312501
اوبتيزولين قطره للعين 10 مل,OPTIZOLIN EYE DROPS 10 ML,906624
اوبتيست 0.05 % قطره للعين 5 مل,OPTEST 0.05 % EYE DPS. 5 ML,2522795
اوبتيفلوكس 0.3 % قطره للعين 5 مل,OPTIFLOX 0.3 % EYE DROPS 5 ML,902195
اوبتيك سالين 5 % قطره للعين 15 مل,OPTIC SALINE 5 % EYE DROPS 15 ML,2550197
اوبتيكيوت كريم 30 جم,OPTICUTE CREAM 30 GM,1842811
اوبتيلوبريك 0.32 % قطره للعين 30 0.5 مل يوني دوز,OPTILUBRIC 0.32 % EYE DROPS 30 0.5 ML SDU,2471630
اوبتيملت ب 12 30 اقراص,OPTIMELT B 12 30 TAB,2673451
اوبكس نيرف 20 اقراص,OPIX NERVE 20 TABLETS,2673957
اوبلكس ان بلس 10 لبوس,OPLEX N PLUS 10 SUPP.,946662
اوبلكس ان شراب 125 مل,OPLEX N SYRUP 125 ML,902199
اوبونوف 20 اقراص,OPONOV 20 TABLETS,2146446
اوبيدال سيرم بخاخ للشعر 60 مل,O PEDAL HAIR SERUM SPRAY 60 ML,2379159
اوبينيدازول 1000 مجم 8 اقراص,OPINIDAZOLE 1000 MG 8 F.C.TAB.,2497356
اوتال قطره 5 مل,OTAL EAR DROPS 5 ML,2468560
اوتريفين اطفال 0.05 % قطره للانف 15 مل,OTRIVIN 0.05 % PEDIATRIC NASAL DROPS 15 ML,2145449
اوتريفين بيبي سالين قطره للانف 15 مل,OTRIVIN BABY SALINE NASAL DROPS 15 ML,2164256
اوتريفين للكبار 0.1 % قطره للانف 15 مل,OTRIVIN 0.1 % ADULT NASAL DROPS 15 ML,2146467
اوتوكورت قطره للاذن 10 مل,OTOCORT EAR DROPS 10 ML,2369283
اوجرام 1 جم 14 اقراص,AUGRAM 1 GM 14 F.C. TABS.,1217180
اوجرام 228.5 مجم / 5 مل شراب 60 مل,AUGRAM 228.5 MG / 5 ML PD. FOR ORAL SUSP. 60 ML,902468
اوجرام 457 مجم / 5 مل شراب 60 مل,AUGRAM 457 MG / 5 ML PD. FOR ORAL SUSP. 60 ML,2602066
اوجرام 457 مجم / 5 مل شراب 80 مل,AUGRAM 457 MG / 5 ML PD. FOR ORAL SUSP. 80 ML,2630249
اوجرام 642.9 مجم / 5 مل شراب 60 مل,AUGRAM 642.9 MG / 5 ML PD. FOR ORAL SUSP. 60 ML,902466
اوجرام 642.9 مجم / 5 مل شراب 80 مل,AUGRAM 642.9 MG / 5 ML PD. FOR ORAL SUSP. 80 ML,2521395
اوجمنتين 1 جم 14 اقراص,AUGMENTIN 1 GM 14 TABLETS,902210
اوجمنتين 156 مجم / 5 مل شراب 80 مل,AUGMENTIN 156 MG / 5 ML SUSP. 80 ML,2673794
اوجمنتين 312 مجم / 5 مل شراب 80 مل,AUGMENTIN 312 MG / 5 ML SUSP. 80 ML,902212
اوجمنتين 457 مجم / 5 مل شراب 70 مل,AUGMENTIN 457 MG / 5 ML SUSP. 70 ML,902213
اوجمنتين 6.25 مجم / مل قطره للاطفال 20 مل,AUGMENTIN 6.25 MG / ML INFANT DROPS 20 ML,2419409
اوجمنتين 625 مجم 10 اقراص,AUGMENTIN 625 MG 10 F.C. TAB.,2675572
اوجمنتين اي اس 600 شراب 75 مل,AUGMENTIN ES 600 PD. FOR ORAL SUSP. 75 ML,2158911
اوجمنتين ديو 228 مجم / 5 مل شراب 70 مل,AUGMENTIN DUO 228 MG / 5 ML SUSP. 70 ML,2582802
اوجوبليك فيوسيثالمك جل 28,OJOBLICK EYE DROP 5 ML,2617474
اوجوبليك قطره للعين 5 جم,OJOBLICK EYE DROP 5 ML,2651864
اودورال غسول للفم 200 مل,ODORAL MOUTH WASH 200 ML,2496686
اورا برايمروز 1000 مجم 20 كبسول,ORA PRIMROSE 1000 MG 20 CAP,2495063
اورا دينت غسول للفم 120 مل,ORA DENT MOUTH WASH 120 ML,1772947
اورا زد مضمضه,ORAZED MOUTH WASH,1652763
اورا كولاجين سي 60 اقراص,ORA COLLAGEN C 60 TAB,2420818
اوراب فورت 4 مجم 20 اقراص,ORAP FORTE 4 MG 20 TAB.,2126861
اورابيست بخاخ للفم 50 مل,ORABEST MOYTH SPARY 50 ML,2468573
اوراتريبسين 30 كبسول,ORATRYPSIN 30 CAP,2209174
اورازان غسول للفم 125 مل,ORASAN MOUTHWASH 125 ML,1546186
اورازان غسول للفم 250 مل,ORASAN MOUTHWASH 250 ML,2319628
اورازان غسول للفم 250 مل قرنفل,ORASAN MOUTHWASH 250 ML CLOVE,2129593
اورازان غسول للفم 250 مل نعناع,ORASAN MOUTHWASH 250 ML MINT,2126862
اورازان مضمضه قرنفل,ORAZON MOUTH WASH 125 ML,2669677
اورازون 0.1 مجم / مل شراب 120 مل,ORAZONE 0.1 MG / ML SYRUP 120 ML,2382970
اورازون مضمضه للفم 250 مل,ORAZON MOUTH WASH 250 ML,2143650
اوراسين غسول للفم 125 مل,ORACIN VERDE MOUTH WASH 125 ML,902219
اوراسين غسول للفم 240 مل,ORACIN MOUTH WASH 240 ML,2129555
اوراسين مضمضه كبير 240 مل,ORACIN MOUTH WASH 240 ML,2670141
اورافار 100 مجم 10 اكياس لاكتوفرين,ORAVAR 100 MG 10 SACHETS,2500118
اورافريش غسول للفم 120 مل,ORAFRESH MOUTH WASH 120 ML,2126865
اورافيرا غسول للفم 250 مل,ORAVERA MOUTH WASH 250 ML,2161502
اورافيرا غسول للفم 500 مل,ORAVERA MOUTH WASH 500 ML,2161506
اوراكيور جل للفم 30 جم,ORACURE ORAL GEL 30 GM,2435340
اوراماكس بخاخ للفم 30 مل اطفال,ORAMAX PEDIATRICS MOUTH SPRAY 30 ML,1995797
اوراماكس بخاخ للفم 30 مل كبار,ORAMAX MOUTH SPRAY 30 ML,1515936
اوراماكس بي بخاخ اطفال جديد,ORAMAX PEDIATRICS MOUTH SPRAY 30 ML,2644143
اوراونس 100 مليون وحده قطره بالفم 10 مل,ORAONCE 100 MILLION CFU DROPS 10 ML,1249957
اورثو باد سوفت باند 10 سم,ORTHO BAD SOFT BAND 10 CM,1400818
اورثو باد سوفت باند 15 سم,ORTHO BAD SOFT BAND 15 CM,1400814
اورثو باد سوفت باند 7.5 سم,ORTHOBAD SOFT BAND 7.5 CM,1778011
اورجا اتش كريم 30 جم,ORGA H CREAM 30 GM,2542665
اورجا ايفي شراب للكحه,ORGA C C 10 SACHETS,2642569
اورجاسول كريم لتفتيح الوجه 60 جم,ORGASOL LIGHT FACIAL WHITENING CREAM 60 GM,1738863
اورجالايت بلس كريم 50 جم,ORGALIGHT PLUS CREAM 50 GM,2492343
اورجالايت صابون 100 جم,ORGALIGHT SOAP 100 GM,2333050
اورجالايت كريم 25 جم,ORGALIGHT CREAM 25 GM,2631002
اورجالايت كريم 50 جم,ORGALIGHT CREAM 50 GM,2492140
اورجالكو مكمل غذائي 30 اكياس الرجال,,2637222
اورجانيك نيشن 25 بليون بروبيوتيك 30 اقراص,ORGANIC NATION 25 BILLION PROBIOTICS 30 TAB,2604170
اورجانيك نيشن اشواجاندا 60 اقراص,ORGANIC NATION ASHWAGANDA 60 TAB,2388700
اورجانيك نيشن اكتيفتيد شاركول 60 كبسول,ORGANIC NATION ACTIVATED CHARCOAL 60 CAP,2651733
اورجانيك نيشن اورينسي لضبط الوزن 120 كبسوله ج,ORGANIC NATION ORENSY 120 CAPS,2651732
اورجانيك نيشن بوتاسيوم جلوكونات 60 اقراص,ORGANIC NATION POTASSIUM GLUCONATE 60 TAB,2623800
اورجانيك نيشن بي كومبلكس 60 اقراص,ORGANIC NATION B COMPLEX 60 TAB,2588378
اورجانيك نيشن بيرفكت اوميجا دي 3 30 اقراص,ORGANIC NATION PERFECT OMEGA WITH D 3 30 TAB,2388702
اورجانيك نيشن بيرفكت شاركول 30 اقراص,ORGANIC NATION PERFECT CHARCOAL 30 TAB,2610878
اورجانيك نيشن بيوتين 10000 مجم 60 اقراص,ORGANIC NATION BIOTIN 10000 MCG 60 TAB,2388704
اورجانيك نيشن تريبوليس 1000 مجم 60 اقراص,ORGANIC NATION TRIBULUS 1000 MG 60 TAB,2588375
اورجانيك نيشن جينسينج 60 اقراص,ORGANIC NATION GINSENG 60 TABS,2588376
اورجانيك نيشن جينكو بيلوبا 60 اقراص,ORGANIC NATION GINKO BILOBA 60 TABS,2388705
اورجانيك نيشن كروميوم بيكلونات 200 مكجم 100 اقراص,ORGANIC NATION CHROMIUM PICOLINATE 200 MCG 100 TAB,2623801
اورجانيك نيشن كرياتين 150 جم 30 سيرف,ORGANIC NATION CREATINE 30 SERVING 150 GM,2617842
اورجانيك نيشن ليبوزومال جلوتاثيون 90 كبسول,ORGANIC NATION LIPOSOMAL GLUTATHIONE 90 CAP,2617840
اورجانيك نيشن ليبوسومال دي 3 ك 2 30 كبسول,ORGANIC NATION LIPOSOMAL D 3 + K 2 30 CAP,2623799
اورجانيك نيشن ليبوسومال زنك 30 كبسول,ORGANIC NATION LIPOSOMAL ZINC 30 TABS,2588379
اورجانيك نيشن ماتشا جرين تي 60 كبسول,ORGANIC NATION MATCHA GREEN TEA 60 CAP,2651731
اورجانيك نيشن ماغنسيوم ماليت 60 اقراص,ORGANIC NATION MAGNESIUM MALATE 60 TABS,2521925
اورجانيك نيشن ماكا 1000 مجم 60 اقراص,ORGANIC NATION MACA 1000 MG 60 TAB,2604168
اورجانيك نيشن مورينجا اوليفرا 60 كبسول,ORGANIC NATION MORINGA OLEIFERA 60 CAPS,2651735
اورجانيك نيشن موف ماستر 90 اقراص,ORGANIC NATION MOVE MASTER 90 TAB,2651734
اورجانيك نيشن ميلاتونين 5 مجم 60 اقراص,ORGANIC NATION MELATONIN 5 MG 60 TAB,2388710
اورجوروكسابان 10 مجم 20 اقراص,ORGOROXABAN 10 MG 20 F.C.TABS.,2113891
اورجوروكسابان 15 مجم 20 اقراص,ORGOROXABAN 15 MG 20 F.C.TABS.,2146272
اورجوروكسابان 2.5 مجم 30 اقراص,ORGOROXABAN 2.5 MG 30 F.C.TABS.,2311469
اورجوروكسابان 20 مجم 30 اقراص,ORGOROXABAN 20 MG 30 F.C.TABS.,1657641
اورجيرون 20 كبسول,ORGIRON 20 CAP,1946901
اورجيستروك 75 مجم 30 اقراص,ORGISTROK 75 MG 30 F.C.TAB.,2146332
اورجيكسيوم 20 مجم 21 كبسول,ORGIXIUM 20 MG DR 21 CAPS.,2473604
اورجيكسيوم 40 مجم 21 كبسول,ORGIXIUM 40 MG DR 21 CAPS.,2299286
اورسو بلس 20 كبسول,URSOPLUS 20 CAP,2156429
اورسوتوين 500 مجم 20 كبسول,URSOTWIN 500 MG 20 CAPS.,2268029
اورسودايول 250 مجم 20 كبسول,URSODIOL 250 MG 20 CAPS,2291163
اورسودايول كبسول,URSODIOL 250 MG 20 CAPS,2680738
اورسوفالك 250 مجم 20 كبسول,URSOFALK 250 MG 20 CAPS.,902229
اورسوكول 250 مجم 20 كبسول,URSOCHOL 250 MG 20 CAPS.,1938893
اوركابريد 0.5 % جل للعين 5 مل,ORCHAPRED 0.5 % EYE GEL 5 ML,1022663
اوركابريد 1 % قطره للعين 10 مل,ORCHAPRED 1 % EYE DROPS (SUSP.) 10 ML,2435351
اوركابيبوست 1.5 % قطره للعين 10 مل,ORCHABEPOST 1.5 % EYE DPS. 10 ML,2435352
اوركاتيرز بلس 50 مجم / مل قطره للعين 15 مل,ORCHATEARS PLUS 50 MG / ML EYE DROPS 15 ML,1491435
اوركاديكسولين قطره للعين 5 مل,ORCHADEXOLINE EYE DROPS 5 ML,2156395
اوركازيد 0.025 % قطره للعين 10 مل,ORCHAZID 0.025 % EYE DPS. 10 ML,1425604
اوركازيد 0.025 % قطره للعين 30 * 0.4 مل يوني دوز,ORCHAZID 0.025 % EYE DROPS 30 * 0.4 ML SDU,1700533
اوركاسين 0.3 % قطره للعين 5 مل,ORCHACIN 0.3 % EYE DROPS 5 ML,2225877
اوركاكورتين مرهم للعين 5 جم,ORCHACORTIN 1 % EYE OINT. 5 GM,1738871
اوركينوهيست قطره للعين 3 مل,ORCHINOHIST 0.25 % EYE DPS. 3 ML,2197973
اورلي 120 مجم 30 كبسول,ORLY 120 MG 30 CAPS,2157879
اورلي 60 مجم 30 اقراص,ORLY 60 MG 30 CAPS.,2145928
اورليستات 120 مجم 30 كبسول,ORLISTAT 120 MG 30 CAPSULES,2312532
اورليسمارت 120 مجم 30 اقراص,ORLISMART 120 MG 30 CAP,2262716
اورنيداز 500 مجم 10 اقراص,ORNIDAZ 500 MG 10 F.C.TAB.,1260269
اورو جارد بخاخ للفم 60 مل,ORO GUARD ORAL SPRAY 60 ML,2267270
اورو جارد غسول للفم,ORO.GURAD M.WASH,2400928
اوروتالين بخاخ للفم 60 مل,OROTALEN MOUTH SPRAY 60 ML,2174459
اوروجام بخاخ للفم 60 مل,OROGAM ORAL SPRAY 60 ML,2635988
اوروفيكس اتش غسول للفم 150 مل,OROVEX H MOUTH WASH 150 ML,2312536
اوروفيكس برتقال غسول للفم 250 مل,OROVEX ORANGE MOUTH WASH 250 ML,2097497
اوروفيكس تفاح اخضر غسول للفم 250 مل,OROVEX GREEN APPLE MOUTH WASH 250 ML,2097501
اوروفيكس ديليكيت غسول للفم 250 مل,OROVEX DELICATE MOUTH WASH 250 ML,2489654
اوروفيكس سموكرز غسول للفم 250 مل,OROVEX SMOKERS MOUTH WASH 250 ML,2602088
اوروفيكس فراوله غسول للفم 250 مل,OROVEX STRAWBERRY MOUTH WASH 250 ML,2488121
اوروفيكس قرنفل غسول للفم 250 مل,OROVEX CLOVE MOUTH WASH 250 ML,2672713
اوروفيكس مسواك غسول للفم 250 مل,OROVEX MISWAK MOUTH WASH 250 ML,2435369
اوروفيكس موز غسول للفم 250 مل,OROVEX BANANA MOUTH WASH 250 ML,2157350
اوروفيكس نعناع غسول للفم 250 مل,OROVEX PEPPERMINT MOUTH WASH 250 ML,2488117
اوروكلوفكس محلول للعنايه بالفم 60 مل,ORO CLOVEX ORAL CARE SOL. 60 ML,1809075
اوروماب بخاخ 60 مل,OROMAP SPRAY 60 ML,2496921
اوري مساج جل 60 جم,AUREI MASSAGE GEL 60 GM,2140577
اوريدال نقط بالفم 30 مل,ORIDAL ORAL DROPS 30 ML,2146651
اورير 10 اكياس,AURIER 10 SACHETS,1744690
اوريس قطره للاذن 15 مل,AURIS EAR DROPS 15 ML,1772983
اوريكس ام جي مضمضه بالبطيخ 250 مل,OREX MG MOUTH WASH WATERMELOON 250 ML,2675063
اوريكس ام جي مضمضه بالفراوله 250 مل,OREX MG MOUTH.WASH STRAWBERRY 250 ML,2067642
اوريكس ام جي مضمضه بالموز 250 مل,OREX MG MOUTH.WASH BANANA 250 ML,2343781
اوريكس ام جي مضمضه فراوله,OREX MG MOUTH.WASH STRAWBERRY 250 ML,2682553
اوريكس ام جي مضمضه قرنفل 250 مل,OREX MG MOUTH WASH CLOVE 250 ML,2652840
اوريكس ام جي مضمضه نعناع,OREX MG MOUTH.WASH MINT 250 ML,2682554
اوريكس ام جي مضمضه نعناع 250 مل,OREX MG MOUTH.WASH MINT 250 ML,2675059
اوريكس اي سي بخاخ 60 مل,OREX EC ORAL SPRAY 60 ML,2468612
اوريكس بخاخ 60 مل,OREX ORAL SPRAY 60 ML,2595450
اوريكس معجون اسنان 50 جم,OREX TOOTHPASTE GEL 50 GM,2367619
اورينت ان 50 مل كريم,ORIENT N NIPPLE BALM CREAM 50 ML,987719
اورينتك كحول بخاخ 1 لتر,ORIENTIC ALCOHOL SPRAY 1 LITRE,1917459
اوزيمبيك 0.25 مجم اقلام معبئه,OZEMPIC 0.25 MG PRE FILLED PEN,2582858
اوزيمبيك 0.5 مجم اقلام معبئه,OZEMPIC 0.5 MG PRE FILLED PEN,1766416
اوزيمبيك 1 مجم اقلام معبئه,OZEMPIC 1 MG PRE FILLED PEN,2515318
اوسافيدين 100000 وحده امبول,OSAVIDIN 100000 I.U / ML I.M. AMP,2362668
اوست ماب 60 مجم 20 كبسول,OST MAP 60 MG 20 CAPS,902253
اوستوفال 14 اقراص,OSTOVAL 14 TABS,2400405
اوستيفورت جل 120 جم,OST FORTE GEL 120 GM,2222189
اوستيفورت كريم 60 جم,OST FORTE CREAM 60 GM,2536128
اوستيو جالتينور اقراص,OSTEOGALTINOR TABS,2599342
اوستيو زاد كالسيوم 120 مل شراب,OSTEO ZAD CALCIUM 120 ML SYRUP,1657103
اوستيو كومبلكس 30 اقراص,OSTEO COMPLEX 30 CAPS,2453543
اوستيوريلاكس 30 اقراص,OSTEORELAX 30 TABS,1460388
اوستيورين 50 مجم 30 كبسول,OSTEORINE 50 MG 30 CAPS.,2668305
اوستيوسيرين 50 مجم 20 كبسول,OSTEOCEREIN 50 MG 20 CAPS.,2602090
اوستيوكير 30 اقراص,OSTEOCARE 30 TABS.,2626585
اوستيوكير اقراص جديد 180,OSTEOCARE 30 TABS.,2596407
اوستيوكير شراب,OSTEOCARE LIQUID 120 ML,2681224
اوستيوكير شراب 120 مل,OSTEOCARE LIQUID 120 ML,1533992
اوستيوكير شراب 120 مل جديد / فيتابيوتكس,OSTEOCARE LIQUID 120 ML,2681368
اوستيولاج 30 اقراص,OSTEOLAGE 30 TABLET,2617475
اوستيوموها شراب 120 مل,OSTEOMOHA SYRUP 120 ML,2535844
اوستيونات 10 مجم 10 اقراص,OSTEONATE 10 MG 10 TAB,2156290
اوستيونات 70 مجم 4 اقراص,OSTEONATE 70 MG 4 TAB.,1164914
اوسوبان 800 مجم 20 اقراص,OSSOPAN 800 MG 20 F.C.TAB.,2435376
اوف بخاخ طارد الناموس 180 مل,OFF SPRAY 180 ML,1852205
اوفا ومان 60 كبسول,OVA WOMAN 60 CAPS,2537436
اوفاكان 30 كبسول,OVACAN 30 CAPS,2329863
اوفتاديلات 1 % قطره للعين 20 * 0.5 مل يوني دوز,OFTADILATE 1 % EYE DROPS 20 * 0.5 ML SDU,946850
اوفراماكس 1 جم امبول عضل,OFRAMAX 1 GM I.M. VIAL,2140107
اوفراماكس 1 جم امبول وريد,OFRAMAX 1 GM I.V. VIAL,2511701
اوفلام 50 مجم 30 اقراص سريعه,OFLAM 50 MG 30 QUICKETAB,1425630
اوفلوسويكس 0.3 % قطره للعين 5 مل,OFLOSWIX 0.3 % EYE DROPS 5 ML,2160501
اوفليوكندا 0.1 قطره,,2674341
اوفليوكندا 0.1 قطره,,2653725
اوفيلوكوند 0.1 % قطره للعين 5 مل,OPHILOCOND 0.1 % EYE DROPS 5 ML,2160942
اوفيلوكوند فورت 0.2 ٪ قطره للعين 5 مل,OPHILOCOND FORTE 0.2 % EYE DROPS 5 ML,1738887
اوفيورال 30 اقراص,OVIORAL 30 TAB,2300061
اوفيوسيدك فيسكوس قطره للعين 5 مل,OFUSIDIC VISCOUS EYE DROPS 5 ML,2312543
اوفيولكند فورت قطره ج,OPHILOCOND FORTE 0.2 % EYE DROPS 5 ML,2682536
اوفيونهيبيتا 75 مكجم 28 اقراص,OVUNHIPITA 75 MCG 28 TABS.,2622840
اوفيووينز 30 اقراص,OVUWINS 30 TAB,2497313
اوكاربون 30 اقراص,EUCARBON 30 TABS.,902266
اوكاربون ق,EUCARBON 30 TABS.,2646093
اوكافا دوش مهبلي 125 مل,OKAVA VAG. DOUCHE 125 ML,2192297
اوكافا دوش مهبلي 200 مل,OKAVA VAG. DOUCHE 200 ML,1939164
اوكتا دي 3 قطره للفم 15 مل,OCTA D 3 ORAL DROPS 15 ML,2377891
اوكتا دي 3 قطره للفم 30 مل,OCTA D 3 ORAL DROPS 30 ML,2636432
اوكتاترون 30 كبسول,OCTATRON 30 CAPS.,906626
اوكتو جي شراب 30 مل,OCTO G SYRUP 30 ML,2146614
اوكتوزاك 20 مجم 10 كبسول,OCTOZAC 20 MG 10 CAPS.,2197789
اوكتوزنك 25 مجم 20 كبسول,OCTOZINC 25 MG 20 CAPS.,2453333
اوكتوفنت بلس شراب 100 مل,OCTOVENT PLUS SYRUP 100 ML,2435099
اوكتوفنت سي ار 4 مجم 20 اقراص,OCTOVENT 4 MG C.R. 20 TAB,2398462
اوكتوكونفال 300 مجم 30 اقراص,OCTOCONVAL 300 MG 30 TABS,2563355
اوكتي كلير شامبو,OCTI CLEAR SHAMPOO,1880618
اوكتي ماكرو بخاخ للفم 30 مل,OCTE MARCO ORAL SPRAY 30 ML,1772173
اوكتي ماكرو غسول مهبلي 120 مل,OCTE MACRO FEMININE WASH 120 ML,1737902
اوكسا 20 اقراص,OXA 20 LOZENGES,2306011
اوكسازوليد 600 مجم 10 اقراص,OXAZOLID 600 MG 10 F.C. TAB.,2500293
اوكساليبتال 300 مجم 30 اقراص,OXALEPTAL 300 MG 30 F.C. TABS.,2532500
اوكساليبتال 600 مجم 30 اقراص,OXALEPTAL 600 MG 30 F.C. TABS.,2625660
اوكساليبتال 600 مجم ق 303,OXALEPTAL 600 MG 30 F.C. TABS.,2680903
اوكسانوميج 10 كبسول,OXANOMEG 10 CAPS,2628768
اوكسانوميج 20 ك,OXANOMEG 10 CAPS,2681397
اوكسجين كلير جلوبال كريم 50 مل,OXYGEN O CLEAR GLOBAL ANTI IMPERFECTION CREAM 50 ML,2141022
اوكسجين مويست غسول للبشره الجافه 200 مل,OXYGEN O MOIST ANTI DRYNESS CLEANSER 200 ML,1586456
اوكسجين وايت غسول فوم للتفتيح ضد البقع الداكنه 200 مل,OXYGEN O WHITE BRIGHTENING CLEANSER FOAM 200 ML,1586454
اوكسجين وايت كريم للتفتيح ضد البقع الداكنه 50 مل,OXYGEN O WHITE ANTI BROWN SPOTS CREAM 50 ML,1827110
اوكسفريش بخاخ 30 مل,,2669676
اوكسو تك بخاخ للانف 50 مل,OXO TEC NASAL SPRAY 50 ML,2452136
اوكسي فري 20 كبسول,OXIFREE 20 CAPS.,1601543
اوكسي فريش 30 مل بخاخ للفم,OXYFRESH 30 ML MOUTH SPRAY,2468626
اوكسي لاب بلس اكياس,PRO OXY TOP 20 TABLET,2646202
اوكسي ليفانو كير بخاخ مرطب 100 مل,OXY LEAVANO CARE MOISTURIZING SPRAY 100 ML,2201009
اوكسي ليفانو كير هايبر,OXY LEAVANO CARE MOISTURIZING SPRAY 100 ML,2641116
اوكسيبروجيست 150 مجم / مل امبول عضل,OXYPROGEST 150 MG / ML I.M. VIAL,2157266
اوكسيبول مرهم للعين 5 جم,OXYPOL EYE OINT. 5 GM,1813213
اوكسيتروبيل 1200 مجم 60 اقراص,OXITROPIL 1200 MG 60 F.C. TAB,1917030
اوكسيتوفلكس 10 وحده 5 محلول وريدي,OXYTOFLEX 10 I.U. / ML 5 CONC. AMPS. FOR I.V. INF,2380875
اوكسيتوفلكس 5 وحده 5 محلول وريدي,OXYTOFLEX 5 I.U. / ML 5 CONC. AMPS. FOR I.V. INF,2549209
اوكسيتوفليكس 10 وحده 5 امبول,OXYTOFLEX 10 I.U. / ML 5 CONC. AMPS. FOR I.V. INF,2683192
اوكسيجن او كلير غسول جل,OXYGEN O CLEAR CLEANSING GEL 200 ML,2646902
اوكسيجن او كلير هيدرا كريم,OXYGEN O CLEAR HYDRA MOISTURIZER CREAM 50 ML,2646903
اوكسيجن او وايت كريم,COCO OXYGEN CREAM 10 % 1 L,2646904
اوكسيجينا جولي فيل زيت 225 ملي,OXYGENA JOLIE VILLE 225 ML OIL,2466859
اوكسيفير 30 اقراص مضغ,OXYVER 30 CHEWABLE PIECES,2338507
اوكسيلاب اكياس للسيدات 30 كيس,OXILAB SACHETS 30 SACHET FOR WOMEN( 150 GM),2499758
اوكسيلاب بلس اكياس للرجال 30 كيس,OXILAB PLUS SACHETS 30 SACHET FOR MEN( 150 GM),2633549
اوكسيلاج 20 اقراص,OXILAGE 20 TABS,2610682
اوكسيلوزايم 10 اقراص,OXILOZYME 10 TABS,2468623
اوكسيمت 0.025 % قطره 15 مل اطفال,OXYMET 0.025 % PAED.NASAL DROPS 15 ML,902277
اوكسيمت 0.05 % قطره 15 مل كبار,OXYMET 0.05 % ADULT NASAL DROPS 15 ML,902278
اوكسيميتر جهاز قياس الاكسجين في الدم صيني,CHINESE PULSE OXIMETER,2130372
اوكيوبلس جل سائل للعين 0.6 مل,OCCUPLUS EYE LIQUID GEL 0.6 ML,2602104
اوكيوبيسيفلوكس قطره للعين 5 مل,OCUBESIFLOX EYE SUSP. DROPS 5 ML,2468632
اوكيوجارد 30 كبسول,OCUGUARD 30 CAPSULES,2320560
اوكيوجارد اريدس 2 30 اقراص,OCUGUARD AREDS 2 30 H.G. CAPS,2571141
اوكيوجارد ال اكس 30 اقراص,OCUGUARD LX 30 CAPS,2468631
اوكيوسيليرج 0.05 % قطره للعين 5 مل,OCUSEELLERGE 0.05 % EYE DROPS 5 ML,902281
اوكيوسيليرج فورت قطره للعين 5 مل,OCUSEELLERGE FORTE EYE DROPS 5 ML,919498
اوكيوفلوكس 0.3 % قطره للعين 5 مل,OCUFLOX 0.3 % EYE DROPS 5 ML,2631222
اوكيوفينيكول 0.5 % قطره للعين 10 مل,OCUPHENICOL 0.5 % EYE DPS. 10 ML,2645891
اوكيوفينيكول دي قطره للعين 5 مل,OCUPHENICOL D EYE DROPS 5 ML,2199197
اوكيوكاربين 1 % قطره للعين 10 مل,OCUCARPINE 1 % EYE DROPS 10 ML,1294207
اوكيوكاربين 2 % قطره للعين 10 مل,OCUCARPINE 2 % EYE DROPS 10 ML,1871200
اوكيوميثيل قطره للعين 10 مل,OCUMETHYL EYE DROPS 10 ML,1657686
اولابيكس 10 مجم 30 اقراص,OLAPEX 10 MG 30 F.C.TABS.,1652837
اولابيكس 5 مجم 30 اقراص,OLAPEX 5 MG 30 F.C.TABS.,2312551
اولازوريكس 10 مجم 30 اقراص,OLAZORIX 10 MG 30 F.C.TABS.,2474754
اولازوريكس 10 مجم اقراص,OLAZORIX 10 MG 30 F.C.TABS.,2680632
اولازوريكس 20 مجم 21 اقراص,OLAZORIX 20 MG 21 F.C.TABS.,2491807
اولازوريكس 5 مجم 30 اقراص,OLAZORIX 5 MG 30 F.C.TABS.,2468640
اولازين 10 مجم 7 اقراص,OLAZINE 10 MG 7 SCORED F.C.TAB.,2506938
اولانزا 5 مجم 20 اقراص,OLANZA 5 MG 20 F.C. TAB.,2181476
اولانزابين كوباد 7.5 مجم 14 اقراص,OLANZAPINE COPAD 7.5 MG 14 F.C. TAB.,902286
اولانفيكسا 10 مجم 30 اقراص,OLANVEXA 10 MG 30 TAB,2558796
اولانفيكسا 20 مجم 30 اقراص,OLANVEXA 20 MG 30 TAB,2557620
اولانفيكسا 5 مجم 30 اقراص,OLANVEXA 5 MG 30 TAB,2583710
اولفيتا 30 اقراص,OLVITA 30 TAB,2499079
اولفين 1 % جل موضعي 50 جم,OLFEN 1 % TOPICAL GEL 50 GM,2314646
اولفين 100 اس ار اقراص س جديد,OLFEN 100 MG S.R. 10 DEPOCAPS.,2681720
اولفين 100 اس ار مجم 10 كبسول,OLFEN 100 MG S.R. 10 DEPOCAPS.,1925321
اولميبورج 10 مجم 10 اقراص,OLMEBORG 10 MG 10 F.C. TABS.,2113376
اولوباليت 0.1 % قطره للعين 5 مل,OLOPALITE 0.1 % EYE DROPS 5 ML,2129660
اولوبتاسون بخاخ 120 جرعه,OLOPTASONE 120 DOSE NASAL SPRAY,2651190
اولوبتاسون بخاخ 240 جرعه,OLOPTASONE 240 DOSE NASAL SPRAY,2651189
اولوجنت بلس 10 اكياس,OLOGINT PLUS 10 SACHETS,2620929
اولوهستين 0.1 % قطره عين 5 مل,OLOHISTINE 0.1 % EYE DROPS 5 ML,2315735
اولوهيستين فورت قطره للعين 5 مل,OLOHISTINE FORTE EYE DROPS 5 ML,2498091
اولويز الترا 24 7 فوط لبني,ALWAYS ULTRA JUMBO BLUE 24 PCS,1987529
اولويز الترا دوبل ازرق طويل 14 قطعه,ALWAYS ULTRA THIN AND LONG DOUBLE LONG 14 PCS,2105631
اولويز الترا سليم اول ان وان ‎ 8 قطع,ALWAYS ULTRA SLIM ALL IN ONE 8 PCS,2276417
اولويز الترا سليم دوبل 12 14 فوطه لبني,ALWAYS ULTRA THIN AND LONG DOUBLE LONG 14 PCS,1984818
اولويز الترا سليم دوبل 12 16 فوطه احمر,ALWAYS ULTRA THIN AND LONG DOUBLE LONG 16 PCS,2037213
اولويز الترا سليم فردي 24 7 فوطه لبني,ALWAYS ULTRA SLIM ALL IN ONE 8 PCS,2205815
اولويز حساس 16 8 فوطه احمر,ALWAYS ULTRA THIN LONG 8 PCS PACKET,1400278
اولويز حساس دوبل 16 14 ازرق,ALWAYS ULTRA THIN AND LONG DOUBLE LONG 14 PCS,1400882
اولويز سوفت قطني طويل دوبل احمر 16 قطع,ALWAYS SOFT COTTON LONG 16 PCS,1401324
اولويز قطن سوفت حساسه سميكه وطويله 7 قطعه,ALWAYS COTTON SOFT MAXI THICK LONG 7 PADS,1401321
اولويز ماكس احمر 16 9 فوطه,ALWAYS SENSITIVE MAXI LONG 28 PADS,1400893
اولويز ماكس احمر دوبل 16 16 فوطه طويل,ALWAYS EXTRA LONG 16 DOUBLE TOWELS 2 PCS FREE,2006362
اولويز ماكس ازرق دوبل 16 14 فوطه طويل جدا,ALWAYS MAXI EXTRA LONG ALOE VERA 14 PADS,2131533
اولويز ماكس ازرق ليلي 16 8 فوطه,ALWAYS MAXI LONG 8 PADS,1400892
اولويز ماكس حساس 16 8 فوطه طويل,ALWAYS SENSITIVE MAXI LONG 16 + 2 PADS,2166972
اولويز ماكس حساس دوبل 16 14 طويل جدا,ALWAYS LILY DOUBLE 16 PCS EXTRA LONG ALOE VERA,2131446
اولويز ماكس حساس دوبل 16 16 فوطه طويل,ALWAYS EXTRA LONG 16 DOUBLE TOWELS 2 PCS FREE,2166971
اولويز ماكس دبل طويل 16 16 احمر,ALWAYS SOFT COTTON LONG 16 PCS,2624709
اولويز ماكس دبل طويل جدا 16 16 ازرق,ALWAYS MAXI EXTRA LONG ALOE VERA 14 PADS,2624710
اولويز ماكس دوبل احمر 16 18,ALWAYS SOFT COTTON LONG 16 PCS,1399963
اولويز ماكس دوبل ليلي ازرق 16 16 فوطه,ALWAYS MAXI LONG 8 PADS,1400834
اولويز ماكس مفرد طويل جدا 16 7 ازرق,ALWAYS MAXI EXTRA LONG ALOE VERA 7 PADS,2645900
اولويز ماكسي سميكه طويله جدا 24 قطعه,ALWAYS MAXI THICK EXTRA LONG 24 PADS,2131556
اولويز ماكسي سميكه طويله جدا 7 قطع,ALWAYS MAXI THICK EXTRA LONG 7 PADS,2129860
اولويز ماكسي طويله 8 قطع احمر,ALWAYS MAXI LONG 8 PADS,2131451
اولويز يومي 5 48 فوطه لارج,ALWAYS DAILY 40 PCS NORMAL,2668959
اولي بانتين كريم ترطيب 50 جم,OLI PANTHEN CREAM 50 GM,1676628
اولي بانتين كريم تفتيح 50 جم,OLI PANTHEN WHITENING CREAM 50 GM,1738912
اولي بانتين كريم تفتيح 50 جم + صابونه هديه 120,OLI PANTHEN WHITENING CREAM 50 GM,2639000
اولي بانتين لوشن 100 مل,OLI PANTHEN LOTION 100 ML,1737909
اوليترا كريم 60 جم,OLITRA CREAM 60 GM,1738913
اوليسري 20 اقراص,OLYSRE 20 TAB,2140438
اوليفمار كريم لحب الشباب 60 جم,OLIVEMAR ACNE CREAM 60 GM,2328342
اوليه فيت شراب 100 مل,OLEY VIT SYRUP 100 ML,2336972
اومنك اوكاس 0.4 مجم 30 اقراص,OMNIC OCAS 0.4 MG 30 PROLONGED RELEASE F.C.TAB.,2435400
اومنيسيف 125 مجم / 5 مل شراب 40 مل,OMNICEF 125 MG / 5 ML SUSP. 40 ML,2570920
اومنيسيف 125 مجم / 5 مل شراب 80 مل,OMNICEF 125 MG / 5 ML SUSP. 80 ML,2333922
اومنيسيف 300 مجم 10 كبسول,OMNICEF 300 MG 10 CAP.,1477489
اومنيسيف 40 مل شراب صغير قديم,OMNICEF 125 MG / 5 ML SUSP. 40 ML,2642887
اومنيفورا 2 مل 8 امبول عضل,OMNEVORA 8 I.M. AMPS. 2 ML,902304
اوميباك 20 مجم 14 كبسول,OMEPAK 20 MG 14 CAPS.,2574874
اوميباك 40 مجم 14 كبسول,OMEPAK 40 MG 14 CAPS.,2582779
اوميبيور قطره للفم 10 مل,OMEPURE ORAL DPS 10 ML,2177251
اوميت سي بخاخ للفم 60 مل,OMIT C MOUTH SPRAY 60 ML,2397003
اوميجا 3 ايه اي تي 30 اقراص,OMEGA 3 AIT 30 CAP,2402327
اوميجا 3 بلس 30 كبسول,OMEGA 3 PLUS 30 CAPS.,1652855
اوميجا 3 بلس شراب 200 مل,OMEGA 3 PLUS SYRUP 200 ML,2435402
اوميجا 3 سيريو 30 كبسوله,OMEGA 3 SERIO 30 CAPS,2333419
اوميجا 3 شراب 100 مل نابكو,OMEGA 3 SYRUP 100 ML NAPCO,2647031
اوميجا 3 شراب 120 مل النهار,OMEGA 3 SYRUP 120 ML EL NAHAR,2114211
اوميجا 3 فيش اويل,L OMEGA 3 30 CAPS,2199248
اوميجا 300 20 كبسول,OMEGA 300 20 CAPSULES,1657698
اوميجا ار اكس 60 قطعه + فليودال 60 قطعه,OMEGA RX 60 GUM + VALUDAL 60 GUM,1961868
اوميجا ار اكس جلي كاندي 30 قطعه,OMEGA RX JELLY CANDY 30 PCS.,2493697
اوميجا ار اكس جلي كاندي 60 قطعه + 30 قطعه,OMEGA RX JELLY CANDY 60 PCS. + 30 PCS,902314
اوميجا ار اكس جلي كاندي 60 قطعه + بيوفيتا 60 اقراص مضغ,OMEGA RX JELLY CANDY 60 PCS. + BIOVITA 60 GUMMIES,2341102
اوميجا ال 2 م القديم 315,L OMEGA 3 30 CAPS,2632442
اوميجا د 3 30 كبسوله 135,OMEGA 3 SERIO 30 CAPS,2626927
اوميجا دي 3 30 اقراص فالكون,OMEGA D 3 30 CAPS FALCON,2467610
اوميجا زاد شراب 100 مل,OMEGA ZAD 100 ML SYRUP,1032993
اوميجا سميث شراب 100 مل,OMEGA SMITH SYRUP 100 ML,2206412
اوميجا سورس شراب 120 مل,OMEGA SOURCE SYRUP 120 ML,2499759
اوميجا في 30 اقراص,OMEGA V 30 TAB,2499355
اوميجا فيت 1000 مجم 14 اكياس,OMEGAFIT 1000 MG 14 SACHETS,939284
اوميجا فيت 500 مجم 14 اكياس,OMEGAFIT 500 MG 14 SACHETS,2495691
اوميجا كف 30 مجم / 5 مل شراب 120 مل,OMEGACOUGH 30 MG / 5 ML SYRUP 120 ML,902316
اوميجا لوكس 1000 مجم 30 كبسول,ALFA OMEGA 3 1000 MG 100 CAP,2642157
اوميجابريس 0.1 مجم 30 اقراص,OMEGAPRESS 0.1 MG 30 TABS.,2145761
اوميجابريس 0.2 مجم 30 اقراص,OMEGAPRESS 0.2 MG 30 TABS.,1299366
اوميجاتونكس 250 / 500 مجم 20 كبسوله,OMEGATONEX 500 / 250 MG 20 CAP,2616658
اوميجاتونكس 250 / 500 مجم كبسول,OMEGATONEX 500 / 250 MG 20 CAP,2680908
اوميجازاد شراب 120 مل,OMEGAZAD SYRUP 120 ML,1299396
اوميجاستين 20 اقراص,OMEGASTIN 20 TAB,2250392
اوميجافيرول شراب 120 مل,OMEGAFEROL SYRUP 120 ML,2523676
اوميجال الترا 30 كبسول,OMEGAL ULTRA 30 CAPS,2318643
اوميجال الترا بيور 30 كبسول,OMEGAL ULTRA 30 CAPS,2653322
اوميجال جونيور 60 كبسول,OMEGAL JUNIORS 60 CAPS,2314609
اوميجال مان 30 كبسول,OMEGAL MAN 30 CAP,1799599
اوميجال مان 30 كبسول جديد,OMEGAL MAN 30 CAP,2682911
اوميجال مان 30 كبسوله جديد,OMEGAL MAN 30 CAP,2681247
اوميجال ومان 30 كبسول,OMEGAL WOMAN 30 CAPS,2267635
اوميجالوست 30 اقراص,OMEGALOSIT 30 CAPS,2628794
اوميجالوكس 1000 مجم 30 كبسول,OMEGALOX 3 1000 MG 30 CAP,2456161
اوميجالوكس 1000 مجم 30 كبسول 1 + 1,OMEGALOX 1000 MG 30 CAPSULES SPECIAL OFFER,2192332
اوميجالوكس شراب 200 مل,OMEGALOX LIQUID 200 ML,2538895
اوميدرنك صغير 30 مل,OMEDRINK SYRUP 30 ML,2645875
اوميدرنك كبير 60 مل,OMEDRINK SYRUP 60 ML,2645874
اوميدرينك شراب 30 مل,OMEDRINK SYRUP 30 ML,1737914
اوميدرينك شراب 60 مل,OMEDRINK SYRUP 60 ML,2668063
اوميز 10 مجم 14 كبسول,OMEZ 10 MG 14 CAPS.,902319
اوميز 20 مجم 14 كبسول,OMEZ 20 MG 14 CAPS.,902320
اوميز 40 مجم 20 كبسول,OMEZ 40 MG 20 CAPS.,902321
اوميفيفا شراب 120 مل,OMEVIVA SYRUP 120 ML,2059049
اوميكاربكس 20 / 1100 مجم 20 كبسول,OMECARBEX 20 / 1100 MG 20 CAPS.,2358523
اوميكاربكس 40 / 1100 مجم 20 كبسول,OMECARBEX 40 / 1100 MG 20 CAPS.,2144869
اوميكس 20 كبسول,OMEX 20 CAPS,2609381
اون تارجت كريم 50 جم,ON TARGET CREAM 50 GM,2501364
اونج مناديل مبلله 120 منديل للكبار,ONGE WET WIPES FAMILY 120 PCS,1681052
اوندالينز 4 مجم 5 فيلم,ONDALENZ 4 MG 5 ORODISPERSIBLE FILMS,2466963
اوندالينز 8 مجم 5 افلام,ONDALENZ 8 MG 5 ORODISPERSIBLE FILMS,2468663
اوندالينزا 4 مجم,,2605947
اونداميتك 4 مجم / 2 مل 5 امبول امبول,ONDAMETIC 4 MG / 2 ML 5 AMP.,2586205
اونداميتك 8 مجم / 4 مل 5 امبول امبول,ONDAMETIC 8 MG / 4 ML 5 AMP.,2126833
اونست خميره 30 قرص,HONEST YEAST 30 TABS,1547081
اونست زنك 30 اقراص,HONEST ZINC 30 TAB,2268318
اونست فيتامين د 3 10000 وحده 30 اقراص,HONEST VITAMIN D 3 10000 I.U 30 TAB,2129047
اونست فيتامين سي 500 مجم 30 اقراص,HONEST VITAMIN C 500 MG 30 TAB,2129049
اونوسيليكا كريم 50 جم,ONOSILICA 50 GM CREAM,2500331
اونوفيت شراب 120 مل,UNOVIT SYRUP 120 ML,1546280
اونوكرون ام ار 60 مجم 30 اقراص,UNOCRON MR 60 MG 30 TABS.,2435419
اونيكس كريم 60 جم,ONEX CREAM 60 GM,2112770
اي باتش بالعلبه للاطفال,EYE PATCH CHILDREN,1400506
اي باتش بالعلبه للكبار,EYE PATCH ADULT,2602125
اي باتش تراي ام بالعلبه اطفال,TRI M EYE PATCH FOR KIDZ BOX,2130432
اي باتش تراي ام بالعلبه كبار,TRI M EYE PATCH FOR ADULT BOX,1400270
اي تيست اختبار مخدرات رباعي,I TEST FOUR PARAMEDIC DRUG TEST,1401125
اي تيست اختبار مخدرات سباعي,I TEST SEVEN PARAMEDIC DRUG TEST,1401126
اي ديلي فيت 30 كبسول,EYE DAILY VIT 30 CAPULES,1726264
اي روش شامبو ضد القشره 200 مل,E ROSH ANTI DANDRUFF SHAMPOO 200 ML,2588036
اي زد كير معجون اسنان 80 جم,EZ CARE TOOTH PASTE 80 GM,902330
اي كيو بلس 30 كيس,IQ PLUS 30 SACHETS,1828657
اي يست خميره 20 كبسول,E YEAST 20 CAPS,902332
ايابينام 500 / 500 مجم امبول,AYAPENAM 500 / 500 MG VIAL FOR I.V. INF.,2318644
ايادوكسيم 100 مجم / 5 مل 60 مل شراب,AIADOXIME 100 MG / 5 ML 60 ML SUSP,2453582
ايبا اكت بلس امبول للشعر 5 امبول,EBA ACT PLUS HAIR VAIL 5 AMP,1090565
ايبا اكت شامبو للشعر 200 مل,EBA ACT HAIR SHAMPOO 200 ML,1483279
ايبا اكت لوشن للشعر 120 مل,EBA ACT HAIR LOTION 120 ML,902333
ايبا مويست كريم 120 جم,EBA MOIST CREAM 120 GM,2435421
ايباستيل 10 مجم 10 اقراص,EBASTEL 10 MG 10 TAB.,2087479
ايباستين برج 10 مجم 10 اقراص,EBASTINE BORG 10 MG 10 F.C. TABS.,2620440
ايبافيكس شامبو 200 مل,EBAFIX HAIR CONDITIONING SHAMPOO 200 ML,902337
ايبانتين 100 مجم 50 كبسول,IPANTEN 100 MG 50 CAPS.,2674233
ايبوبروسول جل 100 جم,IBUPROSOL GEL 100 GM,2468115
ايبوتين 4000 وحده امبول 196,EPOETIN SEDICO 4000 I.U. / ML VIAL.,2638335
ايبوتين سيديكو 4000 وحده / مل امبول,EPOETIN SEDICO 4000 I.U. / ML VIAL.,2378859
ايبوكالمين 100 مجم / 5 مل شراب 120 مل,IBUCALMIN 100 MG / 5 ML SYRUP 120 ML,1455686
ايبومنتول جل 50 جم,IBUMENTOL TOP. GEL 50 GM,2316826
ايبيافيكس سيروم للشعر 120 مل,EBAFIX HAIR SERUM 120 ML,2142852
ايبيكومب كريم 15 جم,EPICOMB CREAM 15 G,1487911
ايبيكومب مرهم 15 جم,EPICOMB OINTMENT 15 G,2157986
ايتاترون 24 اقراص للمضغ غني بالحديد,ITA TRON 21 IRON 24 CHEW. TABS.,1425682
ايتافيللين 500 مجم / 5 مل 6 امبول,ETAPHYLLINE 500 MG / 5 ML 6 AMP.,1764301
ايتامي سيب اقراص,ITAMI SEB TAB,2497327
ايتم ان شامبو 60 مل,ITEM N SHAMPOO 60 ML,2220064
ايتم ان شامبو 60 مل 70,ITEM N SHAMPOO 60 ML,2679841
ايتوفيروز 100 مجم / 5 مل 5 امبول,ITOFERROSE 100 MG / 5 ML 5 AMP. FOR IV INJ. OR INF.,2128788
ايتوماش 50 مجم 30 اقراص,ITOMASH 50 MG 30 TAB.,2602124
ايتوميكس 20 اقراص,ITOMIX 20 TABS,2181477
ايثوكسا 250 مجم / 5 مل شراب 120 مل,ETHOXA 250 MG / 5 ML SYRUP 120 ML,1773076
ايثونتيك بخاخ 120 مل,AUTHENTIC SPRAY 120 ML,2672137
ايثونتيك كريم 50 جم,AUTHENTIC CREAM 50 GM,2500332
ايجلوفالو شراب 100 مل,EGLOVALO SYRUP 100 ML,2181478
ايجوناز دي 3 قطره بالفم 10 مل,EGUNAZ D 3 ORAL DROPS 10 ML,2500450
ايجوناز دي 3 ك 2 20 اقراص,EGUNAZ D 3 K 2 20 CAPS,2500451
ايجي بيديكال بلس شراب 100 مل,EGY PEDICAL PLUS SYRUP 100 ML,1674133
ايجي ترون 10 اكياس,EGY TRON 10 SACHETS,2144797
ايجي جاستريز 100 مجم / 5 مل شراب 60 مل,EGYGASTREAZ 100 MG / 5 ML PD. FOR ORAL 60 ML SUSP.,2539565
ايجي جاستريز 500 مجم 20 اقراص,EGYGASTREAZ 500 MG 20 TAB.,2159278
ايجي جروث بودره 200 جم اكياس,EGY GROWTH POWDER 200 GM SACHET,2250775
ايجي جروماكس اكياس,EGYGROMAX SACHETS,2586497
ايجي درونيت 2 اقراص,EGY DRONATE 2 SCORED TABS,2010388
ايجي زنك كريم 30 جم,EGY ZINC CREAM 30 GM,1562636
ايجي زنك كريم 75 جم,EGY ZINC CREAM 75 GM,2140488
ايجي سفن بانثينول كريم 50 جم,EGY SEVEN PANTHENOL CREAM 50 GM,2532370
ايجي فريش غسول للفم 250 مل نعناع,EGY FRESH MOUTH WASH 250 ML MINT,2140490
ايجي كال 30 اقراص,EGY CAL 30 TABS,1599304
ايجي كومفوليكس كريم مساج 120 جم,EGY COMPHOLEX MASSAGE CREAM 120 GM,2498367
ايجيا جلو 610 جم 60 كبسول,IGEA GLOW 610 MG 60 CAPSULES,2472702
ايجيا جلوتانا 30 كبسول,IGEA GLUTANA 30 CAPS,2472704
ايجيبرو 5 مجم 30 اقراص,EGYPRO 5 MG 30 TAB.,2468678
ايجيبيكين بخاخ 30 مل,EGYPICAINE TOPICAL SPRAY 30 ML,2497485
ايجيكوفير 10 اكياس,EGYCOFER 10 SACHET,2157531
ايجيكوفير 20 كبسول,EGYCOFER 20 CAP,2566266
ايجيكيوسات 20 مجم / 5 مل شراب 100 مل,EGYCUSATE 20 MG / 5 ML SYRUP 100 ML,2301086
ايجيكيوسات 50 مجم / 5 مل شراب 100 مل,EGYCUSATE 50 MG / 5 ML SYRUP 100 ML,2126802
ايجيكيوسات بلس 30 اقراص,EGYCUSATE PLUS 30 F.C.TABS.,2435432
ايجينير 125 مجم / 5 مل شراب 60 مل,EGYNIR 125 MG / 5 ML PD. FOR ORAL SUSP. 60 ML,2292739
ايجينير 300 مجم 10 كبسول,EGYNIR 300 MG 10 CAP,2398685
ايدابون شراب 120 مل,EDABONE SYRUP 120 ML,2497664
ايدلوكس 0.5 % قطره 5 مل,IDELOX 0.5 % EYE DROPS 5 ML,2143627
ايدوماتول 56 كبسول,IDOMALTOL 30 MG 56 CAPS,2532998
ايدومالتول 30 مجم 56 كبسول,IDOMALTOL 30 MG 56 CAPS,2199443
ايراستابكس 20 مجم 30 اقراص,ERASTAPEX 20 MG 30 F.C.TAB.,2468683
ايراستابكس 40 مجم 30 اقراص,ERASTAPEX 40 MG 30 F.C.TAB.,2312574
ايراستابكس بلس 12.5 / 40 مجم 30 اقراص,ERASTAPEX PLUS 40 / 12.5 MG 30 F.C.TAB.,902356
ايراستابكس بلس 20 / 12.5 مجم 30 اقراص,ERASTAPEX PLUS 20 / 12.5 MG 30 F.C.TAB,902354
ايراستابكس تريو 12.5 / 20 / 5 مجم 30 اقراص,ERASTAPEX TRIO 5 / 20 / 12.5 MG 30 F.C. TABS.,902358
ايراستابكس تريو 40 / 10 / 25 مجم 30 اقراص,ERASTAPEX TRIO 10 / 40 / 25 MG 30 F.C. TABS.,902362
ايراستابكس تريو 5 / 40 / 12.5 30 اقراص,ERASTAPEX TRIO 5 / 40 / 12.5 MG 30 F.C. TABS,2312573
ايراستابكس كو 10 / 40 مجم 30 اقراص,ERASTAPEX CO 10 / 40 MG 30 F.C. TABS.,2312577
ايراستابكس كو 5 / 20 مجم 30 اقراص,ERASTAPEX CO 5 / 20 MG 30 F.C. TABS.,902359
ايراستابكس كو 5 / 40 مجم 30 اقراص,ERASTAPEX CO 5 / 40 MG 30 F.C. TABS,2602130
ايرالتون لوسيون للشعر 100 مل,IRALTONE LOTION 100 ML,2143273
ايرالونير 25 مجم 20 اقراص,ERALONER 25 MG 20 F.C.TAB.,902363
ايرالونير 50 مجم 20 اقراص,ERALONER 50 MG 20 F.C. TAB.,2584963
ايرنجلور ماكس 30 اقراص,IRONGLOR MAX 30 TABS,2646835
ايرنست كريم رول اون مزيل للعرق وللتفتيح 50 جم,ERNEST CREAM SKIN WHITENING AND ROLL ON 50 GM,2631024
ايرنست لوسيون ضد تساقط الشعر 125 مل,ERNEST ANTI HAIR LOSS LOTION 125 ML,2499761
ايرنست لوشن للاظافر 15 مل,ERNEST NAIL LOTION 15 ML,2560515
ايرنو 10 اكياس,IRNO 10 SACHET,2435445
ايرو شامبر,SKY AERO CHAMBER,1776463
ايرو شنبر بيدو مصري,MEDVICE AERO CHAMBER,2602135
ايروتروبا بخاخ 10 امبول 2.5 مل,AEROTROPA NEBULIZER SOLN. 10 AMP. 2.5 ML,2129669
ايروسبكت 20 قطعه,IROSPECT 20 PIECES,2157700
ايروسبكت شراب 120 مل,IROSPECT SYRUP 120 ML,1737926
ايروش شامبو,EROSH SHAMPOO,2651601
ايروفاست 30 اقراص,IROVAST 30 F.C. TABS,2192372
ايروفرين 30 كبسول,IROFERIN 30 CAPS,2464936
ايروكسول مرهم موضعي 15 جم,IRUXOL TOPICAL OINT. 15 GM,2164419
ايروكسين 30 كبسول,IROXIN 30 CAP,2630242
ايرولامين 30 كبسول,IROLAMIN 30 CAPS.,2382962
ايروليفتال 30 كبسول,IROLIVATAL 30 CAPS,2435451
ايرونتوبي شراب 100 مل,IRONTOPY SYRUP 100 ML,2673271
ايرونيل 2.5 مجم 20 اقراص,AIRONYL 2.5 MG 20 TAB.,2207230
ايرونيل 30 مجم / 100 مل 120 مل شراب,AIRONYL 30 MG / 100 ML SYRUP 120 ML,1800891
ايريوس 5 مجم 20 اقراص,AERIUS 5 MG 20 F.C.TAB.,2607384
ايزابريل 10 مجم 30 اقراص,EZAPRIL 10 MG 30 TAB,902378
ايزابريل 20 مجم 30 اقراص,EZAPRIL 20 MG 30 TAB,2312585
ايزابريل كو 20 / 12.5 مجم 30 اقراص,EZAPRIL CO 20 / 12.5 MG 30 TABS,1065865
ايزابيلا قطن مزيل مكياج 120 قطعه,ISABELLA COTTON MAKEUP REMOVER PADS 100 PIECES,1876953
ايزابيلا قطن مزيل مكياج 80 + 20 مجانا,ISABELLA COTTON MAKEUP REMOVER PADS 80 PIECE + 20 FREE,2191025
ايزاستاتين 10 / 10 مجم 30 اقراص,EZASTATIN 10 / 10 MG 30 TAB.,2490984
ايزاستاتين 40 / 10 مجم 30 اقراص,EZASTATIN 40 / 10 MG 30 TAB.,2669451
ايزاكارد 100 مجم 30 اقراص,EZACARD 100 MG 30 E.C. TABS.,902379
ايزاكارد 75 مجم 30 اقراص,EZACARD 75 MG 30 ENTERIC COATED TAB.,902381
ايزامول سي 20 اقراص,EZAMOL C 20 TAB.,902382
ايزكس لاين جل 30 جم هيلث لاين,EAZEX LINE GEL 30 GM,2146275
ايزكس لاين جل 50 جم هيلث لاين,EAZEX LINE GEL 50 GM,2221276
ايزليزيبين 400 مجم 20 اقراص,ESLIZEPINE 400 MG 20 TABS.,1425724
ايزليزيبين 800 مجم 20 اقراص,ESLIZEPINE 800 MG 20 SCORED TABS.,2471637
ايزموبروتون 40 مجم 20 كبسوله,ESMOPROTON 40 MG 20 CAPS,1995916
ايزموبمب 20 مجم 14 اقراص,ESMOPUMP 20 MG 14 E.C.TABS.,2602148
ايزموبمب 40 مجم 14 اقراص,ESMOPUMP 40 MG 14 F.C. TABS.,2435461
ايزو اكنتين 10 مجم 30 كبسول,ISO ACNETIN 10 MG 30 CAPS,2587053
ايزو اكنتين 20 مجم 30 كبسول,ISO ACNETIN 20 MG 30 CAPS,1348465
ايزوتريتام 10 مجم 20 كبسول,ISOTRETAM 10 MG 20 SOFT GELATIN CAP,2630816
ايزوتريتام 20 مجم 20 كبسول,ISOTRETAM 20 MG 20 SOFT GELATIN CAP,2129769
ايزوتريتام 40 مجم 20 كبسول,ISOTRETAM 40 MG 20 SOFT GELATIN CAP,2630842
ايزوتريتينوين 10 مجم 30 كبسول,ISOTRETINOIN 10 MG 30 SOFT GELATIN CAPS,1534070
ايزوتريتينوين 20 مجم 30 كبسول,ISOTRETINOIN 20 MG 30 SOFT GELATIN CAPS,1234551
ايزوجاست 20 مجم 14 كبسول,EZOGAST 20 MG 14 DELA. REL. CAPS.,2606048
ايزوجاست 40 مجم 14 كبسول,EZOGAST 40 MG 14 DELA. REL. CAPS,902392
ايزوجاست 40 مجم 28 كبسول,EZOGAST 40 MG 28 CAPS,2468716
ايزوجلوبين شراب 120 مل,ISOGLOBIN SYRUP 120 ML,2398500
ايزوجيردازول 40 مجم 14 كبسول,ESOGERDAZOLE 40 MG DR. 14 CAPS.,1428179
ايزوروميديرم جل موضعي 30 جم,ISOROMYDERM TOPICAL GEL 30 GM,902393
ايزوفاكسول 20 مجم 28 اقراص,ESOVAXOLE 20 MG 28 TAB,2637248
ايزوفاكسول 40 مجم 28 اقراص,ESOVAXOLE 40 MG 28 CAPS,2628414
ايزوكو 100 / 60 مجم 8 اقراص,EZOKO 100 / 60 MG 8 TAB,2296807
ايزوماك ريتارد 20 مجم 20 كبسول,ISOMAK RETARD 20 MG 20 CAP.,2563218
ايزوماك ريتارد 40 مجم 20 كبسول,ISOMAK RETARD 40 MG 20 CAP.,2316650
ايزومويستي بخاخ للانف 30 مل,ISOMOISTY NASAL SPRAY 30 ML,2498189
ايزوميبرازول ايفا 40 مجم 20 اقراص,ESOMEPRAZOLE EVA 40 MG 20 E.C. TABS.,2129231
ايزوميسالكس 40 مجم 14 كبسول,ESOMESALIX 40 MG 14 CAPS,1273143
ايزوميم 40 مجم 14 كبسول,ESOMIUM 40 MG 14 S.R. CAPS.,2646362
ايزي جو جل 100 جم / هيالومد,EASY GO MASSAGE GEL,1232222
ايزي جو مساج جل,EASY GO MASSAGE GEL,1232225
ايزي سويت 3 اكياس 90 جم عرض,EASY SWEET WAX HAIR REMOVAL 3 90 GM,1401683
ايزي سويت 50 جم مشكل علبه 24 ق,EASY SWEET 40 GM,2602151
ايزي سويت صغير,EASY SWEET 200 GM,2172717
ايزي سويت عرض 3 بسعر 2 بالقطعه,EASY SWEET 40 GM OFFER 12 PCS,2602152
ايزي سويت لازاله الشعر 50 جم بالقطعه,EASY SWEET WAX HAIR REMOVAL 50 GM,1816376
ايزي كول بيبي انزيم لاكتيز قطره 15 مل,EASYCOL BABY LACTASE ENZYME ORAL DROPS 15 ML,902397
ايزي كير 24 منديل تروبيكال,EASY CARE WET WIPES TROPICAL 80 WIPES,2602156
ايزي كير 24 منديل جاردينيا,EASY CARE WET WIPES 12 WIPES,2602157
ايزي كير 24 منديل كبار,EASY CARE WET WIPES 12 WIPES,1400236
ايزي كير 24 منديل مارين,EASY CARE WET WIPES 12 WIPES,2602158
ايزي كير مناديل جيب 12 منديل,EASY CARE WET WIPES 12 WIPES,1401135
ايزي كير مناديل جيب تروبيكال 40 منديل,EASY CARE WET WIPES TROPICAL 40 WIPES,1902376
ايزي كير مناديل جيب تروبيكال 80 منديل,EASY CARE WET WIPES TROPICAL 80 WIPES,2602153
ايزي كير مناديل جيب مبلله بعطر الجاردينيا 12 ق,EASY CARE WET WIPES POCKET SIZE GARDENIA SCENT 12 WIPES,2198133
ايزي كير مناديل جيب مبلله بعطر المارين 12 ق,EASY CARE WET WIPES POCKET SIZE MARINE SCENT 12 WIPES,2254833
ايزي كير مناديل مبلله 20 منديل بالجاردينيا روز,EASY CARE WET WIPES GARDENIA SCENT 20 WIPES,2130270
ايزي كير مناديل مبلله 40 منديل بالجاردينيا روز,EASY CARE WET WIPES GARDENIA SCENT 40 WIPES,2130375
ايزي كير مناديل مبلله 80 منديل بالجاردينيا روز,EASY CARE WET WIPES GARDENIA SCENT 80 WIPES,2602154
ايزي كير مناديل مبلله 80 منديل برائحه المارين ازرق بالكاب,EASY CARE WET WIPES MARINE SCENT 80 WIPES,2130374
ايزي كير مناديل مبلله للاطفال 40 منديل مع لوشن,EASY CARE BABY WIPES WITH LOTION 40 WIPES,2082721
ايزيس اوراق جوافه 20 فلتر,ISIS GUAVA LEAVES 20 FILTER,2073362
ايزيس بابونج كاموميل 12 اكياس,ISIS CHAMOMILE 12 FILTER BAGS,2582795
ايزيس بابونج كاموميل 20 اكياس,ISIS CHAMOMILE 20 FILTER BAGS,2582924
ايزيس بابونج نعناع 30 اكياس,ISIS MINT CHAMOMILE 30 FILTER BAGS,2252429
ايزيس بقدونس 12 فلتر,ISIS PARSLEY CELERY 12 SACHETS,2255100
ايزيس بقدونس وكرافس 20 فلتر,ISIS PARSLEY CELERY 20 SACHETS,2602159
ايزيس بقدونس وكرفس 12 اكياس,ISIS PARSLEY CELERY 12 SACHETS,1957377
ايزيس بقدونس وكرفس 20 اكياس,ISIS PARSLEY CELERY 20 SACHETS,1382012
ايزيس تيليو 12 اكياس,ISIS TILIA 12 FILTER BAGS,2144055
ايزيس تيليو 20 كيس,ISIS TILIA 20 FILTER,2329241
ايزيس جنزبيل 20 اكياس,ISIS SAGE 20 BAG,2651076
ايزيس حلبه 20 فلتر,ISIS FENUGREEK 20 FILTER,2594229
ايزيس ديتوكس 20 كيس,ISIS DETOX 20 BAGS,2563554
ايزيس زعتر 20 فلتر,ISIS THYME 20 FILTER,2563561
ايزيس شاي اخضر 12 اكياس,ISIS GREEN TEA 12 FILTER BAGS,1657765
ايزيس شاي اخضر 20 اكياس,ISIS GREEN TEA 20 FILTER BAGS,2117570
ايزيس شاي اخضر بالنعناع 12 اكياس,ISIS GREEN TEA WITH MINT 12 FILTER BAGS,1846335
ايزيس شاي اخضر بالنعناع 12 فلتر 22,ISIS GREEN TEA WITH MINT 12 FILTER BAGS,2683211
ايزيس شاي اخضر بالنعناع 20 اكياس,ISIS GREEN TEA WITH MINT 20 FILTER BAGS,2539535
ايزيس شاي اخضر بالنعناع 20 فلتر 35,ISIS GREEN TEA WITH MINT 20 FILTER BAGS,2652463
ايزيس شاي اخضر نعناع 20 اكياس 45,ISIS GREEN TEA 20 FILTER BAGS,2668338
ايزيس شاي جينسينج 20 ظرف,ISIS ANIS 20 FILTER,2620957
ايزيس شاي ريجيم بالقرفه 50 كيس,ISIS REGIME TEA 50 BAGS CINNAMON,2072287
ايزيس شاي ريجيم نعناع 50 كيس,ISIS REGIME TEA PEPPERMINT 50 BAGS,2563560
ايزيس شاي كرك 15 فتله,ISIS KARAK TEA 15 SACHETS,2563553
ايزيس شمر 20 فلتر,ISIS FENNEL 20 FILTER,2563559
ايزيس قرفه 12 اكياس,ISIS CINNAMON 12 FILTER BAGS,2382592
ايزيس قرفه 20 اكياس,ISIS CINNAMON 20 FILTER BAGS,2340685
ايزيس قرفه بالتفاح 20 فلتر,ISIS THYME 20 FILTER,2674033
ايزيس قرفه بالزنجبيل 12 اكياس,ISIS GINGER CINNAMON 12 FILTER BAGS,2328995
ايزيس قرفه بالزنجبيل 20 اكياس,ISIS GINGER CINNAMON 20 FILTER BAGS,2216353
ايزيس قهوه خضراء 20 اكياس,ISIS GREEN COFFEE 20 BAGS,2626540
ايزيس كراويه 12 اكياس,ISIS CARAWAY 12 FILTER BAGS,2602164
ايزيس كراويه 20 اكياس,ISIS CARAWAY 20 FILTER BAGS,2532953
ايزيس كركديه 12 اكياس,ISIS HIBISCUS 12 FILTER BAGS,2164231
ايزيس كركديه 20 اكياس,ISIS HIBISCUS 20 FILTER BAGS,2233548
ايزيس كركديه بالقرفه 20 فلتر,ISIS HIBISCUS WITH CINNAMON 20 FILTER BAGS,2149446
ايزيس كركم 20 فلتر,ISIS FENNEL 20 FILTER,2626542
ايزيس ليمون بالزنجبيل 12 اكياس,ISIS GINGER LEMON 12 FILTER BAGS,2144827
ايزيس ليمون بالزنجبيل 20 اكياس,ISIS GINGER LEMON 20 FILTER BAGS,2487931
ايزيس مورينجا 20 كيس,ISIS MORINGA 20 BAGS,2563556
ايزيس نعناع 12 اكياس,ISIS PEPPERMINT 12 FILTER BAGS,2435478
ايزيس نعناع 20 كيس,ISIS PEPPERMINT 20 FILTER BAGS,2342421
ايزيس ينسون 12 اكياس,ISIS ANISE 12 FILTER BAGS,2602167
ايزيس ينسون 20 كيس,ISIS ANIS 20 FILTER,2471642
ايزيس ينسون و ليمون 12 اكياس,ISIS ANISE LEMON 12 FILTER BAGS,902408
ايزيس ينسون و ليمون 20 كيس,ISIS ANIS AND LEMON 20 FILTER,2468736
ايزيفرين قطره بالفم 10 مل,EASYFERRIN ORAL DROPS 10 ML,2669594
ايزيكويل 100 مجم 12 اقراص,EZEQUEL 100 MG 12 F.C.TAB,2192409
ايزيليبزين 800 م,,2668817
ايزيلين شراب 120 مل,ISILIN SYRUP 120 ML,1522123
ايزينال 30 اقراص,EASYNAL 30 TABS,2140700
ايسبيرج مساج بخاخ 100 مل,ICEBERG SPRAY 100 ML,1368739
ايسلا بخاخ للفم 60 مل,ISLA MOUTH SPRAY 60 ML,2473875
ايسوبتن ريتارد 240 مجم 30 اقراص,ISOPTIN RETARD 240 MG 30 F.C.TABS.,2097623
ايفا ادفانسد كيدز شامبو 230 مل للشعر الكيرلي,EVA ADVANCED CARE CLINIC KIDS SHAMPOO CURLS HAIR 230 ML,1922087
ايفا اسيتون 100 مل ازرق صغير,EVA NAIL POLISH REMOVER FREE FRAGRANCE 100 ML,2168932
ايفا اسيتون 100 مل خوخ صغير,EVA NAIL POLISH REMOVER PEACH 100 ML,2260026
ايفا اشراقه طبيعيه رول اون 60 مل اكتيف فريش,EVA NATURAL GLOW LIGHTENING ROLL ON ACTIVE FRESH 60 GM,1680997
ايفا اشراقه طبيعيه رول اون 60 مل بودر سوفت,EVA NATURAL GLOW LIGHTENING ROLL ON POWDER SOFT 60 GM,2050732
ايفا اشراقه طبيعيه رول اون 60 مل فيلفيت تاتش,EVA NATURAL GLOW LIGHTENING ROLL ON VELVET TOUCH 60 GM,1680996
ايفا اشراقه طبيعيه ساشيت 250 مل مقشر للجسم,EVA NATURAL GLOW BODY SCRUB 250 GM,2313926
ايفا اشراقه طبيعيه غسول وجه 100 مل بشره جافه,EVA NATURAL GLOW FACIAL WASH FOR NORMAL TO DRY SKIN 100 ML,1670986
ايفا اشراقه طبيعيه غسول وجه 100 مل بشره دهنيه,EVA NATURAL GLOW FACIAL WASH FOR OILY SKIN 100 ML,2131082
ايفا اشراقه طبيعيه غسول وجه 100 مل بشره مختلطه,EVA NATURAL GLOW FACIAL WASH FOR COMBINATION SKIN 100 ML,1670987
ايفا اشراقه طبيعيه كريم تفتيح مناطق حساسه 50 جم,EVA NATURAL GLOW LIGHTENING CREAM FOR SENSITIVE AREAS 50 G,2489201
ايفا اشراقه طبيعيه كريم ليل 50 جم,EVA NATURAL GLOW NIGHT CREAM 50 G,1401444
ايفا اشراقه طبيعيه كريم نهار 50 جم حمايه 30,EVA NATURAL GLOW DAY CREAM WITH SPF 30 50 GM,1776604
ايفا اشراقه طبيعيه مقشر وجه 100 مل,EVA NATURAL GLOW FACIAL SCRUB 100 ML,2131121
ايفا اي كرياتين بلسم 230 مل,EVA E KERATIN CONDITIONER 230 ML,2674974
ايفا بادي سبلاش 240 مل ان دا كلاودز,EVA SKIN CARE SENSES BODY SPLASH IN THE CLOUDS 240 ML,1401593
ايفا بادي سبلاش 240 مل جولد سبيل,EVA SKIN CARE SENSES BODY SPLASH GOLD SPELL 240 ML,2131594
ايفا بادي سبلاش 240 مل ريد جلامور,EVA SKIN CARE SENSES BODY SPLASH GLAMOUR 240 ML,1729632
ايفا بادي سبلاش 240 مل سبرنج ليليز,EVA SKIN CARE SENSES BODY SPLASH SPRING LILIES 240 ML,1401597
ايفا بادي سبلاش 240 مل سمر تويست,EVA SKIN CARE SENSES BODY SPLASH SUMMER TWIST 240 ML,1401595
ايفا بادي سبلاش 240 مل كوزي دريم,EVA SKIN CARE SENSES BODY SPLASH COZY DREAM 240 ML,1609232
ايفا بادي سبلاش 240 مل لاف تيل,EVA SKIN CARE SENSES BODY SPLASH LOVE TALE 240 ML,1401591
ايفا بادي سبلاش 240 مل مورنينج بلوسوم,EVA SKIN CARE SENSES BODY SPLASH MORNING BLOSSOM 240 ML,1401596
ايفا بادي سبلاش 240 مل ميستك اوركيد,EVA SKIN CARE SENSES BODY SPLASH MYSTIC ORCHID 240 ML,1401594
ايفا بادي سبلاش 240 مل ميسكي جاسمين,EVA SKIN CARE SENSES BODY SPLASH MUSKY JASMINE 240 ML,1494726
ايفا بادي سبلاش 240 مل نايت اوت,EVA SKIN CARE SENSES BODY SPLASH NIGHT OUT 240 ML,1401592
ايفا بادي لوشن 240 مل امبوبه سمر تويست,EVA SKIN CARE SENSES BODY LOTION SUMMER TWIST 240 ML,2131608
ايفا بادي لوشن 240 مل باشون,EVA SKIN CARE SENSES BODY LOTION PASSION 240 ML,2130346
ايفا بادي لوشن 240 مل تروبيكال,EVA SKIN CARE SENSES BODY LOTION TROPICAL 240 ML,2131288
ايفا بديل الزيت 250 مل بالصبار,ALOE EVA OIL REPLACEMENT 250 G ALEO EVA,1401690
ايفا بديل زيت 250 مل بالصبار والارجان,ALOE EVA OIL REPLACEMENT 250 G ALEO EVA ARGAN,2551550
ايفا بديل زيت 250 مل بالصبار وبروتينات الحرير,ALOE EVA OIL REPLACEMENT 250 G ALEO EVA SILK PROTEIN,2130240
ايفا بديل زيت 250 مل بالصبار وبروتينات الزبادي,ALOE EVA OIL REPLACEMENT 250 G ALEO EVA YOGURT,2131083
ايفا بودره جسم ديودرانت بالصبار للعرق,EVA BODY DEODERANT ALOE EVA POWDER,1821611
ايفا بودره قدم 50 جم بالصبار اخضر,EVA DEODORANT FOOT POWDER WITH ALOE VERA EXTRACT 50 G,1400007
ايفا بودره قدم 50 جم بالنعناع ازرق,EVA FOOT POWDER DEODORANT WITH MENTHOL 50 GRAMS,1400308
ايفا تروبيكال كريم مرطيب لليدين 60 جم,EVA SKIN CARE HAND CREAM TROBICAL 60 ML,2559091
ايفا تونر للبشره المعرضه لحب الشباب 200 مل,EVA ACNE PRONE SKIN TONER 200 ML,2207436
ايفا جولي بودره تشقير,EVA JOLI BLEACHING CREAM جم,2625894
ايفا حمام كريم باوتش 250 مل بروتينات الحرير,ALOE EVA HAIR MASK POUCH WITH ALOE VERA SILK PROTEINS 250 GM,2380296
ايفا حمام كريم باوتش 250 مل بروتينات الزبادي,ALOE EVA HAIR MASK POUCH WITH ALOE VERA YOUGERT PROTEIN 250 GM,2356646
ايفا حمام كريم للشعر الكيرلي 200 جم,EVA HAIR CLINIC CURLS MASK 200 G,2131015
ايفا ريسبي بلسم 350 مل توت,OPTIMUM CARE RECIPE BERRIES HAIR COND 350 ML,2421630
ايفا ريسبي بلسم 350 مل مارشميلو,OPTIMUM CARE MARSHMALLOW RECIPE HAIR COND 350 ML,2384185
ايفا ريسبي بلسم 350 مل موكا,OPTIMUM CARE RECIPE MOCHA HAIR COND 350 ML,2384184
ايفا ريسبي بلسم جوزهند 350 مل,OPTIMUM CARE RECIPE COCCONUT HAIR COND 350 ML,1776521
ايفا ريسبي شامبو 350 مل توت,OPTIMUM CARE RECIPE BERRIES HAIR SHAMPOO 350 ML,1849298
ايفا ريسبي شامبو 350 مل جوزهند,OPTIMUM CARE RECIPE COCCONUT HAIR SHAMPOO 350 ML,2421628
ايفا ريسبي شامبو 350 مل مارشميلو,OPTIMUM CARE MARSHMALLOW RECIPE HAIR SHAMPOO 350 ML,2625892
ايفا ريسبي لوشن 370 مل جوزهند,OPTIMUM CARE RECIPE HYDRATING BLEND LOTION COCCONUT 370 ML,1837659
ايفا ريسبي لوشن 370 مل خوخ,OPTIMUM CARE RECIPE HYDRATING BLEND LOTION BEACH 370 ML,1837661
ايفا ريسبي لوشن 370 مل فانيليا,OPTIMUM CARE RECIPE HYDRATING BLEND LOTION VANELLIA 370 ML,1776525
ايفا ريسبي لوشن 370 مل مارشميلو,OPTIMUM CARE RECIPE HYDRATING BLEND LOTION MARSHMALLOW 370 ML,1776526
ايفا ريسبي لوشن 370 مل مارشميلو عرض,OPTIMUM CARE RECIPE HYDRATING BLEND LOTION MARSHMALLOW 370 ML OFFER,2631154
ايفا ريسبي لوشن 370 مل موكا,OPTIMUM CARE RECIPE HYDRATING BLEND LOTION MOCHA 370 ML,2130196
ايفا ريسيبي كريم الاستحمام برائحه التوت 370 مل,EVA RECIPE SHOWER CREAM ROSEBERRY SCENT 370 ML,2131299
ايفا ريسيبي كريم الاستحمام برائحه الخوخ 370 مل,EVA RECIPE SHOWER CREAM BEACH SCENT 370 ML,2462700
ايفا ريسيبي كريم الاستحمام برائحه الفانيليا 370 مل,EVA RECIPE SHOWER CREAM VANILLA SCENT 370 ML,2131301
ايفا ريسيبي كريم الاستحمام برائحه المارشميلو 370 مل,EVA RECIPE SHOWER CREAM MARSHMULLO SCENT 370 ML,2130619
ايفا ريسيبي كريم الاستحمام برائحه الموكا 370 مل,EVA RECIPE SHOWER CREAM MOCHA SCENT 370 ML,2131284
ايفا زيت الو ايفا 85 مل صبار وزيت الارجان,EVA ALOE STRENGTHENING HAIR OIL WITH ALOE VERA MOROCCAN ARGAN OIL 85 ML,2602175
ايفا زيت شعر صبار وخلاصه الاملا 255 مل خصم 10 % 0,EVA ALOE EVA STRENGTHENING HAIR OIL WITH ALOE VERA AMLA EXTRACT 255 ML,2602173
ايفا زيت شعر صبار وزيتون 170 مل,EVA ALOE EVA STRENGTHENING HAIR OIL WITH ALOE VERA OLIVE OIL 170 ML,2131649
ايفا زيت صبار 170 مل,EVA ALOE EVA HAIR OIL WITH ALOE VERA 170 ML,2602172
ايفا زيت صبار 255 مل,EVA ALOE EVA HAIR OIL WITH ALOE VERA 250 ML,2131145
ايفا زيت صبار 85 مل,EVA ALOE EVA HAIR OIL WITH ALOE VERA 85 ML,2131146
ايفا زيت صبار واملا 170 مل عرض,EVA ALOE EVA STRENGTHENING HAIR OIL WITH ALOE VERA AMLA EXTRACT 170 ML OFFER,2602174
ايفا زيت صبار واملا 255 مل,EVA ALOE EVA STRENGTHENING HAIR OIL WITH ALOE VERA AMLA EXTRACT 170 ML,1776538
ايفا سكين كلينك سيرم للوجه 30 مل بالنياسيناميد,EVA NIACINAMIDE FACIAL SERUM 30 ML,2438795
ايفا سكين كلينك سيرم للوجه 30 مل فيتامين سي,EVA VITAMINE C FACIAL SERUM 30 ML,2131007
ايفا سكين كلينك سيرم للوجه 30 مل هيالورونيك,EVA HYALURONIC FACIAL SERUM 30 ML,1776560
ايفا سكين كلينك سينسيز سكرب لليدين 50 مل سمر تويست,EVA SKIN CARE SENSES HAND SCRUB SUMMER TWIST 50 ML,2183995
ايفا سكين كلينك غسول ومقشر وجه 150 مل فيتامين سي,EVA SKIN CLINIC VITAMIN C FACIAL WASH AND EXFOLIATOR 150 ML,2131647
ايفا سكين كلينك قناع اكياس باللؤلؤ 3 شيت,EVA SKIN CLINIC PEARL SHEET MASK 3 SHEETS,1943195
ايفا سكين كلينك وايت بيرل كريم تفتيح ليلي 50 جم,EVA SKIN CLINIC WHITE PEARL NIGHT CREAM 50 ML,2131646
ايفا سكين كلينيك غسول 150 مل لحب الشباب,EVA SKIN CLINIC ACNE PRONE SKIN FACIAL WASH 150 ML,1776588
ايفا سكين كير سينسيز سكرب لليدين 50 مل ان ذا كلاودز,EVA SKIN CARE SENSES HAND SCRUB IN THE CLOUDS 50 ML,2184000
ايفا سكين كير سينسيز كريم الاستحمام 250 مل ان ذا كلاودز,EVA SKIN CARE SENSES SHOWER CREAM IN THE CLOUDS 250 ML,1975299
ايفا سكين كير سينسيز كريم الاستحمام 250 مل سمر تويست,EVA SKIN CARE SENSES MOISTURIZING SHOWER CREAM SUMMER TWIST 250 ML,1940108
ايفا سكين كير سينسيز كريم مرطب لليدين 60 مل جولد سبيل,EVA SKIN CARE SENSES HAND CREAM GOLD SPELL 60 ML,2672924
ايفا سموكر معجون اسنان 50 مل بالفحم,EVA SMOKERS TOOTHPASTE CHARCOAL 50 GM,2074661
ايفا سموكر معجون اسنان 50 مل بالمنتول,EVA SMOKERS TOOTHPASTE MENTHOL 50 GM,2131159
ايفا سموكرز بودره بالقرنفل / بمبي,EVA SMOKER TOOTH POWDER WITH CLOVE 40 ML,2674973
ايفا سموكرز بودره للفم بالفحم 40 مل,EVA SMOKER TOOTH POWDER WITH CHARCOL 40 ML,1401333
ايفا سموكرز بودره للفم بالنعناع 40 مل,EVA SMOKER TOOTH POWDER WITH MENTHOL 40 ML,2129839
ايفا سيرم جولد ارجان 90 مل لجميع انواع الشعر,EVA HAIR CLINIC GOLD ARGAN SERUM 90 ML,1666994
ايفا سينسز سيرم للجسم 150 مل سمر تويست,EVA SUMMER TWIST BODY SERUM 150 ML,2562215
ايفا سينسز سيرم للجسم 150 مل كوزي دريم,EVA COSY DREAM BODY SERUM 150 ML,2562183
ايفا سينسز سيرم للجسم 150 مل مورنينج بلوسوم,EVA MORNING BLOSSOM BODY SERUM 150 ML,2562214
ايفا شامبو اي كيراتين 230 مل لجميع انواع الشعر,EVA E KERATIN SHAMPOO FOR ALL HAIRS 230 ML,1459748
ايفا شامبو اي كيراتين 230 مل مرطب ضد القشره,EVA E KERATIN MOISTURIZING ANTI DANDRUFF SHAMPOO 230 ML,2131387
ايفا شامبو بزيت الارجان والصبار 230 مل مقوي للشعر,ALOE EVA HAIR SHAMPOO WITH ALOE VERA AND MOROCCAN ARGAN OIL 230 ML,1776577
ايفا شاور جل 1000 مل رويال ايسلاند موف,EVA ROYAL ISLAND SHOWER GEL 1 LITRE,2131231
ايفا شاور جل 1000 مل سبرنج بلوسوم برتقالي,EVA SPRING BLOSSOM SHOWER GEL 1 LITRE,2131232
ايفا شاور جل 1000 مل ناتشورال ديلايت اخضر,EVA SKIN CARE SHOWER GEL NATURE DELIGHT 1000 ML,2131233
ايفا صابون جلسرين 120 مل بالليمون اخضر,EVA GLYCERIN SOAP 120 ML LEMON,1861113
ايفا صابون جلسرين 120 مل جميع انواع البشره,EVA SKIN CARE GLYCERIN SOAP FOR ALL SKIN TYPES 120 GM,1778125
ايفا صابون جلسرين بالعسل 100 جم برتقالي,EVA GLYCERIN SOAP 100 ML HONEY,2168936
ايفا صن اند سي افتر لوشن 150 مل,EVA SUN SEA AFTER SUN LOTION 150 ML,1776578
ايفا صن اند سي بخاخ لحمايه الشعر + 15 200 مل,EVA SUN SEA HAIR SUN PROTECTION SPRAY SPF 15 200 ML,2130544
ايفا صن اند سي بخاخ لوشن 200 مل اطفال 50 حمايه,EVA SUN SEA KIDS SUNSCREEN SPRAY LOTION SPF 50 200 ML,1776583
ايفا صن اند سي كريم للوجه بمعامل حمايه + 50 ملون 40 مل,EVA SUN SEA FACE TINTED SUNSCREEN 40 ML,2131020
ايفا عنايه تصحيحيه للبشره المعرضه لحب الشباب 20 مل,EVA SKIN CLINIC ACNE PRONE SKIN CORRECTIVE CARE CREAM 20 ML,1776545
ايفا غسول للوجه 150 مل بالزبادي والخيار للبشره الدهنيه,EVA SKIN WAH WITH CUCUMBER 150 ML,2161170
ايفا غسول للوجه 150 مل بروتينات البن,EVA FACIAL WASH AND MAKE UP REMOVER WITH MILK PROTEINS 150 ML,2270770
ايفا غسول للوجه 150 مل للبشره الجافه بالجلسرين,EVA SKIN CARE FACE WASH WITH GLYCERIN DRY SKIN 150 ML,1852167
ايفا غسول لليدين 500 مل سبرينج بلوسوم برتقالي,EVA HAND WASH SPRING BLOSSOM 500 ML,2562175
ايفا غسول لليدين 500 مل ناتشورال ديلايت اخضر,EVA HAND WASH NATURAL DELIGHT 500 ML,2168941
ايفا غسول مقشر للوجه 150 مل بالعسل,EVA SKIN CARE EXFOLIATING FACE WASH WITH HONEY SOAP FREEE 150 ML,2672495
ايفا غسول هيالورونيك 150 مل,EVA HYALURONIC ACID FACIAL WASH 160 ML,2673177
ايفا كريم بشره جلسرين كبير 170 جم,EVA SKIN CREAM WITH GLYCERIN 170 GM,1400006
ايفا كريم بشره جلسرين وسط 55 جم,EVA SKIN CREAM WITH GLYCERIN 55 GM,1399997
ايفا كريم بشره خيار صغير 20 جم,EVA SKIN CREAM WITH CUCUMBER 20 GM,1400001
ايفا كريم بشره خيار كبير 170 جم,EVA SKIN CREAM WITH CUCUMBER 170 GM,1400002
ايفا كريم بشره خيار وسط 55 جم,EVA SKIN CREAM WITH CUCUMBER 55 GM,1400003
ايفا كريم بشره سوفت بالصبار 50 جرام,EVA SKIN CARE SOFT MOISTURIZING CREAM WITH ALOE VERA 50 GM,2131443
ايفا كريم بشره صبار وبانثينول صغير 20 جم,EVA SKIN CREAM WITH ALEOVERA AND PANTHENOL 20 GM,1989861
ايفا كريم بشره صبار وبانثينول كبير 170 جم,EVA SKIN CREAM WITH ALEOVERA AND PANTHENOL 170 GM,1977561
ايفا كريم بشره صبار وبانثينول وسط 55 جم,EVA SKIN CREAM WITH ALEOVERA AND PANTHENOL 55 GM,1989860
ايفا كريم بشره عسل صغير 20 جم,EVA SKIN CREAM WITH HONEY 20 GM,1399999
ايفا كريم بشره عسل كبير 170 جم,EVA SKIN CREAM WITH HONEY 170 GM,1400512
ايفا كريم بشره عسل وسط 55 جرام,EVA SKIN CREAM WITH HONEY 55 GM,2603473
ايفا كريم شعر 185 جم صبار كبير,ALOE VERA HAIR CREAM BY ALOE VERA 185 G,1400049
ايفا كريم شعر 185 جم عسل كبير,ALOE VERA HAIR CREAM BY HONNY 185 G,1399987
ايفا كريم شعر 45 جم صبار صغير,ALOE VERA HAIR CREAM BY ALOE VERA 85 G,2380300
ايفا كريم شعر 45 جم عسل صغير,ALOE VERA HAIR CREAM BY HONNY 45 G,1776611
ايفا كريم شعر 85 جم صبار وسط,ALOE VERA HAIR CREAM BY ALOE VERA 85 G,1431978
ايفا كريم شعر 85 جم عسل وسط,ALOE VERA HAIR CREAM BY HONNY 85 G,1401220
ايفا كريم مزيل للزوائد الجلديه 13 جم,EVA SKIN CARE CUTICLE REMOVER CREAM 13 GM,2131289
ايفا كلينك بلسم جولد ارجان 230 مل انبوبه,EVA HAIR CLINIC GOLD ARGAN CONDITIONER 230 ML,1992119
ايفا كلينك بلسم للاطفال بالزيوت الطبيعيه 200 مل,EVA CLINIC BÉBÉ CONDITIONER WITH NATURAL OILS 200 ML,2130119
ايفا كلينك بيبي شامبو للاطفال 0 12 بالكاموميل والعسل 200 مل,EVA EVA CLINIC BEBE SHAMPOO 0 12 MONTHS 200 ML,2129872
ايفا كلينك بيبي شامبو للاطفال 12 36 بالكاموميل والعسل 200 مل,EVA CLINIC BÉBÉ EVA CLINIC BEBE SHAMPOO 12 36 200 ML,1776507
ايفا كلينك شامبو جولد ارجان 230 مل انبوبه,EVA HAIR CLINIC GOLD ARGAN HAIR SHAMPOO 230 ML,2219787
ايفا كلينيك بيبي شاور كريم 200 مل,EVA CLINIC BEBE SHOWER CREAM WITH NATURAL OILS 200 ML,2130804
ايفا كولاجين سكين كلينيك كريم مرطب للشباب البشره + 20 50 مل,EVA SKIN CLINIC COLLAGEN MOISTURIZING CREAM + 20 50 ML,2625888
ايفا كولاجين سيرم لتصحيح التجاعيد 30 مل,EVA SKIN CLINIC COLLAGEN SERUM 40,2396522
ايفا كولاجين غسول للوجه 150 مل,EVA SKIN CLINIC COLLAGEN FACIAL WASH 150 ML,1451142
ايفا كولاجين كريم خطوط رفيعه + 30 50 مل,EVA SKIN CLINIC FINE LINE FILLER CREAM WITH COLLAGEN 30 + AGE,1400228
ايفا كولاجين كريم للبقع وشد البشره + 50,EVA SKIN CLINIC COLLAGEN ANTI AGEING 50 ML,1399852
ايفا كولاجين كريم مصحح للتجاعيد نهاري 50 مل,EVA COLLAGEN GOLD WRINKLE CORRECTOR CREAM 50 ML,1981867
ايفا كولاجين مزيل مكياج 150 مل,EVA MAKEUP REMOVER COLLAGEN FOR EYES AND LIPS 150 ML,1852162
ايفا كيرياتين امبول 7 مل,EVA HAIR CLINIC KERATIN AMPOULES 7 ML,1776474
ايفا كيرياتين بديل الزيت 190 مل,EVA HAIR CLINIC E KERATIN OIL REPLACEMENT 190 ML,1852794
ايفا كيرياتين حمام كريم 200 جم,EVA E KERATIN HAIR STRENGTHENING AND CONDITIONING MASK 200 ML,1776478
ايفا كيرياتين سيرم 100 مل,EVA HAIR CLINIC EKERATIN DUAL ACTION HAIR SERUM 100 ML,2358665
ايفا كيرياتين كريم تصفيف الشعر 200 مل,EVA HAIR CLINIC KERATIN LEAVE IN CREAM 200 ML,1776480
ايفا ليب بالم 4 جم بطيخ,EVA SKIN CARE SENSES LIP BALM FRESH WATERMELON 4 GM,1776528
ايفا ليب بالم 4 جم توت بري,EVA SKIN CARE SENSES LIP BALM WILD RASPBERRY 4 GM,1776529
ايفا ليب بالم 4 جم فانيليا و جوزهند,EVA SKIN CARE SENSES LIP BALM VANILLA COCONUT 4 GM,1776530
ايفا ليب بالم 4 جم كرز,EVA SKIN CARE SENSES LIP BALM SWEET CHERRY 4 GM,1776531
ايفا ماء ورد 100 مل,EVA SKIN CARE ROSE WATER FACE TONIC 100 ML,1400012
ايفا هير حمام كريم جولد ارجان 200 جرام,HAIR CLINIC GOLD ARGAN MASK WITH GOLD AND ARGAN OIL WHITE 200 G,2452054
ايفا هير كلينك كيرلز بلسم 230 مل شيا وكتان,EVA SHEA BUTTER LINSEED DEEP HUG CURLS CONDITIONER 230 ML,1776634
ايفا هير كلينك كيرلز كريم تصفيف 200 مل شيا وكتان,EVA HAIR CLINIC CURLS CREAM 200 ML,1776636
ايفا وان عادي 90 جرام,ONE HAIR REMOVAL CREAM IN THE SHOWER LANOLIN FOR NORMAL SKIN 90 GM,1399993
ايفا وان عسل 125 جم كبير,ONE HAIR REMOVAL CREAM IN THE SHOWER LANOLIN FOR DRY SKIN HONNY 120 GM,1779709
ايفابراجين 5 مجم 30 اقراص,IVABRAGIN 5 MG 30 TABS,2192413
ايفاتار كريم بديل ميبو 88,BIODERMA PHOTODERM AFTER SUN GEL CREAM 200 ML,2378431
ايفازلين برطمان صغير 35 مل,EVASILINE CREAM WITH PETROLEUM JELLY 35 GM,1400010
ايفازلين برطمان وسط 70 جم,EVASILINE CREAM WITH PETROLEUM JELLY 70 GM,1400013
ايفاستين 10 مجم 20 اقراص,EVASTINE 10 MG 20 F.C.TAB.,2315005
ايفاستين 5 مجم / 5 مل شراب 100 مل,EVASTINE 5 MG / 5 ML SYRUP 100 ML,902416
ايفاكيولاكس 20 اقراص,EVACULAX 20 F.C. TABS.,2312592
ايفال كير كريم لحب الشباب 30 جم,EVAL CARE CREAM FOR ACNE 30 GM,2499762
ايفالكس 30 كبسول,EFALEX 30 CAPS.,2254862
ايفالكس شراب 120 مل,EFALEX SYRUP 120 ML,2558215
ايفانوتريرم 8 / 90 60 اقراص,,2486985
ايفانيو تريم 90 / 8 مجم 60 اقراص علبه صغيره,MAX AVENO 50 GM CREAM,2514833
ايفانيوتريم 120 اقراص,EVANEOTRIM 120 EXT. F.C. TABS,2541426
ايفرزين 1 % كريم 30 جم,IVERZINE 1 % CREAM 30 GM,2291952
ايفرزين 1 % لوشن 60 مل,IVERZINE 1 % LOTION 60 ML,1737929
ايفرزين 6 مجم 24 اقراص,IVERZINE 6 MG 24 TABS.,906631
ايفرست صابون تفتيح 100 جم,EVEREST LIGHTENING SOAP 100 GM,2553289
ايفرست صابون للبشره الحساسه والجافه 100 جم,EVEREST CLEANSING SOAP FOR SENSITIVE AND DRY 100 GM,2499763
ايفري ستراند بلسم 399 مل شيا وجوز هند,EVERY STRAND SHEA BUTTER + COCCONUT CONDITIONER 399 ML,1776648
ايفريوث اسبري,EVERYOUTH FACIAL MASK 200 GM,2558974
ايفريوث غسول للبشره,EVERYOUTH FACIAL MASK 200 GM,2558980
ايفكسور اكس ار 150 مجم 14 كبسول,EFEXOR XR 150 MG 14 CAPS.,902429
ايفكسور اكس ار 75 مجم 14 كبسول,EFEXOR XR 75 MG 14 CAPS.,2453629
ايفو ستارك 30 اقراص,IVO STARK 30 TABS,2140507
ايفو سول كير 10.000 وحده 30 اقراص,IVO SOL CARE 10.000 IU 30 TAB,1546362
ايفوثايم شراب 100 مل,IVOTHYME SYRUP 100 ML,2382727
ايفورين 10 اكياس,IVOREEN 10 SACHETS,2448310
ايفورين 30 كبسول,IVOREEN 30 CAPS,2099966
ايفي اسيتيل سيستين شراب 100 مل,IVY ACETYL CYSTEINE SYRUP 100 ML,2453630
ايفي اميبريز شراب,IVY CO SYRUP,2252686
ايفي ايه شراب 100 مل,IVY A SYRUP 100 ML,1676267
ايفي بابل شراب 120 مل,IVY BUBBLE SYRUP 120 ML,1546367
ايفي باكسال شراب 120 مل,IVY PAXAL SYRUP 120 ML,2447108
ايفي براسينو شراب 120 مل,IVY PRASINO SYRUP 120 ML,1674468
ايفي برونش شراب 120 مل,IVY BRONCH SYRUP 120 ML,2252526
ايفي زاد 120 مل شراب,IVY ZAD 120 ML SYRUP,2146276
ايفي سيروب شراب 120 مل,IVY SYRUP 120 ML,2296808
ايفي سيست شراب 100 مل,IVY CYST 100 ML SYRUP,2336973
ايفي شارك شراب 120 مل,IVY SHARK SYRUP 120 ML,1510713
ايفي فالكون,IVY FALCON SYRUP 120 ML,2682684
ايفي فالكون شراب 120 مل,IVY FALCON SYRUP 120 ML,2626922
ايفي كان شراب 120 مل,IVYCAN SYRUP 120 ML,2146376
ايفي ماكس شراب 120 مل,IVY MAX SYRUP 120 ML,1403757
ايفي ميديوم شراب 120 مل,IVYMEDIUM SYRUP 120 ML,2385076
ايفي نستيم شراب 120 مل,IVY NISTEM 120 ML SYRUP,2466241
ايفي نيوترا شراب 120 مل,IVY NUTRA SYRUP 120 ML,1766597
ايفي هونتا شراب,IVY BUTA SYRUP,2342727
ايفي هيرب شراب 120 مل,IVY HERB SYRUP 120 ML,2674834
ايفيبتو 120 مل شراب,,2682770
ايفيبتو شراب,,2672782
ايفيبرونت 0.84 مجم شراب 120 مل,IVYPRONT 0.84 GM SYRUP 120 ML,902424
ايفيبريك شراب 120 مل,IVYBREK SYRUP 120 ML,2252688
ايفيجاد 150 مجم 28 كبسول,EFFEGAD 150 MG 28 E.R.CAP,2497225
ايفيجاد 75 مجم 14 كبسول,EFFEGAD 75 MG 14 E.R.CAPS.,2097633
ايفير يوث امبولات ضد تساقط الشعر 6 امبول 10 مل,EVER YOUTH ANTI HAIR LOSS VAIL 6 VAIL 10 AMP,2558976
ايفير يوث سيرم ضد علامات تقدم السن 30 مل,EVER YOUTH DETOX ANTI AGING SERUM 30 ML,2558978
ايفير يوث شامبو ضد القشره 200 مل,EVER YOUTH ANTI DANDRUFF SHAMPOO 200 ML,2558979
ايفير يوث كريم للتجاعيد 50 جم,EVER YOUTH ANTI AGING ANTI WRINKLE CREAM 50 GM,2558975
ايفير يوث كريم للعين 30 جم,EVER YOUTH EYE CREAM 30 GM,2558977
ايفير يوث لوشن ضد القشره 100 مل,EVER YOUTH ANTI DANDRUFF LOTION 100 ML,2558982
ايفير يوث ماسك ضد علامات تقدم السن 200 مل,EVER YOUTH ANTI AGING PEEL OFF FACIAL MASK 200 GM,2558983
ايفير يوث ماسك للشعر 250 مل,EVER YOUTH HAIR MASK 250 ML,2558984
ايفيراسيم شراب,IVYRICYM SYRUP,2544618
ايفيروسبان شراب 100 مل,IVYROSPAN SYRUP 100 ML,902427
ايفيسيز شراب 120 مل,IVYCEASE SYRUP 120 ML,2328036
ايفيكتنيكس 5 مجم 20 اقراص,EFECTINIX 5 MG 20 TABS.,2609420
ايفيكتورين 40 مجم 20 اقراص,EFFECTURIN 40 MG 20 F.C. TABS,2219826
ايفيكتورين 80 مجم 20 اقراص,EFFECTURIN 80 MG 20 F.C. TABS,2647103
ايفيميجانو ان شراب 120 مل,IVYMEGANO N SYRUP 120 ML,2499764
ايفيميجانو شراب 120 مل,IVYMEGANO SYRUP 120 ML,2499765
ايفيميون شراب 120 مل,IVYMUNE SYRUP 120 ML,1688598
ايفينتول شراب 120 مل,IVYNTOL SYRUP 120 ML,2435493
ايفينزو شراب 120 مل,IVYNZO SYRUP 120 ML,2143665
ايكاتلارم كريم,,2646905
ايكاندرا 50 مجم 30 اقراص,ICANDRA 50 MG 30 TAB.,1124404
ايكاندرا بلس 1000 / 50 مجم 30 اقراص,ICANDRA PLUS 50 / 1000 MG 30 F.C. TABS.,902432
ايكانوبرام 10 مجم 14 اقراص,ECANOPRAM 10 MG 14 F.C. TABS,1652977
ايكانوبرام 20 مجم 14 اقراص,ECANOPRAM 20 MG 14 F.C. TABS,2510357
ايكسارونت 2.5 مجم 30 اقراص,IKSARONT 2.5 MG 30 F.C. TABS.,901904
ايكوتو 20 قطعه,ECOTO 20 PIECES,2146178
ايكوزاليب 1 جم 20 كبسول,ICOSALIP 1 GM 20 CAPS,2312597
ايكوف كريم 50 جم,ECOFF TOP. CREAM 50 GM,1738648
ايكولا 30 اقراص,ECOLLA 30 TAB,2501057
ايكوليس 30 كبسول,ICOLESS 30 CAPSULES,2173606
ايكوموف 30 اقراص 290,ICOMOVE 30 TABS,2671938
ايكون جهاز نيبولايز,ICON NEBULIZER,2175146
ايكوهوب 30 اقراص,ICOHOP 30 TAB,2173607
ايلاربيك 20 مجم 20 اقراص,ELARPIC 20 MG 20 F.C.TABS,902434
ايلاستو كولاجين صابون تفتيح بالكولاجين,ELASTO PLUS ADHESIVE COMPRESSION BANDAGE 7 CM,2169787
ايلانوجلو 30 قرص,ELANOGLO 30 F.C. TABS,1159696
ايلاي ايزو بخاخ 70 مل,ELAY ISO SPRAY 70 ML,2421664
ايلاي بخاخ 120 مل,ELAY SPRAY 120 ML,2146841
ايلاي هيرتونيك 120 م,ELAY SPRAY 120 ML,2645948
ايلاينر بريتي ومان ثابت,SHEGLAM PRO PRECISION EYELINER,2562190
ايلكويس 2.5 م / 20 اقراص / غالي 325,ELIQUIS 2.5 MG 20 F.C. TABS.,2681793
ايلوكورتين 0.1 % كريم 15 جم,ELOCORTIN 0.1 % CREAM 15 GM,2566212
ايلوكورتين بلس كريم 15 جم,ELOCORTIN PLUS CREAM 15 GM,2682638
ايلوكورتين بلس كريم 15 مجم,ELOCORTIN PLUS CREAM 15 GM,2321392
ايلون بلسم شعر 200 مل,ELONE HAIR CONDITIONER 200 ML,2475127
ايلون بلسم ماسك للشعر 250 مل,ELONE DEE CODITIONING HAIR MASK 250 ML,2468760
ايلون شامبو كيراتين 200 مل,ELONE KERATIN SHAMPOO 200 ML,2435499
ايلون كريم 2 X 1 للشعر بالكيراتين 120 مل 310,ELONE HAIR CREAM WITH KERATIN 120 ML,2604899
ايلون كريم كيراتين 120 مل,ELONE HAIR CREAM WITH KERATIN 120 ML,2365810
ايلوندا 0.5 مجم 2 اقراص,ELONDA 0.5 MG 2 TAB.,902011
ايليا جل لعلاج حب الشباب 60 جم,ILIA 60 GM ACNE BRONE GEL,2300372
ايليفيت بروناتال 30 اقراص,ELEVIT PRONATAL 30 F.C. TABS.,2217096
ايليكس دي بلس نقط للبيبي 30 مل,ILEX D PLUS BABY DROPS 30 ML,2539794
ايليكس يست 20 اقراص,ILEX YEAST 20 TAB,2549227
ايما اورثو فرشه اسنان سوفت,EMA ORTHO TOOTHBRUSH SOFT,2362114
ايما اورثو فرشه اسنان ميديم,EMA ORTHO TOOTHBRUSH MEDIUM,2362113
ايما اورثو فرشه اسنان هارد,EMA ORTHO TOOTHBRUSH HARD,2362111
ايما فرشاه اسنان اقتصادي فاميلي 3 قطع,EMMA PROFESSIONAL FAMILY ECONOMY TOOTHBRUSH 3 PIECES,2130038
ايما فرشه اسنان اطفال توينكل,EMMA TWINKLE KIDS PROFESSIONAL TOOTHBRUSH,2129819
ايما فرشه اسنان اطفال دولفين,EMMA DOLPHIN KIDS PROFESSIONAL TOOTHBRUSH,1778498
ايما فرشه اسنان اطفال لافلي كيدز,EMMA LOVELY KIDS PROFESSIONAL TOOTHBRUSH,1778499
ايما فرشه اسنان كبار بوكيت سوفت,EMMA POCKET TOOTHBRUSH FOR ADULT SOFT,1778500
ايما فرشه اسنان كبار بوكيت ميديم,EMMA POCKET TOOTHBRUSH FOR ADULT MEDIUM,1778501
ايما فرشه اسنان كبار بوكيت هارد,EMMA POCKET TOOTHBRUSH FOR ADULT HARD,1778502
ايما فرشه اسنان كبار توتال كير سوفت,EMMA TOTAL CARE TOOTHBRUSH FOR ADULT SOFT,1778506
ايما فرشه اسنان كبار توتال كير ميديم,EMMA TOTAL CARE TOOTHBRUSH FOR ADULT MEDIUM,1778507
ايما فرشه اسنان كبار توتال كير هارد,EMMA TOTAL CARE TOOTHBRUSH FOR ADULT HARD,1778508
ايما فرشه اسنان كبار سوبر ميديم,EMMA SUPER TOOTHBRUSH FOR ADULT MEDIUM,1993991
ايما فرشه اسنان كبار سوبر هارد,EMMA SUPER TOOTHBRUSH FOR ADULT HARD,2131711
ايما فرشه اسنان كبار فحم مديم,EMMA CHARCOAL TOOTHBRUSH FOR ADULT MEDIUM,1983824
ايما فرشه اسنان كبار فحم هارد,EMMA CHARCOAL TOOTHBRUSH FOR ADULT HARD,1778511
ايما فرشه اسنان كبار كنترول سوفت 2 قطعه,EMMA CONTROL TOOTHBRUSH FOR ADULT SOFT 2 PCS,1778505
ايما فرشه اسنان كبار مارجين هارد,EMMA MARGIN TOOTHBRUSH FOR ADULT HARD,1778522
ايما فرشه اسنان كبار مارجين هارد 2 قطعه,EMMA MARGIN TOOTHBRUSH FOR ADULT HARD 2 PCS,1778524
ايما فرشه اسنان كبار وايتينج سوفت,EMMA WHITEING TOOTHBRUSH FOR ADULT SOFT,1778525
ايما فرشه اسنان كبار وايتينج هارد,EMMA WHITEING TOOTHBRUSH FOR ADULT HARD,1778526
ايما فرشه اسنان مارجين للكبار ميديم,EMMA TOOTHBRUSH MARGINE FOR ADULT MEDIUM,1778521
ايما كنترول فرشه اسنان ميديم,EMA CONTROL TOOTHBRUSH MEDIUM,2362110
ايما كنترول فرشه اسنان هارد,EMA CONTROL TOOTHBRUSH HARD,2362112
ايماكس كريم مساج 50 جم,EMAX MASSAGE CREAM 50 GM,1084807
ايمامي 7 * 1 زيت للشعر 100 مل,EMAMI 7 OILS IN 1 HAIR OIL 100 ML,1878610
ايمامي 7 * 1 زيت للشعر 200 مل,EMAMI 7 OILS IN 1 HAIR OIL 200 ML,1656592
ايمامي 7 * 1 زيت للشعر 50 مل,EMAMI 7 OILS IN 1 HAIR OIL 50 ML,1755977
ايمامي 7 1 زيت للشعر باللوز 200 مل,EMAMI 7 OILS IN ONE ALAMOND HAIR OIL 200 ML,2560732
ايمامي 7 1 زيت للشعر بجوز الهند 200 مل,EMAMI 7 OILS IN 1 COCONUT HAIR OIL 200 ML,2560733
ايمانا 10 اكياس,EMANA 10 SACHET,2254773
ايمباكوزا 10 مجم 30 اقراص,EMPACOZA 10 MG 30 F.C.TABS,1739027
ايمباكوزا 25 مجم 30 اقراص,EMPACOZA 25 MG 30 F.C.TABS.,1739031
ايمباكوزا بلس 10 / 5 مجم 30 اقراص,EMPACOZA PLUS 10 / 5 MG 30 F.C TABS,1464785
ايمباكوزا بلس 25 / 5 مجم 30 اقراص,EMPACOZA PLUS 25 / 5 MG 30 F.C TABS,1552492
ايمباكوزا تريو 10 / 5 / 1000 مجم 30 اقراص,EMPACOZA TRIO 10 / 5 / 1000 MG 30 F.C TABS,1310844
ايمباكوزا تريو 25 / 5 / 1000 مجم 30 اقراص,EMPACOZA TRIO 25 / 5 / 1000 MG 30 F.C TABS,2468771
ايمباكومبوميت 1000 / 12.5 مجم 30 اقراص,EMPACOMBOMET XR 12.5 / 1000 MG 30 TAB,2306132
ايمباكومبوميت 1000 / 25 مجم 30 اقراص,EMPACOMBOMET 25 / 1000 MG 30 TAB,2673453
ايمبرامين 25 ق,IMIPRAMINE 25 MG 50 TAB.,2683288
ايمبير ج 30 اقراص,EMPIR G 30 TAB,2499183
ايمند 125 مجم + 80 مجم كبسول 1032,EMEND 125 MG 1 CAPSULE + 80 MG 2 CAPSULE,2674169
ايمو سوفت كريم 15 جم,EMO SOFT CREAM 15 GM,902449
ايمو سوفت كريم 30 جم,EMO SOFT CREAM 30 GM,2587981
ايموفورم معجون اسنان 50 مل اخضر,EMOFORM F GREEN TOOTHPASTE 50 ML,1821763
ايموفورم معجون اسنان 50 مل ازرق,EMOFORM F BLUE TOOTHPASTE 50 ML,1821764
ايموكريتا كريم 50 جم,EMOCRETA CREAM 50 GM,2499766
ايموكس 125 مجم / 5 مل شراب 80 مل,E MOX 125 MG / 5 ML SUSP. 80 ML,2559977
ايموكس 250 مجم / 5 مل شراب 80 مل,E MOX 250 MG / 5 ML SUSP. 80 ML,2084918
ايموكس 500 مجم 16 كبسول,E MOX 500 MG 16 CAPS.,2473769
ايموكسكلاف 1 جم 10 اقراص,E MOXCLAV 1 G 10 F.C. TAB.,2468776
ايموكسكلاف 156 مجم / 5 مل شراب 60 مل,E MOXCLAV 156 MG / 5 ML SUSP. 60 ML,902453
ايموكسكلاف 228.5 مجم شراب 75 مل,E MOXCLAV 228.5 MG DRY SUSP. 75 ML,902454
ايموكسكلاف 312 مجم / 5 مل شراب 60 مل,E MOXCLAV 312 MG / 5 ML DRY MIX FOR ORAL SUSP. 60 ML,902456
ايموكسكلاف 375 مجم 10 اقراص,E MOXCLAV 375 MG 10 F.C. TAB.,1841259
ايموكسكلاف 457 مجم 70 مل,E MOXCLAV 457 MG SUSP. 70 ML,2190851
ايموكسكلاف 625 م اقراص,E MOXCLAV 625 MG 10 TAB.,2680569
ايموكسكلاف 625 مجم 10 اقراص,E MOXCLAV 625 MG 10 TAB.,2143905
ايموكسكلاف 625 مجم 10 اقراص 83,E MOXCLAV 625 MG 10 TAB.,2683209
ايموكسكلاف 625 مجم 10 ق جديد 83,E MOXCLAV 625 MG 10 TAB.,2680904
ايموكسكلاف 642 شراب,E MOXCLAV 642.9 MG / 5 ML SUSP. 75 ML,2647038
ايموكسكلاف 642.9 مجم / 5 مل شراب 75 مل,E MOXCLAV 642.9 MG / 5 ML SUSP. 75 ML,1773199
ايمولان كريم مرطب 50 جم,EMOLLAN CREAM 50 GM,1019321
ايميجين كريم 50 جم,IMYGIN CREAM 50 GM,2191697
ايميرست 4 مجم / 2 مل 2 امبول,EMEREST 4 MG / 2 ML 2 AMP,2159297
ايميرست 4 مجم / 2 مل 5 امبول,EMEREST 4 MG / 2 ML 5 AMP.,1614471
ايميرو اقراص,EMIRO TABS,2448960
ايميروزا لوشن للشعر 120 مل,EMMYROSA HAIR LOTION 120 ML,2541272
اينافيت كبسول حديد س 250,UNOVIT SYRUP 120 ML,2637272
اينوديب 30 كبسول,INODEP 30 CAPS,1877778
اينوفير 10 اكياس,INNOFER 10 SACHETS,2630241
اينوفير 30 اقراص,INNOFER IMMU 30 TAB,2630243
اينوفير اميو 30 اقراص,INNOFER IMMU 30 TAB,1606353
ايه ام جينكو 30 اقراص,A M GINKO 30 TABS,2255442
ايه اي جي 150,AIG D 3 SPRAY,2602194
ايه اي جي 21 ق كبير 296,AIG IRON 30 CAPS,2674168
ايه اي جي ايزميبرازول 40 مجم 28 كبسوله 2 شريط,AIG ESOMEPRAZOLE 40 MG 28 CAPSULES 2 STRIPS,2435517
ايه اي جي ايزميبرازول 40 مجم 28 كبسوله 4 شرائط,AIG ESOMEPRAZOLE 40 MG 28 CAPSULES 4 STRIPS,2376218
ايه بي سي مالتيفيت شراب 100 مل,APC MULTIVIT SYRUP 100 ML,2645951
ايه بي سي وايتنج كريم,APC ALCOHOL SPRAY,1766631
ايه زد كير كريم,AZ PANTHENOL CREAM 30 GM,2150413
ايه سي ام ديبي وايت جل لمحيط العين 15 مل,ACM DEPIWHITE EYE CONTOUR GEL 15 ML,2262825
ايه سي ام سيبيونكس غسول جل 200 مل,ACM SEBIONEX CLEANSING GEL 200 ML,2521820
ايه سي ام سيبيونكس هيدرا كريم 40 مل,ACM SEBIONEX HYDRA 40 ML,2262827
ايه يو جي ديرما بانثينول كريم 30 جم,AUG DERMA PANTHENOL CREAM 30 GM,2344019
ايه يو جي ديرما بروكير كريم 15 جم,AUG DERMA BRUCARE CREAM 15 GM,2145983
ايه يو جي ديرما بروكير كريم 30 جم,AUG DERMA BRUCARE CREAM 30 GM,1802376
ايه يو جي ديرما صن سكرين جل كريم 50 جم,AUG DERMA SUNSCREEN 50 + SPF GEL CREAM 50 GM,2140537
ايوبروست 50 مكجم / مل سنجل دوز 30 امبول,IOPROST 50 MCG / ML EYE DROPS 30 X 0.2 ML SDU,2192456
ايوبروست 50 مكجم / مل قطره 3 مل,IOPROST 50 MCG / ML EYE DROPS 3 ML,902464
ايوكال جل 75,EUCAL GEL 50 GM,2607106
ب 12 اليكس 20 لصقه,B 12 ALEX 20 FILM,2496964
ب 12 ايناد 30 اقراص,B 12 INAD 30 TABLETS,2620445
ب ك ميرز 100 مجم 30 اقراص,PK MERZ 100 MG 30 F.C.TAB,2602196
ب ك ميرز 200 مجم / 500 مل محلول وريد,PK MERZ 200 MG / 500 ML SOL. FOR IV INF,1739051
ب ك ميرز 500 مل محلول,PK MERZ 200 MG / 500 ML SOL. FOR IV INF,2681327
بابال 100 مكجم / مل 5 امبول وريد,PABAL 100 MCG / ML 5 AMP. FOR I.V. INJ.,2093190
بابلز ببرونه حديث الولاده 40 مل روز,BUBLEZ BOTTLE 40 ML,2624758
بابلز ببرونه حديث الولاده 40 مل لبني,BUBLEZ BOTTLE 40 ML,2624759
بابلز ببرونه حديث الولاده 60 مل الوان,BUBBLES CLASSIC MICRO FEED BOTTLE 60 ML,2624756
بابلز ببرونه صغيره 40 مل اخضر,BUBBLES FEEDING BOTTLE WITHOUT HAND 40 ML,2130510
بابلز ببرونه صغيره 40 مل اصفر,BUBBLES BUBBLES FEEDING BOTTLE WITHOUT HAND 40 ML,2624757
بابلز ببرونه كلاسيك ابيض 180 مل,BUBBLES CLASSIC WHITE FEED BOTTLE 180 ML,2624761
بابلز ببرونه كلاسيك ابيض 270 مل,BUBBLES CLASSIC WHITE FEED BOTTLE 270 ML,2624764
بابلز ببرونه كلاسيك بيد روز 180 مل,BUBBLES CLASSIC PINK FEED BOTTLE WITH HAND 180 ML,2624798
بابلز ببرونه كلاسيك بيد روز 270 مل,BUBBLES CLASSIC PINK FEED BOTTLE WITH HAND 270 ML,2624799
بابلز ببرونه كلاسيك بيد لبني 180 مل,BUBBLES CLASSIC BLUE FEED BOTTLE WITH HAND 180 ML,2177034
بابلز ببرونه كلاسيك بيد لبني 270 مل,BUBBLES CLASSIC BLUE FEED BOTTLE WITH HAND 270 ML,2130745
بابلز ببرونه كلاسيك روز 180 مل,BUBBLES CLASSIC PINK FEED BOTTLE 180 ML,2624762
بابلز ببرونه كلاسيك روز 270 مل,BUBBLES CLASSIC PINK FEED BOTTLE 270 ML,2624763
بابلز ببرونه كلاسيك لبني 180 مل,BUBBLES CLASSIC BLUE FEED BOTTLE 180 ML,2624760
بابلز ببرونه كلاسيك لبني 270 مل,BUBBLES CLASSIC BLUE FEED BOTTLE 270 ML,2624765
بابلز ببرونه ناتشورال 280 مل بيد روز,BUBBLES NATURAL PINK FEEDING BOTTLE WITH HAND 280 ML,2627518
بابلز ببرونه ناتشورال ابيض 150 مل,BUBBLES NATURAL WHITE FEEDING BOTTLE 150 ML,2184179
بابلز ببرونه ناتشورال ابيض 280 مل,BUBBLES NATURAL WHITE FEEDING BOTTLE 280 ML,1776678
بابلز ببرونه ناتشورال بيد روز 150 مل,BUBBLES NATURAL PINK FEEDING BOTTLE WITH HAND 150 ML,2131171
بابلز ببرونه ناتشورال بيد لبني 150 مل,BUBBLES NATURAL BLUE FEEDING BOTTLE WITH HAND 150 ML,2131172
بابلز ببرونه ناتشورال بيد لبني 280 مل,BUBBLES NATURAL BLUE FEEDING BOTTLE WITH HAND 280 ML,2627520
بابلز ببرونه ناتشورال روز 280 مل,BUBBLES NATURAL PINK FEEDING BOTTLE 280 ML,2627519
بابلز ببرونه ناتشورال لبني 150 مل,BUBBLES NATURAL BLUE FEEDING BOTTLE 150 ML,1826685
بابلز ببرونه ناتشورال لبني 280 مل,BUBBLES NATURAL BLUE FEEDING BOTTLE 280 ML,2130786
بابلز بلسم للاطفال 250 مل اصفر,BUBBLES BABY HAIR CONDITIONER 250 ML YELLOW,2131394
بابلز حلمه كلاسيك 1 شهر,BUBBLES CLASSIC TEAT FROM 1 MONTH,2624797
بابلز حلمه كلاسيك 12 شهر,BUBBLES CLASSIC TEAT FROM 12 MONTH,2624802
بابلز حلمه كلاسيك 2 شهر,BUBBLES CLASSIC TEAT FROM 2 MONTH,2624804
بابلز حلمه كلاسيك 3 شهور,BUBBLES CLASSIC TEAT FROM 3 MONTH,2624805
بابلز حلمه كلاسيك 4 شهور,BUBBLES CLASSIC TEAT FROM 4 MONTH,2624807
بابلز حلمه كلاسيك 6 شهور,BUBBLES CLASSIC TEAT FROM 6 MONTH,2624806
بابلز حلمه كلاسيك 9 شهور,BUBBLES CLASSIC TEAT FROM 9 MONTH,2624808
بابلز حلمه كلاسيك حديثي الولاده,BUBBLES CLASSIC TEAT FROM 0 MONTH FOR NEWBORN,2624803
بابلز حلمه ناتشورال 0 شهر,BUBBLES NATURAL TEAT FROM 0 MONTH,2509422
بابلز حلمه ناتشورال 12 شهر,BUBBLES NATURAL TEAT FROM 12 MONTH,2130792
بابلز حلمه ناتشورال 6 شهور,BUBBLES NATURAL TEAT FROM 6 MONTH,2130790
بابلز سكاته بالسلسله لحديثي الولاده اخضر,BUBBLES PACIFIER WITH CHAIN FOR NEW BORN GREEN,2624863
بابلز سكاته بالسلسله لحديثي الولاده اصفر,BUBBLES PACIFIER WITH CHAIN FOR NEW BORN YELLOW,2624865
بابلز سكاته بالسلسله لحديثي الولاده روز,BUBBLES PACIFIER WITH CHAIN FOR NEW BORN ROSE,2624864
بابلز سكاته بالسلسله لحديثي الولاده لبني,BUBBLES PA LIGHT BLUE CIFIER WITH CHAIN FOR NEW BORN,2624899
بابلز سكاته عاديه,BUBBLES PACIFIER,2130744
بابلز سكاته عاديه بالسلسله,BUBBLES PACIFIER WITH CHAIN,2130793
بابلز سكاته عاديه بسلسله اخضر + 3 شهور,BUBBLES PACIFIER WITH CHAIN GREEN + 3 MOUNTH,2624829
بابلز سكاته عاديه بسلسله اصفر + 3 شهور,BUBBLES PACIFIER WITH CHAIN YELLOW + 3 MOUNTH,2624830
بابلز سكاته عاديه بسلسله اصفر + 6 شهور,BUBBLES PACIFIER WITH CHAIN YELLOW + 6 MOUNTH,2624831
بابلز سكاته عاديه بسلسله روز + 3 شهور,BUBBLES PACIFIER WITH CHAIN ROSE + 3 MOUNTH,2624832
بابلز سكاته عاديه بسلسله روز + 6 شهور,BUBBLES PACIFIER WITH CHAIN ROSE + 6 MOUNTH,2624833
بابلز سكاته عاديه بسلسله لبني + 3 شهور,BUBBLES PACIFIER WITH CHAIN LIGHT BLUE + 3 MOUNTH,2624828
بابلز سكاته عاديه بسلسله لبني + 6 شهور,BUBBLES PACIFIER WITH CHAIN LIGHT BLUE + 6 MOUNTH,2624834
بابلز سكاته مشطوفه,BUBBLES BEVELED PACIFIER,1826683
بابلز سكاته مشطوفه بالسلسله,BUBBLES BEVELED PACIFIER WITH CHAIN,1776700
بابلز سلسله سكاته,BUBBLES CHAIN FOR PACIFIER,2130509
بابلز شامبو وشاور جل للاطفال 450 مل,BUBBLES SHAMPOO AND SHOWER GEL 450 ML,2131395
بابلز شفاط ثدي ببرونه بامب ابيض,BUBBLES MANUAL BREAST PUMP WHITE + BOTTLE,2131405
بابلز شفاط ثدي روز,BUBBLES MANUAL BREAST PUMP PINK,1776704
بابلز شفاط مخاط للانف,BUBBLEZ NASAL ASPIRATOR,2130874
بابلز طبق + معلقه اصفر,BUBBLES BABY DISH WITH SPOON YELLOW,2509424
بابلز طبق غذائي احمر ازرق,BUBBLES COLORED PLATE,2624925
بابلز طبق غذائي اصفر ازرق,BUBBLES COLORED PLATE,2624924
بابلز طبق غذائي الوان,BUBBLES COLORED PLATE,2130749
بابلز طبق غذائي لبني ازرق,BUBBLES COLORED PLATE,2624923
بابلز عصاره فواكه اخضر,BUBBLES BABY'S FRUIT PACIFIER GREEN,2131094
بابلز عضاضه شكل بطه,BUBBLES TEETHER DUCK,2627523
بابلز عضاضه شكل عصفوره,BUBBLES TEETHER BIRD,2131276
بابلز عضاضه شكل فيل,BUBBLES TEETHER ELEPHANT,1821725
بابلز كوب بالشاليموه اخضر,BUBBLES CUP WITH STRAW GREEN,2628249
بابلز كوب بالشاليموه اصفر,BUBBLES CUP WITH STRAW YELLOW,2628245
بابلز كوب بالشاليموه روز,BUBBLES CUP WITH STRAW PINK,2628246
بابلز كوب بالشاليموه لبني,BUBBLES CUP WITH STRAW BLUE,2177037
بابلز كوب ناتشورال 150 مل روز,BUBBLES CUP 150 ML WITH HAND ROSE,1845706
بابلز لانش بوكس احمر,BUBBLES LUNCH BOX HERO,1776717
بابلز لانش بوكس ماجيك اخضر + شوكه + معلقه,BUBBLES LUNCH BOX MAGIC GREEN + FORK + SPOON,2131298
بابلز لوفه للاستحمام,BUBBLEZ LOOFAH FOR SHOWER,2131683
بابلز معلقه + شوكه,BUBBLES SPOON + FORK,2627515
بابلز معلقه سيلكون اخضر,BUBBLES SILICONE SPOON GREEN,2628248
بابلز معلقه سيلكون اصفر,BUBBLES SILICONE SPOON YELLOW,2628250
بابلز معلقه سيلكون روز,BUBBLES SILICONE SPOON PINK,2628252
بابلز وساده ثدي 10 ق,BUBBLEZ COTTON BREAST PADS 10 PIECES,2130130
بابي سكاته بسلسله مشبك,BABI PACIFIER WITH CHAIN AND CLIP,2130124
بابي فرشه + مشط بيانو,BABI BRUCH + COMP PIANO,1778574
بابيا مناديل 500 منديل 4 طبقات,PAPIA FACIAL TISSUE 4 PLY 500,2640206
باتادولين 0.1 % قطره للعين 5 مل,PATADOLINE 0.1 % EYE DROPS 5 ML,2129337
باتبسين 20 اقراص,BATBSIN 20 TABS,2499768
باتول زيت شعر,PATOL HAIR OIL,2500757
باثيكانا 300 مجم 30 كبسول,PATHICANA 300 MG 30 CAPS,2379308
باثيكانا 600 مجم 30 كبسول,PATHICANA 600 MG 30 CAP,2379309
بادي سبلاش ايفر بيور حريمي,PRIVE BODY SPLASH 250 ML KANZ,2130243
بادي ليشيوس بادي سبلاش 100 مل جود فايبز اونلي,BODYLIICIOUS GOOD VIBES ONLY BODY SPLASH 100 ML,2553199
بادي ليشيوس بادي سبلاش 100 مل جوزهند,BODYLIICIOUS COCONUT BODY SPLASH 100 ML,2553202
بادي ليشيوس بادي سبلاش 100 مل دريم كاتشر,BODYLIICIOUS DREAM CUTHER BODY SPLASH 100 ML,2553200
بادي ليشيوس بادي سبلاش 217 مل بيور سيداكشن,BODYLIICIOUS PURE SEDUCTION BODY SPLASH 217 ML,2314751
بادي ليشيوس بادي سبلاش 217 مل جاسمين,BODYLIOUS JASMINE BODY SPLASH 217 ML,2169482
بادي ليشيوس بادي سبلاش 217 مل جوزهند,BODYLIICIOUS COCONUT BODY SPLASH 217 ML,2314753
بادي ليشيوس بادي سبلاش 217 مل دريم كاتشر,BODYLIICIOUS DREAM CUTHER BODY SPLASH 217 ML,2314752
بادي ليشيوس بادي سبلاش 217 مل رمان كراش,BODYLIICIOUS POMEGRANATE CRUSH BODY SPLASH 217 ML,2314754
بادي ليشيوس بادي سبلاش 217 مل روز فانيليا,BODYLIICIOUS ROSE VANELLIA BODY SPLASH 217 ML,2169522
بادي ليشيوس بادي سبلاش 217 مل فلورال فنتازي,BODYLIICIOUS FLORAL FANTASY BODY SPLASH 217 ML,2553204
بادي ليشيوس بادي سبلاش 217 مل وايت مسك,BODYLIICIOUS WHITE MUSK BODY SPLASH 217 ML,2407274
بادي ليشيوس بادي لوشن 236 مل جاسمين,BODYLIICIOUS JASMIN BODY LOTION 236 ML,2131393
بادي ليشيوس بليه 50 مل كوكنت بريز ازرق,BODYLICIOUS DEODRANT ROLL ON COCONUT BREEZ 50 M,1821964
بادي ليشيوس سبلاش 217 مل تروبيكال تويست,BODYLICIOUS TROBICL TWIST FINE FRAGRANCE MIST 217 ML,2407276
بادي ليشيوس سبلاش للجسم 217 مل عود بوكيه,BODYLICIOUS OUD BOUQUET BODY MIST FOR WOMEN 217 ML,2553203
باديل مساج جل 60 جم,PADELE MASSAGE GEL 60 GM,2497989
باديل مساج كريم 60 مل,PADELE MASSAGE CREAM 60 ML,2632568
باراجيسك 500 مجم 20 اقراص,PARAGESIC 500 MG 20 TABS.,2584362
باراجيسك 500 مجم 5 لبوس,PARAGESIC 500 MG 5 SUPP.,1358794
باراجيسك بيبي 120 مجم / 5 مل 120 مل شراب,PARAGESIC BABY 120 MG / 5 ML 120 ML SUSP.,1874368
باراجيسيك 250 مجم / 5 مل شراب 120 مل,PARAGESIC 250 MG / 5 ML ORAL SUSP. 120 ML,2143150
باراسيبامول محلول وريدي 100 مل,PARACEPAMOL SOLUTION IV INFUSION 100 ML,1737942
باراسيتامول 100 مل امبول,PARACETAMOL RAMEDA 100 ML VIAL,2370815
باراسيتامول 20 اقراص العربيه,PARACETAMOL ADCO 1 GM 20 TABS,2651761
باراسيتامول 500 مجم 20 اقراص / يونيفارم,PARACETAMOL MUP 500 MG B.P. 20 TAB.,2640528
باراسيتامول 500 مجم يوني فارم,PARACETAMOL 500 MG UNIPHARM,2644825
باراسيتامول ادكو(العربيه) 500 مجم 20 اقراص,PARACETAMOL ADCO 500 MG 20 TAB.,2623802
باراسيتامول اقراص يوني فارما,PARACETAMOL 500 MG UNIPHARM,2637264
باراسيتامول النصر 500 مجم 20 اقراص,PARACETAMOL ADWIC 500 MG 20 TAB,2537853
باراسيتامول امبول 1 جرام 100 م روتابيرتك,PARACETAMOL 1 GM / 100 ML VIAL FOR I.V. INF,2671335
باراسيتامول محلول وريدي,PARACETAMOL RAMEDA 100 ML VIAL,2266029
باراسيتامول محلول وريدي 100 مل راميدا,PARACETAMOL RAMEDA 100 ML VIAL,1773216
باراكالسيت 30 مجم 30 اقراص,PARACALCET 30 MG 30 F.C. TAB,2515117
بارامول 1000 مجم 20 اقراص,PARAMOL 1000 MG 20 TABS.,1680194
بارامول 120 مجم / 5 مل شراب 125 مل,PARAMOL 120 MG / 5 ML SYRUP 125 ML,902482
بارامول 500 مجم 20 اقراص,PARAMOL 500 MG 20 TAB.,2500889
بارتين مساج بخاخ 120 مجم,PARTEN MASSAGE SPRAY 120 MG,2146305
باركيكابون 200 مجم 20 اقراص,PARKICAPONE 200 MG 20 F.C. TAB.,2290432
باركينتريت 1 مجم 30 اقراص,PARKINTREAT 1 MG 30 TABS,1570759
باروتين كريم 60 جم,PAROTEEN CREAM 60 GM,2499189
بارودونتكس معجون اسنان انتعاش زائد 100 مل,PARODONTAX DAILY GUM CARE EXTRA FRESH TOOTHPASTE 100 ML,2645962
بارودونتكس معجون اسنان انتعاش زائد 20 مل,PARODONTAX EXTRA FRESH DAILY TOOTHPASTE FOR BLEEDING GUMS 20 ML,2669592
بارودونتكس معجون اسنان انتعاش زائد 50 مل,PARODONTAX EXTRA FRESH DAILY TOOTHPASTE FOR BLEEDING GUMS 50 ML,1802080
بارودونتكس معجون اسنان بالفلورايد 100 مل,PARODONTAX FLUORIDE TOOTHPASTE 100 ML,1401361
بارودونتكس معجون اسنان بالفلورايد 50 مل,PARODONTAX FLUORIDE TOOTHPASTE 50 ML,1401299
بارودونتكس معجون اسنان تبييض 100 مل,PARODONTAX WHITENING TOOTHPASTE 100 ML,1431979
بارودونتكس معجون اسنان تبييض 50 مل,PARODONTAX WHITENING TOOTHPASTE 50 ML,1852087
باروفين 30 اقراص,PAROFEN 30 OBLONG TAB,1226830
باروكستين 3 شريط 12.5 مجم 30 اقراص,PAROXETINE CR 12.5 MG 30 F.C.TABS.,2651594
باروكسيتين سي ار 12.5 مجم 30 اقراص,PAROXETINE CR 12.5 MG 30 F.C.TABS.,902486
باروكسيتين سي ار 25 مجم 30 اقراص,PAROXETINE CR 25 MG 30 F.C.TABS.,902488
باروكسيديب سي ار 12.5 مجم 10 اقراص,PAROXEDEP CR 12.5 MG 10 F.C.TAB,2496771
باروكسيديب سي ار 12.5 مجم 30 اقراص,PAROXEDEP CR 12.5 MG 30 F.C.TAB,1153441
باروكسيديب سي ار 25 مجم 30 اقراص,PAROXEDEP CR 25 MG 30 F.C.TAB,995396
باروكسيديب سي ار 37.5 مجم 30 اقراص,PAROXEDEP CR 37.5 MG 30 ENTERIC F.C.TABS.,902490
باريتافا 2 مجم 28 اقراص,BARITAVA 2 MG 28 F.C.TABS,2370967
باريتافا 4 مجم 28 اقراص,BARITAVA 4 MG 28 F.C TABS,2223427
باستوساج مساج جل 50 جم,PASTOSAGE MASSAGE GEL 50 GM,2192472
باستيليا ترو سولي 350 قطعه متنوعه,TRU SOLLY LOZENGES 350 DIFFERENT PICESES,2276363
باسيفاي كريم مساج 50 جم,PACIFY MASSAGE CREAM 50 GRAM,2500452
باسيفيال 40 مجم 21 كبسول,PACIFIAL 40 MG 21 DELA. REL. CAPS,1431790
باسيلاك 5 جم 10 اكياس,BACILAC 5 GM 10 SACHETS,2181484
باشون بيبي زيت للشعر 100 مل,PASSION BABY HAIR OIL 100 ML,2184048
باشون بيبي زيت مساج 100 مل,PASSION BABY MASSAGE OIL 100 ML,2184046
بافيلاز شراب 100 مل,BAVILASE SYRUP 100 ML,2568196
باكا بخاخ للفم 70 مل,BUCCA MOUTH SPRAY 70 ML,1546647
باكتروفورم 2 % مرهم 15 جم,BACTROFORM 2 % TOP. OINT. 15 GM,2386371
باكريدو 20 مجم 30 اقراص,PACREDO 20 MG 30 F.C. TABS.,1058432
باكسوتريبس 20 اقراص,PAXOTRYPS 20 CAPS,2146800
باكسونابتك 20 اقراص,PAXONABETIC 20 TABS,2050453
باكلوفين 10 مجم 20 اقراص,BACLOFEN 10 MG 20 TAB.B.P. 2011,2150402
باكوفا بخاخ للانف 50 مل,BACOVA SPRAY 50 ML,2342695
بالانسيبرام 10 مجم 30 اقراص,BALANCEPRAM 10 MG 30 TABS,2128839
بالمرز اصفر انبوبه,PALMERS OLIVE OIL 50 GM,2602198
بالمرز اصفر برطمان 150 جرام,PALMERS COCONUT 150 GM,2602199
بالمرز انبوبه جوز الهند,PALMERS COCONUT 50 GM,2602200
بالمرز جل شعر 150 جم احمر ميجا هولد,PALMER'S STYLING GEL MEGA HOLD 150 G,1776787
بالمرز جل شعر 150 جم ازرق ويت لوك,PALMER'S STYLING GEL WET LOOK 150 G,2270768
بالمرز جل شعر 150 جم اصفر سترونج,PALMER'S STYLING GEL STRONG 150 G,2130149
بالمرز كريم انبوبه 50 جم برغموت,PALMERS BERGAMOT FORMULA 50 GM,1665616
بالمرز كريم انبوبه 50 جم جوز هند,PALMERS COCONUT 50 GM,1399828
بالمرز كريم انبوبه 50 جم زيتون,PALMERS OLIVE OIL 50 GM,1400390
بالمرز كريم انبوبه 50 جم ضد القشره,PALMERS ANTIDANDRUFF 50 GM,1400274
بالمرز كريم انبوبه 50 جم كريم مغذي,PALMERS HAIR FOOD 50 GM,1400298
بالمرز كريم انبوبه 50 جم هير سيلك,PALMER'S HAIR SILK CREAM 50 GM,1400276
بالمرز كريم برطمان 150 جم بالبروتين لكوي الشعر برتقالي,PALMER'S HAIR CARE PRESSING OIL FORMULA 150 G,2130046
بالمرز كريم برطمان 150 جم برغموت,PALMERS BERGAMOT FORMULA 150 GM,1627714
بالمرز كريم برطمان 150 جم جوز هند,PALMERS COCONUT 150 GM,2130209
بالمرز كريم برطمان 150 جم زيتون,PALMER'S CREAM OLIVE OIL FORMULA 150 G,2233437
بالمرز كريم برطمان 150 جم مغذي للشعر,PALMERS HAIR FOOD FORMULA 150 G,1400111
بالمرز كريم برطمان 150 جم مغذي للشعر للقشره,PALMER'S HAIR FOOD ANTI DANDRUFF JAR 150 G,2353790
بالمرز كريم برطمان 150 جم هير سيلك,PALMER'S HAIR SILK ALL DAY SHINE CREAM 150 G,1404483
بالمرز كريم تصفيف هير ستايل انبوبه 50 جم,PALMER'S HAIR STYLE CREAM 50 GM,1400240
بالمرز كريم تصفيف هير ستايل برطمان 150 جم,PALMER'S HAIR STYLE CREAM 150 GM,1776781
بالمي نرف بلس 400 مجم اقراص,CENTRAVITA PALMI 20 CAPS,2587815
بالميبروف 62.5 مجم 30 اقراص,PULMIPROVE 62.5 MG 30 F.C. TABS.,2566334
بالميتريت 300 مجم 30 اقراص,PALMITREAT 300 MG 30 H.G. CAPS,2291164
بالميتريت 400 مجم 30 اقراص,PALMITREAT 400 MG 30 H.G. CAPS,2289777
بالميتريت 600 مجم 30 كبسول,PALMITREAT 600 MG 30 H.G. CAPS,2604331
بالميتيدول 600 كبسول,,2645679
بالميكورت 0.25 مجم / مل 20 امبول,PULMICORT 0.25 MG / ML 20 NEBULIZER VIAL SUSP.,2610109
بالميكورت 0.5 مجم / مل 20 امبول,PULMICORT 0.5 MG / ML 20 NEBULIZER VIAL SUSP.,2113055
بالمينيرف 30 كبسول,PALMINERVE 30 CAPS,2569175
بالمينيرف 400 بلس,PALMINERVE PLUS 400 MG 30 CAPS,2681399
بالمينيرف 600 مجم 30 ك جديد / اليكسير,PALMINERVE PLUS 400 MG 30 CAPS,2652721
بالمينيرف بلس 400 مجم 30 كبسول,PALMINERVE PLUS 400 MG 30 CAPS,2616966
بالمينيريف 600 مجم 30 كبسوله,PALMINERVE PLUS 400 MG 30 CAPS,2670745
بالوكسادوت 10 مجم 2 اقراص,BALOXDOT 10 MG 2 TAB,2623858
بالوكسادوت 20 مجم 2 اقراص,BALOXDOT 20 MG 2 TABS,2623857
باليت صبغه 10 / 4 اشقر بيج فاتح,PALETTE 10 / 4 SUPER BEIGE BLONDE,1401192
باليت صبغه احمر داكن مكثف 4 / 88,PALETTE 4 / 88 INTENSIVE DARK RED,1776746
باليت صبغه اسود 1 / 0,PALETTE 1 / 0 INTENSE BLACK,2602210
باليت صبغه اسود ازرق 1 / 1,PALETTE 1 / 1 BLUE BLACK,1776749
باليت صبغه اشقر ثلجي 12 / 1,PALETTE 1 / 12 ICE BLONDE,1943989
باليت صبغه اشقر رمادي فاتح 8 / 16,PALETTE 8 / 16 LIGHT ASH BLONDE,2129947
باليت صبغه اشقر غامق 6 / 0,PALETTE 6 / 0 DARK BLOND,2602207
باليت صبغه اشقر فاتح رمادي 8 / 1,PALETTE 8 / 1 LIGHT BLONDE CENDRE,1656584
باليت صبغه اشقر فاتح فائق 10 / 0,PALETTE 10 / 0 EXTRA LIGHT BLONDE,2602202
باليت صبغه اشقر فاتح فائق 9 / 0,PALETTE 9 / 0 EXTRA LIGHT BLONDE,1400262
باليت صبغه اشقر فضي بارد 10 / 1,PALETTE 10 / 1 FROSTY SILVER BLONDE,1400264
باليت صبغه اشقر متوسط 7 / 0,PALETTE 7 / 0 MEDIUM BLONDE,2602209
باليت صبغه اشقر ناعم 10 / 46,PALETTE 10 / 46 POWDERY BLONDE,2602204
باليت صبغه اشقرفاتح 8 / 0,PALETTE 8 / 0 LIGHT BLONDE,1400265
باليت صبغه باذنجاني كثيف 4 / 89,PALETTE 4 / 84 INTENSIVE AUBERGINE,1400257
باليت صبغه بروج ناعم 7 / 17,PALETTE 7 / 17 SOFT BROUGE,2602212
باليت صبغه بنفسجي كثيف 6 / 99,PALETTE 6 / 99 INTENSE VIOLET,1400555
باليت صبغه بني غامق 3 / 0,PALETTE 0 / 3 DARK BROWN,2602205
باليت صبغه بني فاتح 5 / 0,PALETTE 5 / 0 LIGHT BROWN,1400261
باليت صبغه بني مارسالا 6 / 80,PALETTE 6 / 80 MARSALA BROWN,1400589
باليت صبغه بني متوسط 4 / 0,PALETTE 4 / 0 MEDIUM BROWN,1400259
باليت صبغه بني متوسط لامع 4 / 60,PALETTE 4 / 60 LUSTROUS MEDIUM BROWN,1400263
باليت صبغه شعر اشقر ذهبي 7 / 5,PALETTE PERMANENT NATURAL COLOURS 7 5 LIGHT CARAMEL,2129943
باليت صبغه شوكولا غامق 3 / 65,PALETTE 3 / 65 DARK CHOCOLATE,1400260
باليت صبغه كستنائي متوسط 5 / 68,PALETTE 5 / 68 MEDIUM CHESTNUT,1400592
باليت صبغه ماهوغني غامق 3 / 68,PALETTE 3 / 68 DARK MAHOGANY,1776772
باليت صبغه ناتشورالز 0 5 بني فاتح,PALETTE NATURALS 5 0 LIGHT BROWN,1776767
باليت صبغه نوجه متالق 7 / 65,PALETTE 7 / 65 RADIANT NOUGAT,1400258
باليت ناتشورال صبغه اشقر بيج فائق 4 10,PALETTE NUTURAL 10 / 4 SUPER BEIGE BLONDE,1776750
باليت ناتشورال صبغه بني دهبي 4.60,PALETTE PERMANENT NATURAL COLORS 4 60 GOLD COCOA,2638240
باليتاتيف كريم 75 جم,PALITATIVE CREAM 75 GM,2501106
بالينا جاميز 30 قطعه عرض 1 + 1,BALENA GUMMIES 30 GUMMIES OFFER 1 + 1,2066024
بالينا جاميز برطمان 1 + 1 210,BALENA GUMMIES 30 GUMMIES OFFER 1 + 1,2653856
بامب جهاز ضغط,HOMECARE MERCURY COMPRESSOR WITH 2 HOSES,1868698
بامبا كريم 50 جم,PAMPA CREAM 50 GM,2198589
بامبرز بانتس 48 ق مقاس 6,PAMPERS PANTS FOR BABIES SIZE 6 – 48 DIAPERS,1400891
بامبرز بانتس 58 ق مقاس 4,PAMPERS PANTS FOR BABIES SIZE 4 – 58 DIAPERS,2131532
بامبرز بانتس 58 ق مقاس 5,PAMPERS PANTS FOR BABIES SIZE 5 – 58 DIAPERS,1400832
بامبرز جامبو 48 ق مقاس 6,PAMPERS FOR BABIES SIZE 6 – 48 DIAPERS,1401006
بامبرز جامبو 58 ق مقاس 3,PAMPERS FOR BABIES SIZE 3 – 58 DIAPERS,1399962
بامبرز جامبو 58 ق مقاس 4,PAMPERS FOR BABIES SIZE 4 – 58 DIAPERS,2628134
بامبرز جامبو 58 ق مقاس 5,PAMPERS FOR BABIES SIZE 5 – 58 DIAPERS,1400284
بامبرز سعودي 38 ق مقاس 6,PAMPERS PREMIUM CARE DIAPERS SIZE 6 38 DIAPERS,2073329
بامبرز سعودي 58 ق مقاس 4,PAMPERS PREMIUM CARE DIAPERS SIZE 4 58 DIAPERS,1400540
بامبرز سعودي 60 ق مقاس 1,PAMPERS PREMIUM CARE DIAPERS SIZE 1 60 DIAPERS,1651187
بامبرز سعودي 62 ق مقاس 2,PAMPERS PREMIUM CARE DIAPERS SIZE 2 62 DIAPERS,1400364
بامبرز سعودي 64 ق مقاس 2,PAMPERS PREMIUM CARE DIAPERS SIZE 2 64 DIAPERS,2552913
بامبرز مصري 60 ق مقاس 2,PAMPERS FOR BABIES SIZE 2 – 60 DIAPERS,1776803
بامبرز مقاس 1 عدد 60 حفاضه,PAMPERS FOR BABIES SIZE 1 – 60 DIAPERS,2627061
بامبرز مقاس 5 عدد 58 حفاضه,PAMPERS FOR BABIES SIZE 5 – 58 DIAPERS,2628251
بامبرز مناديل 56 م حساس بغطاء,PAMPERS SENSITIVE PROTECT 56 WIPES WITH COVER,2337546
بامبرز مناديل 64 منديل بغطاء,PAMPERS COMPLETE CLEAN BABY WIPES 64 WIPES,1614496
بامبيديل 1 مجم / مل شراب 120 مل,BAMBEDIL 1 MG / ML SYRUP 120 ML,963907
بامبيديل 10 مجم 30 اقراص,BAMBEDIL 10 MG 30 TAB.,902501
بامبينو شراب 120 مل,GRIPE WATER BAMBINO SYRUP 120 ML,2629847
بان امين جي امبول وريد 500 مل,PAN AMIN G I.V. INFUSION 500 ML,2669476
بان دي لوشن موضعي 120 مل,PAN D TOPICAL LOTION 120 ML,2508857
بانادول ادفانس 500 مجم 48 اقراص,PANADOL ADVANCE 500 MG 48 F.C.TABS.,1653038
بانادول اكسترا 24 اقراص,PANADOL EXTRA 24 F.C. TAB,2605897
بانادول اكسترا 24 اقراص اوبتي زورب سريع الانتشار,PANADOL EXTRA 24 F.C. TAB OPTIZORB,2287574
بانادول اكسترا 48 اقراص,PANADOL EXTRA 48 TAB,2542339
بانادول اكسترا 48 اقراص اوبتي زورب سريع الانتشار,PANADOL EXTRA 48 F.C. TAB OPTIZORB,2574845
بانادول اكيوت هيد اند كولد 20 اقراص,PANADOL ACUTE HEAD COLD 20 F.C.TABS,2097673
بانادول كولد اند فلو داي 24 اقراص,PANADOL COLD FLU DAY 24 F.C. TABS.,2169070
بانادول كولد اند فلو فابور ريليز 10 اكياس فوار استنشاق,PANADOL COLD FLU VAPOUR RELEASE 10 SACHETS,2670856
باناكس لايف 20 كبسول,PANAX LIFE 20 CAPSULES,1773235
بانتازول 40 مجم 14 اقراص,PANTAZOL 40 MG 14 ENTERIC COATED TAB.,2158778
بانتوبرازول 40 مجم 14 اقراص,PANTOPRAZOLE 40 MG 14 TABS.,2312615
بانتوبي 20 مجم 20 اقراص,PANTOPI 20 MG 20 ENTERIC COATED TABS.,1031414
بانتوبي 40 مجم 14 اقراص,PANTOPI 40 MG 14 ENTERIC COATED TAB.,1546440
بانتوجار 60 كبسول,PANTOGAR 60 CAPS,2604584
بانتوجار 9 شريط جديد,PANTOGAR 90 CAPS,2602218
بانتولوك 20 مجم 14 اقراص,PANTOLOC 20 MG 14 E.C. TAB.,2468817
بانتولوك 40 مجم 14 اقراص,PANTOLOC 40 MG 14 TAB.,1022778
بانتومكس كريم موضعي 50 جم,PANTOMIX TOPICAL CREAM 50 GM,1358820
بانتومكس لوشن موضعي 120 مل,PANTOMIX TOPICAL LOTION 120 ML,1841246
بانتوميدرا 20 مجم 28 اقراص,PANTOMEDRA 40 MG 28 TAB,2630340
بانتوميدرا 20 مجم اقراص,PANTOMEDRA 40 MG 28 TAB,2673455
بانتوميدرا 40 مجم 28 اقراص,PANTOMEDRA 40 MG 28 TAB,2476079
بانتوميريكان 40 مجم 14 اقراص,PANTOMERICAN 40 MG 14 F.C. TABS,2141051
بانتوناب 40 مجم 14 اقراص,PANTONAP 40 MG 14 TABS,2552977
بانتوناب 40 مجم 20 اقراص,PANTONAP 40 MG 20 TABS.,2329864
بانتين 2 في 1 شامبو 200 مل صحي ونظيف ازرق,PANTENE PRO V DAILY CARE 2 IN 1 SHAMPOO 200 ML,1468203
بانتين 2 في 1 شامبو 400 مل صحي ونظيف ازرق,PANTENE PRO V DAILY CARE 2 IN 1 SHAMPOO 400 ML,1776817
بانتين بديل الزيت 275 مل انسيابي وحريري اخضر,PANTENE SMOOTH AND SILKY OIL REPLACEMENT 270 ML,1400014
بانتين بديل الزيت 275 مل عنايه ميلكي للتلف,PANTENE MILKY OIL REPLACEMENT 270 ML,1400117
بانتين بلسم 360 مل ضد تساقط الشعر اصفر,PANTENE ANTI HAIR FALL CONDITIONER 360 ML,2205818
بانتين بلسم 360 مل عنايه مرطبه دهبي,PANTENE PRO V MOISTURE CARE CONDITIONER 360 ML,2205817
بانتين بلسم 360 مل عنايه ميلكي للتلف بني,PANTENE MILKY CONDITIONER AND MASK 360 ML,2205820
بانتين بلسم 400 مل انسيابي وحريري اخضر,PANTENE SMOOTH AND SILKY CONDITIONER 400 ML,1753992
بانتين بلسم 400 مل عنايه مرطبه دهبي,PANTENE PRO V MOISTURE CARE CONDITIONER 400 ML,2004266
بانتين بلسم 400 مل عنايه ميلكي للتلف بني,PANTENE MILKY CONDITIONER AND MASK 400 ML,1400277
بانتين شامبو 200 مل انسيابي وحريري اخضر,PANTENE PRO V SMOOTH SILKY SHAMPOO 200 ML,1468201
بانتين شامبو 200 مل ضد تساقط الشعر دهبي,PANTENE PRO V ANTI HAIRFALL SHAMPOO 200 ML,1468199
بانتين شامبو 200 مل عنايه ميلكي للتلف بني,PANTENE PRO V MILKY DAMAGE REPAIR SHAMPOO 200 ML,1469279
بانتين شامبو 400 مل انسيابي وحريري اخضر,PANTENE PRO V SMOOTH SILKY SHAMPOO 400 ML,2400658
بانتين شامبو 400 مل عنايه ميلكي للتلف بني,PANTENE PRO V MILKY DAMAGE REPAIR SHAMPOO 400 ML,1400425
بانتين شامبو 600 مل عنايه ميلكي للتلف بني,PANTENE PRO V MILKY DAMAGE REPAIR SHAMPOO 600 ML,1902382
بانثوزين كريم 30 جم,PANTHOZIN CREAM 30 GM,2499330
بانثوزين لوشن موضعي 60 مل,PANTHOZIN TOPICAL LOTON 60 ML,1546449
بانثوفيرا شامبو للشعر 250 مل,PANTHOVERA HAIR SHAMPOO 250 ML,2295771
بانثوفيرا لوشن بخاخ للشعر 110 مل,PANTHOVERA HAIR LOTON SPRAY 110 ML,2139885
بانثينول 2 % كريم 30 جم اكتوبر فارما,PANTHENOL 2 % CREAM 30 GM OCTOBER PHARMA,2336422
بانثينول 2 % كريم موضعي 15 جم النيل,PANTHENOL 2 % TOPICAL CREAM 15 GM,1429227
بانثينول 2 % كريم موضعي 20 جم النيل,PANTHENOL 2 % TOPICAL CREAM 20 GM,2370834
بانثينول 2 % كريم موضعي 50 جم النيل,PANTHENOL 2 % TOPICAL CREAM 50 GM,2473859
بانثينول 2 % كريم موضعي 80 جم النيل,PANTHENOL 2 % TOPICAL CREAM 80 GM,2625818
بانثينول 2 % لوشن للشعر 190 مل النيل,PANTHENOL 2 % HAIR LOTION 190 ML,2552719
بانثينول اتش ام ايه كريم 50 جم,PANTHENOL HMA CREAM 50 GM,2464589
بانثينول ايجي سفن,PANTHENOL ACC,2468823
بانثينول بلس كريم نوفكس,PANTHENOL NOVEX PLUS 50 MG CREAM,2669855
بانثينول بلس نوفيكس كريم 30 جم,PANTHENOL NOVEX PLUS 30 MG CREAM,947637
بانثينول روفاميد كريم 30 جم,PANTHENOL ROVAMED CREAM 30 GM,1863390
بانثينول سيرم شعر / هيبتا,HEPTA PANTHENOL FACE SERUM 40 ML,2625839
بانثينول شامبو 120 مل روتكس,PANTHENOL SHAMPO 120 ML ROTEX,2607297
بانثينول شامبو 215 مل النيل,PANTHENOL HAIR SHAMPOO 215 ML,1687120
بانثينول شامبو 300 مل النيل,PANTHENOL HAIR SHAMPOO 300 ML ALNAIL,2641326
بانثينول كريم 5 % راكز,PANTHENOL 5 % APU CREAM,2490314
بانثينول كريم 50 جرام كبير جديد,SUPER PANTHENOL CREAM 50 GM,2670517
بانثينول كريم 50 جم كولدج,PANTHENOL CREAM 50 GM COLLEDGE,2176170
بانثينول كريم جلد هيبتا,HEPTA PANTHENOL CREAM 50 GM,2674534
بانثينول كريم وسط,PANTHENOL ONE 40 GM CREAM,2312629
بانثينول لوسيون,PANTHENOL ACC,2570474
بانثينول ماكس لوسيون 200 مل ستار,MACRO PANTHENOL LOTION 100 ML,2683017
بانثينول نوفيكس كريم 30 جم 43,NOVEX PANTHENOL CREAM 30 GM,2683210
بانثينول هيبتا بلس كارباميد,HEPTA PANTHENOL PLUS CARBAMIDE CREAM 50 GM,2628713
بانثينول هيبتا سيرم للشعر ستار,HEPTA PANTHENOL HAIR CREAM 100 GM,2585164
بانثينول وايتي 40 جرام,PANTHENOL ONE 40 GM CREAM,2487115
بانثينول وايتي كريم,PANTHENOL ONE 40 GM CREAM,2494765
بانثينول وايتي كريم,PANTHENOL ONE 40 GM CREAM,2673331
بانثيول لوسيون ماكرو,PANTHOLOX MOISTURIZING CREAM,2607999
بانجيستازول 40 مجم 14 اقراص,PANGESTAZOL 40 MG 14 TABS,1496170
بانسيه كريم الشعر بريليانتين 200 مل,PANSSEE BRILLIANTINE HAIR CREAM 200 ML,1400938
بانكريت بلس 10 مل 4 امبول,PANCREAT PLUS VIALS 10 ML 4 VIALS,2595650
بانكريت بلس شامبو 250 مل,PANCREAT PLUS SHAMPOO 250 ML,1516309
بانكريت بلس لوسيون للشعر 120 مل,PANCREAT PLUS LOTION 120 ML,2496995
بانكريت بلس لوشن,PANCREAT PLUS LOTION 120 ML,2681514
بانكريت شامبو 200 مل,PANCREAT SHAMPOO 200 ML,2674499
بانكريت شامبو 200 مل 280,PANCREAT SHAMPOO 200 ML,2681512
بانكريت لوشن للشعر 4 امبول 10 مل 550,PANCREAT PLUS VIALS 10 ML 4 VIALS,2681513
بانود 10 اكياس,BANOD 10 SACHETS,2500119
بانوفين كريم 60 جم,PANOVEN CREAM 60 GM,2150365
بانوكس 30 كبسول جيلاتينيه,PANOX 30 SOFT GELATIN CAPS,1845213
بانوكس كبسول,PANAX LIFE 20 CAPSULES,2680631
باني فيتا دي قطره بالفم 15 مل,BUNNY VITA D ORAL DROPS 15 ML,2387370
باور اكت اكياس,PERO SACHET,2682555
باور بي كومبلكس 6 امبول,POWER B COMPLEX I.M. / I.V. 6 AMP.,1380464
باور بي كومبيلكس 6 امبول,POWER B COMPLEX I.M. / I.V. 6 AMP.,2681480
باور كولد اند فلو 20 اقراص,POWER COLD FLU 20 TAB.,2406598
باوركابس 20 كبسول,POWERCAPS 20 CAPS,2206082
باوريكتا 10 مجم 6 اقراص استحلاب,POWERECTA 10 MG 6 ORODISPERSIBLE TABS,1773275
باوريكتا 20 مجم 4 اقراص,POWERECTA 20 MG 4 F.C. TABS,902535
باي الكوفان 150 مجم 30 اقراص,BI ALCOFAN 150 MG 30 TAB.,902538
باي بروفينيد 150 مجم 20 اقراص,BI PROFENID 150 MG 20 SCORED TABS.,902539
باي دان شامبو للشعر 125 مل,BYE DAN HAIR SHAMPOO 125 ML,2511052
باي كيتوجيسيك 150 مجم 30 اقراص,BI KETOGESIC 150 MG 30 TAB.,902540
بايجن سبيدي اسود 881,BIGEN SPEEDY 881 NATURAL BLACK CREAM KIT,2332094
بايجن سبيدي اسود بني 882,BIGEN SPEEDY HAIR COLOR CONDITIONER NO. 882 BROWNISH BLACK,1776827
بايجن سبيدي بني 883,BIGEN SPEEDY HAIR COLOR CONDITIONER 883 DARK BROWN,2130511
بايجن صبغه اسود بني 58,BIGEN PERMANENT POWDER HAIR COLOR 58 BLACK BROWN,1776821
بايجن صبغه اسود شرقي 59,BIGEN POWDER HAIR COLOR 59 ORIENTAL BLACK,2130379
بايجن صبغه بني احمر 37,BIGEN PERMENANT HAIR COLOR DARK AUBURN 37,1519009
بايجن صبغه بني دهبي 26,BIGEN PERMANENT POWDER HAIR COLOR NO. 26 GOLDEN BROWN,2563323
بايجن صبغه بني غامق 57,BIGEN PERMANENT POWDER HAIR DYE 57 DARK BROWN,1472324
بايجن صبغه بني متوسط 56,BIGEN HAIR COLOR 56 MEDIUM BROWN,1776824
بايجن صبغه بني نحاسي 76,BIGEN HAIR DYE NO. 76 COPPER BROWN,1677782
بايجن صبغه كستنائي غامق 48,BIGEN HAIR DYE NO. 48 DARK CHESTNUT,1776829
بايجن صبغه كستنائي فاتح 46,BIGEN HAIR DYE NO. 46 LIGHT CHESTNUT,1421033
بايجن صبغه كستنائي متوسط 47,BIGEN HAIR DYE NO. 47 MEDIUM CHESTNUT,1400205
بايجون للقضاءعلي الحشرات الزاحفه 300 م,BAYGON CRAWLING INSECTS KILLER 300 ML,2632645
بايجون للقضاءعلي الحشرات الزاحفه 400 م,BAYGON CRAWLING INSECTS KILLER 400 ML,2672772
بايميس كريم 40 جم,BAIMISS CREAM 40 GM,2551247
بايو تك شيكولاته 400 جم,BIO TECH CHOCOLATE 400 GM,1849947
بايو جاينرز شيكولاته بورده 510 جم,BIO GAINERS 510 GRAM CHOCLLATE POWDER,1422575
بايو جاينرز فانيليا بودره 510 جم,BIO GAINERS 510 GRAM VANILLIA POWDER,2345034
بايو سوفت بلسم للشعر 490 مل افوكادو اخضر,BIO SOFT HAIR CONDITIONER 490 ML AVOCADO,1776833
بايو سوفت بلسم للشعر 490 مل شيا وارجان بني,BIO SOFT HAIR CONDITIONER 490 ML SHEA AND ARGAN,2168588
بايو سوفت بلسم للشعر 490 مل ضد القشره الازرق,BIO SOFT HAIR CONDITIONER 490 ML ANTI DANDRUFF,1962774
بايو سوفت جل بشره 500 مل الوفيرا,BIO SOFT ALOE VERA GEL 500 ML,1777224
بايو سوفت ديب كونديشنر 500 مل برطمان جوز هند / جاف,BIO SOFT DEEP CONDITIONER COCCONUT 500 MG,2168739
بايو سوفت ديب كونديشنر 500 مل برطمان هيلارونيك اسيد,BIO SOFT DEEP CONDITIONER HYLURONIC ACID 500 MG,2168740
بايو سوفت شامبو للشعر 500 مل افوكادو اخضر,BIO SOFT HAIR SHAMPOO 500 ML AVOCADO,2130953
بايو سوفت شامبو للشعر 500 مل شيا وارجان بني,BIO SOFT HAIR SHAMPOO 500 ML SHEA AND ARGAN,1776838
بايو سوفت شامبو للشعر 500 مل هيالورونيك موف,BIO SOFT HAIR SHAMPOO 500 ML HYALORONIC ACID,1962777
بايوثيرم تونر للبشره المعرضه لحب الشباب 200 مل 1 + 1,BIOTHERM FACIAL TONER FOR ACNE PRONE SKIN 200 ML 1 1,2411232
بايوثيرم رول اون مزيل للعرق 50 مل بالكريز 1 + 1,BIOTHERM WHITENING DEODORANT ROLL ON 50 ML CHERRY 1 + 1,2411228
بايوثيرم رول اون مزيل للعرق 50 مل بالمسك 1 + 1,BIOTHERM WHITENING DEODORANT ROLL ON 50 ML MUSK 11,2411229
بايوثيرم صن سكرين جل كريم 50 جم عرض 1 + 1,BIOTHERM SUNSCREEN GEL CREAM 50 GM OFFER 1 + 1,2411230
بايوثيرم كريم اساس فاوندشن لايت بيج 30 مل درجه 01 1 + 1,BIOTHERM FOUNDATION 01 LIGHT BEIGE 30 ML 1 + 1,2411226
بايوثيرم كريم اساس فاوندشن لايت روز 30 مل درجه 04 1 + 1,BIOTHERM FOUNDATION 04 LIGHT ROSE 30 ML 1 + 1,2411227
بايوثيرم كريم لتفتيح للمناطق الحساسه 100 مل 1 + 1,BIOTHERM WHITENING CREAM FOR SENSITIVE AREAS 100 ML 1 + 1,2411235
بايوثيرم كريم للعين 30 جم 1 + 1,BIOTHERM EYE CONTOUR CREAM 30 GM 1 + 1,2411236
بايولجام 30 / 50 مجم 8 اقراص مغلفه,BIOLEGAM 50 / 30 MG 8 FILM COATED TABLETS,1773281
بايوليجام 100 / 60 مجم 8 اقراص,BIOLEGAM 100 / 60 MG 8 TAB,1130190
بايوميد جهاز لنقل المحاليل وريد,BIOMED INTRAVENOUS DEVICE,1948962
ببريكلو بخاخ للفم 50 مل 79,PEPRICLO MOUTH SPRAY 50 ML,2669595
بخاخ كاندي رجالي الكينج اسود 150 مل,CANDY BODY SPRAY FOR MEN 150 ML COOL,2672558
بخاخ نويا حسنه 200 مل,NEO MOVE ON SPRAY 200 ML,2267275
بدرميزون 8 مجم 2 مل 1 امبول,BADRMESON 8 MG 2 ML 1 VIAL,2062962
بديالايت 200 مل تفاح للجفاف ج,PEDIALYTE DRINK 200 ML TETRAPACK,2670518
بدياميل 1 لبن 400 جم,PEDIAMIL 1 MILK 400 GM,1876798
بدياميل 2 لبن 400 جم,PEDIAMIL 2 MILK 400 GM,2638613
بدياميل 3 لبن 400 جم,PEDIAMIL 3 MILK 400 GM,1325135
بدياميل ايه سي لبن 400 جم,PEDIAMIL AC MILK 400 GM,2396994
بديكورت 100 مل شراب,PEDICORT 5 MG / 5 ML SYP. 100 ML,2683239
برادوزين 0.5 مجم 20 اقراص,BRADOZEN 0.5 MG 20 TABLETS,2331663
براديبيكت 5 مجم 28 اقراص,BRADIPECT 5 MG 28 F.C. TABS.,906638
براديبيكت 7.5 مجم 28 اقراص,BRADIPECT 7.5 MG 28 F.C. TABS.,2435567
برازولوساب 20 مجم 20 اقراص,PRAZOLOSAB 20 MG 20 TAB.,2639061
برافاماكس 200 مجم 10 اقراص,BRAVAMAX 200 MG 10 TAB,1177202
برافوتين 100 مجم 14 اكياس,PRAVOTIN 100 MG 14 SACHETS,2097708
برافوتين 100 مجم 30 اكياس,PRAVOTIN 100 MG 30 SACHETS,2601478
برافوتين بلس 30 كبسول,PRAVOTIN PLUS 30 CAPS,2219673
براكسون كريم 120 جم,BRAXONE CREAM 120 GM,2145732
براكسيلان 200 مجم 30 اقراص,PRAXILENE 200 MG 30 F.C. TAB.,2631353
بران 60 كبسول (ميباكو),BRAN 60 CAPSULES (MEPACO),2192518
بران كبسول س جديد,BERNARO 20 CAP,2641562
بران ميباكو 60 كبسول س جديد,BRAN 60 CAPSULES (MEPACO),2669129
براند سيستين 300 مجم 30 اقراص,BRAND CYSTEINE 300 MG 30 TAB,2274075
براند كف شراب 120 مل,BRAND COUGH SYRUP 120 ML,974291
براند ميكس بخاخ 60 مل,BRAND MIX SPRAY 60 ML,2140504
براندا مالتي فيتامين 120 مل,BRANDA MULTI VITAMIN 120 ML,2492542
برانداجلوب شراب 120 مل,BRANDAGLOB SYRUP 120 ML,2192519
براندلايت شراب 200 مل,BRANDLYTE SYRUP 200 ML,1813596
برانكا 30 اقراص,BRANCA 30 TABLET,2358924
برانو لايت مرهم 40 جم,BRANO LITE OINTMENT 40 GM,2625704
برانوجار قطره بالفم,BRANOGAR ORAL DROP,2377180
برانوسمين 30 اقراص,BRANOSMINE 30 TAB,2254659
براون ماكينه ازاله 3 شفره,BROWNS HAIR REMOVAL 2068,2562134
برايت هيرت قطره بالفم 30 مل,BRIGHT HIRT ORAL DROP 30 ML,2312642
برايت يوث سيرم,PRETTIER FACIAL SERUM,2463470
برايتوفليكس 30 اقراص,BRAYTOFLEX 30 TABLETS,1041628
برايتوكال 30 اقراص,BRAYTOCAL 30 TABS,2563697
برايتونيرف 30 كبسول,BRAYTONERVE 30 CAPSULES,2622061
برايتونيرف 30 كبسوله جيلاتينيه صلبه,BRAYTONERVE 30 CAPSULES,2681430
برايفت اجنحه ماكسي 9 فوطه,PRIVATE MAXI POCKET SUPER 9 PADS,1400287
برايفت اجنحه مطوي سوبر 26 ق,PRIVATE MAXI POCKET SANITARY PADS WITH WINGS SUPER SIZE 26 PADS,2131190
برايفت اجنحه مطوي عادي 30 ق,PRIVATE MAXI NORMAL 30 PCS,2131189
برايفت اجنحه مطوي عادي 8 ق,PRIVATE MAXI NORMAL 8 PCS,1776880
برايفت اجنحه مطوي نايت 8 فوطه,PRIVATE MAXI POCKET NIGHT 8 PADS,1400799
برايفت اجنحه مطويه 18 ق سوبرالاقتصادي,PRIVATE SUPER SANITARY NAPKINS WITH WINGS – 18 PADS,1399970
برايفت اجنحه مطويه نايت 16 الاقتصادي,PRIVATE MAXI POCKET NIGHT 16 PADS,1401008
برايفت اقتصادي ماكسي 16 قطعه عادي,PRIVATE MAXI ECONOMY NORMAL PADS WITH WINGS – 16 PADS,2130075
برايفت اكسترا ثن ليلي 7 ق,PRIVATE EXTRA THIN NIGHT PADS 7 PS,2130630
برايفت التر 16 اقتصادي ماكسي,PRIVATE PADS FEMININE NAPKINS EXTRA THIN SUPER 16 PCS,1400672
برايفت الترا اقتصادي عادي 18 ق,PRIVATE FEMININE PADS REGULAR THIN BUTTERFLY 18 PCS,2130632
برايفت الترا عادي 10 ق,PRIVATE FEMININE PADS REGULAR THIN BUTTERFLY 10 PCS,1776867
برايفت الترا ماكس 8 ق,PRIVATE FEMININE PADS MAXI THIN BUTTERFLY 8 PCS,1399825
برايفت الترا نايت اقتصادي 14 ق,PRIVATE FEMININE PADS NIGHT THIN BUTTERFLY 14 PCS,2130631
برايفت رقيقه جدا سوبر 8 فوطه,PRIVATE MAXI POCKET NIGHT 8 PADS,1776866
برايفت ماكسي بوكت ليلي 24 فوطه,PRIVATE NIGHT MAXI POCKET SUPER 48 PADS,2130972
برايفت ماكسي بوكت ليلي 8 فوطه,PRIVATE NIGHT MAXI POCKET SUPER 48 PADS,1776874
برايفت ماكسي سوبر 18 قطعه,PRIVATE MAXI SUPER 18 PADS,1776876
برايفت ماكسي سوبر 9 قطعه,PRIVATE MAXI SUPER 9 PADS,1776878
برايفت مس تين 10 ق,PRIVATE MISS TEEN EXTRA THIN 10 PADS PACKAGING MAY VARY,1400387
برايفيت ماكس عادي 8 ف 18,PRIVATE MAXI NORMAL 8 PCS,1400177
برايفيت مطوي 9 ف 12,PRIVATE MAXI NORMAL 8 PCS,2680499
برايم روز بلس 1000 مجم 30 ك جديد / ايما فارم,ORA PRIMROSE 1000 MG 20 CAP,2400008
برايم سينت برفان رجالي 200 مل انفيكتوس,BRIME SCENT PERFUME FOR MEN 200 ML INVECTUS,1822015
برايم سينت برفان رجالي 200 مل بكرات,BRIME SCENT PERFUME FOR MEN 200 ML PACCARAT,2130932
برايم سينت برفان رجالي 200 مل بلاك افغانو,BRIME SCENT PERFUME FOR MEN 200 ML BLACK AVGANO,1821854
برايم سينت برفان رجالي 200 مل بلاك اكس اس,BRIME SCENT PERFUME FOR MEN 200 ML BLACK XS,1822014
برايم سينت برفان رجالي 200 مل دانهيل,BRIME SCENT PERFUME FOR MEN 200 ML DANHILL,1822017
برايم سينت برفان رجالي 200 مل سوفاج,BRIME SCENT PERFUME FOR MEN 200 ML SUVAGE,2131676
برايم سينت برفان رجالي 200 مل كريد,BRIME SCENT PERFUME FOR MEN 200 ML CREED,1822024
برايم سينت برفان رجالي 200 مل يو,BRIME SCENT PERFUME FOR MEN 200 ML YOU,2131661
برايمروز اي 30 كبسول,PRIMROSE E 30 CAPS,2292155
برايمروز بلس 30 كبسول,PRIMROSE PLUS 30 CAPSULES,2169935
برجاتون 20 مجم 30 اقراص,PURGATON 20 MG 30 TAB.,1943545
برجتيلي بلس 28 اكياس,,2672478
برجولاكسين حقنه شرجيه,PURGOLAXIN ENEMA 4 SINGLE DOSE,1901274
برفان استاند نسائم حريمي 24 ق,POCKET PURFUME MASSA FOR WOMEN 24 PCS,2543634
برفان جيب جي بي 17 مل,FOGG POCKET SPRAY 17 ML ROYAL,1665630
برفان سيكريه 115 مل بخاخ الشبراويشي,AL SHABRAWISHY PERFUME SECRET 30 ML,2382625
برفان شيلز حريمي فرنساوي,SHALIS PERFUM 100 ML FOR WOMEN RED,1776890
برفان فوج 100 مل,FOGG PERFUME 100 ML FAME,2513031
برفان ليالي الحلميه 50 مل,ELHAGAN PERFUM 50 ML,2513069
برفكشن بانثينول كريم 50 جم,PERFECTION PANTHENOL CREAM 50 GM,2192499
برفكشن كارباميد كريم 30 جم,PERFECTION CARBAMIDE CREAM 30 GM,2143058
برفكشن كريم لمحيط العين 30 جم,PERFECTION EYE CONTOUR CREAM 30 GM,2602343
بركه 100 كبسول,BARAKA 450 MG 24 CAPS.,2179631
بركه 450 مجم 24 كبسول,BARAKA 450 MG 24 CAPS.,2174842
بركه فورت 500 مجم 30 كبسول,BARAKA FORTE 30 CAPS,2626921
برمنجنات البوتاسيوم سائل 12 ق,PERFECT A POTASSIUM PERMANGANATE LIQUID 12 PCS,1399841
برمنجنات بوتاسيوم الاهرام بالدسته,AL AHRAM A POTASSIUM PERMANGANATE 12 PCS,1868575
برمنجنات بوتاسيوم بالدسته,AL AHRAM A POTASSIUM PERMANGANATE 12 PCS,2602233
برناسورز 0.25 % مرهم 15 جم,BURNASORES 0.25 % OINT. 15 GM,902567
برناسورز 0.25 % مرهم 30 جم,BURNASORES 0.25 % OINT. 30 GM,2616077
برنتيليكس 20 مجم / 14 اقراص,BRINTELLIX 20 MG 14 F.C. TAB.,2671789
برو اوت شامبو,PRO OUT SHAMPO,1546501
برو اوت هير تونيك 5 امبول,PROOUT HAIR TONIC 5 AMP,2073398
برو ايفو شراب 120 مل,PRO EFU SYRUP 120 ML,2498797
برو ريلاكس كريم 50 جم,PRO RELAX CREAM 50 GM,2499774
برو شامبو,STARPRO SHAMPO,2401905
برو شامبو 250 مل,PRO SHAMPOO 250 ML,1044120
برو شامبو للشعر 180 مل,PRO HAIR SHAMPOO 180 ML,1766734
بروبريك 20 مجم 10 اقراص,PROBRIC 20 MG 10 TAB.,2543245
بروبو زون قطره بالفم 15 مل,PROBO ZONE ORAL DROPS 15 ML,2620928
بروبيوتيك فيم نيو 15 كبسول,PROBIOTIC FEMME NEO 15 CAPSULE,1771740
بروبيوتيك كومبلكس نيو 15 كبسول,PROBIOTIC COMPLEX NEO 15 CAPSULE,2146482
بروبيونك كومبليكس 15 اقراص مهبلي,,2673275
بروتوبان 20 مجم 21 كبسول,PROTOPAN 20 MG 21 CAPS.,2435574
بروتوبان 40 مجم 21 كبسول,PROTOPAN 40 MG 21 CAPS,1773308
بروتوزول 500 مجم 12 اقراص,PROTOZOLE 500 MG 12 F.C. TABS.,2468855
بروتوستوب 500 مجم 6 اقراص,PROTOSTOP 500 MG 6 F.C.TABS.,1773310
بروتوفكس 20 مجم 14 اقراص,PROTOFIX 20 MG 14 E.C.TABS.,902575
بروتوفكس 40 مجم 14 اقراص,PROTOFIX 40 MG 14 E.C.TABS.,2159496
بروتوفكس 40 مجم 21 اقراص,PROTOFIX 40 MG 21 E.C.TABS,2635102
بروتوفيكس 40 مجم 14 ق جديد / راميدا,PROTOFIX 40 MG 14 E.C.TABS.,2668928
بروتوفيناك 150 مجم 10 اقراص,PROTOFENAC 150 MG 10 TABS,1210149
بروتوفيناك 150 مجم 20 اقراص,PROTOFENAC 150 MG 20 TABS,2468858
بروتولانس 60 مجم 14 كبسول,PROTOLANS 60 MG 14 CAPS,1657915
بروتولوك 20 مجم 14 اقراص,PROTOLOC 20 MG 14 E.C.TABS.,2144822
بروتولوك 40 مجم 14 اقراص,PROTOLOC 40 MG 14 E.C.TABS.,902582
بروتي كير شامبو,PROTE CARE HAIR SHAMPOO 190 ML,2680902
بروتي كير شامبو للشعر 190 مل,PROTE CARE HAIR SHAMPOO 190 ML,2643693
بروتي كير كريم 100 جم جديد,PROTE CARE HAIR CREAM 100 GM,2682991
بروتي كير كريم شعر 100 جم,PROTE CARE HAIR CREAM 100 GM,2643694
بروتيرن 20 اقراص,BROTERN 20 TAB,2293616
بروتيكا بخاخ 120 مل,PROTECA TOPICAL SPRAY 120 ML,1425866
بروتيكا لوسيون 120 مل 60,PROTECA TOPICAL LOTION 120 ML,2644405
بروتيكا لوشن 120 مل,PROTECA TOPICAL LOTION 120 ML,1223551
بروتيكاكونازول 150 مجم 2 كبسوله,PROTICACONAZOLE 150 MG 2 CAPSULES,2178070
بروجارد بلس اكياس,PROGUARD PLUS SACHETS,2208730
بروجسينج 100 مجم / 2 مل 10 امبول,PROGESING 100 MG / 2 ML 10 I.M. AMPS.,2600231
بروجيست 100 مجم 24 كبسول,PROGEST 100 MG 24 ORAL / VAGINAL CAPS.,2312650
بروجيست 200 مجم 30 كبسول,PROGEST 200 MG 30 ORAL / VAGINAL CAPS.,902587
بروجيست 400 مجم 15 كبسول مهبلي,PROGEST 400 MG 15 VAG CAPS,2653956
بروجيست 400 مجم كبسول,PROGEST 400 MG 15 VAG CAPS,2680739
بروجيسترون 50 مجم / مل 10 امبول القاهره,PROGESTERONE KAHIRA 50 MG / ML 10 AMP,2172212
بروجيسنج محلول عضلي 100 مجم / 2 مل 10 امبوله 170,PROGESING 100 MG / 2 ML 10 I.M. AMPS.,2643338
بروس زيت للشعر 120 مل,PROSS HAIR OIL 120 ML,1763768
بروس زيت للشعر 250 مل,PROSS HAIR OIL 250 ML,2146955
بروس سيروم للشعر 120 مل,PROSS HAIR SERUM 120 ML,1425874
بروس سيروم للشعر 250 مل,PROSS HAIR SERUM 250 ML,1792695
بروس شامبو للشعر 250 مل,PROSS HAIR SHAMPOO 250 ML,2474313
بروس كريم للشعر 150 جم,PROSS HAIR CREAM 150 GM,2474315
بروس لوشن للشعر 120 مل,PROSS HAIR LOTION 120 ML,2474316
بروس لوشن للشعر 250 مل,PROSS HAIR LOTION 250 ML,1677680
بروست ايد 20 اقراص,PROSTARISE 20 CAP,2670857
بروست ايد 20 كبسول,PROST ADE 20 CAPSULES,2651872
بروست ايد 30 كبسول,PROST ADE 30 CAPSULES,1022807
بروستارايز 20 اقراص,PROSTARISE 20 CAP,2289778
بروستاسولف 0.4 مجم 30 كبسول,PROSTASOLVE 0.4 MG 30 CAPS,2464870
بروستاسولف 20 اقراص,PROSTASOLVE 0.4 MG 30 CAPS,2646116
بروستاكيور 20 كبسول,PROSTACURE 50 MG 20 CAPS.,2682633
بروستاكيور 50 مجم 20 كبسول,PROSTACURE 50 MG 20 CAPS.,2602244
بروستاليتي 20 كبسول,PROSTALITY 20 CAPS.,1822573
بروستانورم 30 كبسول,PROSTANORM 30 CAPS,2169182
بروستريد 5 مجم 30 كبسول,PROSTRIDE 5 MG 30 CAPS.,1653111
بروسيرا زيت للشعر 100 مل,PROSIRA HAIR OIL 100 ML,2498773
بروسيرا سيرم للشعر,PROSIRA HAIR SERUM,2498774
بروسيكينول 10 مجم / 2 مل 5 امبول,PROCYKINOL 10 MG / 2 ML 5 AMP,1996086
بروسيكينول 5 مجم 50 اقراص,PROCYKINOL 5 MG 50 TABS,2170816
بروش كولاجين كريم 60 جم,BROSH COLLAGEN CREAM 60 GM,2643737
بروف بانثينول كريم 30 جم,PROVE PANTHENOL CREAM 30 GM,2363493
بروف كارباميد كريم 30 جم,PROVE CARBAMID CREAM 30 GM,2157901
بروفان 100 مجم 14 اكياس,PROVAN 100 MG 14 SACHETS,2435592
بروفان 100 مجم 30 اكياس,PROVAN 100 MG 30 SACHETS,2491822
بروفوجوي 30 كبسول,PROVOJOY 30 CAPS,2255447
بروفوسول 400 مجم 20 اقراص,PROFUSOL 400 MG 20 S.G CAPS.,1739143
بروفي عرض اوميجا 3 60 ق + اكسترا فيتامين 60 ق,PROFI KIDS C ZINC 120 GUMMIES + MEGAN OMEGA 3 60 GUMMIES,2491906
بروفي كيدز ايرون 120 + اكسترا 60,PROFI KIDS IRON 120 GUMMIES,2462125
بروفي كيدز بلس كالسيوم 120 قطعه + بروفي كيدز مكمل غذائي 60 قطعه,PROFI KIDS D PLUS CALCIUM 120 GUMMIES + PROFI KIDS VITAMIN 60 GUMMIES,2491907
بروفي كيدز بيوتين 120 قطعه + بروفي كيدز مكمل غذائي 60 قطعه,PROFI KIDS BIOTIN 120 GUMMIES + PROFI KIDS VITAMIN 60 GUMMIES,2521408
بروفي كيدز حديد 120 قطعه + بروفي كيدز مكمل غذائي 60 قطعه,PROFI KIDS EXTRA MULTI VITAMIN 60 GUMMIES + PROFI KIDS IRON 120 GUMMIES,2491905
بروفي كيدز سي وزنك 120 قطعه + ميجان اوميجا 3 60 قطعه,PROFI KIDS C ZINC 120 GUMMIES + MEGAN OMEGA 3 60 GUMMIES,2647032
بروفي كيدز ماغنسيوم 120 قطعه + بروفي كيدز مكمل غذائي 60 قطعه,PROFI KIDS MAGNESIUM 120 GUMMIES + PROFI KIDS VITAMIN 60 GUMMIES,2491909
بروفي كيدز مكمل غذائي 120 قطعه + بروفي كيدز مكمل غذائي 60 قطعه,PROFI KIDS EXTRA MULTI VITAMIN 120 GUMMIE + PROFI KIDS EXTRA MULTI VITAMIN 60 GUMMIE,2147029
بروفي كيدز مكمل غذائي 120 قطعه + ميجان اوميجا 3 للاطفال 60 قطعه,PROFI KIDS EXTRA MULTI VITAMIN 120 GUMMIE + MEGAN CHILDREN OMEGA 3 FISH OIL 60 GUMM,1987264
بروفي كيدز مكمل غذائي 60 قطعه + ميجان اوميجا 3 للاطفال 120 قطعه,+ PROFI KIDS EXTRA MULTI VITAMIN 60 GUMMIE + MEGAN CHILDREN OMEGA 3 FISH OIL 120 GUM,2491904
بروفيت شراب للاطفال 100 مل,PROVIT PAEDIATRIC SYRUP 100 ML,2282429
بروفيتا كان جيونت اقراص,,2673226
بروفيتاكان جوينت 30 كبسول,BROVITACAN JOINT 30 CAPS,1041439
بروفيتاكان فيرو 30 كبسوله,BROVITACAN FERO 30 CAP,1996088
بروفيتاكان كومبلكس 30 اقراص,BROVITACAN COMPLEX 30 TAB,2564617
بروفيتاكان مامي 30 قرص,BROVITACAN MAMMY 30 F.C.TABS.,1996089
بروفير اكسترا 30 اقراص,PROFER EXTRA 30 TAB,1947066
بروفير سيرم للشعر 100 مل,PROVEER HAIR SERUM 100 ML,1623592
بروفير شامبو ضد تساقط الشعر 250 مل,PROVEER ANTI HAIR LOSS SHAMPOO 250 ML,2276303
بروفيرون 20 اقراص,PROFERIN 24 TABS,2683241
بروفيرون 25 مجم 20 اقراص,PROVIRON 25 MG 20 TABS.,2644793
بروفيكيدز اوميجا 120 + مالتي فيتامين 60,,2267940
بروفين 100 مجم / 5 مل شراب 150 مل,BRUFEN 100 MG / 5 ML SUSP. 150 ML,1625302
بروفين 200 مجم 30 اقراص,BRUFEN 200 MG 30 TAB,2326683
بروفين 400 مجم 30 اقراص,BRUFEN 400 MG 30 TAB,2312653
بروفين 600 مجم 30 اقراص,BRUFEN 600 MG 30 TAB,902605
بروفين 600 مجم فوار 10 اكياس,BRUFEN 600 MG 10 EFF. GR. IN SACHETS,1030466
بروفين 600 مجم فوار 20 اكياس,BRUFEN 600 MG 20 EFF. GR. IN SACHETS,1395908
بروفين ايفي دينس بخاخ ضد تساقط الشعر 100 مل,PROVEN EVIDENCE ANTI HAIR LOSS SPRAY 100 ML,2114202
بروفين ايفي دينس بخاخ لحب الشباب 120 مل,PROVEN EVIDENCE ACNE SPRAY 120 ML,1827156
بروفين ايفي دينس شامبو ضد القشره 120 مل,PROVEN EVIDENCE ANTI DANDRUFF 120 ML,2114200
بروفين ايفي دينس شامبو ضد تساقط الشعر 200 مل,PROVEN EVIDENCE ANTI HAIR LOSS SHAMPOO 200 ML,2114201
بروفين ايفي دينس غسول جل لحب الشباب 200 مل,PROVEN CLEANSER GEL 200 ML,1827158
بروفين ايفي دينس كريم للعين 30 مل,PROVEN EVIDENCE EYE CONTOUR CREAM 30 ML,2114204
بروفين ايفي دينس كريم مرطب 100 مل,PROVEN EVIDENCE MOISTURIZING CREAM 100 ML,2114203
بروفين بخاخ للشعر ضد القشره 120 مل,PROVEN ANTI DANDRUFF SPRAY 120 ML,2567902
بروفين ريتارد 800 مجم 20 اقراص,BRUFEN RETARD 800 MG 20 SUSTAINED RELEASE F.C.TAB.,2672709
بروفين فلو شراب 60 مل,BRUFEN FLU SUSP. 60 ML,2409837
بروفين كولد 20 اقراص,BRUFEN COLD 20 F.C. TABS.,2640312
بروفين يوريا 10 % كريم 100 جم,PROVEN MOISTURIZING CREAM 10 % UREA 100 GM,2567900
بروكاسوفت 1 مجم 14 اقراص,PRUCASOFT 1 MG 14 F.C.TABS.,1503241
بروكاسوفت 2 مجم 14 اقراص,PRUCASOFT 2 MG 14 F.C.TABS.,902609
بروكاسيف بخاخ للشعر 100 مل,PROCASEV HAIR SPRAY 100 ML,2642568
بروكسي ايرون 30 اقراص,PROXY IRON 30 TAB,2164638
بروكسيمول 0.4 مجم 40 اقراص,PROXIMOL 0.4 MG 40 SUGAR COATED TAB.,902613
بروكسيمول مركب 60 جم فوار,PROXIMOL COMPOUND EFF. GRANULES 60 GM,2312658
بروكورالان 5 مجم 28 اقراص,PROCORALAN 5 MG 28 F.C. TABS.,2602254
بروكورالان 7.5 مجم 28 اقراص,PROCORALAN 7.5 MG 28 F.C. TABS.,2312660
بروكير 20 كبسول,PROCARE 20 CAPS.,2435604
بروكير كريم للشعر 100 جم,PROKER HAIR CREAM 100 GM,2468886
بروكيور 30 كبسول,PROCURE 30 CAP,2144385
بروليا 60 مجم 1 سرنجه,PROLIA 60 MG 1 PREF.SYRINGE,1451591
بروليا امبول 60 مل / ثلاجه,PEARLA PINK FOOT CREAM 60 ML,2264414
بروماجار نقط بالفم 15 مل,BROMAGAR ORAL DROPS 15 ML,2498539
بروماكس بلس 12 اكياس 20 جم,PROMAX PLUS 12 SACHETS 20 GM,2205558
بروموفلام 0.09 % قطره للعين 5 مل,BROMOFLAM 0.09 % EYE DROPS 5 ML,902620
بروميد دي 100 وحده دوليه / قطره للفم 15 مل,BROMED D 100 I.U. / DROP ORAL DROPS 15 ML,1624070
بروميكس كيدز بودر شيكولاته 400 جم,PROMIX KIDS CHOCOLATE MILK POWDER 400 GM,1813595
برونتو بلس 20 اقراص,PRONTO PLUS 20 TAB.,1129333
برونتو حفاضات كبار السن شورت 15 قطعه XL,PRONTO ADULT DIAPERS PANTS 15 PIECES XL,2131695
برونتو ميزان ديجيتال 180 كجم,PRONTO DIGITAL SCALE 180 KG,1779463
برونتوجيست 100 مجم / 2 مل 10 امبول,PRONTOGEST 100 MG / 2 ML 10 I.M.AMP,902624
برونتوجيست 200 مجم 30 لبوس,PRONTOGEST 200 MG 30 VAG. OR RECT. PESSARIES,902625
برونتوجيست 400 مجم 30 لبوس,PRONTOGEST 400 MG 30 VAGINAL PESSARIES,2452767
برونتوجيست 50 مجم / 1 مل 10 امبول,PRONTOGEST 50 MG / 1 ML I.M. 10 AMP,1839746
برونتوجيست 50 مجم امبول ثلاجه,PRONTOGEST 50 MG / 1 ML I.M. 5 AMP,2455625
برونتوميوتيم 100 مجم 30 اقراص,PRONTOMUTIM 100 MG 30 TABS,2669051
برونتوميوتيم 200 مجم 30 اقراص,PRONTOMUTIM 200 MG 30 TAB,2183949
برونش شراب 120 مل,BRONCH SYRUP 120 ML,1425896
برونشيكم شراب,BRONCHICUM IVY SYRUP 100 ML,2331173
برونشيكوم 20 اقراص استحلاب,BRONCHICUM 20 LOZENGES,2173055
برونشيكوم اليكسر شراب 100 مل افنتس,BRONCHICUM ELIXIR 100 ML,2670101
برونشيكوم ايفي شراب 100 مل,BRONCHICUM IVY SYRUP 100 ML,2335710
برونكانديس شراب 100 مل,BRONCANDES SYRUP 100 ML,2329615
برونكو شراب 120 مل,BRONCHO SYRUP 120 ML,963909
برونكو فاكسوم اطفال 3.5 مجم 10 اكياس,BRONCHO VAXOM CHILDREN 3.5 MG 10 SACHETS,2619030
برونكو فاكسوم للاطفال 3.5 مجم 10 كبسول,BRONCHO VAXOM CHILDREN 3.5 MG 10 CAPS,2468898
برونكو فاكسوم للكبار 7 مجم 10 كبسول,BRONCHO VAXOM ADULTS 7 MG 10 CAPS,2312667
برونكوبايونير 50 مكجم 30 كبسول استنشاق,BRONCHOPYONAIR 50 MCG 30 CAPS. FOR INH. + INHALER,2633604
برونكوبايونير بلس 50 / 100 مكجم 30 كبسول,BRONCHOPYONAIR PLUS 50 / 100 MCG 30 CAPS,2058647
برونكوبرو 15 مجم / 5 مل شراب 100 مل,BRONCHOPRO 15 MG / 5 ML SYRUP 100 ML,1269679
برونكوبرو 7.5 مجم / مل قطره 30 مل,BRONCHOPRO 7.5 MG / ML ORAL DROPS 30 ML,1513507
برونكوبرو ريتادر 10 كبسوله جديد,BRONCHOPRO RETARD 75 MG 10 CAPS,2640270
برونكوبرو ريتارد 75 مجم 10 كبسول,BRONCHOPRO RETARD 75 MG 10 CAPS,2552216
برونكوتيرول شراب 120 مل,BRONCHOTEROL SYRUP 120 ML,2560082
برونكوسيرا شراب 120 مل,BRONCHOSIRA SYRUP 120 ML,2282413
برونكوفاكسوم اطفال س 158,BRONCHO VAXOM CHILDREN 3.5 MG 10 SACHETS,2639841
برونكوفين شراب 125 مل,BRONCHOPHANE SYRUP 125 ML,902635
برونكولين اس 0.5 % محلول 30 مل,BRONCHOLIN S 0.5 % RESPIRATOR SOLN. 30 M,1766788
برونكولين اس 240 جرعه بخاخ استنشاق,BRONCHOLIN S 240 DOSES AEROSOL FOR INHALATHION,1751037
برونكير شراب 120 مل,BRONCARE SYRUP 120 ML,2639881
برونكينج شراب,,2671202
بريانيل سي ار 400 مجم 30 اقراص,PRIANIL C.R. 400 MG 30 CONTROLLED REL. TAB.,2473860
بريباويست 2 اكياس,PREPAWEST 2 DUAL SACHETS (POWDER FOR ORAL SOL.),1257409
بريبيوتك 10 جم 14 اكياس,PREBIOTIC 10 GM 14 SACHETS,1425905
بريت غسول مهبلي 250 مل,BRETT VAGINAL WASH 250 ML,2312669
بريتا وين بخاخ,BRETTA WIN COLD SPRAY,2602263
بريتا وين جل 75 جم,BRETTA WIN GEL 75 GM,2602262
بريتاجراف كريم 15 جم,BRETTAGRAF CREAM 15 GM,2209709
بريتاجراف كريم 30 جم,BRETTAGRAF CREAM 30 GM,2209710
بريتوبرازان 20 مجم 14 اقراص,PRETOPRAZAN 20 MG 14 TABS,2435577
بريتير اكسفوليتنج جل 250 مل,PRETTIER EXFOLIATING GEL 250 ML,902638
بريتير بلس ايمولنت كريم 60 جم,PRETTIER PLUS EMOLLIENT CREAM 60 GM,2574899
بريتير بلوبيك زيت للشعر 150 مل,PRETTIER BLOPIK HAIR OIL 150 ML,2265264
بريتير تيادو كونديشنر 250 مل,PRETTIER TIA DO CONDITIONER 250 ML,2498551
بريتير جل اي كونتر 35 جم,PRETTIER EYE CONTOUR GEL 35 GM,1468311
بريتير جولاري شامبو 250 مل,PRETTIER JOLARY SHAMPOO 250 ML,2193025
بريتير رول اون,PRETTIER ROLL ON,2149743
بريتير سولوفورت شاور جل 250 مل,PRETTIER SOLUFORTE SHOWER GEL 250 ML,2492785
بريتير سيرم للوجه,PRETTIER FACIAL SERUM,2641729
بريتير شامبو ضد القشره 120 مل,PRETTIER ANTI DANDRUFF SHAMPOO 120 ML,2492780
بريتير صابون تفتيح 100 جم,PRETTIER WHITENING SOAP 100 GM,2473682
بريتير صابون تقشير 100 جم,PRETTIER EXFOLIATING SOAP 100 GM,2274841
بريتير صن سكرين 50 + كريم 60 جم,PRETTIER SUN SCREEN SPF 50 + CREAM 60 GM,2145706
بريتير غسول للوجه جل 200 مل,PRETTIER FACIAL WASH GEL 200 ML,2521567
بريتير فيشيال اكسفولياتنج جل ليمون 250 مل 195,PRETTIER EXFOLIATING GEL 250 ML,2641726
بريتير ك كريم 35 جم حب شباب,PRETTIER K CREAM 35 GM,1127658
بريتير كريم تفتيح 50 جم,PRETTIER WHITENING CREAM 50 GM,2066131
بريتير لوشن روتس 120 مل,PRETTIER HAIR LOTION FOR ROOTS 120 ML,1064597
بريتير مينوف كريم تفتيح البشره والاماكن الحساسه 100 مل,PRETTIER MINOV WHITENING CREAM 100 ML,2632109
بريث داي غسول فم بالشاي الاخضر 300 مل,BREATH DAY MOUTHWASH WITH STRAWBERRY 300 ML,2682537
بريث داي غسول فم للثه صحيه 300 مل,BREATH DAY MOUTHWASH WITH STRAWBERRY 300 ML,2638061
بريث داي غسول للفم سموكز 300 مل,BREATH DAY MOUTHWASH FOR SMOKERS 300 ML,2316836
بريث داي غسول للفم فراوله 300 مل,BREATH DAY MOUTHWASH WITH STRAWBERRY 300 ML,2642748
بريث داي غسول للفم قرنفل 300 مل,BREATH DAY MOUTHWASH WITH CLOVE 300 ML,2316837
بريث داي غسول للفم كول منت نعناع 300 مل,BREATH DAY MOUTHWASH WITH COOL MINT 300 ML,2316838
بريجاستيب اقراص,,2620859
بريجتيلتي 60 كبسول,PREGTILITY 60 CAPS,2158060
بريجتيلتي بلس 28 اكياس,PREGTILITY PLUS 28 SACHETS,2316869
بريجناستيب 1 30 اقراص,PREGNASTEP 1 30 TABS,2626537
بريجناستيب 2 30 اقراص,PREGNASTEP 2 30 TABS,2668744
بريجناستيب 3 30 اقراص,PREGNASTEP 3 30 TABS,2668742
بريجنافكس 30 اقراص,PREGNAVIX 30 F.C.TABS,1867807
بريجناكير 30 اقراص,PREGNACARE 30 F.C. TABS.,2171016
بريجناكير بلس اوميجا 3 28 اقراص,PREGNACARE PLUS OMEGA 3 28 CAPS,2570913
بريجناكير للرضاعه 84 اقراص,PREGNACARE BREAST FEEDING 84 TAB,2157987
بريجناويل 30 كبسول,PREGNAWELL 30 CAPS.,2626538
بريدابوكس 30 مجم,PREDAPOX 30 MG 6 F.C. TABS.,2682934
بريدابوكس 30 مجم 6 اقراص,PREDAPOX 30 MG 6 F.C. TABS.,2496893
بريدابوكس 60 مجم 6 اقراص,PREDAPOX 60 MG 6 F.C. TABS,919501
بريدسول 5 مجم 5 مل شراب 125 مل,PREDSOL 5 MG / 5 ML SYRUP 125 ML,906640
بريدسول فورت 15 مجم / 5 مل شراب 60 مل,PREDSOL FORTE 15 MG / 5 ML SYRUP 60 ML,2543090
بريدسول فورت شراب,PREDSOL FORTE 15 MG / 5 ML SYRUP 60 ML,2683237
بريدنيزولون 20 مجم 20 اقراص العربيه,PREDNISOLONE 20 MG 20 ORODISPERSIBLE TABS,1739171
بريدنيزولون 20 مجم 20 اقراص ايفا,PREDNISOLONE 20 MG 20 ORODISPERSIBLE TABS EVA,2620300
بريدنيزولون 5 مجم 20 اقراص العربيه,PREDNISOLONE 5 MG 20 TABS,2145733
بريدنيزولون 5 مجم 30 اقراص ايفا,PREDNISOLONE EVA PHARMA 5 MG 30 TABS,2562504
بريدنيزيلون 5 مجم 30 اقراص,PREDNISOLONE EVA PHARMA 5 MG 30 TABS,2670757
بريدنيسولون 20 مجم 30 اقراص,PREDNISOLONE 5 MG 20 TABS,2646837
بريدنيسولون 250 مل اقراص,PREDNISOLONE 5 MG 20 TABS,2452204
بريدوفيرت اقراص بديل ميلجا ادفانس,,2150521
بريدوكايين كريم 15 جم,PRIDOCAINE TOPICAL CREAM 15 GM,902645
بريدوكايين كريم 30 جم,PRIDOCAINE TOPICAL CREAM 30 GM,902646
بريديلون 5 مجم 10 اقراص 25 شريط,PREDILONE 5 MG 10 TAB. 25 STRIPS PACK,2511562
بريزتري استنشاق 16094.8 مكجم 120 جرعه,BREZTRI INHALER AEROSOL 120 DOSES,2616688
بريزتري بخاخ استنشاق 120 جرعه,BREZTRI INHALER AEROSOL 120 DOSES,1851491
بريزولين قطره للعين والانف 15 مل,PRISOLINE EYE / NASAL DROPS 15 ML,2621859
بريسبرينا 20 كبسوله,PRESBRINA 20 CAPS,2146601
بريسبرينا كبسول,PRESBRINA 20 CAPS,2672639
بريستافلام 100 مجم 20 اقراص,BRISTAFLAM 100 MG 20 F.C.TABS.,902648
بريستو 20 اقراص مضغ,BRESTTO 20 PIECES CHEW. TABS.,902566
بريسرول مساج جل 50 جم,PRESSROL MASSAGE GEL 50 MG,2126629
بريسمافين 100 مجم 30 اقراص,PRISMAVEN 100 MG 30 EXT. REL. TAB.,2390092
بريسمافين 50 مجم 30 اقراص,PRISMAVEN 50 MG 30 EXT. REL. TAB.,1869805
بريسيد كريم 60 جم,PRESEED CREAM 60 GM,2536075
بريفا دي 3 10000 وحده 30 اقراص,BREVA D 3 10000 I.U. 30 TABS,2293438
بريفا دي 3 50000 وحده 4 اقراص,BREVA D 3 50000 I.U. 4 TABS,2435631
بريفاجليب بلس 2.5 / 1000 مجم 30 اقراص,PREVAGLIP PLUS 2.5 / 1000 MG 30 TABS.,2543428
بريفاجليب بلس 2.5 / 500 مجم 30 اقراص,PREVAGLIP PLUS 2.5 / 500 MG 30 TABS.,2462406
بريفافيوتال 100 مجم 30 قرص,BRIVAFUTAL 100 MG 30 F.C.TABS,2471652
بريفافيوتال 50 مجم 30 قرص,BRIVAFUTAL 50 MG 30 F.C.TABS,2400471
بريفاكوند قطره للعين 15 مل,PRIVACOND EYE DROPS 15 ML,2369272
بريفي 2.5 مجم / 5 مل شراب 100 مل,BREVY 2.5 MG / 5 ML SYRUP 100 ML,2300474
بريفي 5 مجم 10 اقراص,BREVY 5 MG 10 F.C. TABS,1765066
بريفيكس بخاخ 120 مل,PREVEX TOPICAL SPRAY 120 ML,1766815
بريفيكس كير بخاخ 60 مل,PREVEX CARE TOPICAL SPRAY 60 ML,2435633
بريكسافيرت 30 اكياس,PRIXAFERT 30 SACHETS,2571395
بريكسال 10 مجم 30 كبسول,PREXAL 10 MG 30 CAPLETS,2146083
بريكسال 5 مجم 30 كبسول,PREXAL 5 MG 30 CAPLETS,2180940
بريكسبيبرازول 1 مجم 30 اقراص,BREXPIPRAZOLE 1 MG 30 F.C.TABS.,2250655
بريكسبيبرازول 2 مجم 30 اقراص,BREXPIPRAZOLE 2 MG 30 F.C.TABS.,2250656
بريكسيبرازول 1 مجم 30 اقراص,,2683157
بريليانت 100 مجم 8 اقراص,BRILLIANT 100 MG 8 F.C.TAB,1115686
بريليك 60 مجم 56 اقراص,BRILIQUE 60 MG 56 F.C. TABS.,2415782
بريليك 90 مجم 56 اقراص,BRILIQUE 90 MG 56 F.C. TABS.,2605252
بريما جروث بودر 8 اكياس شوكولاته كبار,PRIMA GROWTH POWDER 8 SACHETS CHOCOLATE ADULT,2261731
بريما جروث بودر 8 اكياس فانيليا كبار,PRIMA GROWTH POWDER 8 SACHETS VANILLA ADULT,2435638
بريما جروث بودر للاطفال 8 اكياس شوكولاته,PRIMA GROWTH POWDER FOR CHILDREN 8 SACHETS CHOCOLATE,2468924
بريما جروث بودر للاطفال 8 اكياس فانيليا,PRIMA GROWTH POWDER FOR CHILDREN 8 SACHETS VANILLA,1824886
بريما جروث شيكولاته 8 اكياس,PRIMA GROWTH POWDER 8 SACHETS CHOCOLATE ADULT,2144325
بريما جروث شيكولاته 8 اكياس جديد,PRIMA GROWTH POWDER 8 SACHETS CHOCOLATE ADULT,2192595
بريما جروث فانيليا,PRIMA GROWTH POWDER 8 SACHETS VANILLA ADULT,2476100
بريماتوجيست 250 مجم 1 امبول,PREMATOGEST 250 MG / ML 1 AMP,2640890
بريماديرم كريم 100 جم,PRIMADERM CREAM 100 GM,1536468
بريمافيتا 2 لبن 400 جم,PRIMAVITA 2 MILK 400 GM,1812903
بريمانود 10 كبسول,PRIMANOD 10 CAPS,2181487
بريمانود كبسولات 10 اقراص,PRIMANOD 10 CAPS,2618703
بريمهيرب 20 مجم 20 اقراص,PREMHERB 20 MG 20 TAB,2672835
بريمو بلس لوشن 120 مل,PRIMO PLUS TOPICAL LOTION 120 ML,2629353
بريموبرينز قطره للعين 5 مل,BRIMOBRINZ EYE DROP 5 ML,2637273
بريموسالم قطره للعين 5 مل,BRIMOSALM EYE DROP 5 ML,1992594
بريموفول 30 اقراص,PRIMOFOL 30 TAB,2568359
بريموكسيزار 400 مجم 10 اقراص,PRIMOXIZAR 400 MG 10 F.C. TAB,2624007
بريمونوكوند 0.2 % قطره 5 مل,BRIMONOCOND 0.2 % EYE DPS. 5 ML,1159854
بريمونوكوند بلس قطره 5 مل,BRIMONOCOND PLUS EYE DROPS 5 ML,1657972
بريمونيدين 0.2 % قطره 5 مل,BRIMONIDINE 0.2 % EYE DROPS 5 ML,902665
بريميليرجي 7.5 مل قطره للعين,BRIMILLERGY 7.5 ML EYE DROP,2315156
برين اوكس 30 مجم اس ار 20 كبسول,BRAIN OX 30 MG S.R. 20 CAPS.,2464155
برينتيمو قطره 5 مل,BRINTIMO EYE DROP 5 ML,2626926
برينجو لوسيون 120 مل,BRINGO TOPICAL LOTION 120 ML,2521740
برينو 10 اكياس,PRENO 10 SACHETS,2500121
برينوميجا شراب 120 مل,BRINOMEGA SYRUP 120 ML,2143183
بزموت اوكسيد 120 مجم 56 اقراص,SPASMO TC SYRUP,2496254
بزموث اوكسيد 120 مجم 56 اقراص,BISMUTH OXIDE 120 MG 56 F.C. TABS,902670
بطاريه جهاز سكر بالكارت 5 ق / باناسونيك,PANASONIC BATTERY 5 PIECE,1683665
بكتول استحلاب برتقال 24 شريط 8 اقراص,PECTOL FRESH BONBON WITH ORANGE FLAVOUR 24 STRIPS 8 TABLETS,902838
بكتول استحلاب عسل وليمون 24 شريط 8 اقراص,PECTOL FRESH BONBON WITH LEMON FLAVOUR 24 STRIPS 8 TABLETS,902839
بكتول استحلاب نعناع 24 شريط 8 اقراص,PECTOL FRESH BONBON WITH MINT FLAVOUR 24 STRIPS 8 TABLETS,1425944
بكتيكلور 125 مجم / 5 مل شراب 60 مل,BACTICLOR 125 MG / 5 ML SUSP. 60 ML,2435644
بكتيكلور 250 مجم / 5 مل شراب 60 مل,BACTICLOR 250 MG / 5 ML SUSP. 60 ML,902673
بكر ريسيت 40 متر,ZEINA KITCHEN ROLL 4 PSC,2384655
بلاتينور 75 مجم 30 اقراص,PLATENOR 75 MG 30 TAB.,902674
بلادوجرا اكس ار 25 مجم 30 اقراص,BLADOGRA XR 25 MG 30 F.C. TABS.,2468939
بلادوجرا اكس ار 50 مجم 30 اقراص,BLADOGRA XR 50 MG 30 F.C. TABS.,1033617
بلاستر بلاست 10 سم 10 يارده / ماسكو,NMS SILK PLASTER 10 CM,2513652
بلاستر حب شباب,CURE AID HYDROCOLLOID SPOTS PLASTER– 24 PCS,2131025
بلاستر دكتور ايد مدور 100 قطعه,DOCTOR AID PLASTER SPOTS 100 PCS,1400016
بلاستر دكتور ايد مدور 500 قطعه,DOCTOR AID PLASTER SPOTS 500 PCS,2130693
بلاستر ستير سترب تجميل 1540 موف,STERI STREP BEAUTY PLASTER 1540 PURPLE,1401178
بلاستر ستير سترب تجميل 1542 اخضر,STERI STREP BEAUTY PLASTER 1542 GREEN,1400728
بلاستر ستير سترب تجميل 1546 برتقالي,STERI STREP BEAUTY PLASTER 1546 ORANGE,1400726
بلاستر ستير سترب تجميل 1547 ازرق,STERI STREP BEAUTY PLASTER 1547 BLUE,1400731
بلاستر سلك بلاست 1.25 2 ي ازرق,NMS SILK PLASTER 1.25 CM,2602283
بلاستر سلك بلاست 10 5 يارده احمر,NMS SILK PLASTER 10 CM,2602280
بلاستر سلك بلاست 2 2 ي احمر,NMS SILK PLASTER 2 CM,2602284
بلاستر سلك بلاست 2.5 5 ي ازرق,NMS SILK PLASTER 2.5 CM,2602281
بلاستر سلك بلاست 5 5 يارده اخضر,NMS SILK PLASTER 5 CM,2602282
بلاستر سيلك شفاف 7 سم,NMS SILK PLASTER 7.5 CM,2167386
بلاستر صره للاطفال 25 ق / تراي ام,TRI M UMBILICAL PLASTER 20 PCS,1756190
بلاستر كيور ايد 1000 قطعه بالعلبه,CURE AID PLASTER LONG 1000 PCS,2602285
بلاستر كيور ايد حب الشباب 24 ق,CURE AID HYDROCOLLOID SPOTS PLASTER– 24 PCS,2073342
بلاستر كيور ايد طويل 1000 قطعه,CURE AID PLASTER LONG 1000 PCS,1400238
بلاستر كيور ايد مشكل 20 قطعه,CURE AID PLASTER 20 PCS,2131064
بلاستو كالفيت 30 اقراص,BLASTO CALVIT 30 TAB,2179930
بلاستيجيك 2.5 مجم / 1 مل شراب 120 مل,BILASTIGEC 2.5 MG / ML ORAL SOLUTION,2510623
بلافيكارد 75 مجم 30 اقراص,PLAVICARD 75 MG 30 F.C. TAB.,2433561
بلافيكتونال 75 مجم 20 اقراص,PLAVICTONAL 75 MG 20 F.C. TAB.,902676
بلافيكس 300 مجم 30 اقراص,PLAVIX 300 MG 30 TABS,2468941
بلافيكس 75 مجم 28 اقراص,PLAVIX 75 MG 28 F.C.TABS,902679
بلاك اجين ان كريم 150 مل,BLACK AGAIN N HAIR CREAM 150 ML,2146490
بلاكونيل 200 مجم 60 اقراص,PLAQUENIL 200 MG 60 F.C.TABS.,1226022
بلانشر نيوتراست شراب 120 مل,PLANCHER NEW TRUST 120 ML SYRUP,1923519
بلانكا اس كريم لتفتيح الاماكن الحساسه 40 جم,BLANKA S CREAM 40 GM,902682
بلانكا غسول لتفتيح البشره فوم 150 مل,BLANKA LIGHTENING CLEANSER FOAM 150 ML,2468947
بلانكا كريم تفتيح للبشره 50 جم,BLANKA CREAM 50 GM,2468946
بلانكي 3 1 شامبو وبلسم وغسول للجسم 200 مل,BLANKIE 3 1 SHAMPOO CONDITIONER AND BODY WASH 200 ML,1945276
بلانكي زيت للاطفال للجسم والشعر 100 مل,BLANKIE BABY OIL FOR BODY AND HAIR 100 ML,2012330
بلانكي كريم لمنطقه الحفاضه 75 جم,BLANKIE DIAPER RASH CREAM 75 GM,2131693
بلانكي كيدز كريم للشعر 120 مل,BLANKIE KIDS HAIR CREAM 120 ML,1945311
بلانكي كيدز كريم مرطب 150 مل,BLANKIE KIDS DAILY MOISTURISING CREAM 150 ML,1945313
بلانكي كيدز كريم مرطب 40 مل,BLANKIE KIDS DAILY MOISTURISING CREAM 40 ML,1945314
بلتراسيد اقراص,BILTRICIDE 600 MG 4 F.C. TABS.,2680616
بلسم شراب بطعم الفواكه للاطفال 120 مل,BALSAM FRUITY FLAVOUR SYRUP 120 ML,2337447
بلسم شراب للكبار 120 مل,BALSAM SYRUP 120 ML,2347690
بلندي بون 30 اقراص,BLENDIBON 30 TABLET,2141761
بلنديبون 20 اقراص مضغ,BLENDIBONE 20 CHEW TAB,947750
بلو اوكس 20 اقراص,BLUE OX 20 TABS,1546615
بلو اوكس 30 اقراص 360,BLUE OX 12 TABS.,2627393
بلو لاين حمام كريم للشعر 1000 مل بالاعشاب,BLUE LINE HAIR HAIR MUSK WITH HERBS 1000 ML,1776952
بلوب اكسجين 12 % احمر 1 لتر,BLOB OXYGEN 12 % RED 1 LITTER,2559088
بلوب انتي فريز سيرم 100 مل,BLOB HAIR ANTI FRIZZ NON GREASY SERUM 100 ML,2175279
بلوب انتي فريز سيرم 50 مل ازرق,BLOB ANTI FRIZZ HAIR SERUM 50 ML BLUE,2092477
بلوب بادي سبلاش 300 مل عروس البحر,BLOB BODY SPLASH 300 ML MERMED,2129930
بلوب بلسم 1 لتر بالعسل,BLOB CONDITIONER 1 LITTER WITH HONNY,1776918
بلوب بلسم 1 لتر بالكافيين,BLOB CONDITIONER 1 LITTER WITH CAFFEINE,1776919
بلوب بلسم 1 لتر بالكيراتين,BLOB CONDITIONER 1 LITTER WITH KERATIN,1945292
بلوب بلسم 1 لتر بالنخاع,BLOB CONDITIONER 1 LITTER WITH MARROW,1962772
بلوب بلسم 1 لتر بزيت الارجان,BLOB CONDITIONER 1 LITTER WITH ARGAN OIL,2311873
بلوب سبايدر واكس اسود 125 مل كريم شعر,BLOB SPIDER BLACK CREAM WAX FOR HAIR 125 ML,2494488
بلوب سيرم 100 مل اسود,BLOB DEODERANT 100 ML BLACK,2562185
بلوب لوشن لازاله الشعر الزائد 150 مل,PRETTIER BLOPIK HAIR LOTION 150 ML,1400847
بلوب مخمريه بادي واي 100 جم اخضر,BLOB BODY WAX PERFUME 100 GM GREEN,2130190
بلوب مخمريه بادي واي 100 جم ازرق,BLOB BODY WAX PERFUME 100 GM BLUE,2170589
بلوب مخمريه بادي واي 100 جم اصفر امورا,BLOB MAKHAMARIA AMORA YELLOW 100 GM,1779276
بلوب مخمريه بادي واي 50 جم ازرق,BLOB BODY WAX PERFUME 50 GM BLUE,2170596
بلوب مخمريه بادي واي 50 جم اصفر,BLOB BODY WAX PERFUME 50 GM YELLOW,2170591
بلوب مخمريه بادي واي 50 جم برتقالي,BLOB BODY WAX PERFUME 50 GM ORANGE,2170595
بلوب واكس كريم 150 مل ارجان,BLOB HAIR WAX STYLING CREAM WITH ARGAN OIL 150 + 20 ML,1776941
بلوب واكس كريم 150 مل بشمع النحل,BLOB HAIR WAX STYLING CREAM WITH BEESWAX AND COCONUT 150 + 20 ML,1399954
بلوب واكس كريم 150 مل جوز هند,BLOB HAIR WAX STYLING CREAM WITH COCONUT 150 + 20 ML,1669388
بلوب واكس كريم 170 مل ارجان,BLOB HAIR WAX STYLING CREAM WITH ARGAN OIL 170 ML,1401213
بلوب واكس كريم 170 مل بالشيا,BLOB HAIR WAX STYLING CREAM WITH SHEA BUTTER 170 ML,2130829
بلوب واكس كريم 170 مل بشمع النحل,BLOB HAIR WAX STYLING CREAM WITH BEESWAX AND COCONUT 170 ML,1400702
بلوب واكس كريم 170 مل جوز هند,BLOB HAIR WAX STYLING CREAM WITH COCONUT 170 ML,1400789
بلوب واكس كريم 250 مل ارجان,BLOB HAIR WAX STYLING CREAM WITH ARGAN OIL 250 ML,1858369
بلوب واكس كريم 250 مل يشمع النحل,BLOB HAIR WAX STYLING CREAM WITH BEESWAX AND COCONUT 250 ML,1666992
بلوب واكس كريم شعر 250 مل زبده شيا,BLOB WAX HAIR CREAM HONEY 250 ML,2672773
بلوب واكس كريم للشعر 250 مل بالشيا,BLOB WAX HAIR CREAM WITH CHEA BUTTER 250 ML,1858368
بلوبريس 16 مجم 28 اقراص,BLOPRESS 16 MG 28 TAB.,2435658
بلوبريس 8 مجم 28 اقراص,BLOPRESS 8 MG 28 TAB.,2383569
بلوبريس 8 مجم 28 اقراص,BLOPRESS 8 MG 28 TAB.,2669201
بلوبريس بلس 16 / 12.5 مجم 28 اقراص,BLOPRESS PLUS 16 / 12.5 MG 28 TABS.,2383567
بلوبريس بلس 8 / 12.5 مجم 28 اقراص,BLOPRESS PLUS 8 / 12.5 MG 28 TABS,1938387
بلوسيد 20 كبسول,BLOSED 20 CAPS,2643665
بلوك الفا 0.4 مجم 30 كبسول,BLOCK ALPHA 0.4 MG MR 30 CAPS.,1487007
بلوكاتنس 10 / 160 / 12.5 اتش سي,BLOKATENS HCT 10 / 160 / 12.5 MG 28 TAB,2682759
بلوكاتنس 10 / 160 مجم 28 اقراص,BLOKATENS 10 / 160 MG 28 F.C.TAB.,902690
بلوكاتنس 25 / 160 / 5 اتش سي,BLOKATENS HCT 5 / 160 / 25 MG 28 TAB,2682760
بلوكاتنس 5 / 160 / 12.5 مجم اتش تي سي 28 اقراص,BLOKATENS HCT 5 / 160 / 12.5 MG 28 TABS,2682198
بلوكاتنس 5 / 160 مجم 28 اقراص,BLOKATENS 5 / 160 MG 28 F.C. TAB.,2453770
بلوكاتنس 5 / 80 مجم 28 اقراص,BLOKATENS 5 / 80 MG 28 F.C. TAB.,1564627
بلوكاتنس HCT 28 اقراص,BLOKATENS HCT 5 / 160 / 25 MG 28 TAB,2184916
بلوكاتنس اتش تي سي 5 / 160,BLOKATENS HCT 5 / 160 / 25 MG 28 TAB,2356452
بلوكاتنس اتش سي تي 10 / 160 / 12.5 مجم 28 اقراص,BLOKATENS HCT 10 / 160 / 12.5 MG 28 TAB,2602293
بلوكاتنس اتش سي تي 10 / 160 / 25 مجم 28 اقراص,BLOKATENS HCT 10 / 160 / 25 MG 28 FILM COATED TABLETS,2602294
بلوكاتنس اتش سي تي 5 / 160 / 12.5 مجم 28 اقراص,BLOKATENS HCT 5 / 160 / 12.5 MG 28 TABS,2584379
بلوكاتنس اتش سي تي 5 / 160 / 25 مجم 28 اقراص,BLOKATENS HCT 5 / 160 / 25 MG 28 TAB,2249118
بلوكاديبين 10 مجم 20 اقراص,BLOCKADIPINE 10 MG 20 F.C. TABS.,2673114
بلوكانزا بخاخ بلس,BLUEKANZA PLUS NASAL SPRAY 75 ML,2680814
بلوكانزا بخاخ كيواد,BLUEKANZA NASAL SPRAY 75 ML,2680813
بلوكانزا بخاخ للانف 75 مل,BLUEKANZA NASAL SPRAY 75 ML,2567698
بلوكانزا بلس بخاخ للانف 75 مل,BLUEKANZA PLUS NASAL SPRAY 75 ML,2353756
بلوكسمين 20 اقراص,BLOXIMIN 20 CAPS,1739206
بلوكسمين 30 اقراص,BLOXIMIN 30 CAPS,1996164
بلوكوبيشيا 5 % بخاخ 60 مل,BLOCKOPECIA 5 % TOPICAL SOLN. 60 ML,2113864
بلوكوبيشيا محلول,BLOCKOPECIA 5 % TOPICAL SOLN. 60 ML,2674470
بلولاين بلسم لتر,BELLEN ORAL GEL 25 GM,2456535
بلولاين شامبو لتر,BELLEN ORAL GEL 25 GM,2456534
بلولاين شاور لتر,BELLEN ORAL GEL 25 GM,2130338
بلومفيل 30 اقراص,BLOOM VILLE 30 TABS,2602295
بلومفيل ايرون 30 كبسول,BLOOM VILLE IRON 30 CAPS,2316865
بلومفيل ايرون 60 كبسول,BLOOM VILLE IRON 60 CAPS,2632311
بليتال 100 مجم 20 اقراص,PLETAAL 100 MG 20 TAB.,2399514
بليتال 50 مجم 20 اقراص,PLETAAL 50 MG 20 TAB.,902700
بليجيكا 1 % قطره للعين 10 مل,PLEGICA 1 % EYE DROPS 10 ML,906642
بليدج ملمع اثاث 300 مل,PLEDGE FURNITURE POLISH 300 ML,1461996
بليزا ايفي شراب 120 مل فراوله,BELLEZZA IVY SYRUP 120 ML STRAWBERRY,2268817
بليزا ايفي شراب 120 مل نعناع,BELLEZZA IVY SYRUP 120 ML MINT,2268818
بليس بلسم 300 مل اكتيفوتر للشعر الكيرلي,BLESS ACTIVATOR CONDITIONER 300 ML,2130931
بليس بلسم 300 مل بزبده الشيا,BLESS CONDITIONER WITH SHEA BUTTER 300 ML,1852089
بليس بلسم 300 مل بزيت الارجان,BLESS CONDITIONER WITH ARGAN OIL 300 ML,1852090
بليس بلسم 500 مل بزبده الشيا,BLESS CONDITIONER WITH SHEA BUTTER 500 ML,1401454
بليس بلسم 500 مل بزيت الارجان,BLESS CONDITIONER WITH ARGAN OIL 500 ML,1401450
بليس جل للشعر 250 مل سترونج هولد ازرق,BLESS HAIR GEL STRONG HOLD 250 ML,2131314
بليس جل للشعر 250 مل كيرلي هولد موف,BLESS HAIR GEL CURLY HOLD 250 ML,1923993
بليس جل للشعر 250 مل ميجا هولد اصفر,BLESS HAIR GEL MEGA HOLD 250 ML,2131315
بليس زيت الارجان 50 مل,BLESS ARGAN OIL 50 ML,2131135
بليس زيت فيتامين اي 50 مل,BLESS OIL WITH VITAMIN E 50 ML,2130946
بليس شامبو 10 مل اكياس شنطه 12 اكياس بزيت الارجان,BLISS ARGAN SHAMPOO 10 ML SACHETS 12 PCS,1776978
بليس شامبو 300 مل اكتيفوتر للشعر الكيرلي,BLISS ACTIVATOR SHAMPOO FOR CURLY HAIR 300 ML,2130929
بليس شامبو 300 مل شيا,BLISS SHEA BUTTER SHAMPOO 300 ML,2569169
بليس شامبو 300 مل فيتامين اي,BLISS VITAMIN E SHAMPOO 300 ML,1852795
بليس شامبو 500 مل بجوز الهند,BLESS SHAMPOO 500 ML WITH COCONUT,2569170
بليس شامبو 500 مل سولفات شيا باتر,BLISS SHEA BUTTER SHAMPOO 500 ML,2513029
بليس شاور جل 500 مل اريبيان نايتس,BLISS ARABIAN NIGHTS SHOWER GEL – 500 ML,2131721
بليس كريم ليف ان 180 مل ارجان برطمان,BLESS LEAVE IN CREAM WITH ARGAN OIL 180 ML,2131612
بليس كريم ليف ان 200 مل ارجان انبوبه,BLESS LEAVE IN CREAM WITH ARGAN OIL 200 ML,1776987
بليس كريم ليف ان 200 مل فيتامين اي امبوبه,BLESS LEAVE IN CREAM WITH VITAMIN E 200 ML,1776989
بليس كريم ليف ان 250 مل ارجان برطمان,BLESS LEAVE IN CREAM WITH ARGAN OIL 250 ML,1447660
بليس كريم ليف ان 250 مل بجوز الهند برطمان,BLESS LEAVE IN CREAM WITH COCONUT OIL 250 ML,1445966
بليس كريم ليف ان 450 مل بجوز الهند برطمان,BLESS LEAVE IN CREAM WITH COCONUT OIL 450 ML,1401470
بليس كريم ليف ان اكياس 35 مل بالارجان,BLESS LEAVE IN CREAM WITH ARGAN OIL 35 ML,2130942
بليس ليف ان بلسم 250 مل بزبده الشيا,BLESS LEAVE IN CONDITIONER WITH SHEA BUTTER 250 ML,1821962
بليس ليف ان كريم 250 مل شيا برطمان,BLESS LEAVE IN CREAM WITH SHEA BUTTER 250 ML,1445963
بليس ليف ان كريم 450 مل ارجان برطمان,BLESS LEAVE IN CREAM WITH ARGAN OIL 450 ML,1401473
بليس ليف ان كريم 450 مل شيا برطمان,BLESS LEAVE IN CREAM WITH SHEA BUTTER 450 ML,1401475
بليس ليف ان كريم 450 مل فيتامين اي برطمان,BLESS LEAVE IN CREAM WITH VITAMINE E 450 ML,1447661
بليس ليف ان كريم اكياس 10 مل شيا,BLISS SHEA BUTTER SHAMPOO 10 ML,1776973
بليفاديكسولين قطره عين 10 مل,BLEPHADEXOLINE EYE DROPS 10 ML,2637023
بليمباب غسول للفم 250 مل قرنفل,PELEMBAP MOUTH WASH 250 ML CLOVE,2499784
بليمباب غسول للفم 250 مل نعناع,PELEMBAP MOUTH WASH 250 ML MINT,2499785
بليمباب كريم مرطب 30 مل,PELEMBAP SOOTHING CREAM 30 GM,1773429
بليمباب مساج جل 50 جم,PELEMBAB MASSAGE GEL 50 GM,2499788
بلينجا اس ال 20 اقراص,BLINGA SL 20 TABS,2499789
بلينجا د 20 كبسوله,BLINGA D 20 CAPSULES,2634646
بليندا 7 اكياس,BELINDA 7 SACHETS,1546612
بلينديبون كالسيوم اقرص,BLENDIBONE 20 CHEW TAB,2638510
بلينديل 10 مجم 30 اقراص,PLENDIL 10 MG 30 PROLONGED RELEASE F.C. TAB.,1546613
بلينديل 5 مجم 30 اقراص,PLENDIL 5 MG 30 PROLONGED RELEASE F.C. TAB.,2149207
بلينك قطره 10 مل,BLINK INTENSIVE TEARS EYE DROPS 10 ML,1868130
بلينكوريست 125 مجم 30 اقراص,BLINCOREST 125 MG 30 CHEW. TABS.,2452832
بلينكوريست بلس 125 / 500 مجم 30 اقراص,BLINCOREST PLUS 125 / 500 MG 30 CHEW. TABS.,2521517
بلينكوريست كو 2 / 125 مجم 30 اقراص,BLINCOREST CO 2 / 125 MG 30 CHEW. TABS.,2560938
بمبيزان 20 مجم 20 اقراص,PUMPIZAN 20 MG 20 TAB,1841066
بن باك 20 كبسول,PIN BACK 20 CAP,2499794
بن تن 30 قطعه,BENTEN 30 GUMMIES,2311947
بن تن ميج اوميجا 3 20 اقراص,BEN TEN MEG OMEGA 3 20 CAPS,2542885
بن جكس غسول مهبلي 200 مل,BEN JEX VAG.DOUCHE 200 ML,2499362
بنتاستاتين 10 مجم 28 اقراص,PENTASTATIN 10 MG 28 F.C. TABS.,2618891
بنتاستاتين 20 مجم 28 اقراص,PENTASTATIN 20 MG 28 F.C. TABS.,2623123
بنتامولفين 325 / 12.5 مجم 20 اقراص,PENTAMOLFIN 325 / 12.5 MG 20 TAB,2652012
بنجيرايد 0.5 مجم 30 كبسول,BENGIRIDE 0.5 MG 30 CAPS.,2639819
بنداكس 100 مجم / 5 مل شراب 60 مل,BENDAX 100 MG / 5 ML SUSP. 60 ML,1628257
بنداكس 200 مجم 6 اقراص,BENDAX 200 MG 6 TAB,1666455
بندولين برفان اولادي 100 مل,PENDULINE KIDS PERFUME FOR BOYS FALAFELO 100 ML,2130961
بندولين برفان بناتي 100 مل,PENDULINE KIDS PERFUME FOR GIRLS 100 ML,1821865
بندولين بلس زيت شعر للاطفال 120 مل,PENDULINE PLUS CHILDREN HAIR OIL 120 ML,2130501
بندولين بلسم للاطفال للشعر الكيرلي 300 مل,PENDULINE CURLY HAIR CONDITIONER 300 ML,1401325
بندولين بلسم للاطفال للشعر الكيرلي بزبده الشيا 300 مل,PENDULINE CURLY KIDS CONDITIONER WITH SHEA BUTTER 300 ML,2131014
بندولين بلسم للشعر 300 مل بالمورينجا,PENDULINE MORINGA KIDS CONDITIONER 300 ML,2625770
بندولين بيرفيوم 100 مل بالحلوي للجنسين,PENDULINE PERFUME 100 ML SWEETS UNISEX,2131174
بندولين جل اطفال 250 مل للشعر الكيرلي,PENDULINE CURLY KIDS HAIR GEL 250 ML,2184039
بندولين حمام كريم للاطفال بزبده الشيا 300 جم,PENDULINE HAIR MASK WITH SHEA BUTTER 300 GM,1777094
بندولين حمام كريم للاطفال للشعر الكيرلي بزيت الارجان 450 مل,PENDULINE CURLY KIDS HAIR MASK WITH ARGAN OIL 450 ML,2130950
بندولين زيت 120 مل عادي,PENDULINE KIDS HAIR OIL 120 ML,2645966
بندولين زيت اطفال للجسم 100 مل,PENDULINE BABY SKIN OIL 100 ML,2184040
بندولين زيت شعر للاطفال 120 مل,PENDULINE KIDS HAIR OIL 120 ML,1404489
بندولين سيروم للشعر بالمورينجا والارجان 120 مل,PENDULINE MORINGA ARGAN SERUM 120 ML,2184038
بندولين سيروم للشعر بالمورينجا والارجان 60 مل,PENDULINE MORINGA ARGAN SERUM 60 ML,2130670
بندولين شامبو اطفال 250 مل,PENDULINE BABY SHAMPOO 250 ML,1400967
بندولين شامبو اطفال 450 مل,PENDULINE KIDS SHAMPOO BLUE 450 ML,1400943
بندولين شامبو اطفال 65 مل ميني,PENDULINE KIDS SHAMPOO 65 ML,1672823
بندولين شامبو اكياس 10 مل 10 قطع,PENDULINE SHAMPOO POUCH FOR KIDS 10 ML 10 PICESES,2130875
بندولين شامبو ضد القشره 150 مل,PENDULINE ANTI CRADLE CAP SHAMPOO 150 ML,2130577
بندولين شامبو ضد القشره 300 مل,PENDULINE ANTI DANDRUFF SHAMPOO 300 ML,2130941
بندولين شامبو للاطفال للشعر الكيرلي الارجان 300 مل,PENDULINE CURLY KIDS SHAMPOO WITH ARGAN OIL 300 ML,1407337
بندولين شامبو للاطفال للشعر الكيرلي بالشيا 300 مل,PENDULINE CURLY KIDS SHAMPOO WITH SHEA BUTTER 300 ML,2131071
بندولين شاور جل اطفال 300 مل فريش ليمون ونعناع,PENDULINE SHOWER GEL FRESH 300 ML,2130987
بندولين فرشه اسنان للاطفال,PENDULINE TOOTHBRUSH FOR KIDS,1777114
بندولين كرلي بخاخ لفك التشابك 250 مل,PENDULINE CURLY KIDS DETANGLING SPRAY 250 ML,2130949
بندولين كريم شعر اطفال 150 جم بالشيا,PENDULINE KIDS HAIR CREAM WITH SHEA BUTTER 150 ML,1401519
بندولين كريم شعر للاطفال 150 جم بالمورينجا,PENDULINE KIDS HAIR CREAM WITH MORINGA 150 ML,1401209
بندولين كريم شعر للاطفال 150 جم ضد القشره,PENDULINE ANTI DANDRUFF CREAM 150 ML,2172734
بندولين كريم شعر للاطفال 150 جم عادي,PENDULINE KIDS HAIR CREAM FOR DRY NORMAL HAIR 150 ML,1401518
بندولين كريم للشعر الويفي للاطفال 150 جم بالمشمش,PENDULINE KIDS HAIR CREAM WITH APRICOT OIL 150 ML,1777122
بندولين كمادات اطفال 4 قطع,PENDULINE COOLING PATCHES 4 PATCHES,2130916
بندولين كولونيا اطفال 100 مل,PENDULINE BABY COLOGNE 100 ML,2130758
بندولين كيدز شاور جل 300 مل موز,PENDULINE KIDS SHOWER GEL 300 ML BANANA,2130940
بندولين كيدز شاور جل 65 مل سويتس,PENDULINE KIDS SHOWER GEL 65 ML SWEETS,1777110
بندولين كيدز شاور جل 65 مل موز,PENDULINE KIDS SHOWER GEL 65 ML BANANA,2130195
بندولين كيدز شاور جيل 300 مل سويتس روز,PENDULINE KIDS SHOWER GEL 300 ML SWEETS,1777109
بندولين كيدز شاور جيل 65 مل فريش اخضر,PENDULINE KIDS SHOWER GEL 65 ML FRESH,2386352
بندولين كيدز كريم مرطب 50 جم,PENDULIN KIDS MOISTURIZING CREAM 50 GM,2131073
بندولين لوشن للجسم للاطفال 200 مل,PENDULINE BABY BODY LOTION 200 ML,2130759
بندولين معطر جو 400 مل فريش بريز,PENDULINE KIDS AIR FRESHENER FRESH BREEZE 400 ML,2131408
بندولين معطر جو اطفال 400 مل بانانا بلاست,PENDULINE AIR FRESHENER FOR KIDS 400 ML BANANA PLAST,2131409
بندولين معطر جو اطفال 400 مل كاندي,PENDULINE AIR FRESHENER FOR KIDS 400 ML CANDY,1777129
بندولين مناديل مبلله حساسه 70 منديل بغطاء,PENDULINE SENSITIVE BABY WIPES 70 WIPES,2129983
بندولين مناديل مبلله للاطفال 30 منديل,PENDULINE BABY WIPES 30 WIPES,2131161
بنزانيل جل 80 جم,BENZANIL GEL 80 GM,1871465
بنسيلونج 1200000 وحده 1 امبول,PENCILONG I.M. 1200000 I.U. 1 VIAL,2192637
بنفورا 30 اقراص,BENPHORA 30 F.C.TABS.,2037398
بنوجين 10 اكياس,BENOGEN 10 SACHET,2051260
بوب تون ببرونه 150 مل,BOB TOON BABY BOTTLE 150 ML,2130555
بوب تون ببرونه 150 مل + شوكه + معلقه,BOB TOON BABY BOTTLE 150 ML + SPOON + FORK,2494485
بوب تون ببرونه 250 مل,BOB TOON BABY BOTTLE 250 ML,2130554
بوب تون ببرونه بيد 250 مل,BOB TOON BABY BOTTLE WITH HANDLE 250 ML,1400773
بوب تون حلمه بوديسان 2 قطعه,BOB TOON BODY SAN NIPPLE 2 PIECE,1743293
بوب تون حلمه سيليكون,BOB TOON SILICONE TEAT,2130350
بوب تون سكاته قلب للاطفال,BOB TONE HEART SOOTHER,2130662
بوب تون شفاط مخاط,BOB TOON BABY NASAL ASPIRATOR,1400531
بوب تون طقم طبق وشوكه ومعلقه,BOB TOON PLATE + SPOON + FORK,2130506
بوب تون طقم فرشه ومشط للاطفال,BOB TOON BRUSH AND COMB FOR BABY HAIR,2129894
بوب تون عصاره فواكه,BOB TOON FRESH FOOD AND FRUIT FEEDER,2130148
بوب تون عضاضه مائيه,BOP TOON WATER FILLED TEETHER,1778243
بوبانا افتر صن جل 150 مل عرض 1 + 1,BOBANA SUNSCREEN AFTER SUN SOOTHING GEL 150 ML 1 + 1,1777012
بوبانا بادي سبلاش 250 مل بربل اروما,BOBANA BODY SPLASH AROMA 250 ML,2130144
بوبانا بادي سبلاش 250 مل جرين نايز,BOBANA BODY SPLASH GREEN NOISE 250 ML,2131463
بوبانا بادي سبلاش 250 مل جولدن اور,BOBANA BODY SPLASH GOLDEN HOUR 250 ML,2130147
بوبانا بلسم 400 مل ارجان اويل,BOBANA CONDITIONERO ARGAN OIL 400 ML,2452058
بوبانا بلسم 400 مل ثوم اسود,BOBANA CONDITIONER BLACK GARLIC OIL 400 ML,1401578
بوبانا بلسم 400 مل كوكونت,BOBANA CONDITIONERO COCCONUT 400 ML,2357684
بوبانا بلسم ليف ان بديل الزيت 240 مل بالارجان,BOBANA LEAVE IN CONDITIONER 240 ML WITH ARGAN OIL,2129939
بوبانا بليه 50 مل بدون رائحه تفتيح اكثر,BOBANA BOBANA ROLL ON DEODORANT UNSCENTED,2219241
بوبانا بليه 50 مل تفتيح امن,BOBANA ROLL ON DEODORANT WHITE CLEAN 50 ML,1975297
بوبانا بليه 50 مل كاندي سنت,BOBANA ROLL ON DEODORANT CANDY SENT 50 ML,1776997
بوبانا بليه 50 مل كوكونت,BOBANA ROLL ON DEODORANT COCCONUT 50 ML,1776998
بوبانا بليه 50 مل نعومه فائقه,BOBANA ROLL ON DEODORANT SOFT GENTLE 50 ML,2543629
بوبانا بودي سبلاش 250 مل,BOBANA BODY SPLASH AROMA 250 ML,1401190
بوبانا جل شعرحريمي امبوبه 150 مل بذور الكتان,BOBANA SHAPING GEL WITH HAIR STYLING FLAXSEED OIL 150 ML,1934695
بوبانا جل صنفره امبوبه 150 مل رمان,BOBANA SKIN REGENERATING POMEGRANATE SCRUB GEL 150 ML,2543628
بوبانا جل صنفره امبوبه 150 مل فيتامين سي,BOBANA SKIN REGENERATING VITAMIN C SCRUB GEL 150 ML,2219235
بوبانا جيل صنفره 150 مل امبوبه بالفحم,BOBANA CHARCOAL SCRUB 150 ML,2130848
بوبانا حمام كريم 500 مل,BOBANA HAIR MASK WITH ARGAN OIL 500 ML,1401647
بوبانا حمام كريم 500 مل بالثوم الاسود,BOBANA HAIR MASK WITH BLACK GARLIC 500 ML,1777002
بوبانا سيرم 100 مل جوجوبا,BOBANA HAIR SERUM JOJOBA OIL 100 ML,2130968
بوبانا شامبو 400 مل بزيت الثوم الاسود,BOBANA SHAMPOO BLACK GARLIC OIL 400 ML,1777009
بوبانا شامبو 400 مل جوزهند,BOBANA SHAMPOO BLACK COCCONUT 400 ML,1665648
بوبانا صابون مغربي 500,BOBANA MOROCCAN SOAP WITH NATURAL OLIVE OIL 500 GM,1401468
بوبانا صابون مغربي 500 مل زيت الارجان,BOBANA MOROCCAN SOAP WITH NATURAL ARGAN OIL 500 GM,1821910
بوبانا صابون مغربي 500 مل زيت زيتون,BOBANA MOROCCAN SOAP WITH NATURAL OLIVE OIL 500 GM,2130256
بوبانا غسول للوجه 150 مل بالريتينول,BOBANA RETINOL FACE WASH 150 ML,2130989
بوبانا غسول للوجه 150 مل بالفحم,BOBANA CHARCOAL FACE WASH 150 ML,2130841
بوبانا غسول للوجه 150 مل حمض الهيالورنيك,BOBANA HYALURONIC FACE WASH 150 ML,1777019
بوبانا غسول للوجه 150 مل فيتامين سي,BOBANA VITAMINE C FACE WASH 150 ML,2130988
بوبانا غسول للوجه 50 مل بالريتينول,BOBANA RETINOL FACE WASH 150 ML,1777014
بوبانا غسول للوجه 50 مل بالفحم,BOBANA CHARCOAL FACE WASH 150 ML,2348064
بوبانا غسول للوجه 50 مل حمض الهيالورنيك,BOBANA HYALURONIC FACE WASH 150 ML,1679212
بوبانا غسول للوجه 50 مل فيتامين سي,BOBANA VITAMINE C FACE WASH 150 ML,1777020
بوبانا قناع طمي 400 جم البحر الميت,BOBANA MUD MASK 400 GM DEAD SEA,2184002
بوبانا قناع طمي 400 جم بالشيا,BOBANA MUD MASK 400 GM SHEA,1978863
بوبانا قناع طمي طبيعي 400 جرام,BOBANA MUD MASK 400 GM,1821699
بوبانا كريم صنفره 300 جم بالفحم,BOBANA BODY SCRUB CHARCOOL 300 GM,1401541
بوبانا ليف ان كريم 200 مل ارجان,BOBANA LEAVE IN CREAM WITH ARGAN OIL 200 ML,2130135
بوبانا ليف ان كريم 200 مل ثوم اسود,BOBANA LEAVE IN CREAM WITH GARLIC 200 ML,1777027
بوبانا ماسك قناع الذهب 120 مل,BOBANA MASK GOLD 120 ML,2130401
بوبانا ماسك قناع حمض الهيالورنيك 120 مل,BOBANA MASK HYALURONIC ACID 120 ML,2129849
بوبانا ماسك قناع فيتامين سي 120 مل,BOBANA MASK VITAMIN C 120 ML,2130172
بوبانا مرطب شفاه 4.8 جم بالكرز,BOBANA LIP BALM CHERRY FLAVOR VITAMIN A 4.8 GM,1777005
بوبانا مرطب شفاه 4.8 جم بالهيالورونيك,BOBANA LIP BALM HYALURONIC ACID VITAMIN E 4.8 GM,2219419
بوبانا مرطب شفاه 4.8 جم كاكاو,BOBANA LIP BALM COCOA FLAVOR VITAMIN B 5 4.8 GM,1665603
بوبانا مرطب شفاه 4.8 جم كيوي,BOBANA LIP BALM KIWI FLAVOR VITAMIN C 4.8 GM,1777007
بوبانا ملح سبا بالحليب 300 جم,BOBANA SPA MILK SALT 300 GM,1679213
بوبانا ملح سبا بالليمون 300 جم,BOBANA LEMON SPA SALT 300 GM,2130530
بوباي افتر صن جل 200 جم,BOBAI AFTERSUN GEL 200 GM,2254420
بوباي اكسترا لايتنج صن سكرين + 50 جل,BOBAI EXTRA LIGHTENING SUNSCREEN GEL SPF + 50,2299707
بوباي اكسترا لايتنج صن سكرين تينتيد + 50 جل,BOBAI EXTRA LIGHTENING SUNSCREEN TINTED GEL SPF + 50,2254415
بوباي تان اويل 200 مل,BOBAI TANNING OIL 200 ML,2316888
بوباي تانينج جل 300 جم,BOBAI TANNING GEL 300 GM,2316891
بوباي تينتيد 120 جم جل صن سكرين,BOBAI SUNSCREEN TINTED CREAM SPF 50 60 GM 1 + 1,2639880
بوباي تينيد كريم 60 جرام,BABY CREAM 60 GM,2638449
بوباي ثيرمال واتر 120 مل,BOBAI THERMAL WATER 120 ML,2199257
بوباي زيت واقي من الشمس 75 مل,BOBAI SUNSCREEN OIL DEFENSE FLUID SPF 50 75 ML,2439189
بوباي سبورت واقي شمس بخاخ 200 مل,BOBAI SPORT SUNSCREEN SPRAY 200 ML,2192642
بوباي صن سكرين 50 كريم 50 جم,BOBAI SUNSCREEN CREAM SPF 50 50 GM,1395991
بوباي صن سكرين تينتد 50 كريم 60 جم,BOBAI SUNSCREEN TINTED CREAM SPF 50 60 GM,2187863
بوباي صن سكرين تينتد 80 كريم 60 جم,BOBAI SUNSCREEN TINTED CREAM SPF 80 60 GM,1546636
بوباي صن سكرين ستيك اس بي اف 50 20 مل,BOBAI SUNSCREEN STICK SPF 50 + 20 ML,2354703
بوباي صن سكرين كريستال كلير جل 50 50 جم,BOBAI SUNSCREEN CRESTAL CLEAR GEL SPF 50 50 GM,1946715
بوباي صن سكرين للشفاه 10 جم,BOBAI SUNSCREEN LIP PROTECTANT SPF 50 + 10 GM,2316835
بوباي صن سكرين لوشن 120 مل,BOBAI SUNSCREEN LOTION SPF 45 120 ML,1395994
بوباي صن سكرين لوشن اطفال 200 مل,BOBAI SUNSCREEN KIDS LOTION SPF 30 200 ML,2254419
بوباي كريم صن بلوك / تنتيد,BOBAI SUNSCREEN TINTED CREAM SPF 80 60 GM,2670858
بوباي ميست واقي شمس بخاخ 200 مل,BOBAI MIST SPRAY 50 + SUNSCREEN 200 ML,2316883
بوباي هيدرو كير صن سكرين تينتد جيل 50 جم,BOBAI HYDROCARE SUNSCREEN TINTED GEL 50 GM,2636678
بوباي هيدرو كير صن سكرين جيل 60 مل,BOBAI HYDROCARE SUNSCREEN GEL SPF 50 60 ML,2433873
بوباي هيدروكير جل صن سكرين بمعامل حمايه 50 60 جم,BOBAI HYDROCARE SUNSCREEN GEL SPF 50 60 ML,2635874
بوتاتو كريم حفاض 200 مل,POTATO DIPPER CREAM 200 ML,1973565
بوتاتو كيدز شامبو اوريجينال 400 مل ازرق,POTATO KIDS SHAMPOO ORIGINAL 400 ML,2094891
بوتاتو كيدز شامبو توت 200 مل احمر,POTATO KIDS SHAMPOO ROSEBERRY 200 ML,1777066
بوتاتو كيدز شامبو توت 400 مل احمر,POTATO KIDS SHAMPOO ROSEBERRY 400 ML,1777068
بوتاتو كيدز شامبو مانجو 400 مل برتقالي,POTATO KIDS SHAMPOO MANGO 400 ML,2130069
بوتارينو 360 مل شراب جديد / سيف لايف,POTARINO SYRUP,2682696
بوتارينو شراب,POTARINO SYRUP,2499664
بوتاسبيرونو 100 مجم 20 اقراص,POTASPIRONO 100 MG 20 TAB,2096730
بوتاسبيرونو 25 مجم 20 اقراص,POTASPIRONO 25 MG 20 TAB.,2361070
بوتاسيوم ام 3.3 جم / 100 مل شراب 120 مل,POTASSIUM M 3.3 GM / 100 ML SYRUP 120 ML,2530893
بوتاسيوم بي شراب,POTASSIUM M 3.3 GM / 100 ML SYRUP 120 ML,2513464
بوتاسيوم فيتاسكوب 30 اقراص,POTASSIUM VITASCOPE 30 TAB,2383177
بوتاكسيمارك 1 % كريم 15 جم,BUTAXIMARK 1 % TOPICAL CREAM 15 GM,2096804
بوتنزا الماني حقنه شرجيه,GERMAN POTENZA ENEMA,1777437
بوتنزا لوكس حجامه 6 قطع,POTENZA LUXE ISLAMIC HEGAMA 6 PCS,2131731
بوجاميون 30 اقراص,POGAMUN 30 TABS,2129050
بودره سلفا 12 ق,EMA SALPHA POWDER 12 PCS,2130004
بودره سلفا الاهرام بالدسته,AL AHRAM SALPHA POWDER 12 PCS,1821921
بودره مائيه روزتا اصلي + سفنجه,WATER POWDER SPONGE,2562136
بودي ليشيوس بليه 50 مل,BODYLICIOUS DEODRANT ROLL ON WHITE MUSK 50 ML,1791217
بودي ليشيوس لوشن 50 مل,BODYLIICIOUS WHITE MUSK BODY LOTION 50 ML,2638282
بوديكسان 1 مجم / 2 مل 20 شراب امبول,BUDEXAN 1 MG / 2 ML 20 SUSP. AMP. FOR INH.,2474069
بوديكورت 400 دي بي 30 كبسول استنشاق,BUDECORT 400 DP 30 CAPS+INHALER,2602307
بوديوم سترتش ماركس كريم 200 مل,BODIUM STRETCH MARKS CREAM 200 ML,2131472
بورجافيراكس 200 مجم / 5 مل شراب 125 مل,BORGAVIRAX 200 MG / 5 ML SUSP. 125 ML,2597075
بوريلكس منظف للوجه 250 مل,PORILEX FACIAL CLEANSER 250 ML,2499191
بوسطن بوستوفير اس ار 30 اقراص,BOSTON BOSTOFER SR 30 TAB,2512153
بوسكوبان 10 مجم 20 اقراص,BUSCOPAN 10 MG 20 SUGAR C.TABS,1904202
بوشيوريك حبيبات فواره 280 جم,POSHURIC EFF GRAN 280 GM,2535156
بوكسيبو كريم 15 جم,BOXEBO CREAM 15 GM,2382852
بوكسيبو مرهم 30 جم,BOXEBO OINT 30 GM,1927560
بوكسينات 0.4 % قطره 10 مل,BOXINATE 0.4 % EYE DROPS 10 ML,2160957
بوكيبان 20 اقراص,PUKEBAN 20 TAB,2062451
بولد ستوب 5 % لوسيون 100 مل,BOLD STOP 5 % TOPICAL LOTION 100 ML,1773464
بولميبيور 20 اقراص,PULMIPURE 20 CAP,2497385
بولوكير 0.75 % قطره 15 مل,BOWELOCARE 0.75 % ORAL DROPS 15 ML,2129759
بولي تار شامبو 125 مل 150,POLYTAR HAIR SHAMPOO 150 ML,2680293
بولي تار شامبو للشعر 150 مل,POLYTAR HAIR SHAMPOO 150 ML,2097808
بولي تشيك اختبارحمل,MOOD ROLL ON 50 ML BALI,2272374
بولي فريش 0.2 % قطره للعين 30 0.4 مل يوني دوز,POLYFRESH 0.2 % EYE DROPS 30 X 0.4 ML SDU,1546653
بولي فريش 2 % قطره للعين 10 مل,POLYFRESH 2 % EYE DROPS 10 ML,2144451
بولي فريش ادفانسيد قطره للعين 10 مل,POLYFRESH ADVANCED EYE DROPS 10 ML,2145697
بولي فريش اكسترا قطره للعين 30 0.4 مل يوني دوز,POLYFRESH EXTRA EYE DROPS 30 X 0.4 ML SDU,1658015
بولي فريش اكسترا محلول للعين / اوركيديا,POLYFRESH EXTRA EYE DROPS 30 X 0.4 ML SDU,2680816
بولي فريش اكسترا محلول للعين احادي الجرعه 5 جرعه 250,POLYFRESH EXTRA EYE DROPS 30 X 0.4 ML SDU,2683268
بولي فريش سنجل دوز جديد,FRESH VAG. GEL 75 GM,2680247
بولي فريش سينجل دوز جديد,FRESH VAG. GEL 75 GM,2680819
بولي مارت جل 25 جم,POLYMART TOPICAL GEL 25 GM,1311956
بولي مارت جل 50 جم,POLYMART TOPICAL GEL 50 GM,2435690
بولي مارت كول جل 50 جم,POLYMART COOL GEL 50 GM,2471660
بوليدو جينيكا كريم تفتيح 50 جم,PULIDO GENICA WHITENING CREAM 50 GM,2499812
بوليمارت جل 50 جم,,2475439
بوليمير اطفال هايبرتونك 2.3 % بخاخ 100 مل,POLYMER KIDS HYPERTONIC 2.3 % NASAL SPRAY 100 ML,2457304
بوليمير كبار 3 % هيبر تونيك,POLYMER ADULT HYPERTONIC 3 % NASAL SPRAY 100 ML,2683032
بوليمير كبار هايبرتونك 3 % بخاخ 100 مل,POLYMER ADULT HYPERTONIC 3 % NASAL SPRAY 100 ML,1658018
بولين امبول للشعر 10 امبول 5 مل,BOLINE HAIR SERUM 10 AMP. * 5 ML,2499798
بوم شاور جل 250 مل,POM SHOWER GEL 250 ML,902741
بون ثري 20 اقراص,BONE THREE 20 TABS,2633556
بون فيت قطره,RIGHT BONE DROPS 15 ML,2557460
بون كال 500 مجم 30 اقراص,BONE CAL 500 MG 30 TAB.,1623409
بون كال 500 مجم 30 ق امون,BONE CAL 500 MG 30 TAB.,2682920
بون كيدي نو راش 20 اكياس,BON KIDY NO RASH 20 SACHET,2060671
بون كيدي نو راش كريم 100 جم,BON KIDY NO RASH CREAM 100 GM,2609201
بون كير 0.25 ميكرو 30 كبسول,BONE CARE 0.25 MCG 30 CAP.,2468997
بون كير 0.5 ميكرو 30 كبسول,BONE CARE 0.5 MCG 30 CAP.,902745
بون كير 1 ميكرو 30 كبسول,BONE CARE 1 MCG 30 CAPS.,902743
بونابكس 70 مجم 4 اقراص,BONAPEX 70 MG 4 F.C. TAB.,902749
بونابيلا حمام كريم اكياس 35 جم بالمشمش,BONABELLA APRICOT OIL HAIR CONDITIONER SACHET 35 GM,1802078
بونابيلا حمام كريم بروتين القمح 250 مل,BONABELLA WHEAT PROTEIN HAIR CONDITIONER 250 ML,1903981
بوناداتون 20 اقراص,BONADATON 20 TAB,2403370
بونت ايف 30 اقراص,PONT EVE 30 TAB,1973898
بونجيكا 30 اقراص,BONGICA 30 TAB,2499801
بونجيل بخاخ للفم 60 مل,PONGEEL ORAL SPRAY 60 ML,2435694
بوندافين 30 اقراص,BONDAVIN 30 TAB,1773482
بونديجا 30 اقراص,BONDIGA 30 TAB,1546664
بونديجا شراب 120 مل,BONDIGA SYRUP 120 ML,2173605
بونسواريه 36 اقراص,BONSOIREE 36 TABS.,1739239
بونفيت 10.000 وحده دوليه / مل قطره للفم 15 مل,BONEFIT 10.000 I.U. / ML ORAL DROPS 15 ML,1773486
بونفيت 10000 وحده 30 اقراص,BONEFIT 10.000 I.U. 30 TABS,2128974
بونفيت 5000 وحده دوليه 30 اقراص,BONEFIT 5000 I.U. 30 TABS,2145991
بونفيت بروبيوتيك قطره بالفم 10 مل,BONEFIT PROBIOTIC ORAL DROPS 10 ML,2291955
بونو فورت 500 مجم 20 كبسول,PONO FORTE 500 MG 20 CAPS.,2617497
بونوفورت اقراص,,2567389
بونوفورت اقراص جديد,,2584648
بونيديفيتون 50000 وحده امبولات بالفم 4 امبول,BONEDIVITON 50000 I.U ORAL SOLUTION 4 AMP,2361186
بونينو شراب 120 مل,BONINNO 120 ML SYRUP,2628106
بوينتزام 30 اقراص,POINTZAM 30 CAP,2311472
بي اند بي اي كونتور كريم 30 جم,B B EYE CONTOUR CREAM 30 GM,902752
بي اند بي كريم مرطب للبشره الدهنيه 120 جرام,B B EMOLLIENT CREAM FOR OILY ACNE PRONE SKIN 120 GM,1783101
بي اند بي كريم مرطب للجلد 120 جم,B B SKIN EMOLLIENT CREAM 120 GM,2128628
بي ايرون 30 مجم 20 اقراص,P IRON 30 MG 20 TAB,2452814
بي ايرون بلس 20 كبسول,P IRON PLUS 20 CAPS,2586958
بي بم اقتصادي 64 ح رقم 2,BEBEM NATURAL DIAPERS SIZE 2 64 PIECES,1400992
بي بم بانتس اقتصادي 32 ح رقم 3,BEBEM NATURAL PANTS DIAPERS SIZE 3 32 PIECES,1401532
بي بم بانتس جامبو 56 حفاضه رقم 5,BEBEM NATURAL PANTS DIAPERS SIZE 5 56 PIECES,2647183
بي بم بانتس جامبو 58 ح رقم 3,BEBEM NATURAL PANTS DIAPERS SIZE 3 58 PIECES,1745625
بي بم بانتس جامبو 58 ح رقم 4,BEBEM NATURAL PANTS DIAPERS SIZE 4 58 PIECES,1927584
بي بم جامبو 58 ح رقم 3,BEBEM NATURAL DIAPERS SIZE 3 58 PIECE,1400993
بي بم جامبو 58 ح رقم 4,BEBEM NATURAL DIAPERS SIZE 4 58 PIECE,1400994
بي بم جامبو 58 ح رقم 5,BEBEM NATURAL DIAPERS SIZE 5 58 PIECE,1400995
بي بوتاسيوم شراب جديد,B SYRUP 120 ML,2621877
بي بي سي بخاخ 25 مل,B.B.C. ORAL SPRAY 25 ML,1683016
بي جي اكني تونر 200 مل,BG ACNE TONER 200 ML,2493869
بي جي سيرم للجلد,BG SKIN SERUM,2145963
بي جي سيكاسيلك لوسيون 120 مل,BG CICASILK LOTION 120 ML,2145873
بي جي شامبو للشعر 200 مل + بي جي بلسم للشعر 200 مل,BG HAIR SHAMPOO 200 ML + BG HAIR CONDITIONER 200 ML,2146468
بي جي غسول للوجه للبشره الجافه 200 مل,BG DRY SKIN CLEANSER 200 ML,1672867
بي جي غسول للوجه للبشره الحساسه 200 مل,BG FACIAL CLEANSER FOR SENSITIVE 200 ML,1924610
بي جي غسول للوجه للبشره الدهنيه 200 مل,BG OILY SKIN CLEANSER 200 ML,2493830
بي جي غسول وجه تفتيح 200 مل,BG WHITENNING FACIAL CLEANSER 200 ML,2493868
بي جي كريم تفتيح 30 جم,BG WHITENING CREAM 30 GM,1519535
بي جي كريم لحب الشباب 30 جم,BG ACNE PRONE SKIN CREAM 30 GM,1672868
بي جي كريم مرطب للجلد,BG SKIN EMOLIENT CREAM,2493870
بي جي ميسلار وتر 200 مل,BG MICLLAR WATER 200 ML,2508628
بي جي يوريا كريم 100 جم,BG UREA CREAM 100 GM,1924609
بي درينك 10 اكياس,B DRINK 10 SAHCHET,1788409
بي ريدي كريم 50 جم,BE READY CREAM 50 GM,2146992
بي فريش 0.05 % غسول للفم 250 مل احمر,B FRESH 0.05 % MOUTHWASH 250 ML RED,986442
بي فريش 0.05 % غسول للفم 250 مل اخضر,B FRESH 0.05 % MOUTHWASH 250 ML GREEN,902757
بي فريش 0.05 % غسول للفم 250 مل ازرق,B FRESH 0.05 % MOUTHWASH 250 ML BLUE,2312710
بي فريش 0.05 % غسول للفم 500 مل احمر,B FRESH 0.05 % 500 ML MOUTHWASH RED,2507394
بي فريش 0.05 % غسول للفم 500 مل اخضر,B FRESH 0.05 % 500 ML MOUTHWASH GREEN,1534322
بي فريم جل,BG FARFALLA GEL 50 GM,1658031
بي كوم 6 امبول,B COM I.M. / I.V. 6 AMP.,2490952
بي كير كريم 30 جم,BEE CARE CREAM 30 GM,2521129
بي كير كريم 60 جم,BEE CARE CREAM 60 GM,2126969
بي لايت محلول معالجه الجفاف 240 مل برتقال,P LYTE SOLUTION 240 ML ORANGE,2146793
بي لايت محلول معالجه الجفاف 240 مل تفاح,P LYTE SOLUTION 240 ML APPLE,2140583
بي ميلت 30 اقراص,B MELT 30 TAB,2471662
بي هيرت,VB MASK,2312713
بيا بي اي ايه 300 مجم 20 اقراص,PEA 300 MG 20 CAPS,2576133
بيا بي اي ايه 400 مجم 20 اقراص,PEA 400 MG 20 CAPS,2576134
بيا بي اي ايه 600 مجم 20 اقراص,PEA 600 MG 20 CAPS,1800890
بيا فليكس فورت 30 اقراص,PEA FLEX FORT 30 TAB,2346831
بيا فليكس فورت 600 مجم 30 ك,PEA FLEX FORT 30 TAB,2682765
بيا ماش بلس كبسول,HERBA MAM 30 CAP,2681661
بيافين كريم 40 جم,BIAPHINE CREAM 40 GM,1764206
بياني 20 كبسوله 230,BENEBON 120 GUMMIES,2497880
بيبانثين كريم 30 جم,BEPANTHEN CREAM 30 GM,2192685
بيبتا لايف 10 اقراص,SULPEPTA 25 MG 30 TABS,2625293
بيبتا لايف اقراص 10 اقراص,SULPEPTA 25 MG 30 TABS,2618690
بيبتك كير 14 اقراص,PEPTIC CARE 14 ENTERIC COATED TAB,2623636
بيبتون شراب 120 مل بالسكر اخضر,BABETONE SYRUP 120 ML,1513550
بيبتون شراب خالي من السكر 120 مل ازرق,BABETONE SYRUP SUGAR FREE 120 ML,2466750
بيبرا 20 مجم 21 اقراص,BEPRA 20 MG 21 F.C. TAB,2544612
بيبرا 20 مجم 28 اقراص,BEPRA 20 MG 28 F.C. TAB,2312717
بيبريكلو سببراي للفم 50 مل,PEPRICLO MOUTH SPRAY 50 ML,2129420
بيبزول 20 مجم 14 كبسول,PEPZOL 20 MG 14 CAP.,902765
بيبزول 40 مجم 14 كبسول,PEPZOL 40 MG 14 CAPS.,1773502
بيبزول 40 مجم 7 كبسول,PEPZOL 40 MG 7 CAPS.,2532140
بيبو استحلاب,BEBOVI SYRUP 120 ML,1536476
بيبوسبان 0.7 جم / 100 مل شراب 100 مل,PEOPOSPAN 0.7 GM / 100 ML SYRUP 100 ML,2642167
بيبون 30 كبسول,PEPON 30 CAPS.,2606044
بيبون بلس 20 كبسول,PEPON PLUS 20 CAPS.,2315015
بيبي تشيك اختبار حمل,BABY CHECK PREGNANCY TEST,1750432
بيبي تشيك بلس اختبار حمل,BABY CHECK PLUS PREGNANCY TEST,2141263
بيبي جوي بانتس مقاس 3 58 قطعه,BABY JOY PANTS DIAPERS SIZE 3 58 PIECE,1939099
بيبي جوي ستريتش جامبو مقاس 1 60 حفاضه,BABY JOY DIAPERS SIZE 1 60 PIECE,1777074
بيبي جوي ستريتش جامبو مقاس 2 60 حفاضه,BABY JOY DIAPERS SIZE 2 60 PIECE,1777075
بيبي جوي ستريتش جامبو مقاس 3 58 حفاضه,BABY JOY DIAPERS SIZE 3 58 PIECE,2131179
بيبي جوي ستريتش جامبو مقاس 4 58 حفاضه,BABY JOY DIAPERS SIZE 4 58 PIECE,1400035
بيبي جوي ستريتش جامبو مقاس 5 58 حفاضه,BABY JOY DIAPERS SIZE 5 58 PIECE,1777077
بيبي جوي كيلوت كبير 58 ق مقاس 4,BABY JOY PANTS DIAPERS SIZE 4 58 PIECE,1939097
بيبي جوي كيلوت كبير جدا 52 ق مقاس 5,BABY JOY PANTS DIAPERS SIZE 5 52 PIECE,1939096
بيبي جوي كيلوت كبير جدا جدا 46 قطعه مقاس 6,BABY JOY PANTS DIAPERS SIZE 6 46 PIECE,2131268
بيبي جوي كيلوت وسط 58 ق مقاس 4,BABY JOY PANTS DIAPERS SIZE 4 58 PIECE,2129846
بيبي جوي مقاس 5 60 حفاضه,BABY JOY NO 5 60 PICESES,1400058
بيبي ران لوشن 120 مل,BABY RAN LOTION 120 ML,2300378
بيبي رليف 25 مجم 10 لبوس,BABY RELIEF 25 MG 10 SUPP,902771
بيبي ريليف 12.5 مجم 10 لبوس,BABY RELIEF 12.5 MG 10 SUPP,902770
بيبي سيف كريم للحفاضات 60 جرام,BABY CREAM 60 GM,2642574
بيبي سيف كريم مرطب للطفل,MISTER BABY CREAM 200 ML,2642073
بيبي فاي قطره بالفم 10 مل,BABY PHI ORAL DROPS 10 ML,2140636
بيبي فيت قطره 30 مل,BEBE VIT ORAL DROPS 30 ML,2318645
بيبي فيت كريم 50 جم,BABY FEET CREAM 50 GM,2342697
بيبي كريم 30 جم,BABY CREAM 30 GM,2646760
بيبي كريم 60 جم,BABY CREAM 60 GM,2563636
بيبي لاين لوشن 120 مل,BABYLINE LOTION 120 ML,2501338
بيبي ناب كريم حفاضه 50 جم,BABYNAP DIAPER CREAM 50 GM,2342699
بيبي ناديف بخاخ الانف 50 مل,BABY NADIF NASAL SPRAY 50 ML,2144742
بيبي واي كريم 75 جم,BABY WAY CREAM 75 GM,2385073
بيبيلاك 1 لبن 400 جم,BEBELAC 1 MILK 400 GM,2156730
بيبيلاك 2 لبن 400 جم,BEBELAC 2 MILK 400 GM,1764054
بيبيلاك اف ال لبن 400 جم,BEBELAC FL MILK 400 GM,2061198
بيبيلاك اي سي لبن 400 جم,BEBELAC EC MILK 400 GM,2632001
بيبيلاك بريماتيور 400 جم,BEBELAC PREMATURE MILK 400 GM,2396672
بيت ميجا 25 مجم 449.5,POTASAVE 25 MG 20 TAB.,2602330
بيت ميجا 498,BETASERC 24 MG 40 TABS.,2602331
بيتا ايبك كريم 55,OPTA STORE CREAM 50 GM,2533149
بيتا سي بخاخ مطهر 100 مل,BETA SEA SANITIZER SPRAY 100 ML,2300379
بيتا كاروتين فورت 15 مجم 20 كبسول,BETA CAROTENE FORTE 15 MG 20 CAPS,946667
بيتابرونات بلس كريم 30 جم,BETAPRONATE PLUS CREAM 30 GM,902778
بيتاديرم 0.1 % كريم 15 جم,BETADERM 0.1 % CREAM 15 GM,2369247
بيتاديرم 0.1 % كريم 30 جم,BETADERM 0.1 % CREAM 30 GM,1546692
بيتاديرم 0.1 % مرهم 15 جم,BETADERM 0.1 % TOPICAL OINT. 15 GM,2541177
بيتادين دش مهبلي 10 % 120 مل النيل,BETADINE VAGINAL DOUCHE 10 % 120 ML,1489586
بيتادين شامبو 7.5 % 120 مل النيل,BETADINE SHAMPOO 7.5 % 120 ML,2431214
بيتادين شامبو 7.5 % 60 مل النيل,BETADINE SHAMPOO 7.5 % 60 ML,2431245
بيتادين محلول مطهر 10 % 120 مل النيل,BETADINE ANTISEPTIC SOLN. 10 % 120 ML,2438558
بيتادين محلول مطهر 120 مل اي برونتو,BETADINE ANTISEPTIC SOLUTION 120 ML A PRONTO,2618637
بيتادين منظف جروح 7.5 % 120 مل,BETADINE SURGICAL SCRUB 7.5 % 120 ML,2490307
بيتازون 0.5 مجم 12 اقراص,BETASONE 0.5 MG 12 TAB.,2331141
بيتاسيرك 16 مجم 60 اقراص,BETASERC 16 MG 60 TABS.,1470835
بيتاسيرك 24 مجم 40 اقراص,BETASERC 24 MG 40 TABS.,2469035
بيتاسيرك 8 مجم 100 اقراص,BETASERC 8 MG 100 TABS.,2469036
بيتافال 0.1 % كريم 20 جم,BETAVAL 0.1 % CREAM 20 GM,2668064
بيتافال مرهم 15 جم 15,BETAVAL 0.1 % OINT. 15 GM,2636401
بيتافوس 1 امبول 2 مل,BETAFOS 1 AMP. 2 ML,2192708
بيتافيوسين كريم 15 جم,BETAFUCIN CREAM 15 GM,2435723
بيتاكلين محلول مطهر,BETACLEAN,2472779
بيتاكور 80 مجم 30 اقراص,BETACOR 80 MG 30 TAB.,1521010
بيتاليرج 0.25 مجم 30 اقراص,BETALLERGE 0.25 / 2 MG 30 TABS.,902797
بيتكس كريم 50 جم,PETTIX CREAM 50 GM,2255568
بيتميجا 50 مجم 30 اقراص,BETMIGA 50 MG 30 PROLONGED R.TABLETS,2435715
بيتميجا جديد 562,BETMIGA 50 MG 30 PROLONGED R.TABLETS,2644022
بيتولفكس 1 مجم / مل 2 امبول,BETOLVEX 1 MG / ML 2 AMP. I.M.,902800
بيتولفكس 1 مجم / مل 2 سرنجه,BETOLVEX 1 MG / ML 2 PRE FILLED SYRINGE I.M.,2263554
بيتولفكس مالتي فيتامين 30 اقراص,BETOLVEX 30 FILM COATED TABLETS,2620509
بيج بين ماكينه حلاقه اكياس 5 قطع,BIG BEN TWIN BLADE DISPOSABLE RAZORS SET OF 5 PIECES,2131187
بيجاكسين 1000 مجم 20 كبسول,BEEJAXIN 1000 MG 20 CAPS,2289781
بيجاكسين 1400 مجم 20 كبسول,BEEJAXIN 1400 MG 20 CAPS,2289782
بيجو نوز بخاخ 30 مل,BEEGU NOSE SPRAY 30 ML,2128784
بيجو نوز بخاخ للانف 70 مل 75,BEEGU NOSE SPRAY ISOTONIC 70 ML,2588572
بيجو نوز بخاخ للانف ايزوتونيك 100 مل احمر,BEEGU NOSE SPRAY ISOTONIC 100 ML,1061447
بيجو نوز بخاخ للانف ايزوتونيك 70 مل احمر,BEEGU NOSE SPRAY ISOTONIC 70 ML,2164375
بيجو نوز بخاخ للانف هايبرتونيك 100 مل ازرق,BEEGU NOSE SPRAY HYPERTONIC 100 ML,1061448
بيجو نوز بخاخ للانف هايبرتونيك 70 مل ازرق,BEEGU NOSE SPRAY HYPERTONIC 70 ML,2143717
بيدالكين دش بودره 12 اكياس,BIDALKIN VAGINAL DOUCHE POWDER 12 SACHETS,1737810
بيدرو بخاخ للفم 60 مل,PEDRO MOUTH SPRAY 60 ML,2268821
بيدرو زيت سيرم للشعر 150 مل الازرق,PEDRO HAIR SERUM 150 ML,2498633
بيدرو سيرم للشعر 75 مل الاحمر,PEDRO HAIR SERUM 75 ML,2268819
بيدرو شامبو للشعر 200 مل,PEDRO HAIR SHAMPOO 200 ML,2268820
بيدرو غسول مهبلي 250 مل,PEDRO VAGINAL WASH 250 ML,2268823
بيدرو كريم تفتيح 60 جم,PEDRO WHITENING CREAM 60 GM,2498635
بيدريمين 100 مجم 30 اقراص,BEDREMINE 100 MG 30 EXT. REL.TABS.,2469047
بيدريمين 50 مجم 30 اقراص,BEDREMINE 50 MG 30 EXT. REL.TABS.,2469048
بيدي كورت عادي شراب جديد,BODI CARE CREAM,2191219
بيدياجرو 3 لبن 400 جم,PEDIAGROW 3 MILK 400 GM,2190213
بيدياستارت 1 لبن 350 جم,PEDIASTART 1 MILK 350 GM,2199550
بيدياستارت 2 لبن 350 جم,PEDIASTART 1 MILK 350 GM,2427344
بيدياشور لبن 400 جم شوكولاته,PEDIASURE COMPLETE POWDER 400 GM CHOCOLATE,2099383
بيدياشور لبن 400 جم فانيليا,PEDIASURE 400 G POWDER VANILLA,2127665
بيديالايت محلول جفاف 200 مل,PEDIALYTE DRINK 200 ML TETRAPACK,2509449
بيدياميل ال اف لبن 350 جم,PEDIAMIL LF MILK 350 GM,1757270
بيدياميل ال اف لبن 400 جم,PEDIAMIL LF MILK 400 GM,2161181
بيدياميل ال بي دابليو لبن,PEDIAMIL LF MILK 350 GM,2567419
بيدياميل ال بي دبليو 350 جم,PEDIAMIL LF MILK 350 GM,2570424
بيديكال 100 مل شراب,PEDICAL SYRUP 100 ML,2435727
بيديكورت 5 مجم / 5 مل شراب 100 مل,PEDICORT 5 MG / 5 ML SYP. 100 ML,2092052
بيديكورت فورت 15 مجم / 5 مل شراب 100 مل,PEDICORT FORTE 15 MG / 5 ML SYP. 100 ML,1331064
بيراكتام 1.5 جم امبول,PERACTAM 1.5 G VIAL,2266162
بيراكول مساج جل 100 جم,PYRACOOL MASSAGE GEL 100 GM,2501445
بيرال اكسترا 20 اقراص,PYRAL EXTRA 20 TABS.,2623991
بيراميدز كال 30 اقراص,PYRAMIDS CAL 30 TABLETS,2225043
بيرانت كريم 60 جم,PIRANT CREAM 60 GM,2498778
بيربديل مساج جل 100 جم,PERPDEL MASSAGE GEL 100 GM,2496991
بيرتو بلس 30 اقراص / اي يو سي,PYRTO 30 TABS.,2625826
بيرتو بلس اقراص,PYRTO 30 TABS.,2597066
بيردوفينيكس 267 مجم 30 كبسول,PERDOFENEX 267 MG 30 CAPS.,2171129
بيرز صابون 125 مل اخضر,PEARS OIL CLEAR GLOW SOAP BAR GREEN 125 GM,2130146
بيرز صابون 125 مل ازرق,PEARS OIL CLEAR GLOW SOAP BAR BLUE 125 GM,1846815
بيرسي تشيك جهاز قياس السكر في الدم,PRECICHEK GLUCOSE MONITORING,1433672
بيرفاست لوسيون للشعر 120 مل,BEAR FAST HAIR LOTIOIN 120 ML,2499556
بيرفاست مقوي للشعر 5 امبول 10 مل,BEAR FAST HAIR TONIC 5 VIALS 10 ML,1362994
بيرفكت بلاستر طويل 1000 قطعه,PERFECT LONG PLASTER 1000 PCS,2131260
بيرفكت جل معقم لليد 75 مل,PERFECT HAND GEL 75 ML,2130259
بيرفكت كحول 125 مل,PERFECT ALCOHOL 125 ML,2382661
بيرفكت كحول 70 % 100 مل بخاخ,PERFECT ALCOHOL 70 % 100 ML SPRAY,2382658
بيرفكت كحول 75 مل,PERFECT ALCOHOL 75 ML,2131087
بيرفكت كير محلول 120 مل,PERFECT CARE SOLUTION 120 ML,1164517
بيرفكتيل اكسترا فيتامينات للشعر 60 اقراص,PERFECTIL HAIR EXTRA 60 TABS,1937153
بيرفورم جل 25 جم,PERFORM GEL 25 GM,2675561
بيرفورما اكسترا سترينس 5 % محلول موضعي 60 مل,PERFORMA EXTRA STRENGTH 5 % TOPICAL SOLUTION 60 ML,902811
بيرفيكتوديل 2 % محلول موضعي 60 مل,PERFECTODIL 2 % TOPICAL SOLUTION 60 ML,2438673
بيرفيكتوديل 5 % محلول موضعي 60 مل,PERFECTODIL 5 % TOP.SOLUTION 60 ML,2369267
بيرفيكتيل اورجينال 30 اقراص,PERFECTIL ORIGINAL 30 TABS.,2157472
بيرلا كريم 60 جم,PEARLA CREAM 60 GM,2668273
بيرلا كريم 60 جم,PEARLA CREAM 60 GM,2221676
بيرلايت كريم 25 جم,PEARLIGHT CREAM 25 GM,1739281
بيرلوك 40 مجم 14 اقراص,PERLOC 40 MG 14 F.C.TAB.,902817
بيرلوك 40 مجم امبول,PERLOC 40 MG POWDER FOR I.V. INF. VIAL,2582968
بيرلوم 30 كبسول,PIRLOME 30 CAP,2623995
بيرلوم اقراص,PIRLOME 30 CAP,2638965
بيرلي زيت شعر 200 مل,PEARLY HAIR OIL 200 ML,1623483
بيرنازين 1 % كريم 20 جم,BURNAZIN 1 % TOP. CREAM 20 GM,2472978
بيروسول مبيد للحشرات الطائره 400 مل غطاء اصفر,PYROSOL FLYING INSECTS KILLER SPRAY 400 ML,2625881
بيرونتاجونست 10 مجم 20 اقراص,PIRONTAGONIST 10 MG 20 F.C. TABS.,1880376
بيريدوفيت 30 كبسول,PYRIDOVIT 30 CAPSULES,2146140
بيريدوفيت كومب 600 مجم 20 اقراص,PYRIDOVIT COMP 600 MG 20 TABS,2620861
بيريفيبا 30 اقراص,PERIPHEBA 30 CAPS,2551022
بيزلين الترا سكرين واقي من الشمس كريم 60 مل,BEESLINE ULTRASCREEN CREAM 60 ML,1811109
بيزلين الترا سكرين واقي من الشمس كريم 60 مل 1 + 1 عرض,BEESLINE ULTRASCREEN CREAM 60 ML 1 AND 1 FREE,2638247
بيزلين اناره فوريه كريم لمدار العين 15 مل,BEESLINE INSTANT BRIGT EYE CREAM 15 ML,2215874
بيزلين رول اون لتفتيح البشره 50 مل انتعاش 1 + 1,BEESLINE GOREE ROSE DEODORANT ROLL ON OFFER 1 + 1,2638248
بيزلين رول اون مزيل عرق لتفتيح البشره 50 مل الباسيفيك,BEESLINE ROLL ON PACIFIC ISLANDS DEODORANT 50 ML,2184738
بيزلين رول اون مزيل عرق لتفتيح البشره 50 مل تاخير نمو الشعر 1 + 1,BEESLINE ROLL ON HAIR DELAYING DEODORANT 50 ML 1 + 1,2625756
بيزلين رول اون مزيل عرق لتفتيح البشره 50 مل جزر الباسيفيك 1 + 1,BEESLINE ROLL ON PACIFIC ISLANDS DEODORANT 50 ML 2 PCS,2382654
بيزلين رول اون مزيل عرق لتفتيح البشره 50 مل ورد جوري 1 + 1,BEESLINE GOREE ROSE DEODORANT ROLL ON OFFER 1 + 1,2513025
بيزلين رول اون مزيل للعرق بفيتامين سي للاناره 50 مل,BEESLINE ROLL ON INSTANT WHITE + VITAMIN C 50 ML,2456897
بيزلين رول اون مزيل للعرق لتفتيح البشره ايلدر روز 50 مل (روز),BEESLINE WHITENING ROLL ON DEODERANT ELDER ROSE 50 ML,2131188
بيزلين رول اون مزيل للعرق لتفتيح البشره بخلاصه اللؤلؤ للتجميل 50 مل بنفسجي عرض 1 + 1,BEESLINE WHITENING ROLL ON DEODERANT BEAUTY PEARL 50 ML OFFER 1 + 1,2558619
بيزلين رول اون مزيل للعرق لتفتيح البشره برائحه العود 50 مل (بني),BEESLINE WHITENING ROLL ON DEODERANT OUD 50 ML,2456894
بيزلين رول اون مزيل للعرق لتفتيح البشره برائحه العود 50 مل بني 1 + 1,BEESLINE WHITENING ROLL ON DEODERANT OUD 50 ML 1 + 1,2382664
بيزلين رول اون مزيل للعرق لتفتيح البشره برائحه النسيم البارد 50 مل (لبني),BEESLINE WHITENING ROLL ON DEODERANT COOL BREEZE 50 ML,1943435
بيزلين رول اون مزيل للعرق لتفتيح البشره سبورت 50 مل (ازرق),BEESLINE WHITENING ROLL ON DEODERANT SPORT BLUE 50 ML,2456888
بيزلين رول اون مزيل للعرق لتفتيح البشره سوبر دراي بودر سوفت 50 مل 1 + 1,BEESLINE WHITENING ROLL ON DEODERANT SUPER DRY POWDER SOFT 50 ML 1 + 1,2184744
بيزلين رول اون مزيل للعرق لتفتيح البشره غزل البنات 50 مل بينك عرض 1 + 1,BEESLINE WHITENING ROLL ON DEODERANT COTTON CANDY 50 ML OFFER 1 + 1,2382640
بيزلين سيروم للوجه للاناره الفوريه 30 مل,BEESLINE INSTANT BRIGHT GLOW SERUM 30 ML,1950030
بيزلين غسول تفتيح الوجه 4 1 150 مل,BEESLINE 4 IN 1 WHITENING CLEANSER 150 ML,2215875
بيزلين غسول تفتيح الوجه 4 1 150 مل + تونر هديه,BEESLINE 4 IN 1 WHITENING CLEANSER 150 ML + BEESLINE WHITENING FACE TONER FREE,1811110
بيزلين غسول للوجه 250 مل بروبوليس للبشره الدهنيه,BEESLINE PROPOLIS FACIAL WASH 250 ML,1810680
بيزلين كريم النهار لاناره فوريه 50 مل,BEESSLINE INSTANT BRIGHT DAY CREAM 50 ML,2215872
بيزلين كريم لتفتيح المناطق الحساسه 50 مل,BEESLINE WHITENING SENSITIVE ZONE CREAM 50 ML,2357673
بيزلين ماء ميسلار غسول,BESLINE MICELLAR CLEANSING WATER 400 ML,2215873
بيزلين مرطب شفاه 4 جم,BEESLINE LIP CARE MINT 4.5 GM,2421629
بيزوكارد 10 مجم 30 اقراص,BISOCARD 10 MG 30 F.C.TAB.,902819
بيزوكارد 2.5 مجم 30 اقراص,BISOCARD 2.5 MG 30 F.C.TAB.,1608269
بيزوكارد 5 مجم 30 اقراص,BISOCARD 5 MG 30 F.C.TAB.,902820
بيزوكارد بلس 5 / 12.5 مجم 30 اقراص,BISOCARD PLUS 5 / 12.5 MG 30 F.C.TAB,902822
بيسال كريم 40 جم,BECAL CREAM 40 GM,2469076
بيسبيلر 120 كبسول,BISPYLLER 120 CAPS,2670181
بيستول 10 مجم 20 اقراص,BISTOL 10 MG 20 F.C. TAB.,2602349
بيستول 2.5 مجم 20 اقراص,BISTOL 2.5 MG 20 F.C.TAB.,2208055
بيستول 5 مجم 20 اقراص,BISTOL 5 MG 20 F.C.TAB.,1505533
بيستول بلس 2.5 / 6.25 مجم 20 اقراص,BISTOL PLUS 2.5 / 6.25 MG 20 F.C.TAB.,2063786
بيستول بلس 5 / 12.5 مجم 20 اقراص,BISTOL PLUS 5 / 12.5 MG 20 F.C.TAB.,2469067
بيستول بلس 5 / 6.25 مجم 20 اقراص,BISTOL PLUS 5 / 6.25 MG 20 F.C.TAB.,2224059
بيستينون 60 مجم 20 اقراص,PYSTINON 60 MG 20 SUGAR COATED TAB.,2491479
بيسكاليدين 300 مجم 15 كبسول,PIASCLEDINE 300 MG 15 CAPS.,1534373
بيسكي غذاء اطفال 95,BISKI KREM 75 GM,2638999
بيسكي كريم 200 جم,BISKI KREM 200 GM,2604228
بيسلفون 4 مجم / 5 مل شراب 115 مل,BISOLVON 4 MG / 5 ML SYRUP 115 ML,2499517
بيسولوك 10 مجم 30 اقراص,BISOLOCK 10 MG 30 F.C.TAB.,2159427
بيسولوك 2.5 مجم 30 اقراص,BISOLOCK 2.5 MG 30 F.C.TAB.,902834
بيسولوك 5 مجم 30 اقراص,BISOLOCK 5 MG 30 F.C.TAB.,2315019
بيسويفت 1000 مكجم 30 اقراص,BSWIFT 1000 MCG 30 TABS,2296813
بيفاتراسين 150 مجم بخاخ,BIVATRACIN AEROSOL POWDER 150 GM,2144132
بيك سنون اقلام انسولين 4 مم 100 قطعه,PIC INSULIN NEEDLES 4 MM 100 PCS,1400861
بيك سنون قلم انسولين 5 مل 100 قطعه,PIC INSULIN NEEDLES 5 MM 100 PCS,1400377
بيك سنون قلم انسولين 6 مل 100 قطعه,PIC INSULIN NEEDLES 6 MM 100 PCS,1400658
بيك فارما اكسوجي 30 اكياس,BECO FORTE 30 TABS.,2639429
بيك فارما بذور الشيا 30 اكياس,BECO FORTE 30 TABS.,2639430
بيك فارما بقدونس وكرفس,VIRBAC SPRAY,2639431
بيك فارما سكر قطره,SCAR BIC GEL,2639432
بيك فارما شاي اخضر 30 اكياس,BECO FORTE 30 TABS.,2639433
بيك فارما فل ايز 30 كبسوله,BECO FORTE 30 TABS.,2639435
بيك فارما كوفي 30 اكياس,BECO FORTE 30 TABS.,2639434
بيك فارما لوسكال سكر ستيفيا 50 اكياس,SCAR BIC GEL,2639436
بيك فارما مورينجا 30 اكياس,BECO FORTE 30 TABS.,2639437
بيك فارما نسكافيه بريميم 30 اكياس,BECO FORTE 30 TABS.,2639438
بيك فارما هنجر سيل 30 كبسوله,SILIPEX 30 CAPSULES,2639439
بيكاستو 30 اقراص,PICASTO 30 TABS,2276589
بيكتي برو 0.3 % شراب 90 مل,PECTIPRO 0.3 % SYRUP 90 ML,902671
بيكس شامبو ضد القشره 200 مل,PIX ANTI DANDRUFF SHAMPOO 200 ML,2473557
بيكساسبير 2.5 مجم 30 اقراص,PIXASPIRE 2.5 MG 30 F.C. TABS.,2126988
بيكساسبير 5 مجم 269.25,PIXASPIRE 2.5 MG 30 F.C. TABS.,2680482
بيكساسبير 5 مجم 30 اقراص,PIXASPIRE 5 MG 30 F.C. TABS.,2200603
بيكسي 5 صابون 100 جم,PIXE 5 SOAP 100 GM,1739187
بيكسي فريش سبراي للفم 60 مل,PIXEFRESH MOUTH SPRAY 60 ML,1773411
بيكسيفانس قطره للعين 5 مل,PIXIVANCE EYE DROPS 5 ML,2582766
بيكلو 50 ميكرو / جرعه بخاخ للانف 200 جرعه,BECLO 50 MCG / DOSE NASAL SPRAY 200 DOSES,2589279
بيكلوزون فورت 0.1 مجم / جرعه 200 جرعه,BECLOSONE FORTE INHALER 0.1 MG / DOSE 200 DOSES,2318946
بيكوزيم 12 امبول,BECOZYME I.M. / I.V. 12 AMP.,1301076
بيكوزيم 2 مجم 12 امبول مستورد,BECOZYME I.M. / I.V. 12 AMP.,2563215
بيكولاكس 0.75 % قطرات للفم 15 مل,PICOLAX 0.75 % ORAL DROPS 15 ML,2312749
بيكوينالو سيرم للشعر 80 مل,PEQUEENALO HAIR SERUM 80 ML,2627387
بيلا عدسات جرانت,BELLA LENSES GRANET,2489122
بيلا عدسات روز وود,BELLA LENSES ROSEWOOD,2489125
بيلاستيجيك 20 مجم 20 اقراص,BILASTIGEC 20 MG 20 TABS.,2435752
بيلتريسيد 600 مجم 4 اقراص,BILTRICIDE 600 MG 4 F.C. TABS.,2653903
بيلودنس هير سيرم 60 مل,PELODENS HAIR SERUM 60 ML,2642570
بيليكول 24 كبسول,BILICHOL 24 CAPS.,1439878
بيلينو 10 اكياس,BILINO 10 SACHETS,1515624
بيلينو قطره للفم 15 مل,BILINO ORAL DROPS 15 ML,1739305
بيماستريم 10 مجم 7 اقراص,BEMASTRIM 10 MG 7 F.C. TAB,2522552
بيماستريم 40 مجم 10 اقراص,BEMASTRIM 40 MG 10 F.C. TAB,2522521
بيمفاست 1 جم امبول,PIMFAST 1 GM VIAL I.V / I.M INJ.,2466228
بين ريليفر 30 كبسول,PAIN RELIEFER 30 CAPS.,1268961
بينتا 5 زيت 10 اكياس,PENTA 5 OIL 10 SACHETS,2143877
بينتابيرن 0.25 % مرهم موضعي 15 جم,PENTABURN 0.25 % TOP. OINT. 15 GM,2149118
بينتاتروكس 1 جم امبول,PENTATROX 1 G VIAL I.M. / I.V. / INF.,2618840
بينتافلو شراب 100 مل,PENTAFLU SYRUP 100 ML,2369256
بينتاكولد شراب 120 مل,PENTACOLD SYRUP 120 ML,902709
بينتامكس شراب 120 مل,PENTAMIX SYRUP 120 ML,902711
بينجيفلام شراب 100 مل,PENGEFLAM SYRUP 100 ML,1870981
بيندولين بلس زيت اطفال 120 مل,PENDULINE PLUS CHILDREN HAIR OIL 120 ML,2683039
بيندولين شاور 300 مل,PENDULINE KIDS SHOWER GEL 300 ML BANANA,1665618
بينسيتارد 1200000 وحده / امبول,PENCITARD 1200000 I.U. / VIAL,2653513
بينك بلو ببرونه 125 مل,PINK BLUE BABY BOTTLE 125 ML,2630524
بينك بلو ببرونه 160 مل,PINK BLUE BABY BOTTLE 160 ML,2630523
بينك بلو ببرونه 240 مل,PINK BLUE BABY BOTTLE 240 ML,2630525
بينك بلو ببرونه 75 مل,PINK BLUE BABY BOTTLE 75 ML,2630522
بينك بلو حلمه 3 جم مقاس L,BINK BLUE NIPPLE 3 GM L,2184032
بينك بلو حلمه 3 جم مقاس M,BINK BLUE NIPPLE 3 GM M,1777446
بينك بلو حلمه 3 جم مقاس S,BINK BLUE NIPPLE 3 GM S,2131261
بينك بلو طقم بادكير 4 قطع للاطفال,BINK BLUE 4 BODY CARE PICESES FOR BABY,1778189
بينك بلو عضاضه مائيه 2 لون,BINK BLUE LIQUID FILLED TEETHER 2 COLOR,2287994
بينك بلو كوب بالشاليموه,BINK BLUE CUP WITH STRAW,2130757
بينك بلو معلقه سيليكون,PINK BLUE SILICON SPOON,2131381
بينموف مساج جل 60 جم,BENMUV MASSAGE GEL 60 GM,2453841
بينوبالم كريم,,2674810
بينوكس 0.4 % قطره للعين 10 مل,BENOX 0.4 % EYE DROPS 10 ML,902847
بينوموف 20 اقراص,PAINOMOVE 20 TAB,1880307
بيو جليتا بلس 15 / 500,BLISS ARGAN OIL SHAMPOO 500 ML,2671255
بيو سترونج كبسول س جديد,BIO 1600 14 CAPS.,2634633
بيوبريكس 10 مجم 30 اقراص,BIOPREX 10 MG 30 F.C.TABS.,2291425
بيوبريكس 2.5 مجم 30 اقراص,BIOPREX 2.5 MG 30 F.C.TABS,1608266
بيوبريكس 5 مجم 30 اقراص,BIOPREX 5 MG 30 F.C.TABS,1176782
بيوبريكس 7.5 مجم 30 اقراص,BIOPREX 7.5 MG 30 F.C. TABS.,902851
بيوبوداك 2 % كريم مهبلي 40 جم,PEOPODAK 2 % VAGINAL CREAM 40 GM,2127157
بيوبوينت اكسجين 10 / 75 جم,BIOPOINT EMULSION OXYDANTE 10 / 75 GM,1472748
بيوبوينت اكسجين 20 / 75 م,BIOPOINT EMULSION OXYDANTE 20 / 75 GM,1399835
بيوبوينت اكسجين 30 / 75 جم,BIOPOINT EMULSION OXYDANTE 30 / 75 GM,1486311
بيوبوينت بودره 10 جم صغيره,BIOPOINT SUPER POWDER BLEACH 10 GM,2130767
بيوبوينت حمام كريم 250 جم,BIOPOINT HAIR CREAM 250 GM,2602360
بيوبوينت حمام كريم 250 جم بالفيتامين برطمان,BIO POINT HAIR CREAM BATH FOR WOMEN 250 G VITAMIN E,2130333
بيوبوينت حمام كريم اكياس 50 مل,BIOPOINT SACHET HAIR CREAM 50 ML,1451423
بيوبوينت حمام كريم اكياس 50 مل بفيتامين ه,BIOPOINT VITAMIN E COLOUR PROTECTION CREAM 50 ML,2130616
بيوبوينت حمام كريم نخاع 250 مل برطمان,BIO POINT HAIR CREAM BATH FOR WOMEN 250 G MARROW,2602361
بيوبوينت حمام كريم نخاع اكياس بالقطعه 50 جم,BIOPINT SACHET MARROW TREATMENT 50 ML,1399979
بيوبوينت فرد 50 مل صغير,BIOPOINT HAIR STRAIGHTENER CREAM 50 ML,1777145
بيوتالاكسي جل 50 جم,PUTALAXY GEL 50 GM,943988
بيوتي لاف شاور جل,BEAUTY LOVE SHOWER GE,2342698
بيوتيكا فلوكس 750 مجم 7 اقراص,BIOTICAFLOX 500 MG 7 F.C. TABS,2643695
بيوتيكافلوكس 500 مجم 7 اقراص,BIOTICAFLOX 500 MG 7 F.C. TABS,2631854
بيوتيكافلوكس 750 مجم 7 اقراص,BIOTICAFLOX 750 MG 7 F.C. TABS,2492880
بيوتين بلس 30 اقراص,BIOTIN PLUS 30 FILM COATED TAB,2551024
بيوتين بلس فور 30 كبسول,BIOTIN PLUS 4 30 CAPS,2487791
بيوتين فور بلس كبسول 275,BIOTIN PLUS 4 30 CAPS,2638693
بيوتين فورت 5 مجم 60 كبسول,BIOTIN FORTE 5 MG 60 CAPS.,2641186
بيوتين فورت 60 كبسول,BIOTIN FORTE 5 MG 60 CAPS.,2674836
بيوتين وان مكمل غذائي 30 كبسوله 260,BIOTIN 5000 MCG 30 CAP,2599434
بيوثيرم اكني غسول 200 مل 1 + 1 / ديرمانوفا,BIOTHERM ACNE PRONE CLEANSING FOAM 200 ML,2411255
بيوثيرم تينتد صن سكرين جل + 50 1 + 1 / ديرمانوفا,BIOTHERM SUNSCREEN GEL CREAM 50 GM,2411231
بيوثيرم فووم غسول تفتيح 200 مل 1 + 1 / ديومانوفا,BIOTHERM WHITENING CLEANSING FOAM 200 ML,2411253
بيوثيرم فيتامين سي سيرم 30 مل 1 + 1 / ديرمانوفا,BIOTHERM VITAMIN C FACE SERUM 30 ML,2411233
بيوثيرم كريم تفتيح 60 مل 1 + 1 / ديرمانوفا,BIOTHERM WHITENING CREAM SPF 50 + 60 ML,2411234
بيوثيرم ماسك وجه بالفحم 1 + 1 / ديرمانوفا,BIOTHERM FACIAL CHARCOAL MASK 200 ML,2411225
بيوجليتا بلس 15 / 500 مجم 30 اقراص,BIOGLITA PLUS 15 / 500 MG 30 F.C.TAB.,902544
بيوجليتا بلس 15 / 500 مجم 30 اقراص,BIOGLITA PLUS 15 / 500 MG 30 F.C.TAB.,2682674
بيوجليتا بلس 15 / 850 مجم 30 اقراص,BIOGLITA PLUS 15 / 850 MG 30 F.C. TAB.,902545
بيوجليتا بلس 500 / 15 اقراص جديد,BIOGLITA PLUS 15 / 500 MG 30 F.C.TAB.,2680326
بيودرما سبيوم جل رغوي للبشره الدهنيه 100 مل,BIODERMA SENSIBIO GEL MOUSSANT 100 ML,2562166
بيوديرما سيبم اتش تو او 250 مل,BIODERMA SEBIUM H 2 O 250 ML,2562163
بيوديرما سينسبيو موسانت جل 200 مل,BIODERMA SENSIBIO GEL MOUSSANT 200 ML,2562165
بيوديرما سينسيبيو فورت كريم 40 جم,BIODERMA SENSIBIO FORTE CREAM 40 GM,2562167
بيوديلايزر 400 مكجم 60 كبسول + بخاخ,BUDELIZER 400 MCG 60 INH. CAPS. +INHALER DEVICE,2602363
بيور اسيتون 70 مل بخاخ,PURE ACETONE PEACH 70 ML,2602362
بيور اسيتون بدون رائحه 70 مل ازرق,PURE NAIL POLISH REMOVER 70 ML,1400466
بيور اسيتون بدون رائحه بخاخ 70 مل ازرق,PURE NAIL POLISH REMOVER SPRAY 70 ML,1472749
بيور بادي سبلاش 250 مل بينك,PURE BODY SPLASH 250 ML PINK,2400661
بيور بادي سبلاش 250 مل فيتالتي,PURE BODY SPLASH 250 ML VITALITY,2400660
بيور بودره تلك 100 جم معطره روز,PURE TALC POWDER WITH ROSE FRAGNANCE FOR KIDS 100 GM,1824111
بيور بودره تلك 200 جم بدون عطر,PURE TALC POWDER WITHOUT SCENT FOR KIDS 200 GM,2130912
بيور بودره تلك اكياس 60 جم,PURE TELK 60 GM,1399981
بيور بودره تلك عاديه اطفال 200 جم,PURE TALC POWDER FOR KIDS 200 GM,1973544
بيور بودره قدم 50 جم صبار,PURE FOOT DEODORANT POWDER ALEO VERA 50 GM,1821866
بيور بودره قدم 50 جم منتول ازرق,PURE FOOT DEODORANT POWDER MINT ICE 50 GM,1760945
بيور جرانزيا جهاز نابوليزر ايطالي,GRANZIA PURE COMPRESSOR STEAM INHALER,1777316
بيور جلسرين 70 مل نقي بدون رائحه,PURE GLYCERINE 70 GM,2130008
بيور رول اون مزيل عرق 50 مل انيرجي فضي,PURE ROLL ON 50 ML ENERGY,1777148
بيور رول اون مزيل عرق 50 مل منتهي الجمال,PURE ROLL ON 50 ML ULMOST BEAUTY,2543630
بيور زبده كاكاو جوزهند 36 ق,PURE COCCONUT LIP CARE 36 PCS,2334095
بيور زبده كاكاو فراوله 36 ق,PURE STERWBERRY LIP CARE 36 PCS,1821796
بيور زيت خروع 60 مل عادي بالدسته,PERFECT CASTOR OIL 60 ML,2602364
بيور شاور 1.5 لتر,PURE SHOWER GEL FLOWER 1.5 LITERS,1821807
بيور فازلين جيلي 110 مل,PURE VASELINE PETROLEUM JELLY 110 ML,1400725
بيور فازلين جيلي 20 مل,PURE VASELINE PETROLEUM JELLY 20 ML,1400629
بيور فازلين جيلي 240 مل,PURE VASELINE PETROLEUM JELLY 240 ML,1400740
بيور فازلين جيلي 30 مل,PURE VASELINE PETROLEUM JELLY 30 ML,1778450
بيور فازلين جيلي 50 مل,PURE VASELINE PETROLEUM JELLY 50 ML,1778451
بيور فازلين جيلي 70 مل,PURE VASELINE PETROLEUM JELLY 70 ML,1821646
بيور ماء اكسجين 20 % 100 مل,PURE OXYGEN WATER 20 % 100 ML,1536322
بيور ماء اكسجين 20 % 100 مل 12 قطعه,PURE OXYGEN WATER 20 % 100 ML 12 PCS,2130821
بيور ماء اكسجين 30 % 100 مل,PURE OXYGEN WATER 30 % 100 ML,1401058
بيور ماء ورد بخاخ تونر للبشره 70 مل,3 . PURE ROSE WATER SPRAY TONER CLEANSER 70 ML,1779199
بيور مخمريه 60 جم بالتوت,PURE MAKHMARYA 60 GM MIXED BERRY,2183994
بيور مخمريه 60 جم بينكي,PURE MAKHMARYA 60 GM PINKY,1779285
بيور مخمريه 60 جم جولد,PURE MAKHMARYA 60 GM GOLD,1821909
بيور مخمريه 60 جم فضي,PURE MAKHMARYA 60 GM SILVER,2130784
بيورازو 40 مجم 14 كبسول,BIORAZO 40 MG 14 CAPS.,2342022
بيورازين 10 اكياس,PURAZIN 10 SACH,2157425
بيوراسيف 20 مجم ك,BIOROSUVIN 20 MG 28 F.C. TABS,2627646
بيورلان كريم 30 جم,PURELAN CREAM 30 GM,2621099
بيورلان كريم 60 جم,PURELAN CREAM 60 GM,2602366
بيوريته ايرون شراب 120 مل,PURETE IRON SYRUP 120 ML,2499810
بيوريته كالسيوم شراب 120 مل,PURETE CALCIUM SYRUP 120 ML,2499811
بيوسترونج 21 كبسول,BIOSTRONG 21 SOFT GELATIN CAPS.,2254047
بيوسترين غسول للفم,BIOSTRINE MOUTH WASH,2066049
بيوسفكسيم 200 مجم شراب 60 مل,BIOCEFIXIM 200 MG / 5 ML PD. FOR ORAL SUSP. 60 ML,1586739
بيوسيرتازول 2 % كريم 30 جم,BIOSERTAZOL 2 % TOP. CREAM 30 GM,1924022
بيوسيفيكسيم 100 مجم / 5 مل شراب 60 مل,BIOCEFIXIM 100 MG / 5 ML SUSP 60 ML,1657882
بيوفاكسمين 550 مجم 30 اقراص,BIOFAXIMIN 550 MG 30 F.C. TAB,2220014
بيوفانيك 500 مجم 5 اقراص,BIOVANIC 500 MG 5 TABS,1489966
بيوفروست مساج جل 100 مل,BIOFROST GEL 100 ML,2524680
بيوفون لوشن تفتيح,BIOVINCI WHITENING CREAM 50 GM,2140545
بيوفيت 12 2 امبول,BIOVIT 12 DEPOT 2 AMP.,2475088
بيوفيتا 60 اقراص مضغ,BIOVITA 60 GUMMIES,1670647
بيوفيتا 60 اقراص مضغ + انفيتين بيوتين 60 قطعه,BIOVITA 60 GUMMIES + INFITIN BIOTIN 60 GUMMIES,2146695
بيوفيتا 60 قطعه + بيوفيتا 30 قطعه,BIOVITA 60 GUMMIES + BIOVITA 30 GUMMIES,2128906
بيوفيلم جل 100 جم,BIOFILM GEL 100 GM,2602369
بيوفيلم جل 60 جم,BIOFILM GEL 60 GM,2602370
بيوكير دي اكس كريم 60 جم,BIOCARE DX CREAM 60 GM,2422946
بيوكير كريم 60 جم,BIOCARE CREAM 60 GM,2588575
بيومالجين مرهم 20 جم,BAUMALGINE OINT 20 GM,2496897
بيومبريد 4 / 30 مجم 30 اقراص,PIOMPRIDE 4 / 30 MG 30 TABS.,2574978
بيون جولد 10000 ميكرو 30 اقراص,BION GOLD 10 000 MCG 30 TABS.,1258305
بيونال 30 كبسول,BIONAL 30 CAPS.,2602371
بيونيم شرايط سكر GS 100 علبه 50 شريط اصفر,BIONIME BLOOD GLUCOSE TEST STRIPS 50 YELLOW,1400371
تابوسين 100 مجم 10 كبسول,TABOCINE 100 MG 10 CAPS.,2060271
تابوسين 100 مجم 10 كبسول,TABOCINE 100 MG 10 CAPS.,2680860
تاتشو بلس 30 اقراص,TACHO PLUS 30 TAB,2219851
تاج فيتا شراب 120 مل,TAG VITA SYRUP 120 ML,2337615
تاجوكال دي 30 اقراص,TAJUCAL D 30 TAB,2642741
تاجوكال دي شراب 100 مل,TAJUCAL D LIQUID 100 ML,2501107
تاداترونا 5 مجم 21 اقراص,TADATRONA 5 MG 21 TABS,2653446
تاداراكسيا 20 مجم 2 اقراص,TADARAXIA 20 MG 2 TAB,2128643
تاداراكسيا 5 مجم 30 اقراص,TADARAXIA 5 MG 30 TABS.,2128790
تاداركت 20 مجم 2 اقراص,,2675473
تاداركت هيبتا 20 مجم 2 اقراص,,2680477
تاداسيب 20 مجم 4 اقراص,TADACIP 20 MG 4 TABS,2400257
تادالاسبي 20 مجم 4 اقراص,TADALASBY 20 MG 4 F.C.TABS,1767024
تادالاندرو 20 مجم 4 اقراص,TADALANDRO 20 MG 4 TAB,2306136
تادالاندرو 5 مجم 30 اقراص,TADALANDRO 5 MG 30 F.C. TABS,2474725
تادالونج 20 مجم 4 اقراص,TADALONG 20 MG 4 TABS.,2312758
تادالونج 5 مجم 30 اقراص,TADALONG 5 MG 30 TABS,902866
تادانيرفي 20 مجم 4 فيلم,TADANERFI 20 MG 4 ORODISPERSIBLE FILMS,2143613
تادانيرفي 5 مجم 20 فيلم,TADANERFI 5 MG 20 ORODISPERSIBLE FILMS,2540251
تادانيرفي 5 مجم 30 فيلم,TADANERFI 5 MG 30 ORODISPERSIBLE FILMS,902868
تادراكت 20 مجم 2 اقراص ستار,,2682993
تارج 160 مجم 14 اقراص,TAREG 160 MG 14 F.C. TAB,902871
تارج 160 مجم 28 اقراص,TAREG 160 MG 28 F.C. TAB.,902874
تارج 320 مجم 10 اقراص,TAREG 320 MG 10 F.C. TAB.,2312761
تارج 40 مجم 15 اقراص,TAREG 40 MG 15 F.C.TAB.,902872
تارج 80 مجم 14 اقراص,TAREG 80 MG 14 F.C.TAB.,1790087
تارجوزيم 60 مجم 20 اقراص,TARGOZYM 60 MG 20 TABS,1658109
تارجوسيد 200 امبول,TARGOCID 200 MG VIAL FOR I.V / I.M INJ.,2683240
تارجوسيد 200 مجم امبول,TARGOCID 200 MG VIAL FOR I.V / I.M INJ.,1259754
تارجوسيد 400 مجم امبول,TARGOCID 400 MG VIAL FOR I.V / I.M INJ.,2326807
تارجوفلوكسين 750 مجم 10 اقراص,TARGOFLOXIN 750 MG 10 F.C.TAB,902875
تارجوماش 80 مجم 30 اقراص,TARGOMASH 80 MG 30 F.C. TABS,2469112
تارجوماش املو 5 / 160 مجم 28 اقراص,TARGOMASH AMLO 5 / 160 MG 28 TABS,2532317
تارجوماش كومب 160 / 12.5 مجم 30 اقراص,TARGOMASH COMB 160 / 12.5 MG 30 F.C. TABS,2304392
تارجوماش كومب 80 / 12.5 مجم 30 اقراص,TARGOMASH COMB 80 / 12.5 MG 30 F.C.TAB,2453865
تاردانزا 60 مجم 3 اقراص,TARDANZA 60 MG 3 F.C. TABS.,1977259
تارنيل 30 اقراص,TARNIL 30 TABS,1739337
تاروليموس 0.03 % مرهم 15 جم,TAROLIMUS 0.03 % TOPICAL OINT. 15 GM,2469116
تاريفلوكس 200 مجم 10 اقراص,TARIFLOX 200 MG 10 TAB.,2435781
تاريفلوكس 400 مجم 10 اقراص,TARIFLOX 400 MG 10 TABS.,902881
تاريفيد 200 مجم 10 اقراص,TARIVID 200 MG 10 F.C. TAB.,2469117
تاريفيد اقراص س جدبد,TARIVID 200 MG 10 F.C. TAB.,2681469
تافاسين 500 مجم 5 اقراص,TAVACIN 500 MG 5 F.C. TAB.,1396095
تافاسين 500 مجم 7 اقراص,TAVACIN 500 MG 7 F.C. TAB,2630514
تافاسين 750 مجم 5 اقراص,TAVACIN 750 MG 5 F.C. TAB.,1744772
تافاسين 750 مجم 7 اقراص,TAVACIN 750 MG 7 F.C. TAB,2639420
تافانيك محلول وريدي / سانوفي افنتس,TAVANIC 500 MG 5 F.C.TAB,2674661
تافنيك 500 مجم / 100 مل امبول,TAVANIC 500 MG / 100 ML VIAL FOR I.V. INF.,2552636
تافنيك 500 مجم 5 اقراص,TAVANIC 500 MG 5 F.C.TAB,1449569
تافونيزا 10 مجم 20 اقراص,TAVONIZA 10 MG 20 F.C.TABS.,2192772
تافونيزا 10 مجم اقراص,TAVONIZA 10 MG 20 F.C.TABS.,2670830
تافونيزا 20 مجم 20 اقراص,TAVONIZA 20 MG 20 F.C.TABS.,902886
تافيكسينور 500 مجم 5 اقراص,TAVIXINOR 500 MG 5 F.C. TABS.,2475646
تافيكسينور 750 مجم 5 اقراص,TAVIXINOR 750 MG 5 F.C. TABS.,2146641
تالافي 10 اكياس كبار,TALAVI ADULT 10 SACHET,2499813
تالكوميدا كريم 100 جم,TALCOMEDA CREAM 100 GM,2498590
تالمون 120 مل لوشن,TALMON 120 ML LOTION,2498728
تالوبرام 40 مجم 30 اقراص,TALOPRAM 40 MG 30 F.C. TAB.,2127000
تاليتو 10 كيس,TALITO 10 SACHETS,2469122
تالينوروز غسول مهبلي 250 مل,TALINOROSE VAG.DOUSH 250 ML,2128997
تامسوفيناسين 0.4 / 6 مجم 20 اقراص,TAMSUFENACIN 0.4 / 6 MG 20 TAB,2609382
تامسول 0.4 مجم 30 كبسول,TAMSUL 0.4 MG 30 CAPSULE,1755232
تامسولين 0.4 مجم 28 كبسول,TAMSULIN 0.4 MG 28 CAPS.,2604580
تامسولين بلس 6 / 0.4 مجم 20 اقراص,TAMSULIN PLUS 6 / 0.4 MG 20 MR TABS.,902891
تاموكسيفين 10 مجم 30 اقراص,TAMOXIFEN 10 MG 30 TABS.,2449038
تاموكسيفين 20 مجم 20 اقراص,TAMOXIFEN 20 MG 20 TABS.,2623180
تامي تون 20 اقراص,TAMI TON 20 TAB,947898
تاميفلو 75 مجم 10 كبسول,TAMIFLU 75 MG 10 CAPS.,2379001
تاميلافير 75 مجم 10 اقراص,TAMILAVIR 75 MG 10 TAB,2606208
تامينوريج 2 مكجم / مل قطره للفم 10 مل,TAMINORIG 2 MCG / ML ORAL DROPS. 10 ML,2610856
تانا تاتش كريم 50 جم بديل ميبو,TWINIA ANTI ACNE CREAM 50 GM,2464875
تاناتاتش مرهم 15 جم,TANATOUCH OINT 15 GM,2464874
تانتم جل 20 جم,TANTUM 5 % TOP. GEL 20 GM,2312770
تانتم روزا 0.5 جم بودر غسول مهبلي,TANTUM ROSA 0.5 G POWDER FOR VAGINAL SOLUTION,1684527
تانتم روزا 0.5 جم لكل اكياس 5 اكياس 19,TANTUM 5 % TOP. GEL 20 GM,2680291
تانتم غرغره جديد,TANTUM 5 % TOP. GEL 20 GM,2668099
تانتم فيرد غسول للفم 125 مل,TANTUM VERDE 0.15 % MOUTH WASH 125 ML,2469126
تانجو شرايط سكر 50 شريط,TANGO BLOOD GLUCOSE TEST STRIPS 50 STRIPS,1400923
تانوديرم كريم 90 جم,TANODERM CREAM 90 GM,1773612
تايجر بخاخ 25 مل,TIGER SPRAY 25 ML,2269505
تايسيفنت شراب 100 مل,TAYSEVENT SYRUP 100 ML,2622153
تايمر قطره للعين 5 مل,TYMER 0.3 % EYE DROPS 5 ML,919503
تترا تريبسن 10 اقراص,TETRA TRYPSIN 10 TAB,2681485
تترا كير شامبو 200 مل,TETRA CARE SHAMPOO 200 ML,2498754
تتراجلو جيل واقي من الشمس 50 جم,TETRA GLOW SUNSCREEN GEL 50 GM,2540515
تتراجلو غسول فوم للمناطق الحساسه 200 مل,TETRA GLOW SENSITIVE ZONE FOAM CLEANSER 200 ML,2428575
تتراجلو كريم تفتيح للمناطق الحساسه 50 جم,TETRA GLOW SENSITIVE ZONE WHITENING CREAM 50 GM,2438478
تتراجلو كريم تفتيح ليلي للبشره 30 جم,TETRA GLOW FACE NIGHT WHITENING CREAM 30 GM,2428574
تتراجلو كريم تفتيح نهاري للبشره 50 جم,TETRA GLOW DAY WHITENING CREAM 50 GM,2521534
تتراكير شامبو للتساقط 200 مل,TETRACORT OINT. 20 GM,2681486
تحليل مخدرات رباعي,FINE TEST BLOOD GLUCOSE TEST STRIPS 50 STRIPS,2359608
تداركت 20 مجم 2 اقراص سياليس,,2644943
تراجينتا 5 مجم 30 اقراص,TRAJENTA 5 MG 30 TABS.,2097923
تراست شامبو 150 مل,TRUST SHAMPOO 150 ML,2476126
ترافاتان 0.004 % قطره للعين 2.5 مل,TRAVATAN 0.004 % EYE DROPS 2.5 ML,2605288
ترافوديرمال كريم 15 جم,TRAVODERMAL TOPICAL CREAM 15 GM,2435798
ترافوديرمال كريم 30 جم,TRAVODERMAL TOPICAL CREAM 30 GM,1481695
ترافونورم 0.004 % قطره للعين 5 مل,TRAVONORM 0.004 % EYE DROPS. 5 ML,2530378
ترافونورم بلس 0.004 % / 0.55 قطره للعين 5 مل,TRAVONORM PLUS 0.004 % / 0.5 % EYE DROPS 5 ML,2456292
ترافيتز 20 اقراص,TRAFITZ 20 TAB,1638197
تراكسمودرا شراب 120 مل,TRAXIMODRA SYRUP 120 ML,1356274
تراكسيم تبيض 30 كبسول,TRAXEM WHITENING 30 CAP,2233312
ترانكس 500 مجم 30 اقراص,TRANEX 500 MG 30 TAB.,2144701
تراي ام دريسينج شاش 10 10 24 قطعه,DRESSING GAUZE 10 10 24 PICESES,1400744
تراي ام دريسينج شاش 10 20 سم 16 قطعه,ABSORBENT DRESSING PAD 10 20 CM 16 PIECES,1399983
تراي ام دريسينج شاش 15 25 سم 10 قطع,ABSORBENT DRESSING PAD 15 25 CM 10 PIECES,1399982
تراي ام غيار جروح لاصق 10 12 سم,TRI M STRIP 10 12 CM,1400055
تراي ام غيار جروح لاصق 10 12 سم 20 قطعه,TRI M STRIP 10 12 CM 20 PCS,1777509
تراي ام غيار جروح لاصق 10 18 سم,TRI M STRIP 18 10 CM,1400050
تراي ام غيار جروح لاصق 10 25 سم 20 ق,TRI M STRIP 10 25 CM 20 PCS,1400052
تراي ام غيار جروح لاصق 6 8 سم 20 ق,TRI M STRIP 8 6 CM 20 PCS,1400057
تراي ام غيار جروح لاصق 6 8 سم 80 قطعه,TRI M STRIP 6 8 CM 80 PCS,1777511
تراي ام غيارجروح لاصق 10 30 سم,TRI M STRIP 10 30 CM 20 PCS,1400064
تراي تيكت اطفال صابون 100 جم,TRI TECT BABY SOAP 100 GM,2520941
تراي تيكت اكني صابون حب شباب 100 جم,TRI TECT ACNE SOAP 100 GM,2313262
تراي تيكت صابون مطهر 100 جم,TRI TECT ANTISEPTIC SOAP 100 GM,2129584
تراي جارد برطمان,TRI B 20 TAB.,2557818
ترايتوسبوت ق,TRITOSPOT CREAM 15 GM,2514732
ترايتون 100 مجم 30 اقراص,TRITONE 100 MG 30 TAB.,2602388
ترايتون 200 مجم 30 اقراص,TRITONE 200 MG 30 TAB,2435807
ترايتون 4.8 مجم / مل شراب 125 مل,TRITONE 4.8 MG / ML SUSP. 125 ML,2537198
ترايتون شراب 125 مل,TRITONE 4.8 MG / ML SUSP. 125 ML,2633536
ترايجاستاكير 120 كبسول,TRIGASTCARE 120 H.G. CAPS,2469149
ترايستارشو شراب 200 مل,TRISTARSHOW 200 ML SYRUP,2381334
ترايسيتوكورت 40 مجم / مل امبول,TRIACETOCORT 40 MG / ML VIAL,2594837
ترايفيسبكت شراب 120 مل,TRIVYSPECT SYRUP 120 ML,1160027
ترايكتين 2 مجم / 5 مل 120 مل شراب,TRIACTIN 2 MG / 5 ML 120 ML SYRUP,2453891
ترايكتين 4 مجم 20 اقراص,TRIACTIN 4 MG 20 TAB.,2312791
ترايكو جرو في انتينس امبولات للشعر 6 امبول,TRICHO GROW VEE INTENSE SOLUTION 6 VIAL,1825227
ترايكو جرو في بخاخ للشعر 150 مل,TRICHO GROW VEE SPRAY 150 ML,2146783
ترايكو جرو في شامبو 200 مل,TRICHO GROW VEE ANTI HAIR LOSS SHAMPOO 200 ML,2223793
ترايكو جرو في شامبو ضد القشره 200 مل,TRICHO GROW VEE ANTI DANDRUFF HAIR SHAMPOO 200 ML,2146784
ترايكو جرو في لوسيون ضد القشره 200 مل,TRICHO GROW VEE ANTI DANDRUFF LOTION 200 ML,2146785
ترايكوجين جل,TRICOGYN VAGINAL JEL 50 GM,2680243
ترايكوجين جل 50 جم جج,TRICOGYN VAGINAL JEL 50 GM,2680910
ترايكولاب بخاخ لوشن للشعر 120 مل,TRICHOLAB HAIR LOTION SPRAY 120 ML,1765231
ترايكولاب شامبو للشعر 200 مل,TRICHOLAB SHAMPOO 200 ML,2400254
ترايكير كريم لحب الشباب,TRICARE ACNE CREAM,1676588
ترايلبتال 600 مجم 50 اقراص,TRILEPTAL 600 MG 50 F.C. TAB.,2681705
تراينيز 20 اقراص,TRINASE 20 TABS,2092972
تراينيز انزيم شراب 120 مل,TRINASE ZYME SYURP 120 ML,2607187
تربسالين 20 اقراص,TRYPSALIN 20 TABS,2164267
تربسالين اقراص جديد / بديل الفينترن,TRYPSALIN 20 TABS,2682749
تربسالين بلس 20 اقراص,TRYPSALIN PLUS 20 TABS,1757347
تربسالين كومب 20 اقراص,TRYPSALIN COMPOUND 20 TABS,2609983
تربسجليم 20 اقراص,TRYPSGLIM 20 TAB,2267263
تربسواكسير 10 اقراص,TRYPSOXIR 10 CHEW TAB,2513472
تربو جرانزيا جهاز نابوليزر ايطالي,GRANZIA TURBO STEAM INHALER,2467336
ترست + حديد شراب 120 مل,TRUST WITH IRON SYRUP 120 ML,2192784
ترستنال 100 مجم / 5 مل شراب 100 مل,TRUSTNAL 100 MG / 5 ML ORAL SUSP. 100 ML,1847095
ترستي صابون 100 جم,TRUSTY SOAP 100 GM,1844288
ترستي كريم 30 جم,TRUSTY CREAM 30 GM,2510716
ترمومتر بيدو ديجيتال,PEDO DIGITAL THERMOMETER,2175145
ترمومتر حراره ديجيتال صلب,PRIME DIGITAL THERMOMETER,2602398
ترمومتر حراره ديجيتال كامي,PRIME DIGITAL THERMOMETER,2602400
ترمومتر حراره زائبق عريض بالدسته,THERMOMETER PACKET,2602396
ترمومتر حراره زائبق مبروم بالدسته,CLINICAL MERCURY THERMOMETER 12 PCS,2602399
ترمومتر ديجيتال,MAS DIGITAL THERMOMETER,1401047
ترمومتر ديجيتال / جرانزيا,DIGITAL THERMOMETER KFT 04,1400929
ترمومتر ديجيتال جرانزيا دي تي,DIGITAL THERMOMETER KFT 04,2175156
ترمومتر ديجيتال جرانزيا مرن,DIGITAL THERMOMETER KFT 04,2341159
ترمومتر ديجيتال سيليا صيني,MAS DIGITAL THERMOMETER,2633878
ترمومتر عريض,THERMOMETER,1400475
ترمومتر عن بعد صيني,THERMOMETER,2207467
ترمومتر غرفه حراره ورطوبه,PRIME DIGITAL THERMOMETER,2602402
ترمومتر مبروم,CLINICAL MERCURY THERMOMETER,2129996
ترمومترغرفه,,2399298
تروجا غسول نسائي 200 مل,TROJA VAG.DOUSH,2498815
تروجستيف 20 كبسول,TRUGESTIVE 20 CAP,1653395
تروزاكروم 3 امبول,TROZACHROME 3 I.M. AMPS,2314482
تروفيك سيليكون جل 50 جم,TROPHIC SILICON GEL 50 GM,1992798
ترون 10 اكياس 100 جم,TRONE 10 SACHETS 100 GM,2362687
ترون كيدز شراب 120 مل,TRONE KIDS SYRUP 120 ML,1562812
ترونفيرو 20 كبسول,TRONFERO 20 CAPS,2499817
ترونيك دي 3 نقط 15 مل,TRONIC D 3 ORAL DROPS 15 ML,2128853
ترونيك ستاربسين 10 اقراص,TRONIC STARPSIN 10 TABS,2128854
ترويا امبول للشعر,TROYA HAIR AMPULES,2498780
تري بيتابرونيت كريم 30 جم,TRI BETAPRONATE CREAM 30 GM,902910
تري ليرج قطره للعين 10 مل,TRILLERG OPTH. SOLN. 10 ML,1653380
ترياكسون 1 جم عضل امبول,TRIAXONE 1 G I.M VIAL,2653408
ترياكور 5 / 5 مجم 10 اقراص,TRIACOR 5 / 5 MG 10 F.C. TAB.,2635183
تريامريكان 1 جم امبول عضل,TRIAMERICAN 1 GM I.M. VIAL,2642631
تريامريكان 500 مجم امبول عضل,TRIAMERICAN 500 MG I.M. VIAL,2509266
تريب جولد 30 كبسول,TRIB GOLD 30 CAPS.,2129510
تريباتتينس 20 / 5 / 12.5 م,,2653959
تريباتنس 12.5 / 10 / 40 مجم 30 اقراص,,2681532
تريباتنس 12.5 / 5 / 20 مجم 30 اقراص,,2681535
تريباتنس 12.5 / 5 / 40 مجم 30 اقراص جديد,,2681533
تريباتنس 25 / 5 / 40 مجم 30 اقراص,,2681531
تريباتينز 20 / 5 / 12.5 مجم 30 اقراص,TRIBATENS 20 / 5 / 12.5 MG 30 F.C. TABS.,1322211
تريباتينز 40 / 10 / 12.5 مجم 30 اقراص,TRIBATENS 40 / 10 / 12.5 MG 30 F.C. TABS.,902936
تريباتينز 40 / 10 / 25 مجم 30 اقراص,TRIBATENS 40 / 10 / 25 MG 30 F.C. TABS.,2435822
تريباتينز 40 / 5 / 12.5 مجم 30 اقراص,TRIBATENS 40 / 5 / 12.5 MG 30 F.C. TABS.,1653404
تريباتينز 40 / 5 / 25 مجم 30 اقراص,TRIBATENS 40 / 5 / 25 MG 30 F.C. TABS.,1564389
تريباتينس 25 / 10 / 40 اقراص,,2681534
تريبتيزول 10 مجم 100 اقراص,TRYPTIZOL 10 MG 100 TAB,2097938
تريبتيزول 25 مجم 30 اقراص,TRYPTIZOL 25 MG 30 TABS.,902941
تريبسالين 20 اقراص جديد,TRYPSALIN 20 TABS,2680439
تريبلكسام 10 / 2.5 / 5 مجم اقراص,TRIPLIXAM 10 / 2.5 / 5 MG 15 TAB,2599826
تريبليكسام 10 / 2.5 / 10 مجم 15 اقراص,TRIPLIXAM 10 / 2.5 / 10 MG 15 F.C. TABS.,1687696
تريبليكسام 234 جديد 10 / 2.5 / 10,TRIPLIXAM 10 / 2.5 / 5 MG 15 TAB,2602408
تريبليكسام 25 / 5 / 5 اقراص,TRIPLIXAM 5 / 1.25 / 5 MG 15 F.C. TABS.,2197974
تريبليكسام 5 / 1.25 / 5 مجم 15 اقراص,TRIPLIXAM 5 / 1.25 / 5 MG 15 F.C. TABS.,2486743
تريبليكسام 5 / 2.5 / 10 مجم 15 اقراص,TRIPLIXAM 10 / 2.5 / 5 MG 15 TAB,2128888
تريبيسكان 30 قرص,TRYPSICAN 30 E.C. TABS,2435823
تريتاس 2.5 مجم 14 اقراص,TRITACE 2.5 MG 14 TAB.,2312786
تريتاس 5 مجم 14 اقراص,TRITACE 5 MG 14 TAB.,2602410
تريتاس بروتيكت 10 مجم 20 اقراص,TRITACE PROTECT 10 MG 20 TAB.,2097951
تريتاس كومب 5 / 25 مجم 14 اقراص,TRITACE COMP 5 / 25 MG 14 TAB.,1624188
تريتاس كومب ال اس 2.5 / 12.5 مجم 14 اقراص,TRITACE COMP LS 2.5 / 12.5 MG 14 TAB.,1504994
تريتاس ماكس 10 / 25 مجم 10 اقراص,TRITACE MAX 10 / 25 MG 10 TAB.,2225422
تريتاس ماكس 10 اقراص,TRITACE MAX 10 / 25 MG 10 TAB.,2682634
تريتتيكو 100 مجم 20 اقراص,TRITTICO 100 MG 20 TAB.,1485762
تريتتيكو 50 مجم 20 اقراص,TRITTICO 50 MG 20 TAB.,2143837
تريترون 24 قطعه,TRITRON 24 CHEW. PIECES,1883600
تريترون بلس 30 كبسول,TRITRON 24 CHEW. PIECES,2638397
تريتو الس 20 / 1100 مجم 14 كبسول,TREATO ULC 20 / 1100 MG 14 CAPS,1860386
تريتو الس 40 / 1100 مجم 14 كبسول,TREATO ULC 40 / 1100 MG 14 CAPS,902951
تريتو سيروم للشعر 120 مل,TREATO HAIR SERUM 120 ML,2192817
تريتو سيروم للشعر 80 مل,TREATO HAIR SERUM 80 ML,1738001
تريتو شامبو للشعر 250 مل,TREATO HAIR SHAMPOO 250 ML,2255569
تريتو شامبو للشعر 250 مل + تريتو كونديشنر للشعر 250 مل,TREATO HAIR SHAMPOO 250 ML + TREATO HAIR CONDITIONER 250 ML,2165730
تريتو شامبو للشعر ضد القشره 250 مل,TREATO ANTI DANDRUFF HAIR SHAMPOO 250 ML,2469181
تريتو كريم للشعر 120 جم,TREATO HAIR CREAM 120 GM,2632125
تريتوسبوت كريم 15 جم,TRITOSPOT CREAM 15 GM,2337691
تريتوسبوت كريم 30 جم,TRITOSPOT CREAM 30 GM,2423677
تريتوفلامين 0.025 % كريم 20 جم,TRETOFLAMIN 0.025 % CREAM 20 GM,2267192
تريتوكانديفاج 2 % كريم مهبلي 15 جم,TREATOCANDIVAG 2 % VAGINAL CREAM 15 GM,2006483
تريجارد 30 كبسول,TRIGUARD 30 CAPSULES,1752719
تريجيندا 200 مجم 30 اقراص,TRIGENDA 200 MG 30 F.C. TAB.,2602418
تريربي 250 مجم 10 اقراص,TRERBI 250 MG 10 TAB.,1546819
تريزمي بلسم 250 مل تحكم بالتطاير برو كيراتين,TRESEMME CONDITIONER PRO KERATIN 250 ML,1401738
تريزمي بلسم 400 مل اصلاح وحمايه,TRESEMME CONDITIONER REPAIR PROTECT 7 400 ML,1401104
تريزمي بلسم 400 مل تحكم بالتطاير,TRESEMME CONDITIONER PRO KERATIN 400 ML,2271333
تريزمي بلسم 400 مل تغذيه وتجديد ليفر,TRESEMME CONDITIONER NOURISH AND REPLENISH 400 ML,1772072
تريزمي بلسم 600 مل نعومه الكرياتين ليفر عرض,TRESEMME CONDITIONER KERATIN SMOOTH STRAIGHT 600 ML OFFER,1977500
تريزمي بلسم 600 مل يحفظ الترطيب لمده 48 ساعه بجوز الهند,TRESEMME HYDRATION LOCK CONDITIONER 600 ML,2564323
تريزمي شامبو + بلسم 400 مل كيرلي شيا وكركديه,TRESEMME SHAMPOO + TRESEMMÉ BOTANIX CONDITIONER CURL HYDRATION 400 ML,2130203
تريزمي شامبو + بلسم 400 مل نعومه الكيرياتين ليفر,TRESEMME SHAMPOO + TRESEMME CONDITIONER KERATIN SMOOTH STRAIGHT 400 ML,2131496
تريزمي شامبو 400 م كيرلي شيا وكركديه,TRESEMME SHAMPOO CURL HYDRATION 400 ML OFFER,2267176
تريزمي شامبو 400 مل تحكم بالتطاير برو كيراتين,TRESEMME SHAMPOO PRO KERATIN 400 ML,2267175
تريزمي شامبو 400 مل تغذيه وتجديد,TRESEMME SHAMPOO NOURISH AND REPLENISH 400 ML,2225148
تريزمي شامبو 400 مل يحفظ الترطيب لمده 48 ساعه,TRESEMME HYDRATION LOCK SHAMPOO 400 ML,2553686
تريزمي شامبو 600 مل تغذيه وتجديد,TRESEMME SHAMPOO NOURISH AND REPLENISH 600 ML,2420746
تريزمي شامبو 600 مل مغذي بزيت جوزهند والوفيرا,TRESEMME SHAMPOO WITH COCONUT OIL ALOE VERA 600 ML,2082419
تريزولايز شراب 120 مل,TRESOLYSE 120 ML SYRUP,2499819
تريس زيت للشعر 120 مل,TRESS HAIR OIL 120 ML,2428663
تريس زيت للشعر 250 مل,TRESS HAIR OIL 250 ML,2587809
تريس شامبو فوليكل بوستر 150 مل,TRESS FOLLICLE BOOSTER SHAMPOO 150 ML,2625718
تريس فوليكال بوستر لوسيون 60 مل,TRESS FOLLICLE BOOSTER LOTION 60 ML,2642046
تريس فوليكل بوستر لوشن 60 مل,TRESS FOLLICLE BOOSTER LOTION 60 ML,2422937
تريسمي بلسم 400 مل جوزهند,TRESEMME HYDRATION LOCK CONDITIONER 600 ML,2682041
تريسمي شامبو 400 مل جوزهند,TRESEMME HYDRATION LOCK CONDITIONER 600 ML,2672771
تريسيبا 100 وحده / مل اقلام,TRESIBA 100 I.U. / ML FLEXTOUCH PRE FILLED PEN,1534447
تريشوب حمام كريم 500 مل حبه سودا,TRICHUP BLACK SEED HOT OIL TREATMENT HAIR MASK 500 ML,2050800
تريشوب حمام كريم اكياس تساقط,TRICHUP HAIR MASK FOR HAIR FALL,2130641
تريشوب حمام كريم اكياس شعر صحي 6 اكياس,TRICHUP HAIR MASK HEALTHY HAIR 6 SACHET,2129973
تريشوب زيت 200 مل صحي وطويل,TRICHUP LONG AND STRONG HAIR OIL 200 ML,1846646
تريشوب زيت 200 مل للتحكم في التساقط,TRICHUP HAIR OIL HAIR FALL CONTROL 200 ML,2130472
تريشوب شامبو 200 مل بالحبه السوداء,ROLL OVER IMAGE TO ZOOM IN TRICHUP BLACK SEED SHAMPOO 200 ML,2386350
تريشوب شامبو 200 مل تساقط الشعر,TRICHUP SHAMPOO 200 ML HAIR LOSS,2130136
تريشوب شامبو 200 مل صحي وطويل,TRICHUP HEALTHY LONG AND STRONG SHAMPOO 200 ML,2386348
تريشوب كريم 75 مل صحي وطويل وقوي,TRICHUP HEALTHY LONG AND STRONG CREAM 75 ML,2386355
تريفاتراسين بخاخ بودره 85 مل,TRIVATRACIN AEROSOL SPRAY 85 ML,2616701
تريفاستال ريتارد 50 مجم 30 اقراص,TRIVASTAL RETARD 50 MG 30 TAB.,1658155
تريفلوكان 150 مجم 1 كبسول,TREFLUCAN 150 MG 1 CAPS.,2473695
تريكزيمس 0.03 % مرهم 20 جم,TRECZIMUS 0.03 % TOPICAL OINT. 20 GM,1625303
تريكزيمس 0.1 % مرهم 30 جم,TRECZIMUS 0.1 % TOPICAL OINT. 30 GM,2668911
تريكزيمس 0.1 % مرهم موضعي 30 جم,TRECZIMUS 0.1 % TOPICAL OINT. 30 GM,2628843
تريكس بلسم مكثف 200 مل,TRIX VOLUMIZING CONDITIONER 200 ML,1839545
تريكس شامبو ضد تساقط الشعر 200 مل,TRIX ENERGIZING SHAMPOO 200 ML,1730030
تريكس شامبو للشعر ضد القشره 200 مل,TRIX ANTI DANDRUFF HAIR SHAMPOO 200 ML,1730028
تريكسامارك 0.5 جم امبول,TRIXAMARC 500 MG I.M. VIAL,2653407
تريكسامارك 1 جم امبول,TRIXAMARC 1000 MG I.M. VIAL,2682608
تريكسامارك 1000 مجم امبول,TRIXAMARC 1000 MG I.M. VIAL,2500666
تريكسامارك 500 مجم امبول,TRIXAMARC 500 MG I.M. VIAL,2129612
تريكسوتاز 1.5 جم امبول,TREXOTAZ 1.5 GM I.M. / I.V. VIAL,1562819
تريكسوتاز 2 جم امبول,TREXOTAZ 2 GM I.M. / I.V. VIAL,2499239
تريكوبان سيرم للشعر,TRIKOPAN ANTI FRIZZ SERUM,2536069
تريكوبان شامبو ضد القشره 200 مل,TRIKOPAN ANTI DANDRUFF SHAMPOO 200 ML,2536070
تريكوجين جل مهبلي 50 جم,TRICOGYN VAGINAL JEL 50 GM,2469152
تريكوجين غسول مهبلي 200 مل,TRICOGYN VAGINAL DOUCHE 200 ML,1773631
تريليبتال 60 مجم / مل شراب 100 مل,TRILEPTAL 60 MG / ML ORAL SUSP. 100 ML,2501168
تريليبتال 600 مجم 50 اقراص,TRILEPTAL 600 MG 50 F.C. TAB.,2306107
تريميد فلو 20 اقراص,TRIMED FLU 20 F.C. TABS.,2312779
تريميلازما كريم 30 جم,TRIMELASMA TOP. CREAM 30 GM,1802686
ترينا جل مساج 100 جم,TRINA MASSAGE GEL 100 GM,2498729
ترينتال 400 اس ار 20 اقراص,TRENTAL 400 SR 20 F.C.TABS.,2606655
تريندو 20 اقراص,TRENDO 20 F.C. TABS.,2602424
ترينسيديا 200,TRENCEDIA 200 MG 30 F.C. TABS.,2682639
ترينسيديا 200 مجم 30 اقراص,TRENCEDIA 200 MG 30 F.C. TABS.,2144723
ترينوتريكس 30 كبسول,TRINUTREX 30 CAPS,1364728
تريو بليه 50 مل سوفت روز,TRIO SOFT ROLL ON DEODORANT FOR MEN 50 ML,2542977
تريو بليه 50 مل سيكرت تركواز,TRIO SECRET ROLL ON DEODORANT FOR MEN 50 ML,1852957
تريو بليه 50 مل فريش اخضر,TRIO FRESH ROLL ON DEODORANT FOR MEN 50 ML,2542978
تريو بليه 50 مل كول ازرق,TRIO COOL ROLL ON DEODORANT FOR MEN 50 ML,1852960
تريو بليه 50 مل موف,TRIO PURE ROLL ON DEODORANT FOR MEN 50 ML,2673057
تريو كلار 42 كبسول,TRIO CLAR 42 CAPS,1456509
تريوسيبت 21 اقراص 6 شرائط,TRIOCEPT 21 TAB. 6 STRIP (TRIPHASIC),1754441
تريوكوبافيت 30 اقراص,TRIOCOBAVIT 30 TAB,1044609
تشكس جرووي للاطفال بالنعناع 250 مل 290,CHICKS GROWEE SYRUP 250 ML,2625997
تشكس جرووي للاطفال نعناع 250 مل,CHICKS GROWEE SYRUP 250 ML,2511201
تشكس جروي 250 مل شراب نعناع,CHICKS GROWEE SYRUP 250 ML,2582826
تشكس فيت شرب برتقال,CHICKS VIT SYRUP 250 ML,2653960
تشيكس اميون كيدز شراب 250 مل,CHICKS IMMUNE FOR KIDS SYRUP 250 ML,2316455
تشيكس اوميجا دي 3 شراب 125 مل,CHICKS OMEGA D 3 SYRUP 125 ML,2275173
تشيكس اوميجا دي 3 شراب 250 مل,CHICKS OMEGA D 3 SYRUP 250 ML,2253019
تشيكس بريث شراب 120 مل,CHICKS BREATH SYRUP 120 ML,2293085
تشيكس جرووي شراب 250 مل,CHICKS GROWEE SYRUP 250 ML,1958854
تشيكس فيت شراب 250 مل,CHICKS VIT SYRUP 250 ML,2489315
تكسور اتش ار بخاخ بالفم 50 مل,TEXOR HR ORAL SPRAY 50 ML,2439089
تكسور كير بخاخ ملطف 50 مل,TEXOR CARE SOOTHING SPRAY 50 ML,2439090
تكسور كير محلول للفم 50 مل,TEXOR CARE ORAL SOLUTION 50 ML,2058783
تكلو 30 اقراص,TEKLO 30 TABS.,2561180
تكليفا بلس 0.004 % / 0.5 % قطره للعين 2.5 مل,TEKLIVA PLUS 0.004 % / 0.5 % EYE DROPS 2.5 ML,1804319
تلانتولين 100 مجم / مل شراب 30 مل,TALANTOLINE 100 MG / ML ORAL SOLUTION 30 ML,2437979
تلفاست 120 مجم 20 اقراص,TELFAST 120 MG 20 F.C. TABS,2326808
تلفاست 180 مجم 20 اقراص,TELFAST 180 MG 20 F.C. TABS,902967
تلفاست 30 مجم / 5 مل شراب 100 مل,TELFAST 30 MG / 5 ML SUSP. 100 ML,2475609
تمارا شعر كبير 170 جم,TAMARA NEW HAIR CREAM 170 ML,1400225
تمارا شعر ميني 55 جم,TAMARA NEW HAIR CREAM 55 ML,1401096
تمارا شعر وسط 110 جم,TAMARA NEW HAIR CREAM 110 ML,1400216
تمارا كريم شعر صغير 55 جم,TAMARA NEW HAIR CREAM 55 ML,2602430
تمارا كريم شعر كبير 170 جم,TAMARA NEW HAIR CREAM 170 ML,2669591
تمارا كريم شعر وسط 110 جم,TAMARA NEW HAIR CREAM 110 ML,2669590
تمبو كول كمادات 4 قطع للاطفال,TEMPO COOL 4 GEL SHEETS FOR CHILDREN,1399815
تمبو نيو لايك خافض حراره اخضر,TEMPO COOL LIKE COOLING PATCH BABY ADULT 4 PIECES,2219946
تمبو نيو لايك كماده خافض حراره,TEMPO COOL 4 GEL SHEETS FOR CHILDREN,2320037
تمبوكول كماده ماسكو الاصلي,,1900934
تنتافير 160 مكجم 120 جرعه,TENTAVAIR 160 MCG / ACTUATION INHALER 120 DOSES,2306137
تنتافير 80 مكجم 120 جرعه,TENTAVAIR 80 MCG / ACTUATION INHALER 120 DOSES,2469277
تندركس حفاضات كبار السن 36 حفاضه مقاس L,TENDREX ADULT DIAPER L,2129989
تندوكال 15 اكياس,TENDOCAL 15 SACHETS,2683004
تنسوبليرون 25 مجم 20 اقراص 228,TENSOPLERON 50 MG 20 F.C. TAB.,2683267
تنسوبليرون 25 مجم 30 اقراص,TENSOPLERON 25 MG 30 F.C. TAB,2637917
تنسوبليرون 25 مجم اقراص جديد,TENSOPLERON 25 MG 30 F.C. TAB,2680802
تنسوبليرون 50 م,TENSOPLERON 50 MG 20 F.C. TAB.,2672803
تنسوبليرون 50 مجم اقراص,TENSOPLERON 50 MG 20 F.C. TAB.,2680246
تنيفلوكساسين 20 اقراص,TINIFLOXACIN 20 TAB.,903056
توب تاتش كريم 30 جم,TOP TOUCH CREAM 30 GM,2510289
توب جينت سبيم غسول فووم,TOPI GENT SEBUM CLEANSING FOAM 150 ML,2329580
توب جينج 30 كبسول,TOP GING 30 CAPS.,2435851
توب جينج ادفانس 30 كبسول,TOP GING ADVANCE 30 CAPS.,2453920
توب ريلاكس كريم 60 جم,TOP RELAX CREAM 60 GM,2643337
توب زاد صابون 80 جم,TOPZAD SOAP 80 GM,2129622
توب فلام كريم 15 جم,TOP FLAM CREAM 15 GM,2609875
توب فورتيكس غسول مهبلي 240 مل,TOP.VORTEX VAG. DOUCHE 240 ML,944083
توب كلين بخاخ 100 مل,TOP CLEAN TOPICAL SPRAY 100 ML,2249479
توب مارجن زيت,TOPZILA SPRAY 120 ML,2207185
توب مارجن زيت,TOPZILA SPRAY 120 ML,2275090
توب مارجن شامبو,TOP HAIR SHAMPOO 250 ML,2275091
توب هير بلسم 250 مل,TOP HAIR CONDITIONER 250 ML,2551492
توب هير شامبو 250 مل,TOP HAIR SHAMPOO 250 ML,2337860
توب هير شامبو 250 مل + توب هير كونديشنر 250 مل,TOP HAIR SHAMPOO 250 ML + TOP HAIR CONDITIONER 250 ML,2129717
توب هير لوسيون 10 مل 8 امبول,TOP HAIR ANTI HAIR LOSS LOTION 8 AMP 10 ML,1922593
توب هير لوسيون 120 مل,TOP HAIR LOTION 120 ML,1939661
توب هير لوسيون 120 مل عرض 1 + 1,TOP HAIR LOTION 120 ML OFFER 1 + 1,2317928
توب هير لوسيون بلس 120 مل,TOP HAIR LOTION PLUS 120 ML,2331199
توب هير لوشن 120 مل 230,TOP HAIR LOTION 120 ML,2683212
توباكين شراب 100 مل,TOPAKEN SYRUP 100 ML,2192837
توباماكس 100 مجم 60 اقراص,TOPAMAX 100 MG 60 F.C. TAB.,2206189
توباماكس 25 مجم 60 اقراص,TOPAMAX 25 MG 60 F.C. TAB,2321393
توبرادكس قطره 5 مل,TOBRADEX EYE SUSP. DROPS 5 ML,1996423
توبرادكس مرهم للعين 3.5 جم,TOBRADEX EYE OINT. 3.5 GM,1700804
توبراكتيفا 0.3 % قطره للعين 5 مل,TOBRACTIVA 0.3 % EYE DROPS 5 ML,2669203
توبرانو كريم 60 جم,TOPRANO CREAM 60 GM,2149853
توبرو 10 كيس,TOPRO 10 SACHETS,2097983
توبرين 0.3 % قطره للعين 5 مل,TOBRIN 0.3 % EYE DROPS 5 ML,1237037
توبرين 0.3 % مرهم للعين 5 جم,TOBRIN 0.3 % EYE.OINT. 5 GM,2471673
توبمود 50 مجم 30 كبسول,TOPMODE 50 MG 30 CAP,2682683
توبمود 50 مجم 30 كبسول,TOPMODE 50 MG 30 CAP,2248864
توبوبرازان 20 مجم 14 اقراص,TOPOPRAZAN 20 MG 14 TAB,1323866
توبولانزا 24 كبسول,TOBOLANZA 24 SOFT GELATIN CAPS.,2435861
توبولانزا 60 / 300 مجم اقراص,TOBOLANZA 24 SOFT GELATIN CAPS.,2675641
توبي جنت ديليكت فوم 150 مل,TOPI GENT DELICATE CLEANSING FOAM 150 ML,1502455
توبي جنت فوم سيبوم 150 مل,TOPI GENT SEBUM CLEANSING FOAM 150 ML,2602440
توبيراميت 100 مجم 10 اقراص,TOPIRAMATE 100 MG 10 SCORED F.C. TAB.,972372
توبيراميت 25 مجم 30 اقراص,TOPIRAMATE 25 MG 30 F.C.TAB.,1453870
توتا كال 30 اقراص قديم,PHAROTITA SYRUP 120 ML,2673282
توتا كال كالسيوم 30 اقراص جديد 135,PHAROTITA SYRUP 120 ML,2396580
توتافيت 20 اقراص,TOTAVIT 20 TABS,1364820
توتافيت شراب 100 مل,TOTAVIT SYRUP 100 ML,2127018
توتاكال 30 اقراص,TOTACAL 30 TABS,2146261
توتال شراب 120 مل,TOTAL SYRUP 120 ML,2358720
توتال فورت 30 كبسول,TOTAL FORTE 30 CAPS,1546851
توتال فورت كبسول,TOTAL FORTE 30 CAPS,2625773
توتي جراند شراب 120 مل,TOTY GRAND SYRUP 120 ML,2469227
توجيرا شراب 120 مل,TOOGERA SYRUP 120 ML,2044029
توجيو سولوستر 300 وحده / مل 1.5 مل 1 اقلام,TOUJEO SOLOSTAR 300 I.U. / ML 1.5 ML 1 PENS,2340363
توجيو سولوستر 300 وحده / مل 1.5 مل 3 اقلام,TOUJEO SOLOSTAR 300 I.U. / ML 1.5 ML 3 PENS,1744780
توداسيدون 40 مجم 20 اقراص,TUDASIDONE 40 MG 20 F.C. TABS.,902992
توداسيدون 80 298,TUDASIDONE 80 MG 20 F.C. TABS.,2681478
توداسيدون 80 مجم 20 اقراص,TUDASIDONE 80 MG 20 F.C. TABS.,902993
توديفاي قطره بالفم 10 مل,TODIPHI ORAL DROPS 10 ML,2530211
تورانو 20 اقراص,TORANO 20 TAP,2499822
توربنير 125 مجم / 5 مل للاطفال شراب 60 مل,TORBENER 125 MG / 5 ML PD. FOR ORAL SUSP. 60 ML,2492383
توربنير 250 مجم / 5 مل للاطفال شراب 60 مل,TORBENER 250 MG / 5 ML PD. FOR ORAL SUSP. 60 ML,2541277
توربنير 300 مجم 10 كبسول,TORBENER 300 MG 10 H.G. CAPS.,2475829
تورساموليكس 10 مجم 20 اقراص,TORSAMOLEX 10 MG 20 TABS.,902996
تورساموليكس 20 مجم 20 اقراص,TORSAMOLEX 20 MG 20 TABS.,2342135
تورسريتك 10 مجم 30 اقراص,TORSERETIC 10 MG 30 TAB.,902998
تورسريتك 100 مجم 30 اقراص,TORSERETIC 100 MG 30 TAB.,2160932
تورسريتك 20 مجم / 2 مل 5 امبول,TORSERETIC 20 MG / 2 ML 5 AMP. I.V OR INF.,2337951
تورسريتك 20 مجم 30 اقراص,TORSERETIC 20 MG 30 TAB.,1658194
تورسريتك 5 مجم 30 اقراص,TORSERETIC 5 MG 30 TAB.,2632354
توسكان شراب 100 مل,TUSSKAN SYRUP 100 ML,1180656
توسي اي بي ام 100 مل شراب,TUSSI IBM SYRUP 100 ML,2469237
توسيستوب 30 مجم / 5 مل شراب 100 مل,TUSSISTOP 30 MG / 5 ML SYRUP 100 ML,903004
توسيستوب 60 مجم 20 اقراص,TUSSISTOP 60 MG 20 TABS,1739432
توسيفان ان شراب 125 مل,TUSSIVAN N SYRUP 125 ML,2469239
توفيرو 30 اقراص,TOVIRO 30 TAB,1934269
توكادون 30 اقراص,TOCADON 30 TAB,2499824
تولا بديل الزيت 300 مل,TOLA HAIR OIL REPLACEMENT 100 ML,2306009
تولا بديل الزيت جديد,TOLA HAIR OIL REPLACEMENT 150 ML,2631442
تولا بديل زيت للشعر 100 مل,TOLA HAIR OIL REPLACEMENT 100 ML,2438680
تولا بديل زيت للشعر 150 مل,TOLA HAIR OIL REPLACEMENT 150 ML,1359259
تولا بديل زيت للشعر 150 مل عرض 1 + 1,TOLA HAIR OIL REPLACEMENT 150 ML OFFER 1 + 1,2453945
تولا بيبي شامبو وغسول الجسم 250 مل,TOLA BABY SHAMPOO BODY WASH 250 ML,2140693
تولا بيبي شامبو وغسول الجسم 250 مل عرض 1 + 1,TOLA BABY SHAMPOO BODY WASH 250 ML OFFER 1 + 1,2453946
تولا بيبيي شامبو,MUSTELA BABY SHAMPOO 200 ML,2146311
تولا شامبو للقشره 250 مل,TOLA ANTI DANDRUFF ANTI HAIR FALL SHAMPOO 250 ML,2274694
تولا شامبو للقشره 250 مل عرض 1 + 1,TOLA HAIR SHAMPOO ANTI DANDRUFF 250 ML OFFER 1 + 1,2453947
تولا شامبو هير 300 مل 1 + 1,MUSTELA BABY SHAMPOO 200 ML,1912173
تولا كبار شامبو عرض,TOLA HAIR SHAMPOO ANTI DANDRUFF 250 ML OFFER 1 + 1,2644892
تولا كيدز ليف ان كريم للشعر الكيرلي 120 مل,TOLA KIDS LEAVE IN CREAM FOR CURLY HAIR 120 ML,1623479
تولا لوسيون للشعر 120 مل,TOLA HAIR LOTION 120 ML,2497221
تولا لوسيون للشعر 120 مل عرض 1 + 1,TOLA HAIR LOTION 120 ML OFFER 1 + 1,2146585
تولانا 10000 وحده 20 اقراص,TAOLANA 10000 IU 20 TABS,2632206
تولانا كارنتين 20 اقراص,TOLANA CARNITINE 20 TABS,2453948
تولانجو سليم 30 كبسول,TULANGO SLIM 30 CAPS,903012
تولانجو فيت 120 مل شراب,TULANGO VIT 120 ML SYRUP,903013
تولانجو كونسيف 14 اكياس,TULANGO CONCEIVE 14 SACHETS,2636801
تولانجوفيت شراب جديد ك 96,,2675614
تولي فلاي غسول للبشره 150 مل,TOULIFLY FACIAL WASH 150 ML,2586203
تومازين 10 مجم 30 اقراص,TOMAZINE 10 MG 30 F.C. TAB.,2143490
توميد فيرو 30 كبسول,TOMED FERRO 30 CAPSULES,2631625
توميد لاكتوفيرين 200 مجم 10 اكياس,TOMED LACTOFERRIN 200 MG 10 SACHETS,1225462
توميكس 80 اقراص,TOMEX 80 TABLETS,2129319
توميكس بلس 50 اقراص,TOMEX PLUS 50 TABLETS,1359264
تونادوجيست 10 مجم 30 اقراص,TONADOGEST 10 MG 30 TABS,2315332
تونيجيت اوميجا 30 كبسول,TONIGATE OMEGA 30 CAPSULES,2675619
تونيكا شامبو 200 مل,TONIKA SHAMPOO 200 ML,2129790
تويت تير اكس بي قطره للعين 10 مل,TWIT TEAR XP EYE DROPS 10 ML,2605878
تويت تير الليرجي قطره للعين 10 مل,TWIT TEAR ALLERGY EYE DROPS 10 ML,2287691
تويت تير قطره عاديه جديد,TWIT TEAR EYE DROPS 10 ML,2602451
تويت تير قطره للعين 10 مل,TWIT TEAR EYE DROPS 10 ML,2469246
تويست اند جو دراي تاتش سيروم للشعر 60 مل,TWIST AND GO HAIR SERUM DRY TOUCH 60 ML,1777208
تويست اند جو ليف ان كريم 250 جم,TWIST GO LEAVE IN CREAM 250 GM,1777210
تويست اند جو ماسك للشعر 250 جم,TWIST GO HAIR MASK 250 GM,1777207
تويست اندجو زيت اورجانيك لتعزيز نمو الشعر 100 مل,TWIST GO ORGANIC OIL FOR HAIR GROWTH VOLUME 100 ML,2521875
توينجو لوسيون 120 مل,TWINGO LOTION 120 ML,1160102
توينزول قطره للعين 5 مل,TWINZOL EYE DROPS 5 ML,903019
تيامو برفان حريمي 25 مل استاند 24 قطعه,TIAMO PERFUME FOR WOMEN 25 ML STAND 24 PCS,2219412
تيامو برفان رجالي 25 مل استاند 24 قطعه,TIAMO PERFUME FOR MEN 25 ML STAND 24 PCS,1776885
تيب توب جل مرطب 50 جم,TIPTOP MOISTURIZING GEL 50 GM,2113356
تيبو ستار مرهم 30 جم,TIPO STAR OINTMENT 30 GM,2066455
تيبوفورتين 40 مجم / مل قطره 30 مل,TEBOFORTIN 40 MG / ML ORAL DROPS 30 ML,1739443
تيبوفورتين 40 مجم 30 اقراص,TEBOFORTIN 40 MG 30 F.C.TAB.,903026
تيبوفورتين فورت 80 مجم 30 اقراص,TEBOFORTIN FORTE 80 MG 30 F.C.TABS,903027
تيبونينا فورت 40 مجم 20 اقراص,TEBONINA FORTE 40 MG 20 F.C. TAB.,2453954
تيبونينا فورت 80,TEBONINA FORTE 40 MG 20 F.C. TAB.,2513382
تيتانوس انتي توكسن 1500 وحده 10 امبول,TETANUS ANTITOXIN 1500 IU / ML 10 AMP.,2624869
تيترا تريبسين 10 اقراص,TETRA TRYPSIN 10 TAB,2422510
تيترا هيدرو يوريا كريم 75 جم,TETRA HYDRO UREA CREAM 75 GM,2472781
تيتيانا لوشن 100 مل,TETYANA LOTION 100 ML,2044030
تيجريتول 200 مجم 30 اقراص,TEGRETOL 200 MG 30 TAB.,2149128
تيجريتول سي ار 200 مجم 20 اقراص,TEGRETOL CR 200 MG 20 F.C. DIVITAB.,2127001
تيجريتول سي ار 400 مجم 20 اقراص,TEGRETOL CR 400 MG 20 F.C.DIVITABS,2369286
تيجنت 10 اكياس,TIGINT 10 SACHETS,2431165
تيجنت بلس 10 اكياس,TIGINT PLUS 10 SACHETS,2182289
تيدي جو 60 قطعه,TEDDY GO 60 GUMMIES,2524466
تيرا 30 قطعه,TERA 30 PIECES,2462863
تيراتام 100 مجم / مل شراب 120 مل,TIRATAM 100 MG / ML ORAL SOLUTION 120 ML,2602462
تيراتام 1000 مجم 30 اقراص,TIRATAM 1000 MG 30 F.C. TAB,2145753
تيراتام 5 امبول,TIRATAM 500 MG / 5 ML IV VIAL,2680812
تيراتام 500 مجم / 5 مل امبول,TIRATAM 500 MG / 5 ML IV VIAL,1903318
تيراتام 500 مجم 30 اقراص,TIRATAM 500 MG 30 F.C. TAB,2144324
تيراتام 750 مجم 20 اقراص,TIRATAM 750 MG 20 F.C. TAB,2602461
تيراتام اكس ار 500 مجم 20 اقراص,TIRATAM XR 500 MG 20 F.C. TAB,903034
تيراتام اكس ار 750 مجم 20 اقراص,TIRATAM XR 750 MG 20 F.C. TAB,1739448
تيراليبسي 100 مجم / مل محلول للفم 120 مل,TIRALEPSY 100 MG / ML ORAL SOL. 120 ML,986443
تيراليبسي 1000 مجم 20 اقراص,TIRALEPSY 1000 MG 20 F.C. TAB,2129079
تيراليبسي 1000 مجم 30 اقراص,TIRALEPSY 1000 MG 30 TAB,2453962
تيراليبسي 500 مجم 30 اقراص,TIRALEPSY 500 MG 30 F.C. TAB.,2535840
تيراليبسي 750 مجم XR 20 اقراص 246,TIRALEPSY XR 750 MG 20 F.C. TAB.,2651901
تيراليبسي اكس ار 500 مجم 20 اقراص,TIRALEPSY XR 500 MG 20 F.C.TAB.,2164250
تيراليبسي اكس ار 500 مجم 30 اقراص,TIRALEPSY XR 500 MG 30 F.C.TAB,2668891
تيراليبسي اكس ار 750 مجم 20 اقراص,TIRALEPSY XR 750 MG 20 F.C. TAB.,1554823
تيراليبسي اكس ار 750 مجم 30 اقراص,TIRALEPSY XR 750 MG 30 F.C. TAB,2584059
تيراميسين مرهم للعين 5 جم,TERRAMYCIN EYE OINT. 5 GM,2156866
تيربوكومازيل 1 % بخاخ 30 مل,TERBECOMASIL 1 % SPRAY 30 ML,2608707
تيربين 1 % كريم 15 جم,TERBIN 1 % CREAM 15 GM,2159524
تيربين 250 مجم 14 اقراص,TERBIN 250 MG 14 TAB.,2326610
تيرز جارد 0.3 % قطره للعين 15 مل,TEARS GUARD 0.3 % EYE DROPS 15 ML,2145564
تيرمينال بخاخ للشعر 110 مل,TERMINAL HAIR SPRAY 110 ML,2157773
تيرمينال شامبو 200 مل,TERMINAL SHAMPOO 200 ML,1737998
تيستيريول 750 مجم / 3 مل امبول,TESTERIOL 750 MG / 3 ML I.M VIAL,2338719
تيكافير 0.5 مجم 30 اقراص,TECAVIR 0.5 MG 30 F.C. TAB.,2535682
تيكافير 1 مجم 30 اقراص,TECAVIR 1 MG 30 F.C.TAB.,2385394
تيكانيز 0.05 % بخاخ للانف 12 جم,TICANASE 0.05 % NASAL SPRAY 12 GM,903042
تيكساكورت 0.1 % ليبوكريم 20 جم,TEXACORT 0.1 % TOP. LIPOCREAM 20 GM,1396144
تيكنوسبيرون 0.03 / 3 مجم 21 اقراص,TECHNOSPIRON 0.03 / 3 MG 21 F.C.TAB.,903044
تيكنوفيولا 50 مجم 20 اقراص,TECNOVULA 50 MG 20 TABS.,2145511
تيمبستاتين 10 / 20 مجم 14 اقراص,TIMBESTATIN 10 / 20 MG 14 F.C.TAB.,2498661
تيمبو فري اكسترا للاطفال والكبار 4 قطع,TEMPO FREE EXTRA COOLING PATCH BABY ADULT 4 PIECES,1853944
تيمبو فري اكسترا لون متغير 4 قطعه 80,TEMPO FREE EXTRA COOLING PATCH BABY ADULT 4 PIECES,2595865
تيمبو كول اورجينال 4 قطعه كماده,TEMPO COOL 4 GEL SHEETS FOR INFANT,2616914
تيمبو كول بلس اخضر 4 قطع,TEMPO COOL 4 GEL SHEETS FOR INFANT,1293802
تيمبو كول دكتور بلس 4 قطع,TEMPO COOL 4 GEL SHEETS FOR INFANT,2143551
تيمبو كول كمادات 4 قطعه 52,TEMPO COOL 4 GEL SHEETS FOR INFANT,2500763
تيمبو كول كماده ازرق,TEMPO COOL 4 GEL SHEETS FOR INFANT,2247000
تيمبو كول كماده ازرق,TEMPO COOL 4 GEL SHEETS FOR INFANT,2642456
تيمبو كول لايك للاطفال والكبار 4 قطع,TEMPO COOL LIKE COOLING PATCH BABY ADULT 4 PIECES,1396209
تيمبو كول ماسكو للاطفال 4 قطع ازرق,TEMPO COOL PATCHES FOR FEVER CHILDREN + 1 YEARS 4 PIECES,1855853
تيمبو كول ماسكو للرضع 4 قطع بينك,TEMPO COOL PATCHES FOR FEVER INFANTS 4 PIECES,2140013
تيمبو كول وان كمادات ازرق جديد,TEMPO COOL 4 GEL SHEETS FOR INFANT,2299289
تيمبو كوول 4 كمادات ماسكو 52,TEMPO COOL 4 GEL SHEETS FOR INFANT,2651658
تيمبو كوول اطفال بينك بلس,TEMPO COOL PATCHES FOR FEVER INFANTS 4 PIECES,1724451
تيمبو كوول اكسترا كمادات,TEMPO COOL 4 GEL SHEETS FOR INFANT,2365412
تيمبو نيو لايك كمادات اخضر,TEMPO COOL 4 GEL SHEETS FOR CHILDREN,2333745
تيمبورال 1000 مجم 20 اقراص,TEMPORAL 1000 MG 20 TAB,2448559
تيمبورال 250 مجم / 5 مل شراب 60 مل,TEMPORAL 250 MG / 5 ML SUSP. 60 ML,2435913
تيموجين 10 مجم / 5 مل شراب 120 مل,TIMOGEN 10 MG / 5 ML SYRUP 120 ML,2170318
تيمولول 0.5 % قطره للعين 5 مل,TIMOLOL 0.5 % EYE DROPS 5 ML,2129687
تينافيرون 300 مجم 30 اقراص,TENAVIRON 300 MG 30 TABLETS,2127084
تيندوزايم 20 اقراص,TENDOZYME 20 FILM COATED TAB,2646842
تيندوكال 15 اكياس,TENDOCAL 15 SACHETS,2521863
تينكل شفرات للحواجب 3 قطع,TINKLE EYEBROW RAZOR 3 PCS,2131350
تينورمين 100 مجم 28 اقراص,TENORMIN 100 MG 28 F.C.TAB.,2260753
تينورمين 50 مجم 28 اقراص,TENORMIN 50 MG 28 F.C.TAB.,1658241
تينوريتك 100 / 25 مجم 14 اقراص,TENORETIC 100 / 25 MG 14 F.C.TAB.,2197788
تينوكس 1 % كريم 15 جم,TINOX 1 % CREAM 15 GM,2625820
تينيا ريست كريم,TWINIA ANTI ACNE CREAM 50 GM,2541160
تينياكيور 1 % كريم 20 جم,TINEACURE 1 % TOP. CREAM 20 GM,2329404
تينيفلوكساسين كبسول,TINIFLOXACIN 20 TAB.,2670725
تيورميزيم 20 كبسول,TURMEZYM 20 CAPS,2568428
تيوكون كريم 20 جم,TIOCON 1 % CREAM 20 GM,2674342
ثايروسيل 50 مجم 30 اقراص,THYROCIL 50 MG 30 TABS.,2635862
ثايروكاربين 5 مجم 100 اقراص,THYROCARBIN 5 MG 100 F.C. TABS.,2129203
ثايروكاربين 5 مجم 50 اقراص,THYROCARBIN 5 MG 50 F.C. TABS.,2129146
ثايمترا شراب 120 مل,THYMETRA SYRUP 120 ML,1839616
ثايمي شراب 120 مل,THYMY SYRUP 120 ML,1770442
ثرومبكس 15 مجم / مل 3 امبول,THROMBEXX 15 MG / ML S.C. 3 AMP,2544555
ثرومبكس دي ان ايه 1120 وحده / 100 جم جل,THROMBEXX DNA 1120 I.U / 100 GM TOPICAL GEL.,2315027
ثرومبكس دي ان ايه 1120 وحده / 100 جم كريم 40 جم,THROMBEXX DNA 1120 I.U / 100 GM CREAM 40 GM,1661341
ثرومبو 75 مجم 30 اقراص,THROMBO 75 MG 30 F.C.TAB.,903061
ثري دروبس 400 قطره 30 مل,THREE DROPS 400 I.U. / 0.5 ML 30 ML,1744648
ثري دروبس 600 قطره 30 مل,THREE DROPS 600 I.U / 0.5 ML 30 ML,2499082
ثري زيد لوشن 120 مل,THREE ZED TOPICAL LOTION 120 ML,2435923
ثري فلاي 1200 مجم 20 اقراص,THREE FLY 1200 MG 20 TABS,2674501
ثري فلاي 1200 مجن اقرالص,THREE FLY 1200 MG 20 TABS,2672552
ثري فلاي 300 مجم 20 اقراص,THREE FLY 300 MG 20 TABS,2299290
ثري فلاي 400 مجم 20 اقراص,THREE FLY 400 MG 20 TABS,2314610
ثري فلاي 600 مجم 20 اقراص,THREE FLY 600 MG 20 TABS,2535793
ثلاث خمسات كولونيا عاديه,555 COLOGNE 260 ML,1454475
ثورموكسيبان 10 مجم 10 اقراص,THORMOXIBAN 10 MG 10 F.C. TABS,2501003
ثيراجنكو 240 مجم 20 كبسول,THERA GINKO 240 MG 20 CAP,2266368
ثيراجنكو 80 مجم 20 كبسول,THERA GINKO 80 MG 20 CAP,2510462
ثيرجيسيف 50 مجم / 5 مل 100 شراب,THIRGECEF 50 MG / 5 ML 100 ML SUSP,1767238
ثيميفيتوسين شراب,THIMIVITOCIN SYRUP,2637836
ثيوبنتال 0.5 جم,THIOPENTAL SODIUM 0.5 GM VIAL UP,2282231
ثيوبنتال 1000 1 حقنه,THIOPENTAL SODIUM EIPICO 1 GM VIAL,2233712
ثيوبنتال 500,THIOPENTAL SODIUM 0.5 GM VIAL UP,2435927
ثيوبنتال 500 مجم امبول,THIOPENTAL SODIUM 0.5 GM VIAL UP,2344249
ثيوبنتال صوديوم 500 مجم امبول ابيكو,THIOPENTAL SODIUM 0.5 GM VIAL EPICO,2609032
ثيوبنتال صوديوم 500 مجم امبول يوبي,THIOPENTAL SODIUM 0.5 GM VIAL UP,2254160
ثيوتاسيد 300 مجم 30 اقراص,THIOTACID 300 MG 30 TAB.,2293068
ثيوتاسيد اوريجينال 600 مجم 30 اقراص,THIOTACID 600 MG 30 TABS.,1750610
ثيوتاسيد ليبوزومال 30 اقراص,THIOTACID LIPOSOMAL 30 TAB,2625688
ثيوتاسيد مركب 300 مجم 30 كبسول,THIOTACID COMPOUND 300 MG 30 CAPS.,944157
ثيوتاسيد مركب 600 مجم 30 كبسول,THIOTACID COMPOUND 600 MG 30 F.C.CAPLETS,2435932
ثيوتكس 300 مجم 30 كبسول,THIOTEX 300 MG 30 CAPS.,903070
ثيوتكس فورت 600 مجم 20 كبسول,THIOTEX FORTE 600 MG 20 CAPS,2668505
ثيوتكس فورت 600 مجم 30 كبسول,THIOTEX FORTE 600 MG 30 CAPS,939289
ثيوديو 600 عادي اقراص,THIODIO COMB 600 MG 30 TAB,2681841
ثيوديو 600 مجم 30 كبسول,THIODIO 600 MG 30 CAPS,1779760
ثيوديو كومب 600 مجم 30 اقراص,THIODIO COMB 600 MG 30 TAB,1853672
ثيوفيللين اس ار 200 مجم 20 اقراص,THEOPHYLLINE 200 MG S.R. 20 TAB,2567595
ثيونيرف 300 مجم 20 اقراص,THIONERV 300 MG 20 TAB.,2669466
ج فيتون 500 اقراص,C VITON 500 MG 20 TABS,2682645
ج فيتون 500 مجم 20 اقراص,C VITON 500 MG 20 TABS,2541134
ج فيرا 30 اقراص,G.VERA CAL + MG 30 TABLETS,2566652
جابا بلس 30 كيس,GABA PLUS 30 SACHETS,1994971
جابابنتين 100 مجم 30 اقراص,GABAPENTIN 100 MG 30 TAB,2637918
جابابنتين 300 مجم 30 اقراص,GABAPENTIN 300 MG 30 F.C. TAB.,2469293
جابابنتين 600 مجم 20 اقراص,GABAPENTIN 600 MG 20 F.C. TABS.,903115
جابابنتين 800 مجم 20 اقراص,GABAPENTIN 800 MG 20 F.C. TAB.,1743323
جابافيرونا 100 مجم كبسول,GABAVERONA 100 MG 30 H.G. CAPS,2679850
جابافيرونا 300 مجم 30 اقراص,GABAVERONA 300 MG 30 H.G. CAPS,2509300
جابافيرونا 400 مجم 30 اقراص,GABAVERONA 400 MG 30 H.G. CAPS,2509292
جاباليبسي 300 مجم 30 كبسول,GABALEPSY 300 MG 30 CAPS.,2192914
جاباليز 600 مجم 30 اقراص,GAPALISE 600 MG 30 TAB,2564598
جابتين 100 مجم 30 كبسول,GAPTIN 100 MG 30 CAPS.,2312844
جابتين 300 مجم 30 كبسول,GAPTIN 300 MG 30 CAPS.,903074
جابتين 400 مجم 30 كبسول,GAPTIN 400 MG 30 CAPS.,903076
جابيجيست 30 اقراص,GAPIGEST 30 CHEWABLE TAB,2499827
جابيفنت شراب 100 مل,GAPIVENT SYRUP 100 ML,2499828
جابيماش 300 مجم 30 اقراص,GABIMASH 300 MG 30 TABS.,942914
جابيماش 800 مجم 30 اقراص,GABIMASH 800 MG 30 TABS,1739482
جابيمدرا 10 مجم اقرا ص,,2674439
جابيمدرا 10 مجم اقراص,,2683068
جابيمدرا 10 مجم اقراص,,2683158
جابيمدرا 15 مجم اقرا ص,,2674440
جابيمدرا 15 مجم اقراص,,2683160
جابيمدرا 15 مجم اقراص,,2683067
جابيمدرا 5 مجم اقرا ص,,2674441
جابيمدرا 5 مجم اقراص,,2683159
جابيمدرا 5 مجم اقراص,,2683069
جابيموتور 30 اقراص,GAPIMOTOR 30 TABLETS,2128843
جابيميدرا 10 مجم 10 اقراص,,2674624
جابيميدرا 15 1 شريط,,2675514
جابيميدرا 15 مجم 10 اقراص,,2681297
جابيميدرا 15 مجم 10 اقراص,,2674625
جابيميدرا 5 مجم 20 اقراص,,2674626
جابيميدرا 5 ممجم 2 شريط,,2675515
جابيناش 28 جم 14 اكياس,GYBENASH 400 MG 20 CAPS,2535640
جابيناش 400 مجم 20 اقراص,GYBENASH 400 MG 20 CAPS,2567038
جابيناش 600 مجم 30 اقراص,GYBENASH 600 MG 30 CAPS,2563104
جاتزا بخاخ للانف 60 مل,GATZA NASAL SPRAY 60 ML,1562855
جاتي ستار 0.3 % قطره,OPTOGATY 0.3 % EYE DROPS 5 ML,2435941
جاتيستار 0.5 % قطره 5 مل,GATISTAR 0.5 % EYE DROPS 5 ML,903079
جاتيكسيل 0.3 % قطره 5 مل,GATYXEL 0.3 % EYE DROPS 5 ML,2129150
جاتيكسيل 0.3 % مرهم للعين 5 جم,GATYXEL 0.3 % EYE OINT 5 GM,2453994
جاراميسين 0.1 % كريم 30 جم,GARAMYCIN 0.1 % CREAM 30 GM,2496314
جاراميسين 0.1 % مرهم 15 جم,GARAMYCIN 0.1 % OINT. 15 GM,2510952
جاراميسين 20 مجم / 2 مل 6 امبول,GARAMYCIN 20 MG / 2 ML 6 AMPS.,2453995
جاراميسين 80 مجم / مل 3 امبول,GARAMYCIN 80 MG / 2 ML 3 AMPS.,903080
جاراميسين كريم كبيير,GARAMYCIN 0.1 % CREAM 15 GM,2607401
جارديانس 10 مجم 30 اقراص,JARDIANCE 10 MG 30 F.C. TABS.,1562858
جارديانس 25 مجم 30 اقراص,JARDIANCE 25 MG 30 F.C. TABS.,906651
جاردينوفا 457 مجم / 5 مل شراب 70 مل,GARDINOVA 457 MG / 5 ML 70 ML SUSP,2289352
جارلين امبول,GARLIN AMP,2652459
جارلين لوشن 100 مل,GARLIN LOTION 100 ML,2652457
جاروبرايد 50 مجم 30 اقراص,GAROPRIDE 50 MG 30 F.C. TABS.,2469315
جاست بلو اقراص,JUSTCIL 20 TAB,2058789
جاست ريج 100 مجم 30 اقراص,GAST REG 100 MG 30 TAB.,1534570
جاست ريج 200 مجم 30 اقراص,GAST REG 200 MG 30 TAB.,2435950
جاست ريج 50 مجم / 5 مل 3 امبول,GAST REG 50 MG / 5 ML I.V. / I.M. 3 AMP.,2469319
جاستروبيكسي 10 مجم 28 اقراص,GASTROPEXY 10 MG 28 TABS,2454002
جاستروبيكسي 20 مجم 28 اقراص,GASTROPEXY 20 MG 28 TABS,1521089
جاستروبيوتك 200 مجم 20 اقراص,GASTROBIOTIC 200 MG 20 F.C.TAB,2602488
جاستروبيوتك 550 مجم 20 اقراص,GASTROBIOTIC 550 MG 20 F.C. TAB,2444664
جاستروبيوتك 550 مجم 30 اقراص,GASTROBIOTIC 550 MG 30 F.C. TAB,1396242
جاستروتيدين 20 مجم / 2 مل 6 امبول,GASTROTIDINE 20 MG / 2 ML 6 I.V. AMPS,2435953
جاسترودومينا 20 مجم 20 اقراص,GASTRODOMINA 20 MG 20 TAB.,2513608
جاسترودومينا 40 مجم 30 اقراص,GASTRODOMINA 40 MG 30 TAB.,903094
جاستروكيور 30 ​​مجم 10 كبسول,GASTROCURE 30 MG 10 CAPS,1168171
جاستروكيور 30 ​​مجم 20 كبسول,GASTROCURE 30 MG 20 CAPS,2199949
جاسترولوك 40 مجم 20 كبسول,GASTROLOC 40 MG 20 CAPS.,2462865
جاستروموتيل 1 مجم / مل شراب 200 مل,GASTROMOTIL 1 MG / ML ORAL SUSP. 200 ML,903102
جاستروموتيل 10 مجم 20 اقراص,GASTROMOTIL 10 MG 20 F.C. TAB.,2492034
جاستروموتيل 30 مجم 5 لبوس,GASTROMOTIL 30 MG 5 SUPP.,1431944
جاستروميدزول 40 مجم امبول نابيزول,,2300411
جاستسيل 20 اقراص,JUSTCIL 20 TAB,2141120
جاستفير شراب 120 مل,JUSTFER 120 ML SYRUP,1724553
جاستن بلو شامبو للشعر 175 مل,JUSTIN BLUE HAIR SHAMPOO 175 ML,1141678
جاستن بلو شامبو للشعر 80 مل,JUSTIN BLUE HAIR SHAMPOO 80 ML,2674516
جاستن بلو هير اكتيفيتور 30 كبسول,JUSTIN BLUE HAIR ACTIVATOR 30 CAPS,2543911
جاستوريليف 50 مجم 30 اقراص,GASTORELIVE 50 MG 30 F.C.TAB.,2536123
جاستيكول 20 مجم 28 اقراص,JUSTECHOL 20 MG 28 F.C. TABS,2680740
جاستيكول مرهم,JUSTECHOL 5 MG 28 F.C.TABS,2251467
جاسموفاك 5 مجم 30 اقراص,GASMOVAC 5 MG 30 TAB.,2312861
جاسي كريم موضعي 50 جم,JACY TOPICAL CREAM 50 GM,2454008
جاسيفلاتيل 40 مجم 30 اقراص,GASIFLATYL 40 MG 30 CHEW. TABS,2320396
جافيسكون ادفانس 150 مل ينسون شراب,GAVISCON ADVANCE ANISE SYRUP 150 ML,2469336
جافيسكون دابل اكشن 10 مل 24 اكياس,GAVISCON DOUBLE ACTION 24 SACHETS 10 ML,903211
جافيسكون دابل اكشن 150 مل نعناع شراب,GAVISCON DOUBLE ACTION SUSP 150 ML,956221
جافيل منظف للوجه 120 مل,JAVEL FACIAL CLEANSER 120 ML,2500333
جاكراندا 0.5 مجم 2 اقراص,JAKARANDA 0.5 MG 2 TABS,2145612
جاكراندا 0.5 مجم 4 اقراص,JAKARANDA 0.5 MG 4 TABS.,1343576
جاكستونين 30 اقراص,JAXTONIN 30 TAB,2402782
جاكسوليك 30 اقراص,JAXOLIC 30 TABS,2632067
جاكمستون 500 / 25 مجم 20 اقراص,JAKMESTON 500 / 25 MG 20 F.C. TABS.,2400402
جاكودان جل 60 جم,JACKODAN GEL 60 GM,2606577
جاكودان غسول للوجه 150 مل,JACKODAN FACIAL WASH 150 ML,2146788
جالتين 10 جم 10 اكياس,GALTIN 10 GM 10 SACHETS,2105753
جالفز 50 مجم 28 اقراص,GALVUS 50 MG 28 TAB.,2128123
جالفز ميت 50 / 1000 مجم 30 اقراص,GALVUS MET 50 / 1000 MG 30 F.C. TABS,2098089
جالفز ميت 50 / 500 مجم 30 اقراص,GALVUS MET 50 / 500 MG 30 F.C. TABS,2539041
جالينا كيس,GALINA SACHET,2165644
جامابيون 30 قرص,GAMABION 30 TABS,903109
جاماترن 20 كبسول,GAMATERN 20 TABS,2635986
جاماجين جل 50 جم,GAMAGEN GEL 50 GM,2635989
جاماستين 300 مجم 10 اكياس,GAMASTEINE 300 MG 10 SACHETS,1699673
جامافير 20 كبسول,GAMAFER 20 CAPS,2635987
جامب بونز 30 اقراص,JUMP BONES 30 FILM COATED TABLETS,2489801
جامب جوينتس 30 اقراص,JUMP JOINTS 30 FILM COATED TABLETS,2489806
جامب د 3 ك 2 30 اقراص,JUMP VITAMIN D 3 K 2 30 FILM COATED TABLETS,2489805
جامبز جرسينيا تحكم ف الوزن 30 ك بديل تولانجو,,2180369
جامبز سليب ووتر شرب,,2180370
جامبز فحم 30 ك بديل نيوكاربون,,2180371
جامرينو 20 اقراص,GAMRENO 20 CAP,1739506
جامع بول ماسكو غير معقم,MASCO ADULT URINE COLLECTION BAG,2513654
جامع بول ماسكو معقم,MASCO ADULT URINE COLLECTION BAG,2513655
جانا جليب 50 مجم 28 اقراص 162,DIGNA JOINT 30 TABS,2625916
جاناتون 50 مجم 30 اقراص,GANATON 50 MG 30 F.C.TABS.,2144167
جاناجليب 100 مجم 28 اقراص,JANAGLIP 100 MG 28 F.C. TAB.,2270561
جاناجليب 50 مجم 28 اقراص,JANAGLIP 50 MG 28 F.C. TABS.,2627099
جاناجليب بلس 50 / 1000 مجم 28 اقراص,JANAGLIP PLUS 50 / 1000 MG 28 F.C. TAB.,2129640
جانتوليف 50 مجم 30 اقراص,GANTOLIEF 50 MG 30 F.C.TAB.,2189498
جانداكوينون 20 كبسول,GANDAQUINONE 20 CAP,2140461
جانفير 0.15 % جل للعين 10 جم,GANVIR 0.15 % EYE GEL 10 GM,2127106
جانوفيا 100 مجم 28 اقراص,JANUVIA 100 MG 28 F.C. TAB.,2112899
جانوميت 50 / 1000 مجم 56 اقراص,JANUMET 50 / 1000 MG 56 F.C. TAB.,1345601
جانوميت 50 / 500 مجم 56 اقراص,JANUMET 50 / 500 MG 56 F.C. TAB,2162811
جانوميت 50 / 850 مجم 56 اقراص,JANUMET 50 / 850 MG 56 F.C. TAB.,2018916
جانيلكا شامبو 200 مل,JANILKA SHAMPOO 200 ML,1738031
جاوتيفيد 120 مجم 30 اقراص,GOUTIFADE 120 MG 30 TAB,2622206
جاوتيفيد 40 مجم 30 اقراص,GOUTIFADE 40 MG 30 F.C. TABLETS,2312865
جاوتيفيد 80 مجم 30 اقراص,GOUTIFADE 80 MG 30 F.C. TABLETS,1562878
جاوتيلس 30 اقراص,GOUTYLESS 30 TABS.,2607499
جاوريست 0.5 مجم 100 اقراص,GOURYST 0.5 MG 100 TAB,1443106
جبس بلاستيك 3 بوصه,PLASTIC GYP 3 INCH,1699033
جبس بلاستيك 4 بوصه,PLASTIC GYPSUM 4 INCH,1541574
جبس بلاستيك 5 بوصه,PLASTIC GYPSUM 5 INCH,1650995
جبس بلاستيك 6 بوصه,PLASTIC GYP 6 INCH,1641270
جبس طبي 10 سم,PLASTER ROLL 10 CM,1750288
جبس طبي 15 سم,PLASTER ROLL 15 CM,1750289
جبس فيكسوباند 20 سم,GYPSUM 20 CM,2674758
جبس ملون 3 بوصه,PLASTIC GYP 3 INCH,2602499
جبس ملون 4 بوصه,PLASTIC GYPSUM 4 INCH,2602500
جبس ملون 5 بوصه,PLASTIC GYPSUM 5 INCH,2602501
جبس ميجا 10 سم مستورد,GYPSUM 10 CM,2277389
جبس ميجا 7.50 سم مستورد,GYPSUM 7.5 CM,2277387
جبيره اصبع مقاس L,FINGER IMMOBILIZION SIZE L,1777221
جبيره اصبع مقاس M,FINGER IMMOBILIZION SIZE M,2130285
جبيره اصبع مقاس XL,FINGER IMMOBILIZION SIZE XL,2130176
جبيره اصبع مقاس XXL,FINGER IMMOBILIZION SIZE XXL,2130177
جتفلكس اكتيف 30 اقراص,GETFLEX ACTIVE 30 TAB,2602571
جدكوفلاسين 200 مجم 20 اقراص,JEDCOFLACIN 200 MG 20 F.C.TAB.,2127108
جديد ريلاك كريم,CAVIARO RENEWING WHITENING CREAM 50 ML,2150419
جديد ريلاكس جل,FLOXIA STRIEX RESTRUCTING CREAM 125 ML,2627711
جديد ريلاكس كريم,FLOXIA STRIEX RESTRUCTING CREAM 125 ML,2651600
جديد ريلاكس كريم مساج,FLOXIA STRIEX RESTRUCTING CREAM 125 ML,2564360
جديد ريلاكس مساج جل 50 جم,CAVIARO RENEWING WHITENING CREAM 50 ML,2552979
جديد ريلاكس مساج كريم,FLOXIA STRIEX RESTRUCTING CREAM 125 ML,2565144
جديد ريلاكس مساج كريم 60 جم,FLOXIA STRIEX RESTRUCTING CREAM 125 ML,2552976
جراليبنتين اكس ار 300 مجم 30 اقراص,GRALIPENTIN XR 300 MG 30 F.C. TABS.,948077
جراليبنتين اكس ار 600 مجم 30 اقراص,GRALIPENTIN XR 600 MG 30 F.C. TABS.,903119
جران موف ايملجل 100 جم,GRAN MOVE EMULGEL 100 GM,1767298
جرانتريل 1 جم 5 اقراص,GRANITRYL 1 MG 5 F.C.TABS.,2683227
جرانتفي شراب 100 مل,GRANTFE SYRUP 100 ML,2497312
جراند ثيو 600 مجم 20 اقراص,GRAND THIO 600 MG 20 TABS,2500485
جراند جلوسي سيرم للشعر 100 مل,GRAND GLOSSY HAIR SERUM 100 ML,2209708
جراند فيت بالعسل شراب 120 مل,GRAND VIT WITH HONEY SYRUP 120 ML,2469357
جراند فيت حديد شراب 120 مل,GRAND VIT WITH IRON SYRUP 120 ML,1977842
جراندوتوفين 0.025 % قطره للعين 5 مل,GRANDOTIFEN 0.025 % EYE DROPS 5 ML,1767299
جرانزيا قربه مياه فرو,GRANZIA WARMIBAG HOT WATER BAG WITH SOFT COVER,2131168
جرانيا كريم مرطب 60 جم,GRANYA EMOLLIENT CREAM 60 GM,2501027
جرانيتريل 1 مجم / 5 مل شراب 30 مل,GRANITRYL 1 MG / 5 ML ORAL SOLUTION 30 ML,2146761
جرانيتريل 1 مجم / مل 6 امبول,GRANITRYL 1 MG / ML 6 I.V. AMPS.,903121
جرانيتريل 1 مجم 5 اقراص,GRANITRYL 1 MG 5 F.C.TABS.,2646262
جرانيتريل 2 مجم 5 اقراص,GRANITRYL 2 MG 5 F.C. TABS.,2145314
جرانيتريل 3 مجم / 3 مل 6 امبول,GRANITRYL 3 MG / 3 ML 6 AMPS. I.V.,2146534
جروبا اوميجا 3 30 قطعه,GRUPA OMEGA 3 30 GUMMIES,2277936
جروبا اوميجا 3 60 قطعه,GRUPA OMEGA 3 60 GUMMIES,2466310
جروتين بيوتين 10.000 مكجم 30 اقراص,GROTEN BIOTIN 10.000 MCG 30 TABS,2288219
جروث فورميلا كبار 400 جم شوكولاته,GROWTH FORMULA WG 400 GRAM POWDER CHOCOLATE,903132
جروث فورميلا كبار 400 جم فانيليا,GROWTH FORMULA WG 400 GRAM POWDER VANILLA,2369268
جروث فورميلا كبار 400 جم فراوله,GROWTH FORMULA WG 400 GRAM POWDER STRAWBERRY,2337760
جروث فورميلا كبار 400 جم موز,GROWTH FORMULA WG 400 GRAM POWDER BANANA,2040380
جروث فورميلا للاطفال 400 جم شوكولاته,GROWTH FORMULA FOR KIDS 400 GM POWDER CHOCOLATE,1460286
جروث فورميلا للاطفال 400 جم فانيليا,GROWTH FORMULA FOR KIDS 400 GM POWDER VANILLA,2129458
جروث فورميلا للاطفال 400 جم فراوله,GROWTH FORMULA FOR KIDS 400 GM POWDER STRAWBERRY,2141708
جروث فورميلا للحوامل 10 اكياس 250 جم فانيليا,GROWTH FORMULA PREGNANT WOMAN 10 SACHETS 250 GM VANILLA,1396271
جروزا 20 اقراص,GROZA 20 TAB,2098111
جروزاكس شراب 70 مل,GROZAX SYRUP 70 ML,2255092
جرومول 10 اكياس,GROMOL 10 SACHET,2073378
جريباتيفكس جل 20 جم,GRIPATEVEX GEL 20 GM,2161409
جريبكسون 30 كبسول,GRAPEXON 30 CAPS,2156904
جريبكسون ادفانس 30 كبسول,GRAPEXON ADVANCE 30 CAPS,2146344
جريبكسون كت 30 اقراص بديل سيوفاج,GRAPEXON 30 CAPS,2289785
جرين كوفي 20 اكياس,GREEN COFFEE 20 SACHETS,2475902
جرينتال 30 كبسوله,GREENTAL 30 CAP,2622756
جستافيمين 21 اقراص,GESTAFEMIN 21 F.C.TABS.,2604583
جستاميفام 10 / 40 مجم 30 اقراص,JESTAMIVAM 10 / 40 MG 30 TAB,2471997
جستيكول 10 مجم 14 اقراص,JUSTECHOL 10 MG 14 F.C. TABS,2469320
جستيكول 10 مجم 28 اقراص,JUSTECHOL 10 MG 28 F.C. TABS,1036416
جستيكول 20 مجم 14 اقراص,JUSTECHOL 20 MG 14 F.C. TABS,2602506
جستيكول 20 مجم 28 اقراص,JUSTECHOL 20 MG 28 F.C. TABS,2091719
جل بليند هيدرا مويست جل للبشره الدهنيه و المعرضه لحب الشباب 100 مل,GEL BLEND HYDRA MOIST GEL FOR OILY ACNE PRONE SKIN 100 ML,1571150
جلابتالينا 2.5 / 1000 مجم اقراص,GLIPTALINA PLUS 1000 / 2.5 MG 30 TAB,2682556
جلابتيفيا 100 مجم 30 اقراص,GLAPTIVIA 100 MG 30 F.C.TAB.,2474631
جلابتيفيا بلس 50 / 1000 مجم 30 اقراص,GLAPTIVIA PLUS 50 / 1000 MG 30 F.C.TAB.,2312871
جلابتيفيا بلس 50 / 500 مجم 30 اقراص,GLAPTIVIA PLUS 50 / 500 MG 30 F.C.TAB.,2312870
جلاريل 1 مجم 30 اقراص,GLARYL 1 MG 30 TABS.,1160191
جلاريل 2 مجم 30 اقراص,GLARYL 2 MG 30 TABS.,2602508
جلاريل 3 مجم 30 اقراص,GLARYL 3 MG 30 TAB.,2192988
جلاريل 4 مجم 30 اقراص,GLARYL 4 MG 30 TAB.,903142
جلاريل 6 مجم 30 اقراص,GLARYL 6 MG 30 TAB.,1814947
جلاسبيفلو 20 اقراص,GLASBIFLU 20 TABS,2499838
جلاكسي بخاخ,HEAMOGLAXY 20 CAPS,2357680
جلامي لاب انتي رينكل جل,GLAMY LAB ANTI WRINKLES GEL 50 GM,2646895
جلامي لاب اي كونتور فيلر 30 جم,GLAMY LAB EYE CONTOUR FILLER 30 GM,2316907
جلامي لاب جل ضد التجاعيد 50 جم,GLAMY LAB ANTI WRINKLES GEL 50 GM,2494950
جلامي لاب ريتينول ب 3 سيرم 30 مل,GLAMY LAB RETINOL B 3 BOOSTER SERUM 30 ML,2316910
جلامي لاب صن بلوك بعامل حمايه من الشمس 50 + 50 مل,GLAMY LAB SUNSCREEN SPF 50 + 50 ML,2316911
جلامي لاب غسول للوجه 150 مل,GLAMY LAB PURIFYING CLEANSER 150 ML,2316909
جلامي لاب كريم ترطيب مركز 100 جم,GLAMY LAB HYDRA INTENSE CREAM 100 GM,2354707
جلامي لاب كريم ترطيب مركز 50 جم,GLAMY LAB HYDRA INTENSE CREAM 50 GM,2604329
جلامي لاب كريم تفتيح اس بي اف 30 + 50 مل,GLAMY LAB WHITENING SPF 30 CREAM,1948529
جلسرين اطفال فاركو,GLYCERIN ADULT 5 SUPP. (PHARCO),2660506
جلسرين اكتيول الاهرام بالدسته,ALAHRAM GLYCERIN ICHTHYOL 12 PCS,2131084
جلسرين اكتيول ايما بالدسته 12 قطعه,EMA GLYCERIN ICHTHYOL 12 PCS,1777260
جلسرين بوراكس الاهرام بالدسته,ALAHRAM GLYCERIN BORAX 12 PCS,2130109
جلسرين بيكربونات الاهرام بالدسته,ALAHRAM GLYCERIN BI CARBONATE 12 PCS,2131086
جلسرين رضع 5 لبوسه فاركو,GLYCERIN INFANTILE 5 SUPP. (PHARCO),2552727
جلسرين صابون 75 جم ويزر,GLYCERIN SOAP 75 GM WEISER,1832139
جلسرين صابون شفاف روتكس 72 جم,ROTEX GLYCERIN TRASPARENT SOAP 72 GM,2146911
جلسرين فينول الاهرام بالدسته,ALAHRAM GLYCERIN PHENOL 12 PCS,2131167
جلسرين كبار فاركو,GLYCERIN ADULT 5 SUPP. (PHARCO),2600399
جلسرين لبوس اطفال فاركو 12,GLYCERIN ADULT 5 SUPP. (PHARCO),2645237
جلسرين لبوس فاركو اطفال + 3,GLYCERIN ADULT 5 SUPP. (PHARCO),2262002
جلسرين لبوس للرضع 5 لبوس فاركو,GLYCERIN INFANTILE 5 SUPP. (PHARCO),2223439
جلسرين لبوس للرضع 6 لبوس النيل,GLYCERIN INFANTILE 6 SUPP. NILE,2646106
جلسرين لبوس للكبار 5 لبوس فاركو,GLYCERIN ADULT 5 SUPP. (PHARCO),2388371
جلسرين مانزيا شوجر بالدسته,SUGER GLYCERIN MAGNESIA 12 PCS,1400286
جلميلاب انتي ورينكل جل 50 مجم,,2316906
جلو الكسير جل لحب الشباب 50 جم,GLOWELIXIR ACNE GEL 50 GM,2499158
جلو الكسير غسول الوجه 200 مل,GLOW ELIXIR FACIAL WASH 200 ML,2499157
جلو اليكسير كريم جل تفتيح 50 جم,GLOW ELIXIR WHITENING CREAM GEL 50 GM,2342702
جلو رينتال سيرم,GLOW HAIR SERUM 100 ML,2209707
جلواليكزير غسول للوجه,,2342700
جلواليكزير كريم حب شباب,,2342703
جلوبا اي يو سي 20 اقراص / اي يو سي,GLOBA 20 TAB,2567898
جلوبا ايو سي اقراص,GLOBA 20 TAB,2597065
جلوبابروب 30 مجم / 5 مل شراب 120 مل,GLOBAPROP 30 MG / 5 ML SYRUP 120 ML,2523785
جلوباريست لوسيون 120 مجم,GLOBAREST TOPICAL LOTION 120 MG,2510729
جلوباكاند 16 مجم 28 اقراص,GLOBACAND 16 MG 28 F.C. TAB.,2253121
جلوباكاند 8 مجم 28 اقراص,GLOBACAND 8 MG 28 F.C. TAB.,2625622
جلوتيناز 30 كبسول بديل سيلينيوم,,2616888
جلوجار 15 مل قطره للفم,GELOGAR 15 ML ORAL DROPS,2617472
جلوري حنه 10 جم برغندي 6 اكياس,GLORY HENNA 10 GM PERGANDY 6 PS,1824881
جلوري حنه 10 جم بني 6 اكياس,GLORY HENNA 10 GM BROWN 6 PS,1400088
جلوري حنه 10 جم بني فاتح 6 اكياس,GLORY HENNA 10 GM LIGHT BROWN 6 PS,1400563
جلوري حنه 10 جم كستنائي,GLORY HENNA 10 GM CHESTNUT,1777235
جلورينتال سيرم للوجه 30 مل,GLOWRENTAL FACE SERUM 30 ML,2602509
جلوسورب شامبو ضد القشره,GLOWSORB CREAM 20 GM,2674851
جلوسورب كريم 20 جم,GLOWSORB CREAM 20 GM,2384410
جلوسي سيروم للشعر 75 مل,GLOSSY HAIR ANTIFRIZZ SERUM 75 ML,2625295
جلوسي شامبو للشعر 250 مل,GLOSSY HAIR SHAMPOO 250 ML,2271518
جلوسي كريم بلسم للشعر 250 مل (حمام كريم),GLOSSY HAIR CONDITIONER CREAM 250 ML,2499674
جلوكان 5 / 500 مجم 30 اقراص,GLUOKAN 5 / 500 MG 30 F.C.TAB.,1653585
جلوكوداجاست 500 / 12.5 مجم 30 اقراص,GLUCOADJUST 12.5 MG / 500 MG 30 TAB,1937623
جلوكودوكتور جهاز قياس السكر,GLUCO DOCTOR BLOOD GLUCOSE METER,1399808
جلوكوز % 5 محلول,GLUCOSE 5 % 500 ML GIPCCO,2149934
جلوكوز 10 % كاب انترا,GLUCOSE 5 % 500 ML INTRA PHARM RUBBER,2289389
جلوكوز 5 % (فيبكو) 500 مل,GLUCOSE 5 % (FIPCO) I.V. INF. 500 ML,1453120
جلوكوز 5 % اتيكو محلول 500 مل,GLUCOSE 5 % 500 ML ATCO,1427751
جلوكوز 5 % الفتح,DEXTROSE 5 % ELFATAH ( 20 ),2289388
جلوكوز 5 % المتحدون 500 مل,GLUCOSE 5 % MOTTAHEDOON I.V. INF. 500 ML,1739541
جلوكوز 5 % المتحدون 500 مل كرتونه,GLUCOSE 5 % MOTTAHEDOON I.V. INF. PACKET,2233837
جلوكوز 5 % انترا فارم محلول 500 مل كاب,GLUCOSE 5 % 500 ML INTRA PHARM RUBBER,2129361
جلوكوز 5 % جيبكو محلول 500 مل,GLUCOSE 5 % 500 ML GIPCCO,2636857
جلوكوز 5 % محلول 500 مل كرتونه,GLUCOSE 5 % 500 ML PACKET,1771258
جلوكوز ملحي خليط الفتح,DEXTROSE 5 % ELFATAH ( 20 ),2430204
جلوكوفاج 1000 مجم 30 اقراص,GLUCOPHAGE 1000 MG 30 F.C.TAB.,2254697
جلوكوفاج 500 مجم 50 اقراص,GLUCOPHAGE 500 MG 50 F.C.TAB.,2311211
جلوكوفاج اكس ار 1000 مجم 30 اقراص,GLUCOPHAGE XR 1000 MG 30 TABS.,2376640
جلوكوفانس 1000 / 5 مجم 30 اقراص,GLUCOVANCE 1000 / 5 MG 30 F.C.TAB.,1426331
جلوكولايت 1000 اكس ار 30 اقراص,GLUCOLIGHT XR 1000 MG 30 EX. REL .F.C. TAB.,2510776
جلوكولايت اكس ار 1000 مجم 30 اقراص,GLUCOLIGHT XR 1000 MG 30 EX. REL .F.C. TAB.,2589537
جلوكوليبتين 5 مجم 30 اقراص,GLUCOLIPTIN 5 MG 30 F.C.TABS,2454046
جلوكوليبتين ام اكس ار 1000 / 2.5 مجم اقراص,GLUCOLIPTIN M XR 5 / 1000 MG 30 F.C.TABS,2681659
جلوميثازون 8 مجم / 2 مل 3 امبول,GLOMETHASONE 8 MG / 2 ML IM / IV 3 AMP.,1744812
جلوهورايز لدعم المفاصل اقراص,GLUOHORIZ 30 TABS,2637271
جليبتالينا بلس 1000 / 2.5 مجم 30 اقراص,GLIPTALINA PLUS 1000 / 2.5 MG 30 TAB,1555709
جليبتالينا بلس 500 / 2.5 مجم 30 اقراص,GLIPTALINA PLUS 2.5 / 500 MG 30 TABS,1635944
جليبتامت 50 / 500 مجم 30 اقراص,GLEPTOMET 50 / 500 MG 30 F.C. TAB.,2680982
جليبتس 50 مجم 30 اقراص,GLIPTUS 50 MG 30 TABS.,903156
جليبتس بلس 50 / 1000 مجم 30 اقراص,GLIPTUS PLUS 50 / 1000 MG 30 TABLETS,903157
جليبتس بلس 50 / 500 مجم 30 اقراص,GLIPTUS PLUS 50 / 500 MG 30 TABS,1171314
جليبتس بلس 50 / 850 مجم 30 اقراص,GLIPTUS PLUS 50 / 850 MG 30 TABLETS,903158
جليبتوباك 12.5 / 1000 مجم 30 اقراص,GLIPTOPACK MET 12.5 / 1000 30 TAPS,1926627
جليبتوميت 50 / 1000 مجم 30 اقراص,GLEPTOMET 50 / 1000 MG 30 F.C. TAB.,1322209
جليبتوميت 50 / 500 مجم 30 اقراص,GLEPTOMET 50 / 500 MG 30 F.C. TAB.,2464560
جليبوفين 2.5 / 500 مجم 30 اقراص,GLYBOFEN 2.5 / 500 MG 30 F.C.TABS,2637458
جليبوفين 5 / 1000 مجم 30 اقراص,GLYBOFEN 5 / 1000 MG 30 F.C. TAB,2469390
جليبوفين 5 / 500 مجم 30 اقراص,GLYBOFEN 5 / 500 MG 30 F.C.TABS,1677533
جليد بخاخ 300 مل تفاح وقرفه,GLADE AIR FRESHENER SPRAY 300 ML APPLE CINNAMON,1400024
جليد بخاخ 300 مل لافندر,GLADE AIR FRESHENER SPRAY 300 ML LAVENDAR SCENT,2268925
جليد بخاخ 300 مل نسيم الصباح,GLADE AIR FRESHENER SPRAY 300 ML MORNING FRESH,2268924
جليد بخاخ 300 مل نعومه الفانيليا,GLADE AIR FRESHENER SPRAY 300 ML SHEER VANILLA EMBRACE,2268926
جليد بخاخ 300 مل ورد,GLADE AIR FRESHENER SPRAY 300 ML ROSE,1844914
جليد غيار اوتوماتيك برائحه عنبر وعود,GLADE AUTOMATIC REFILL WITH SMOOTH OUD AND AMPER SCENT,2282153
جليد غيار جهاز اوتوماتيك 269 مل توت بري,GLADE AUTOMATIC SPRAY REFILL 269 ML WILD BERRY,2562640
جليد غيار جهاز اوتوماتيك 269 مل فانيليا,GLADE AUTOMATIC SPRAY REFILL 269 ML VANILLA,2562641
جليد غيار جهاز اوتوماتيك 269 مل لافندر,GLADE AUTOMATIC SPRAY REFILL 269 ML LAVANDER,2562644
جليد معطر جو 460 مل صن شاين,GLADE AIR FRESHENER SPRAY 460 ML SUN SHIN,1981888
جليد معطر جو 460 مل لافندر,GLADE AIR FRESHENER SPRAY 460 ML LAVENDAR SCENT,1981885
جليد معطر متعدد الاستخدام 480 مل / خوخ,GLADE AIR FRESHENER SPRAY 460 ML AQUA,2268927
جليسرين 5 لبوسه اطفال 12,GLYCERIN ADULT 5 SUPP. (PHARCO),2512492
جليسرين 5 لبوسه للكبار 12,GLYCERIN ADULT 5 SUPP. (PHARCO),2562555
جليسرين بليه / لايف كيميكال,SUGER GLYCERIN ROLL ON,2360237
جليسرين بليه ايه ام واي,SUGER GLYCERIN ROLL ON,1777265
جليسرين بليه بيور توت,SUGER GLYCERIN ROLL ON,2673059
جليسرين سائل 30 مل,AFAK PURE GLYCIRIN 50 ML,1777274
جليسرين صابون شفاف,LUNA SOAP 72 GM GLYCERIN,2623252
جليسرين لبوس اطفال فاركو,GLYCERIN ADULT 5 SUPP. (PHARCO),2329458
جليسرين لبوس كبار 5 لبوس جديد / فاركو,GLYCERIN ADULT 5 SUPP. (PHARCO),2521362
جليسرين مانيزيا 12 ق,EMA GLYCERIN MANIZIA 12 PCS,1777276
جليسوليد سوفت كريم 20 جم صغير,GLYSOLID CREAM SOFT 20 ML DAILY MOISTURZING,2130724
جليسوليد سوفت كريم 200 مل,GLYSOLID SOFT CREAM CLASSIC 200 ML,1400678
جليسوليد شاور 300 م,GLYSOLID SHOWER GEL 300 ML MUSK,1400849
جليسوليد شاور 300 مل,GLYSOLID SHOWER GEL 300 ML MUSK,1777277
جليسوليد كريم 125 جم كبير,GLYSOLID CREAM 125 ML,1665590
جليسوليد كريم 20 جم صغير,GLYSOLID CREAM 20 ML,1400470
جليسوليد كريم 250 مل,GLYSOLID CREAM 250 ML,1680992
جليسوليد كريم 40 جم صغير,GLYSOLID CREAM 40 ML,2602521
جليسوليد كريم 50 مل سوفت,GLYSOLID CREAM SOFT 50 ML DAILY MOISTURZING,1777284
جليسوليد كريم 80 جم وسط,GLYSOLID CREAM 80 ML,1419837
جليسوليد لوشن 200 مل حساس,GLYSOLID BODY LOTION 200 ML FOR SENSITIVE SKIN,1528491
جليسوليد لوشن 200 مل كلاسيك,GLYSOLID BODY LOTION 200 ML CLASSIC,1400477
جليسوليد لوشن 200 مل مسك,GLYSOLID BODY LOTION 200 ML MUSK,1437211
جليفلوزاميت اكس ار 12.5 / 1000 مجم 30 اقراص,GLIFLOZAMET XR 12.5 / 1000 MG 30 F.C.TABS,1492106
جليفلوزاميت اكس ار 25 / 1000 مجم 30 اقراص,GLIFLOZAMET XR 25 / 1000 MG 30 F.C.TABS,903162
جليفلوزينو 10 مجم 30 اقراص,GLIFLOZINO 10 MG 30 F.C. TABS,2312882
جليفلوزينو 5 مجم 30 اقراص,GLIFLOZINO 5 MG 30 F.C.TABS,986446
جليكسامبي 10 / 5 مجم 30 اقراص,GLYXAMBI 10 / 5 MG 30 F.C. TABS,2509312
جليكسامبي 25 / 5 مجم 30 اقراص,GLYXAMBI 25 / 5 MG 30 F.C. TABS,2584069
جليكودال 30 اقراص,GLYCODAL 30 CHEW. TAB.,1996594
جليم مكس غسول للوجه 200 مل,GLEAM MIX FACIAL WASH 200 ML,2455930
جليم مكس كريم جديد,GLEAM MIX SUN SCREEN CREAM 50 GM,2534848
جليم ميكس 50 جرام كريم,GLEAM MIX SUN SCREEN CREAM 50 GM,2561266
جليم ميكس صن سكرين كريم 50 جم,GLEAM MIX SUN SCREEN CREAM 50 GM,2474505
جليم ميكس كريم لتفتيح البشره 50 مجم,GLEAM MIX SKIN WHITENING CREAM 50 MG,2312884
جليماديل 1 مجم 30 اقراص,GLIMADEL 1 MG 30 TAB,2312886
جليماديل 2 مجم 30 اقراص,GLIMADEL 2 MG 30 F.C.TAB.,1767341
جليماديل 3 مجم 30 اقراص,GLIMADEL 3 MG 30 F.C.TAB.,2436024
جليماديل 4 مجم 30 اقراص,GLIMADEL 4 MG 30 F.C. TAB.,1739565
جليماكس 4 مجم 30 كبسول,GLEMAX 4 MG 30 CAPLETS,2224923
جليمباكير 10 مجم 30 اقراص,GLIMPACARE 10 MG 30 TABS.,2312887
جليمباكير 25 مجم 21 اقراص,GLIMPACARE 25 MG 21 TABS.,2469401
جليمباكير 25 مجم كبسول 156,GLIMPACARE 25 MG 21 TABS.,2602528
جليمباكير بلس 10 / 5 مجم 30 اقراص,GLIMPACARE PLUS 10 / 5 MG 30 TABS,2624640
جليمباكير بلس 25 / 5 مجم 30 اقراص,GLIMPACARE PLUS 25 / 5 MG 30 F.C.TABS.,2568919
جليمبوزين 10 مجم 30 اقراص,GLIMPOZIN 10 MG 30 TABS,2128223
جليمبوزين 25 مجم 30 اقراص,GLIMPOZIN 25 MG 30 TABS,2112678
جليمبيريد بلس 4 / 30 مجم 30 اقراص,GLIMEPIRIDE PLUS 4 / 30 MG 30 TABS.,903175
جليمت فورت 800 / 5 مجم 30 اقراص,GLIMET FORTE 5 / 800 MG 30 F.C.TAB.,1468313
جليميت 2.5 / 400 مجم 30 اقراص,GLIMET 2.5 / 400 MG 30 F.C.TAB.,903174
جلينتا كريم 60 جم,GLINTA CREAM 60 GM,2127123
جلينسيرت 2 % كريم موضعي 20 جم,GLENSERT 2 % TOPICAL CREAM 20 GM,1824429
جلينوز جل 20 جم,GELINOSE DELICATE MOISTURUZING GEL 20 GM,903177
جلينوساليك مرهم 15 جم,GLENOSALIC TOP. OINT. 15 GM,2149431
جلينوساليك مرهم 30 جم,GLENOSALIC OINTMENT 30 GM,1653621
جم سي مضمضه 120 مل,GUM C MOUTH WASH 120 ML,2129383
جمبس اوميجا 3 6 9 م 30 كبسوله,,2566442
جمبس جارسينيا للتخسيس 30 كبسوله,,2166223
جمبس سليب واتر ميلاتونين شراب,,2166224
جمبس كيرا بلس 30 كبسوله,,2566441
جن 175 ميل شامبو,JANILKA SHAMPOO 200 ML,2653479
جنادور جل لحب الشباب 50 جم,GANADOR ACNE PRONE GEL 50 GM,1623593
جنادور غسول للوجه للبشره الدهنيه 200 مل,GANADOR SKIN WASH FOR OILY SKIN 200 ML,1468196
جنتا كيور كريم,JOINTA 30 TABS,2635940
جنتا كيور كريم,JOINTA 30 TABS,2642165
جنتاكيور كريم,GENTACURE CREAM 30 GM,2636579
جنتاكيور كريم / فينكس,GENTACURE CREAM 30 GM,2635184
جنتاكيور كريم / كيمت,GENTACURE CREAM 30 GM,2635104
جنتاكيور كريم جديد / كيمت,GENTACURE CREAM 30 GM,2638471
جنتاميسين 80 امبول ج,GENTAMICIN ALEX 80 MG / 2 ML 3 AMP. I.M / I.V INJ.,2681226
جنتاميسين اليكس 80 مجم / 2 مل 3 امبول,GENTAMICIN ALEX 80 MG / 2 ML 3 AMP. I.M / I.V INJ.,2492384
جنتاميسين سلفات سيد 80 مجم 3 امبول,GENTAMICIN ALEX 80 MG / 2 ML 3 AMP. I.M / I.V INJ.,2640839
جنجر 30 اقراص,GINGER 30 TABLETS,2436033
جنجل جل 0.2 % للثه 20 مل 365,BOMBASTIC HAIR GEL 360 ML JUNGLE,2628312
جنجل جل 0.54 % تسنين 20 مل 420,JINJULIFA SYRUP 120 ML,2628313
جنجل جل كبار,BOMBASTIC HAIR GEL 360 ML JUNGLE,2642747
جنجي جل اطفال,GENGICARE MOUTH WASH,2199555
جنجي جل جل كبار,GENGICARE MOUTH WASH,2367867
جنجي كير غسول للفم,GENGICARE MOUTH WASH,2625287
جنجي كير غسول للفم بالقرنفل,GENGICARE MOUTH WASH CLOVE,2143240
جنجي كير غسول للفم نعناع,GENGICARE MOUTH WASH MINT,2143238
جنجيجل جل للتسنين للاطفال 20 مل,GENGIGEL 0.54 % TEETHING GEL 20 ML,2494008
جنجيجل جل للكبار 20 مل,GENGIGEL 0.2 % GINGIVAL ADULT GEL 20 ML,1982269
جنجيكير قرنفل,,2098151
جنكو 40 مجم / مل محلول للفم 30 مل,GINKO 40 MG / ML ORAL SOLN. 30 ML,2537618
جنكو بلس 20 كبسول,GINKO PLUS 20 CAPS.,2469409
جنكو قطره,A M GINKO 30 TABS,2644605
جنكوريفيا 20 اقراص,GINKORAVIA 20 CAPS,2568924
جنكوريفيا قطره بالفم 30 مل,GINKORAVI ORAL DROPS 30 ML,2397158
جنكونورو 30 اقراص,GINKONORO 30 TABS,2141574
جهاز ارو شامبر,SKY AERO CHAMBER,1401408
جهاز سكر جيميت,FINE TEST BLOOD SUGAR DEVICE,2674755
جهاز سكر ديبيتو + 25 شريط هديه,CINO CARE BLOOD GLUCOSE METER + CINO CAREBLOOD GLUCOSE STRIP 25 PCS,2671208
جهاز شمع كوكو,COCO WAX HEATER BOWL,1777300
جهاز ضغط ديجيتال جرانزيا جرانتيتو,GRANZIA TRIBUNE BLOOD PRESSURE MONITOR,2633880
جهاز ضغط ديجيتال روز ماكس Z,MAS DIGITAL ARM PRESSURE,2037119
جهاز ضغط ديجيتال فاسيليتا / جرانزيا,GIRANZIA FACILITA BLOOD PRESSURE MONITOR,2625884
جهاز قياس اكسيجين بالدم بالص,YUWELL FINGER PULSE OXIMETER,2602532
جهاز قياس ضغط ديجيتال اليكترونك,MAS DIGITAL ARM PRESSURE,2646701
جهاز قياس ضغط ديجيتال بلانيت هيلث,PLANET HEALTH PH 250 UPPER ARM BLOOD PRESSURE MONITOR,2637355
جهاز نقل دم,ULTRA BLOOD TRANSFUSION,2131191
جهاز نوبليزر / بيدو,PLANET WHEEZE NEUBELIZER,2336335
جهاز نوبليزر بيدو كبير ايطالي,NEBULIZER MACHINE NEBU LARGE,2224370
جهاز نوبليزر نيبو صغير,NEBULIZER MACHINE NEBU SMALL,2224368
جهاز نيبولايزر J S Lصغير,NEBULIZER MACHINE NEBU SMALL,2637354
جهاز نيبولايزر برتبول محمول تنفس صناعي,WE CARE NEBULISER,2602537
جهاز نيبولايزر ماس تنفس صناعي,WE CARE NEBULISER,2602538
جهاز وريد,CHINESE INTRAVENOUS DEVICE,2407269
جهاز وريد,CHINESE INTRAVENOUS DEVICE,2602541
جهاز وريد,CHINESE INTRAVENOUS DEVICE,1399813
جهاز وريد انتر ميديكا,MUSKO INTRAVENOUS DEVICE,2602540
جهاز وريد فاركو سيت,CHINESE INTRAVENOUS DEVICE,2476512
جهاز وريد ماسكو,MUSKO INTRAVENOUS DEVICE,2513653
جو موفين شراب,GO MOUVIN SYRUP,2141020
جوافليكس ان شراب 120 مل,GUAFLEX N SYRUP 120 ML,2436035
جوافه شراب 120 مل,GUAVA SYRUP 120 ML,1552904
جوانتي اسنان ابيض مقاس L,LATEX GLOVES WHITE SIZE L,2669593
جوانتي اسنان ابيض مقاس M,LATEX GLOVES WHITE SIZE M,2602544
جوانتي اسنان ازرق مقاس L,LATEX GLOVES BLUE SIZE L,2602543
جوانتي اسنان ازرق مقاس XL,LATEX GLOVES BLUE SIZE XL,2628288
جوانتي اسنان اسود مقاس L,LATEX GLOVES WHITE SIZE L,2602542
جوانتي اسنان اسود مقاس M,LATEX GLOVES BLACK SIZE M,2602545
جوانتي اسنان اسود مقاس XL,LATEX GLOVES WHITE SIZE XL,2602546
جوانتي طبي لارج,GENTY 10 SACHETS,2346508
جوانتي عمال ماليزي 2 اكس لارج,MALAYSIAN WORKERS GLOVES L,2361988
جوانتي عمال ماليزي L,MALAYSIAN WORKERS GLOVES L,2602547
جوانتي عمال ماليزي L,MALAYSIAN WORKERS GLOVES L,2331146
جوانتي عمال ماليزي XL,MALAYSIAN WORKERS GLOVES XL,1777340
جوانتي عمال ماليزي XXL,MALAYSIAN WORKERS GLOVES XXL,2618134
جوانتي عمال ماليزي مقاس XL,MALAYSIAN WORKERS GLOVES XL,2602548
جوانتي فحص,GENTY 10 SACHETS,2602550
جوانتي فحص اكياس تقيل,GENTY 10 SACHETS,1400860
جوانتي فحص شفاف,GENTY 10 SACHETS,2384657
جوانتي فحص شفاف ثقيل,GENTY 10 SACHETS,1777341
جوانتي لاتكس ابيض مقاس L,LATEX GLOVES WHITE SIZE L,2130007
جوانتي لاتكس ابيض مقاس M,LATEX GLOVES WHITE SIZE M,2130737
جوانتي لاتكس ابيض مقاس S,LATEX GLOVES WHITE SIZE S,2130103
جوانتي لاتكس ابيض مقاس XL,LATEX GLOVES WHITE SIZE XL,2130104
جوانتي لاتكس ازرق مقاس L,LATEX GLOVES BLUE SIZE L,2130856
جوانتي لاتكس ازرق مقاس M,LATEX GLOVES BLUE SIZE M,2130998
جوانتي لاتكس ازرق مقاس XL,LATEX GLOVES BLUE SIZE XL,2130483
جوانتي لاتكس اسود مقاس L,LATEX GLOVES BLACK SIZE L,2130682
جوانتي لاتكس اسود مقاس XL,LATEX GLOVES BLACK SIZE XL,2131026
جوانتي لاتكس للفحص بدون بودره مقاس L,LATEX EXAMINATION GLOVES FREE POWDER L,1401072
جوانتي لاتكس للفحص بدون بودره مقاس M,LATEX EXAMINATION GLOVES FREE POWDER M,1401069
جوانتي لاتكس للفحص بدون بودره مقاس S,LATEX EXAMINATION GLOVES FREE POWDER S,1401068
جوانتي مطبخ M,WESSAM KITCHEN GLOVES M,2602549
جوانتي مطبخ اكس لارج,GENTY 10 SACHETS,2129976
جوانتي مطبخ لارج,GENERIC LUX KITCHEN GLOVES L,1777344
جوانتي مطبخ ماليزي M,MALAYSIAN HOUSEWORK CLEANING LATEX RUBBER GLOVES SIZE M,1400693
جوانتي مطبخ ميديم,WESSAM KITCHEN GLOVES L,2130083
جواياديسكا شراب 120 مل,GUAIADESCA SYRUP 120 ML,2142443
جوبيد كريم 50 جم,GOBED CREAM 50 GM,2500453
جوتاسي شامبو للشعر 200 مل,JUTASEI SHAMPOO 200 ML,2331234
جوتال لوشن تفتيح 75 مل,GOTAL WHITENING LOTION 75 ML,2098158
جوتز كريم لحب الشباب 50 مل,JOETZ CREAM ACNE PRONE SKIN 50 ML,1714236
جوتز كريم مرطب 50 جم,JOETZ MOISTURIZING CREAM 50 ML,1018397
جوتز لوسيون حب شباب جديد / جين ساي,JOETZ LOTION 100 ML,2331232
جوجل جل للفم 20 جم,JOGEL ORAL GEL 20 GM,2320070
جوجو 14 اكياس,JOJO 14 SACHET,2140245
جود كيرمناديل توليت 2 بكره,GOOD CARE TISSUE TOILET PAPER CLASSIC 2 ROLL,2672827
جوزي بون قطره بالفم 30 مل,GOSY BONE ORAL DROPS 30 ML,2499162
جوسبرين 81 مجم 60 اقراص,JUSPRIN 81 MG 60 ENTERIC COATED TAB.,2474059
جوسبوليد 100 مجم / 5 مل شراب 120 مل,JUSPOLED 100 MG / 5 ML SUSP. 120 ML,2469316
جوسي زيت شعر 120 مل,JUSSY HAIR OIL 120 ML,2508860
جوسي سيرم للبشره 30 مل,JUSSY SERUM 30 ML,2508865
جوسي شامبو وبلسم 300 مل,JUSSY SHAMPOO AND CONDITIONER 300 ML,1881409
جوفري قطره بالفم 10 مل,JAUFREE ORAL DROPS 10 ML,1765082
جوفليكس 500 مجم 30 كبسول,JOFLEX 500 MG 30 CAPS.,2469417
جوفيدركسن 400 مجم 30 اقراص,GUFIDREXN 400 MG 30 TABS.,2128750
جوكا فورت 30 قرص,JOCA FORT 30 TAB,1962292
جوكادو كبسول,JOCADO CAPS,2436039
جوكوزا 30 اقراص,JOCOSA 30 TAB,2499278
جولد بلس غسول مهبلي 250 مل,GOLD PLUS VAG DOUCHE 250 ML,2520938
جولد ترو غسول مهبلي 250 مل,GOLD TRUE VAGINAL DOUCHE 250 ML,1506027
جولد جل 150,GOLD FEM FOAM 150 ML,2669111
جولد جل ماكرو جديد,BION GOLD 10 000 MCG 30 TABS.,2653907
جولد فيم فوم 150 مل,GOLD FEM FOAM 150 ML,2569511
جولد كلنسر 120 مل جديد جديد 100,CALMING SKIN LOTION 120 ML,2462264
جولدن اصابع جلد – 100 قطعه,GOLDEN LEATHER FINGERS 100 PIECES,2601868
جولدن اكت كريم للتجاعيد 120 مل,GOLDEN ACT ANTI AGING CREAM 120 ML,2508708
جولدن ستايل لوشن للشعر 120 مل,GOLDEN STYLE HAIR LOTION 120 ML,2127129
جولدن فير 10 مجم / مل شراب 100 مل,GOLDEN FER 10 MG / ML SYRUP 100 ML,2620442
جولدن فير 100 مجم 30 اقراص,GOLDEN FER 100 MG 30 CHEW. TABS.,2501004
جولدن فير اف 30 اقراص,GOLDEN FER F 30 CHEW. TABS.,2420809
جولدن فير اقراص,GOLDEN FER F 30 CHEW. TABS.,2344275
جولي اويل جديد,JOLICAL 20 TABS,2475933
جولينوتيك 0.5 مجم 2 اقراص,GOLINOTECH 0.5 MG 2 TAB.,1600071
جولينوساب 0.5 مجم 4 اقراص,GOLINOSAB 0.5 MG 4 TAB.,2532512
جوما مور بديل استيل سيستاين,MAGMASITOL 15 SACHETS,2098161
جومامور 10 كبسول,GOMAMOR 10 CAPSULES,1992787
جومامور بديل استيل سيستايين كبسول,GOMAMOR 10 CAPSULES,2680448
جوماموركبسول مذيب للبلغم,,2610759
جومانا حنه للاظافر اسود,JOMANA HENNA FOR NAIL POLISH BLACK,1443758
جومانا حنه للحواجب,JOMANA INSTANT BROW HENNA,2130382
جومانا حنه للرسم علي الجلد,JOMANA HENNA FOR THE SKIN,1443760
جون شامبو ضد القشره 250 مل,GONE ANTI DANDRUFF SHAMPOO 250 ML,2146969
جون فرانس زيت الجوجوبا للشعر 200 مل,JOHN FRANCE JOJOPA FOR HAIR 200 ML,2131515
جون فرانس زيت الحيه للشعر 200 مل,JOHN FRANCE JOHN FRANCE SNAKE OIL FOR HAIR 200 ML,1777362
جون فرانس زيت الروزماري للشعر 200 مل,JOHN FRANCE ROSEMARY FOR HAIR 200 ML,2131516
جون فرانس ماسك 600 مل بالبروتين,JOHN FRANCE HAIR MUSK 600 ML WITH PROTEIN,2131507
جون فرانس ماسك الشعر للتغذيه الفائقه 1000 مل بخلاصه العسل والحليب,JOHN FRANCE ULTRA NOURISHING HAIR MASK WITH HONEY AND MILK EXTRACT 1000 ML,2131512
جون فرانس ماسك للشعر 600 مل بالكولاجين,JOHN FRANCE HAIR MUSK 600 ML WITH COLLAGEN,2131510
جون فرانس ماسك للشعر 600 مل بالكيراتين,JOHN FRANCE HAIR MUSK 600 ML WITH KERATIN,1777356
جون فرانس ماسك للشعر 600 مل بجوز الهند,JOHN FRANCE HAIR MUSK 600 ML WITH COCONUT,2131508
جون فرانس ماسك للشعر 600 مل بزبده الشيا,JOHN FRANCE HAIR MUSK 600 ML WITH SHEA BUTTER,1777355
جون فرانس ماسك للشعر 600 مل بزيت الارجان,JOHN FRANCE HAIR MUSK 600 ML WITH ARGAN OIL,1777353
جون فرانس مقشر القدمين 500 مل باللافندر,JOHN FRANCE LAVENDER FOOT SCRUB 500 ML,2131521
جون فرانس مقشر القدمين 500 مل بينك,JOHN FRANCE FOOT SCRUB 500 ML PINK,2131518
جونا كير تفتيح 185,OXYGENA BLANCOGENA WHITENING CREAM 60 GM,2378432
جونابي 20 كبسول,GONABE 20 CAPS,2255433
جونتينال 30 قرص,JOINTINAL 30 CAPS,1534655
جونسون بلسم بخاخ 200 مل ميجا تشابك للاطفال,JOHNSON'S KIDS CONDITIONER SPRAY NO MORE TANGLES 200 ML,2184173
جونسون بلسم شعر للاطفال عادي 300 مل,JOHNSON'S BABY CONDITIONER 300 ML,2130206
جونسون بلسم شعر للاطفال عادي 500 مل,JOHNSON'S BABY CONDITIONER 500 ML,1777367
جونسون بلسم قطرات لامعه بخاخ 200 مل,JOHNSON'S KIDS CONDITIONER SPRAY SHINY DROPS 200 ML,2681881
جونسون بيبي رغوه حمام 200 مل عاديه,JOHNSON'S BABY BATH 200 ML,1684778
جونسون بيبي رغوه حمام قبل النوم 300 مل لافندر,JOHNSON'S SLEEP TIME BATH 300 ML,2129957
جونسون بيبي رغوه حمام قبل النوم 500 مل لافندر,JOHNSON'S SLEEP TIME BATH 500 ML,2408061
جونسون زيت صغير 75 م صبار اخضر,JOHNSON'S ALOE VERA OIL 75 ML,1399845
جونسون زيت صغير 75 م عادي روز,JOHNSON'S BABY OIL 75 ML,1400590
جونسون زيت كبير 200 م عادي روز,JOHNSON'S BABY OIL 200 ML,1400985
جونسون زيت وقت النوم صغير 75 م لافندر,JOHNSON'S SLEEP TIME OIL 75 ML,1400478
جونسون زيت وقت النوم كبير 200 م لافندر,JOHNSON'S SLEEP TIME OIL 200 ML,1400986
جونسون شامبو 200 مل اصفر,JOHNSON'S BABY SHAMPOO 200 ML,2602559
جونسون شامبو 500 مل اصفر,JOHNSON'S BABY SHAMPOO 500 ML,2602560
جونسون شامبو 750 مل,JOHNSON'S BABY SHAMPOO 750 ML,2602561
جونسون شامبو القطرات اللامعه للاطفال 300 مل بمبي,JOHNSON'S SHINY DROPS KIDS SHAMPOO 300 ML,2265001
جونسون شامبو عادي 100 مل,JOHNSON'S BABY SHAMPOO 100 ML,1400999
جونسون شامبو عادي 200 مل,JOHNSON'S BABY SHAMPOO 200 ML,1404485
جونسون شامبو عادي 500 مل,JOHNSON'S BABY SHAMPOO 500 ML,1400508
جونسون شامبو عادي 750 مل,JOHNSON'S BABY SHAMPOO 750 ML,1400685
جونسون شامبو للتشابك للاطفال 200 مل,JOHNSON'S NO MORE TANGLES KIDS SHAMPOO 200 ML,1777382
جونسون شامبو وقت النوم 200 مل لافندر,JOHNSON'S SLEEP TIME SHAMPOO 200 ML,2170508
جونسون كريم 100 جم سوفت للوجه والجسم,JOHNSONS SOFT CREAM 100 GM,1662155
جونسون كريم 300 جم سوفت للوجه والجسم,JOHNSONS SOFT CREAM 300 GM,2602563
جونسون كريم بشره 100 مل ابيض جلسرين,JOHNSON'S MOISTURIZING CREAM FOR DRY SKIN 100 G BY GLYCRINE,1400290
جونسون كريم بشره 100 مل ازرق مرطب,JOHNSON'S MOISTURIZING CREAM FOR ALL SKIN TYPES 100 G,1399866
جونسون كريم بشره 170 مل ابيض جلسرين,JOHNSON'S MOISTURIZING CREAM FOR DRY SKIN 170 G BY GLYCRINE,1552484
جونسون كريم بشره 170 مل ازرق مرطب,JOHNSON'S MOISTURIZING CREAM FOR ALL SKIN TYPES 170 G,1399956
جونسون كريم للوجه والجسم 200 مل,JOHNSONS SOFT CREAM 200 GM,2672925
جونسون كولونيا 100 مل دريم,JOHNSON'S BABY COLOGNE 100 ML LEMON,2646950
جونسون كولونيا ندي الصباح للاطفال 100 مل ازرق,JONHSON’S BABY COLOGNE MORNING DEW – 100 M,2175272
جونميرا 10 اكياس,JONMERA 10 SACHETS,2628367
جونميرا روزهيب 10 اكياس,JONMERA ROSEHIP 10 SACHETS,1767368
جونوريست 20 اقراص,JONOREST 20 CAP,1767395
جونيل كير اكياس محلول رغوي,JUNEL CARE SACHETS FOAMING SOLUTIONS,2140419
جوي اكسترا حديد 30 اقراص,JOY EXTRA IRON TAB,2436043
جوي بوكس 60,BABY JOY NO 5 60 PICESES,2315032
جوي بوكس 60 مجم 3 اقراص,PRILIGY 60 MG 3 TAB,2629509
جوي بوكس 60 مل 2 شريط,BABONGE SYRUP 60 ML,2098162
جوي بي 100 جرام كريم بديل سودو كريم,J.B.C CREAM 100 GM,2218657
جوي بي كريم 50 جم,JOY B CREAM 50 GM,2173814
جوي حديد 30 اقراص,JOY IRON 30 TABLES,2561662
جويبوكس 60 اقراص 6 اقراص عرض,JOYPOX 60 MG 6 F.C. TABS.,2197729
جويبوكس 60 مجم 3 اقراص + عرض جديد,JOYPOX 60 MG 6 F.C. TABS.,1904354
جويبوكس 60 مجم 6 اقراص + فيتوياجرا اقراص,JOYPOX 60 MG 6 TABLETS + VETOYAGRA TAB,903197
جويبوكس 60 مجم 6 اقراص + كيمبوريك 1 اقراص + فيتوياجرا 5 اقراص,JOYPOX 60 MG 6 TABLETS + KEMPORIC 20 MG 1 TABLET + VETOYAGRA 100 MG 5 TABLETS,2129675
جويبوكس 60 مجم 6 اقراص + كيمبوريك اقراص,JOYPOX 60 MG 6 TAB + KEMPORIC TAB,1822843
جويبوكس 60 مجم 6 ق عرض الكومبو 1,JOYPOX 60 MG 6 F.C. TABS.,2145795
جويبوكس 60 مجم اقراص عرض,JOYPOX 60 MG 6 F.C. TABS.,1860206
جويبوكس اقراص + عرض,JOYPOX 60 MG 6 F.C. TABS.,2018672
جويبوكس كومبو السعر 88,JOYPOX 60 MG 6 TAB + KEMPORIC TAB,2043935
جويبوكس ​​ 60 مجم 6 اقراص,JOYPOX 60 MG 6 F.C. TABS.,2469425
جوينت بلس 60 قرص,JOINT PLUS 60 TABS,1773925
جوينت جارد الترا 30 اقراص,JOINT GUARD ULTRA 30 CAPS,2157846
جوينت جارد الترا كبسول,JOINT GAURD 30 CAPS,2617530
جوينت جارد بلس 30 كبسول,JOINT GUARD PLUS 30 CAPS,2433442
جوينت مارك 30 اقراص 275,H JOINT 30 TABS,2565405
جوينتا 30 اقراص,JOINTA 30 TABS,903198
جوينتال اقراص,JOINTAL TAB,2269573
جوينتدرايف 30 اقراص,JOINTDRIVE 30 CAP,2499843
جوينتكس كبسول,JOINTEX CAP,1359426
جوينتونكس 30 اقراص,JOINTONEX 30 TAB,2129067
جي اكسير فيتامين دي 3 10000 وحده 30 اقراص,G XIR D 3 10000 IU 30 CHEW. TABS,2497682
جي اكسيرا اقراص,LED.G 30 TABS,2637276
جي ام اس اكياس جمع بول,GMS STERILE URINE COLLECTION BAG,2131710
جي ام اس جهاز لنقل المحاليل وريد,GMS INTRAVENOUS DEVICE,2130110
جي اي تي (جيت) 20 كبسول,GIT 20 CAPS.,903204
جي بي سي 50 جم 70,J.B.C CREAM 50 GM,2606571
جي بي سي كريم 100 جم,J.B.C CREAM 100 GM,2144747
جي بي سي كريم 50 جم,J.B.C CREAM 50 GM,903201
جي بي سي كريم 50 جم,J.B.C CREAM 50 GM,2542910
جي بي سي كريم قديم,J.B.C CREAM 50 GM,2646480
جي تي ان كريم 2 برطمان,G.T.N CREAM 50 GM,2643207
جي تي ان كريم 50 جم,G.T.N CREAM 50 GM,2562985
جي دوكس شامبو 200 مل مكاديميا,G DOUX HAIR SAMPOO 200 ML MACADEMIA,1996636
جي سي مول فوار 6 اكياس,G.C. MOL 6 EFF. SACHET,903203
جيباريلون 10 مجم 10 اقراص للمضغ,JEPARILON 10 MG 10 CHEW. TABS,2469434
جيبتي كال دي ك بلس 30 اقراص,GYPTI CAL D K PLUS 30 TAB,2464884
جيبتي كال دي ك شراب 120 مل,GYPTI CAL D K SYRUP 120 ML,2064259
جيبرافاستين 10 مجم 28 اقراص,GYPRAVASTIN 10 MG 28 F.C. TABS,2129071
جيبرافاستين 20 مجم 28 اقراص,GYPRAVASTIN 20 MG 28 F.C. TABS,2146876
جيبرافاستين 40 مجم 28 اقراص,GYPRAVASTIN 40 MG 28 F.C. TABS,2161163
جيبرافاستين 5 مجم 28 اقراص,GYPRAVASTIN 5 MG 28 F.C. TABS,2274922
جيبرافيستين 10 مجم 28 اقراص جديد,GYPRAVASTIN 10 MG 28 F.C. TABS,2680807
جيبسونا 20 سم,GYPSUM 20 CM,2130003
جيت اقراص,JOTILAX 20 TAB,2635890
جيت كبسول 132,GIT 20 CAPS.,2683091
جيت وايت كريم 30 جم,GET WHITE CREAM 30 GM,2098170
جيتروسيتام 800 مجم 20 اقراص,GYTROCETAM 800 MG 20 F.C. TABS,2299890
جيجاليز شراب 100 مل,GEGALASE SYRUP 100 ML,2141412
جيراجينين شراب 150 مل,GIRAGININE SYRUP 150 ML,2210206
جيردكير 5 مجم 30 اقراص,GERDCARE 5 MG 30 F.C.TAB.,1750530
جيرلي اويل 125,GIRLY HAIR OIL 120 ML,2453005
جيرلي اويل س قديم,GIRLY HAIR OIL 120 ML,2359668
جيرلي زيت شعر 120 مل,GIRLY HAIR OIL 120 ML,1396335
جيرلي شامبو للشعر 250 مل,GIRLY HAIR SHAMPOO 250 ML,2508854
جيرلي كريم شعر 100 جم,GIRLY HAIR CREAM 100 GM,2098173
جيرميتين قطره 10 مل,GERMETEN 10 ML DROP,2475938
جيرميزول 14 كبسوله,,1921223
جيرون 20 اقراص,GERON 20 TABS,2469439
جيري فيت اطفال مالتي فيتامين 30 قطعه,JERRY VIT CHILDREN GUMMY MULTIVITAMIN 30 PIECES,2618375
جيزوميزول 40 مجم 14 اقراص,GESOMEZOL 40 MG 14 CAPS.,1821492
جيسترانيل 0.03 / 0.075 مجم 21 اقراص,GESTRANIL 0.03 / 0.075 MG 21 COATED TAB.,903210
جيسكابروفين 25 مجم 20 اقراص,GESKAPROFEN 25 MG 20 F.C. TABS.,2066373
جيسيانو 30 اقراص,GICYANO 30 TABS,2295768
جيسيكيرل مقوي للشعر 120 مل,JESSICURL HAIR TONIC 120 ML,2499192
جيفسكون ادفانس نعناع شراب,GAVISCON ADVANCE ANISE SYRUP 150 ML,2158821
جيفلوج 10 مجم 30 اقراص,GIFLOG 10 MG 30 TABS,1172058
جيفلوج 25 مجم 30 اقراص,GIFLOG 25 MG 30 TAB,2643696
جيفيسكون ادفانس شراب بالنعناع,GAVISCON ADVANCE ANISE SYRUP 150 ML,2436058
جيلاس 20 اقراص,JELACE 20 TABS.,1739603
جيلاس 7 اكياس,JELACE 7 SACHETS,1739604
جيلبلند اكتيف جل 50 مل,GELBLEND ACTIVE GEL 50 ML,2141669
جيلبلند هيدرا مويست 100 جم,GELBLEND HYDRA MOIST 100 GM,1677710
جيلسولينا صابون 72 جم,GELSOLINA SOAP 72 GM,2287031
جيلوبين قطع,JELOBEN GUMMIES,2466309
جيليت اكياس بلو تو بلاس حريمي 5 قطع,GILLETTE BLUE 2 PLUS PINK SHAVER 5 PIECES,1400569
جيليت اكياس بلو تو بلاس رجالي 10 ق + 4 ق,GILLETTE BLUE 2 PLUS SHAVER 10 + 4 PIECES,2168583
جيليت اكياس بلو تو بلاس رجالي 15 ق + 5 ق,GILLETTE BLUE 2 PLUS SHAVER 15 + 5 PIECES,2168593
جيليت اكياس بلو تو بلاس رجالي 5 ق,GILLETTE BLUE 2 PLUS SHAVER 5 PIECES,2168547
جيليت اكياس بلو ثري كمفورت 3 ق,GILLETTE BLUE 3 COMFORT SHAVER 3 PIECES,2168548
جيليت اكياس بلو ثري كمفورت 9 ق + 3 ق,GILLETTE BLUE 3 COMFORT SHAVER 12 PIECES,2131598
جيليت اكياس بلو ثري كول 3 قطع,GILLETTE BLUE 3 COOL SHAVER 6 PIECES,2131591
جيليت بلو تو بلس حصيره 24 ق,GILLETTE BLUE 2 PLUS SHAVER 48 PIECES MEN,2131539
جيليت حصيره ناسيت 24 قطعه,GILLETTE NASET 24 PIECES,1777412
جيليت شفرات بروغلايد 4 موس,GILLETTE VENUS BREEZE 4 REFILLS,2625739
جيليت شفرات بروغلايد باور 4 موس,GILLETTE FUSION POWER 4 RAZORS,2625764
جيليت فينوس امواس كومفورت بريز 3 شفرات 4 غيار,GILLETTE VENUS BREEZE 4 REFILLS,2130608
جيليت فينوس سيمبلي ثري اكياس 4 ق,GILLETTE VENUS SIMPLY 8 + 4 PC,2562150
جيليت فينوس سيمبلي ماكينه لبني 24 قطعه,GILLETTE VENUS SIMPLY 24 PC,2130960
جيليت فينوس كومفورت بريز ماكينه + 2 غيار موف,GILLETTE VENUS BREEZE 2 IN 1 RAZOR HANDLE FOR WOMEN WITH 2 BLADE REFILLS,2131541
جيليت ماكينه حريمي اكياس 5 قطعه,GILLETTE BLUE 2 PLUS PINK SHAVER 5 PIECES,2602575
جيماسيستاين 300 مجم 10 كيس,GEMACYSTEIN 300 MG 10 SACHET,2150313
جيماسيستين 300 مجم 30 كبسول,GEMACYSTEINE 300 MG 30 CAP,2224828
جينا اكس غسول نسائي 200 مل,GENA EX VAGINAL WASH 200 ML,2157636
جينا روز 200 مل,GENA ROSE 200 ML,2004602
جينا فاست جل 60 جم,GENAFAST GEL 60 GM,2399926
جينا فاست كريم 60 جم,GENAFAST CREAM 60 GM,2269352
جيناميسن 80 مجم امبول,GENMYCIN 0.3 % OINT. 15 GM,2389575
جينبين 60 كبسوله,GINIPIN COLLAGEN 60 CAPS,2683146
جينتازون كريم 15 جم,GENTAZONE CREAM 15 GM,2067782
جينتاكور كريم,GENTACURE CREAM 30 GM,2674444
جينتاكيور كريم,GENTACURE CREAM 30 GM,2651689
جينتاكيور كريم,GENTACURE CREAM 30 GM,2635478
جينتاكيور كريم 17,GENTACURE CREAM 30 GM,2670690
جينتاكيور كريم 30 جم 33,GENTACURE CREAM 30 GM,2644399
جينتاكيور كريم 30 جم كبير,GENTACURE CREAM 30 GM,2642148
جينتاكيور كريم 30 جم كبير,GENTACURE CREAM 30 GM,2671611
جينتاكيور كريم 30 جم كبير,GENTACURE CREAM 30 GM,2680617
جينتاكيور كريم 30 جم كبير,GENTACURE CREAM 30 GM,2675516
جينتاكيور كريم صغير 15 جم,GENTACURE CREAM 30 GM,2633672
جينتومي 10 اكياس,GENTOMY 10 SACHETS,2499845
جينجي جل,GENGICARE MOUTH WASH,2372824
جينجي جل,GENGICARE MOUTH WASH,2540253
جينجي جل اطفال,GENGICARE MOUTH WASH,2332799
جينجي جل اطفال,GENGICARE MOUTH WASH,2436061
جينجي جل جل كبار,GENGICARE MOUTH WASH,2512097
جينجي جل رضع,GENGICARE MOUTH WASH,2489576
جينجي جل كبار,GENGICARE MOUTH WASH,2164530
جينجي جل كبار,GENGICARE MOUTH WASH,2300021
جينجيل جل 20 مل جديد,JINJULIFA SYRUP 120 ML,2638422
جينجيل مضمضه جديد,JINJULIFA SYRUP 120 ML,2553866
جينجينورم 30 كبسول,GINGINORM 30 CAPS,2499846
جيندادرو فيتامين دال قطره بالفم 20 مل,GENDADRO D 3 ORAL DROPS 20 ML,2342622
جينكو بيلوبا 30 اقراص (برين باور),GINKO BILOBA 30 CAPS,2128088
جينكوستازين 30 كبسول,GINCOSTAZEN 30 CAP,2406591
جينكونورو بلس 30 كبسول,GINKONORO PLUS 30 CAP,2140618
جينو كومبوند 20 كبسول,JENO COMPOUND 20 CAPS,1847116
جينوبروجيست 2 مجم 28 اقراص,GYNOPROGEST 2 MG 28 TABS.,1089309
جينوترا زوناجين 600 مجم 3 لبوس مهبلي,GYNOTRAZONAGEN 600 MG 3 VAGINAL OVULES+APPLICATOR,1799776
جينوزول 200 مجم 6 لبوس مهبلي,GYNOZOL 200 MG 6 VAG. OVULES,2454080
جينوزول 400 مجم 3 لبوس مهبلي,GYNOZOL 400 MG 3 VAG. OVULES,1495792
جينوسبت 21 اقراص,GYNOCEPT 21 F.C. TAB.,2625624
جينوسبت 21 اقراص بديل ترايوسبت,GYNOCEPT 21 F.C. TAB.,2683001
جينوسيبت 21 ق بديل جينيرا جديد / ادفوكيور,GYNOCEPT 21 F.C. TAB.,2680612
جينوفيل 50 ق اورجينال جديد / ايفا,GENUPHIL ORIGINAL 50 F.C. TAB.,2560543
جينوفيل ادفانس 10 اكياس,GENUPHIL ADVANCE 10 SACHETS,2436069
جينوفيل ادفانس 30 اكياس,GENUPHIL ADVANCE 30 SACHETS,2356436
جينوفيل ادفانس اكياس جديد,GENUPHIL ADVANCE 30 SACHETS,2602579
جينوفيل ادفانس وومان 10 اكياس جديد / ايفا,GENUPHIL ADVANCE 10 SACHETS,2179469
جينوفيل ادفانس وومان 30 اكياس / ايفا,GENUPHIL ADVANCE 30 SACHETS,2216148
جينوفيل اورجنال جديد,GENUPHIL ORIGINAL 50 F.C. TAB.,2682391
جينوفيل اورجينال 50 اقراص 310,GENUPHIL ORIGINAL 50 F.C. TAB.,2680867
جينوفيل اوريجينال 50 اقراص,GENUPHIL ORIGINAL 50 F.C. TAB.,2128208
جينوفيل سيدات 10 اكياس,GENUPHIL WOMAN 10 SACHETS,939292
جينوفيل سيدات 30 اكياس,GENUPHIL WOMAN 30 SACHETS,1027662
جينوفيل شراب 250 مل,GENUPHIL SYRUP 250 ML,1738048
جينوكال 24 اقراص,GINOCAL 24 TABS.,2500337
جينوكونازول 0.4 % كريم مهبلي 30 جم,GYNOCONAZOL 0.4 % VAG. CREAM 30 GM,1770363
جينوكونازول 0.8 % كريم مهبلي 30 جم,GYNOCONAZOL 0.8 % VAGINAL CREAM 30 GM,906659
جينوكونازول 80 مجم 3 لبوس مهبلي,GYNOCONAZOL 80 MG 3 VAG. SUPP,2173492
جينومونيكس 0.4 % كريم مهبلي 30 جم,GYNOMONIX 0.4 % VAG. CREAM 30 GM,2487871
جينومونيكس 0.8 % كريم مهبلي 30 جم,GYNOMONIX 0.8 % VAG. CREAM 30 GM,2542960
جينومونيكس 80 مجم 3 لبوس مهبلي,GYNOMONIX 80 MG 3 VAG. OVULES,2621855
جينومونيكس لبوس,GYNOMONIX 80 MG 3 VAG. OVULES,2682636
جينونال 20 كبسوله,JENONAL COMPOUND 20 TAB,2602583
جينونال مركب 20 اقراص,JENONAL COMPOUND 20 TAB,2436077
جينونال مركب 30 اقراص,JENONAL COMPOUND 30 TAB,2632456
جينيبين سوبر كولاجين 10 اكياس,GINIPIN 10 SACHETS 10 GM,2522947
جينيبين كولاجين 60 كبسول,GINIPIN COLLAGEN 60 CAPS,2398498
جينيرا 21 اقراص,GYNERA 21 COATED TAB.,903226
جينيكا راي صن اسكرين اس بي اف 50 كريم 50 جم,GENICA RAY SUN SCREEN SPF 50 + CREAM 50 GM,2498717
جينيكا راي صن سكرين بعامل حمايه 50 + لوشن 100 مل,GENICA RAY SUN SCREEN SPF 50 + LOTION 100 ML,2498718
جينيكا مويست بلس لوشن 200 مل,GENICA MOIST PLUS LOTION 200 ML,2114074
جينيكا مويست غسول للجسم 200 مل,GENICA MOIST BODY WASH 200 ML,2402197
جينيكا مويست كريم 100 جم,GENICA MOIST CREAM 100 GM,2472830
جينيكا مويست ليب بالم 15 جم,GENICA MOIST LIP BALM 15 GM,2632055
جينيكامويست لوشن,,2632057
جينيكس سيرم للشعر,GENEXC HAIR SERUM,903216
جينيل 10 اكياس,GINIL 10 SACHET,2632972
جيو الين جديد,NOVA JO 30 TAB,2493778
جيو بوتا كي 600 اس ار 30 اقراص,GEO POTA K 600 SR 30 TABS,2624696
جيو كاند بلس 16 / 12.5 م,JOMED PLASTIC GYPSUM 5 INCH,2434335
جيوبروست 30 اقراص,GEOPROST 30 TABS,2473330
جيوبوتا كيه 600 م اقراص,,2644859
جيوبون 30 اقراص,GUEBONE 30 TAB,2618992
جيوجروث اقراص 30 اقراص 150,,2499847
جيوفي 10 كيس,GEUVI 10 SACHETS,2638998
جيوكاند بلس 16 / 12.5 مجم 21 اقراص,GEOCAND PLUS 16 / 12.5 MG 21 TAB.,903227
جيوناميكس,,2043823
جيونيز جل 50 جم,JEUNEZ GEL 50 GM,1426397
حافظه انسولين سمول,INSULIN BAG SIZE S,1400482
حافظه انسولين لارج,INSULIN BAG SIZE L,1401185
حافظه انسولين ميديم,INSULIN BAG SIZE M,1401183
حجامه 6 ق,POTENZA LUXE ISLAMIC HEGAMA 6 PCS,2385917
حجامه 6 كاس,POTENZA LUXE ISLAMIC HEGAMA 6 PCS,1401176
حجر جهاز سكر صيني 5 ق,PANASONIC BUTTON CELL LITHIUM 5 PCS,2130609
حجر خفاف ادورو,ASALA STONE FOR FOOT,2343794
حجر خفاف بولندي وسط مستطيل,FE COLOR PUMICE STONE 14190,2653418
حجر خفاف صيني,FE COLOR PUMICE STONE 14190,1665586
حجر خفاف مصري,FE COLOR PUMICE STONE 14190,1983153
حجر رباعي مبشره + مبرد + فرشه + حجر,ROOFA PUMICE STONE + NAIL BRUCH 027 FC,2396998
حجر قدم اشلي,ADELIE STONE FOR FOOT,2407370
حديدوز 30 اقراص,HADIDOS 30 TABS,1904210
حزام ظهر كامل,FOVERA FULL BACK SUPPORT SIZE SIZE XL,2602586
حفاضات تندركس كبار سن 36 ق كبير,TENDREX ADULT DIAPER L,2602587
حقنه شرجيه جولد,GOLF IRRIGATOR ENEMA,2602588
حقنه شرجيه معلقه,GOLF IRRIGATOR ENEMA,1400330
حلبه ميكس 600 مجم 20 اقراص,HELBA MIX 600 MG 20 TAB,2586960
حلق 12 قطعه,CAFLON CHINE MEDICAL EARRINGS 12 PCS,1400293
حلق طبي مستورد بالقطعه,CAFLON ENGLISH MEDICAL EARRINGS,2558067
حلمه شيكو 2 قطعه + 2,LAFRUTTA BODY SAN 2 PCS,2131365
حمض الفوليك + ميباكو,LERIC FOLIC ACID 30 PIECES,2367126
حمض الفوليك / النيل,LERIC FOLIC ACID 30 PIECES,2305973
حمض الفوليك 5 م النيل جديد,55555 SOUP WITH SALICYLIC ACID 50 GM,2622814
حمض الفوليك 500 ميباكو جديد,55555 SOUP WITH SALICYLIC ACID 50 GM,2646008
حمض الفوليك ابيكو,LERIC FOLIC ACID 30 PIECES,2464660
حمض الفوليك النيل,LERIC FOLIC ACID 30 PIECES,2300560
حمض الفوليك النيل,LERIC FOLIC ACID 30 PIECES,2328406
حمض الفوليك النيل 3 شريط,LERIC FOLIC ACID 30 PIECES,2348115
حمض الفوليك النيل 5 شريط س جديد,55555 SOUP WITH SALICYLIC ACID 50 GM,2381063
حمض الفوليك ايبيكو,LERIC FOLIC ACID 30 PIECES,2631716
حمض الفوليك ميباكو جديد,LERIC FOLIC ACID 30 PIECES,2376994
حمض الفوليك ميباكو جديد,LERIC FOLIC ACID 30 PIECES,2587156
حمض فوليك ابيكو 20 اقراص,LERIC FOLIC ACID 30 PIECES,1857156
حمض فوليك النيل,LERIC FOLIC ACID 30 PIECES,2343629
حمض فوليك النيل 30 اقراص,LERIC FOLIC ACID 30 PIECES,2342621
حمض فوليك ميباكو 20 اقراص جديد,LERIC FOLIC ACID 30 PIECES,2683193
حمض فوليك ميباكو 40,LERIC FOLIC ACID 30 PIECES,2602591
خافض لسان,TONGUE DEPRESSOR SPATULA,2384659
خافض لسان,TONGUE DEPRESSOR SPATULA,2602589
خافض لسان 100 قطعه,TONGUE DEPRESSOR SPATULA,1399840
خلات رصاص 12 ق الاهرام,ALAHRAM EMA LEAD ACETATE 12 PIECES,2131417
خلات رصاص باكت 12 ق,EMA LEAD ACETATE 12 PIECES,2602590
خله اسنان بلاستيك زي 100 ق علبه,ZI WOODEN TOOTHPICKS CLEANING 100 PCS,2672541
خله اسنان خشب كبيره,WOODEN TOOTHPICKS CLEANING 100 PCS,2196831
خله اسنان خشب كبيره مربعه 10 ق بالباكت,WOODEN TOOTHPICKS CLEANING 100 PCS,2602593
خله ملاحه بالدسته,WOODEN TOOTHPICKS LARGE CLEANING 12 PCS,2602594
خميره 60 اقراص,KHAMERA 60 TABS.,2593954
خميره بالاون 20 اقراص,PALAWAN YEAST 20 TABS,2475363
خميره مارفيل 30 اقراص,KHAMERA MARVEL 30 TAB,2537230
خيط اسنان ايفا,FLODENT DENTAL FLOSS 50 M,2333515
خيط اسنان د فلودنت 50 متر,FLODENT DENTAL FLOSS 50 M,1777476
خيط اسنان فوكس,FUCHS DENTAL FLOSS 50 METERS MULTI,2553156
د 3 + ك 2 كبسول 4000 وحده,KADEE 4000 IU 30 CAPSULES,2362754
د 3 تاج قطره,DAVITA D 3 DROPS,2191087
د 3 ك 2 20 اقراص,D 3 K 2 20 TABS,2632068
د 3 لاب شراب 120 مل,D 3 LAB SYRUP 120 ML,2633557
د 3 لازيقه سريعه الذويان,MEDIPHA B 12 30 FILMS,2622213
د اكسجين اميونتي بلس شراب 120 مل,DR OXYGEN IMMUNITY PLUS 120 ML SYRUP,2644527
د اكسجين اميونتي كيدز شراب 120 مل,DR. OXYGEN IMMUNITY KIDS SYRUP 120 ML,2114251
د اكسجين بيوتي لايت 30 اقراص,DR. OXYGEN BEAUTY LITE 30 CAPSULES,2332131
د اكسجين فيتامين دال قطره بالفم 15 مل,DR. OXYGEN VITAMIN D ORAL DROPS 15 ML,2653340
د اكسجين كالسيوم 30 اقراص,DR OXYGEN CALCIUM 30 TABS,2646834
د اوكسجين كرانبيري 30 كبسوله,DR OXYGEN CRANBERRY TRACT 30 CAPSULES,2589437
د دروب قطره جديد,C DROP VITAMIN C,2652875
د ك ديو قطره فيتامين د 3 400,LINGAZYM D 3 DROPS,2398276
د ك ديو قطره فيتامين دي جديد,D K DUO VITAMIN ORAL DROPS 20 ML,2672969
دا فريش بخاخ 30 مل,DA FRESH SPRAY 30 ML,2543430
دابابليكس 10 مجم 30 اقراص,DAPABLIX 10 MG 30 F.C.TABS,948149
دابابليكس 5 مجم 30 اقراص,DAPABLIX 5 MG 30 F.C.TABS,903236
دابابليكس ميت 10 / 1000 مجم 30 قرص,DAPABLIX MET 10 / 1000 MG 30 TABLETS,939293
داباجلوزا 5 مجم 30 اقراص,DAPAGLOZA 5 MG 30 TAB,2378144
داباجلوزنال 5 مجم,,2636082
داباجليف 10 مجم 14 اقراص,DAPAGLIF 10 MG 14 F.C. TABS.,2602596
داباجليف بلس اكس ار 10 مجم / 1000 مجم 14 اقراص,DAPAGLIF PLUS XR 10 MG / 1000 MG 14 F.C. TABS,1608262
داباجليفلوزين 10 مجم 30 اقراص,DAPAGLIFLOZIN EVA 10 MG 30 F.C. TABS.,2668043
داباجليفلوزين 5 مجم 30 اقراص,DAPAGLIFLOZIN EVA 5 MG 30 F.C. TABS.,1974845
داباجليفوزين ايفا 10 مجم 30 اقراص,,2560086
دابافيلداكتين 10 مجم 28 اقراص,DAPAVELDACTIN 10 MG 28 F.C. TABS.,2158826
دابافيلداكتين 5 مجم 28 اقراص,DAPAVELDACTIN 5 MG 28 F.C. TABS.,1031747
دابافيلداكتين بلس 5 / 1000 مجم 28 اقراص,DAPAVELDACTIN PLUS 5 / 1000 MG 28 F.C. TABS.,2474567
دابافيلداكتين بلس 5 / 850 مجم 28 اقراص,DAPAVELDACTIN PLUS 5 / 850 MG 28 F.C. TABS.,2436087
دابر المسواك جولد معجون اسنان 120 جم,DABUR MISWAK GOLD TOTAL CARE TOOTHPASTE 120 GM,1821613
دابر المسواك معجون اسنان 120 + 20 جم مجانا,DABUR MISWAK HERBAL FRESH TOOTHPASTE 120 GM + 20 GM,1400107
دابر المسواك معجون اسنان 120 جم,MISWAK TOOTH PASTE 120 GM,2130043
دابر المسواك معجون اسنان 50 جم,MISWAK TOOTH PASTE 50 GM,1400108
دابر المسواك معجون اسنان بالنعناع 120 جم + 20 جم مجانا,DABUR MISWAK TOOTHPASTE 120 GM WITH MINT + 20 GM FREE,1498343
دابر المسواك معجون اسنان بالنعناع 125 جم,DABUR MISWAK TOOTHPASTE 125 GM,2130167
دابر المسواك معجون اسنان بالنعناع 50 مل,DABUR MISWAK TOOTHPASTE 50 GM WITH MINT,2131586
دابر المسواك معجون اسنان بالنعناع 50 مل + 10 جم مجانا,DABUR MISWAK TOOTHPASTE 50 GM WITH MINT + 10 GM FREE,1520397
دابر ريد معجون اسنان 100 مل,DABUR RED TOOTHPASTE 100 GM,1777475
دابر هيربال معجون اسنان 140 مل + فرشه هديه,DABUR HERBAL GUM CARE NEEM 140 GM + TOOTHBRUSH,2168537
دابر هيربال معجون اسنان بالفحم 140 مل,DABUR HERBAL EXPERT WHITENING TOOTHPASTE 140 GM,1777478
دابر هيربال معجون اسنان بالفحم 30 مل,DABUR HERBAL EXPERT WHITENING TOOTHPASTE 30 GM,2456465
دابر هيربال معجون اسنان بالقرنفل 140 جم,DABUR HERBAL CAVITY PROTECTION CLOVE TOOTHPASTE 140 GM,2233493
دابر هيربال معجون اسنان بالقرنفل 30 جم,DABUR HERBAL CAVITY PROTECTION CLOVE TOOTHPASTE 30 GM,2168940
دابسوكريل 5 % جل 30 جم,DAPSOCYRL 5 % ACNE SKIN GEL 30 GM,2344966
دابسون 100 مجم 20 اقراص,DAPSONE 100 MG 20 TABS.,2193062
دابسون 50 مجم 20 اقراص,DAPSONE 50 MG 20 TAB.,2250427
دابوكستارد 60 مجم 3 اقراص,DAPOXTARD 60 MG 3 F.C. TABS.,1322210
دابوكيز 20 كبسول,DABOCASE 20 CAPS,1739636
دابيديل اكياس,DEPADOLLS GEL MASSAGE 120 GM,1547094
دابيلارت 10 مجم 28 اقراص,DAPILART 10 MG 28 F.C. TABS,2221570
داتريني 30 كبسول,DATRINI 30 CAPS,2140617
داجو 10 اكياس,DAGO 10 SACHETS,2532683
داجو بلس شامبو للشعر 250 مل,DAGO PLUS HAIR SHAMPOO 250 ML,2160848
داجو شامبو 250 مل 350,DAGO HAIR SHAMPOO 250 ML,2646414
داجو شامبو الشعر 200 مل,DAGO HAIR SHAMPOO 200 ML,1455552
داجو شامبو الشعر مضاد القشره 250 مل,DAGO HAIR SHAMPOO 250 ML,903246
داريان شامبو للشعر 200 مل,DARYAN SHAMPOO 200 ML,2475943
داريان كول شامبو للشعر 200 مل,DARYAN COAL HAIR SHAMPOO 200 ML,1738051
دافاسك 100 مجم 20 اقراص,DAVASC 100 MG 20 CAPS,2326475
دافاليندي 5000 وحده 30 اقراص,DAVALINDI 5000 I.U. 30 TABS,2369304
دافركس 15 اقراص,DAFREX 15 F.C.TAB.,1368075
دافروسين 30 اقراص,DAFROCIN 30 CAPS,2127565
دافلوفيكس 20 اقراص,DAFLOFIX 20 CAPS,1737056
دافلوفيكس 30 اقراص,DAFLOFIX 30 TABS,2265648
دافلون 1000 مجم 30 اقراص,DAFLON 1000 MG 30 F.C. TABS,1396362
دافلون 500 مجم 30 اقراص,DAFLON 500 MG 30 F.C. TABS.,2312918
داكتو 100 مجم 10 اكياس,DACTO 100 MG 10 SACHETS,1739642
داكس كريم صفيح 100 م احمر,DAX CREAM 100 GM WAVE AND GROOM RED,2169657
داكس كريم صفيح 100 م اخضر,DAX CREAM 100 GM GREEN AND GOLD GREEN,2073334
داكس كريم صفيح 100 م ازرق,DAX CREAM 100 GM BLUE SHORT AND NEAT BLUE,2168837
داكس كريم صفيح 100 م برتقالي,DAX CREAM 100 GM NEAT WAVES ORANGE,2168842
داكس كريم صفيح 100 م بيج,DAX CREAM 100 GM HIGH AND TIGHT AWESOME HOLD BIGE,2276290
داكس كريم صفيح 100 م زيتي,DAX CREAM 100 GM HIGH AND TIGHT SHINE DARK GREEN,2472204
داكس كريم صفيح 100 م فضي,DAX CREAM 100 GM SHAPER SILVER,2168843
داكس كريم صفيح 100 م موف,DAX CREAM 100 GM SUPER NEAT PURPLE,2472207
داكي كريم تفتيح 60 جم,DAKY WHITENING CREAM 60 GM,2146518
داكي كريم تفتيح للاماكن الحساسه 50 جم,DAKY WHITENING CREAM FOR SENSITIVE ZONE 50 GM,1752104
داكي كريم تفتيح ليلي 50 جم,DAKY NIGHT WHITENING CREAM 50 GM,2543443
داكي كريم تفتيح مناطق حساسه,DAKY WHITENING CREAM 60 GM,2652862
داكي كريم تفتيح نهاري,DAKY WHITENING CREAM 60 GM,2617473
داكي مناطق حساسه كريم جديد,DAKY WHITENING CREAM 60 GM,2653604
داكي نايت كريم,DAKY WHITENING CREAM 60 GM,2680797
دالاسين سي 300 مجم 10 كبسول,DALACIN C 300 MG 10 CAPS.,2411447
دالدروب نقط فيتامين د 3,DALDROP DROP,2498827
دالفاروزيس 10 مجم 20 اقراص,DALFAROSIS 10 MG 20 EXT. REL. F.C. TABS.,2408720
دالفاروزيس 10 مجم 20 اقراص,DALFAROSIS 10 MG 20 EXT. REL. F.C. TABS.,2681658
دالو لايف فوار 10 اكياس سيف لايف,DOLO D 20 TAB.,2161284
دالوبلينت 30 اقراص,DALUPLENT 30 TABS,2402856
دالولايف 10 اكياس,DALOLIFE 10 SACHET,1992783
دالين قطره بالفم 15 مل,DALINE ORAL DROPS 15 ML,2240656
دام لايت سيرم تفتيح 30 مل,DAM LIGHT WHITENING SERUM 30 ML,2499073
دان اوف هير شامبو 250 مل,DAN OFF HAIR SHAMPOO 250 ML,2113290
داناسيترون 4 مجم / 2 مل 5 امبول,DANASETRON 4 MG / 2 ML 5 AMPS.,2497885
داناسيترون 8 مجم / 4 مل 5 امبول,DANASETRON 8 MG / 4 ML 5 AMP.,2497886
دانبيتو شراب 120 مل,DANPITO SYRUP 120 ML,2193073
دانتريلاكس 25 مجم 30 كبسول,DANTRELAX 25 MG 30 CAPS.,2396470
دانتريلاكس مركب 30 كبسول,DANTRELAX COMPOUND 30 CAPS.,2098214
داند مون شامبو ضد القشره 200 مل,DAND MOON ANTI DANDRUFF SHAMPOO 200 ML,2342704
داندسيتا شامبو ضد القشره 150 مل,DANDCETA ANTI DANDRUFF SHAMPOO 150 ML,2638670
داندسيتا لوشن للفطريات,DANDCETA LOTION 100 ML,2638671
داندل شامبو 250 مل,DANDEL HAIR SHAMPOO 250 ML,2497857
داندل كريم شعر 100 جم,DANDEL HAIR CREAM 100 GM,2491786
داندي فيرا بخاخ للشعر 120 مل,DANDIVERA HAIR SPRAY 120 ML,2066162
داندي فيرا شامبو للشعر 180 مل,DANDIVERA HAIR SHAMPOO 180 ML,2144183
دانديفيرا شامبو 180 مل,,2630810
دانديفيرا شامبو 180 مل 120,,2463120
دانديفيرا شامبو جديد,,2433974
دانديفيرا لوسيون,,2366433
دانديفيرا لوسيون بخاخ,,2355567
دانست 4 مجم / 2 مل 3 امبول,DANSET 4 MG / 2 ML 3 AMP.,903264
دانست 4 مجم / 2 مل 6 امبول,DANSET 4 MG / 2 ML 6 AMP,2637346
دانست 4 مجم 6 امبوله 165,DANSET 8 MG / 4 ML 6 AMP,2679842
دانست 8 مجم / 4 مل 3 امبول,DANSET 8 MG / 4 ML 3 AMP.,2472886
دانست 8 مجم / 4 مل 6 امبول,DANSET 8 MG / 4 ML 6 AMP,2399634
دانوفران 4 مجم 1 امبول,DANOFRAN 4 MG 1 AMP.,2216024
دانوفران 8 مجم امبول,DANOFRAN 8 MG AMP.,1765213
داودي د 3 قطره بالفم 10 مللي,DAWDY D 3 ORAL DROPS 10 ML,2523351
داونبيتس تريو 1000 / 5 / 10 مجم 20 اقراص,DOWNBETES TRIO 25 / 5 / 1000 MG 20 EXTENDED RELEASE TABLETS,2626476
داونبيتس تريو 1000 / 5 / 25 مجم 20 اقراص,DOWNBETES TRIO 25 / 5 / 1000 MG 20 EXTENDED RELEASE TABLETS,2626477
داونستيرولين 10 / 20 اقراص,DOWNSTEROLIN 10 / 20 MG 28 F.C. TABS.,2680484
داونستيرولين 10 / 20 مجم 28 اقراص,DOWNSTEROLIN 10 / 20 MG 28 F.C. TABS.,2193080
داونستيرولين 10 / 40 مجم 28 اقراص,DOWNSTEROLIN 10 / 40 MG 28 F.C. TABS.,2159051
داونوبرازول 1860 / 20 مجم 7 اكياس,DOWNOPRAZOL 20 / 1680 MG PD. FOR ORAL SUSP. 7 SACHETS,1658402
داونوبرازول 20 / 1100 مجم 14 كبسول,DOWNOPRAZOL 20 / 1100 MG 14 CAPS.,2522961
داونوبرازول 40 / 1100 مجم 14 كبسول,DOWNOPRAZOL 40 / 1100 MG 14 CAPS.,903269
داونوبرازول 40 / 1680 مجم 7 اكياس,DOWNOPRAZOL 40 / 1680 MG PD. FOR ORAL SUSP. 7 SACHETS,903271
دايت سويت 100 اقراص,DIET SWEET 100 TABS,2169055
دايت سويت 350 اقراص,DIET SWEET 350 TABS,2169054
دايجست ايز 20 كبسول,DIGEST EZE 20 CAPS.,2469509
دايجستوزيم 20 اقراص,DIGESTOZYME 20 E.C. TABS.,2471875
دايجينورم 20 اقراص,DIGENORM 20 TABS,2140290
دايجينورم شراب 120 مل,DIGENORM SYRUP 120 ML,903277
دايريكت جهاز قياس السكر في الدم,DIRECT BLOOD SUGAR GR,1433674
دايزومين بلس كبسول,DIOSMIN PLUS 500 MG 30 F.C.TAB.,2681057
دايسيتا كريم 30 جم,DICETA CREAM 30 GM,2339466
دبابابليكس مت 10 / 1000,,2616934
درافو 100 مجم 14 اكياس,DRAVO 100 MG 14 SACHETS,1862627
دراكون اي كونتور 10 مل,DRAKON MICELLAR WATER 100 ML,2130780
دراكون رول اون اخضر باشون بيك عرض 1 + 1,DRAKON WHITENING ROLL ON PASSION PEAK OFFER 1 + 1,2140446
دراكون رول اون مزيل عرق للتفتيح بينك بابيل عرض 1 + 1,DRAKON WHITENING ROLL ON PINK BUBBLE OFFER 1 + 1,2431552
دراكون رول اون مزيل عرق للتفتيح لولي بوب عرض 1 + 1,DRAKON WHITENING ROLL ON LOLLIPOP CANDY OFFER 1 + 1,2140447
دراكون رول اون مزيل للعرق تفتيح عود عرض 1 + 1,DRAKON WHITENING ROLL ON ORIENTAL OUD OFFER 1 + 1,1677789
دراكون رول اون مزيل للعرق للتفتيح باشون بيك عرض 1 + 1,DRAKON WHITENING ROLL ON PASSION PEAK OFFER 1 + 1,1669398
دراكون صن سكرين جل كريم 60 مل 1 + 1,DRAKON SUN SCREEN GEL CREAM 60 ML 1 + 1 OFFER,1846693
دراكون صن سكرين لوسيون عرض 1 + 1,DRAKON SUN SCREEN LOTION OFFER 1 + 1,1852095
دراكون غسول للوجه بشره دهنيه بامب 200 مل,DRAKON WHITENING FACIAL WASH FOR OILY SKIN 200 ML,1669397
دراكون غسول نسائي 200 مل,DRAKON INTIMATE FEMININE WASH 200 ML,2562648
دراكون غسول وكريم روتين تفتيح المناطق الحساسه 50 مل,DRAKON SENSO WHITENING CREAM 50 GM,2240842
دراكون كريم تفتيح للوجه 50 جم,DRAKON FACE WHITENING CREAM WITH SPF 50 GM,1669399
دراكون وايتينج اي كونتور عرض خاص,DRAKON SUN SCREEN SPRAY OFFER 1 + 1,1547129
دراكون وايتينج اي كونتور لايت عرض خاص,DRAKON SUN SCREEN LOTION OFFER 1 + 1,2140449
درامينكس 50 مجم 20 اقراص,DRAMENEX 50 MG 20 TABS.,1637420
دراي بوست فوط نسائيه بعد الولاده 10 ق,DRY POST SUPER ABSORBENT POSTPARTUM PADS 10 PADS,2130254
درسنج غيار جراحي 15 25 علبه,ACTIVE DRESSING 15 X 25 CM,2602619
درسنج غيار جراحي اكسترا 10 10 علبه,SQURE DRESSING 10 X 20 CM,2602614
درسنج غيار جراحي اكسترا 10 20 علبه,SQURE DRESSING 10 X 20 CM,2602615
درسنج غيار جراحي لاصق 10 18 علبه,ROYAL DRESSING 10 X 18 CM,2602617
درسنج غيار جراحي لاصق 10 25 علبه,ROYAL DRESSING 25 X 10 CM,2602618
درسنج غيار جراحي لاصق 6 8 علبه,FOUR M DRESSING 6 X 8 CM,2602621
درلجي 60 مجم 3 شريط 80 باكو,DERILGY 60 MG 3 F.C. TABS.,2644040
درلجي 60 مجم 6 اقراص,DERILGY 60 MG 6 F.C. TABS.,2456096
درموفيت 0.05 % كريم 25 جم,DERMOVATE 0.05 % TOP. CREAM 25 GM,1399370
درموفيت 0.05 % مرهم 25 جم,DERMOVATE 0.05 % OINTMENT 25 GM,2144735
درموكالم لوسيون 120 مل,DERMOCALM TOPICAL LOTION 120 ML,2553814
دروبلت سنون قلم انسولين 4 مل 100 قطعه,DROPLET INSULIN NEEDLES 4 MM 100 PCS,1821968
دروبيجين نقط 30 مل,DROPEGEN 30 ML DROPS,2205871
دروبيفلوكس قطره للاذن 15 مل,DROPIFLOX OTIC DROPS 15 ML,2571199
دروسباديول 0.03 / 3 مجم 21 اقراص,DROSPADIOL 0.03 / 3 MG 21 F.C.TAB.,2076527
دروسبيفيم 0.03 / 3 مجم 21 اقراص,DROSPIFEM 0.03 / 3 MG 21 TABS.,2672972
دروسبينيتا 4 مجم 28 اقراص,DROSPINETTA 4 MG 28 F.C.TABS.,2436119
دريسينج شاش 10 10 فارماتك 40 ق,ROYAL SURGICAL PAD 10 12 CM,2625895
دريسينج شاش 15 25 فارما تك 12 ق,ABSORBENT DRESSING PAD 15 25 CM 10 PIECES,2625896
دريسينج شاش اكتف 10 10 25 ق,ABSORBENT DRESSING PAD 10 25 CM 1,2625765
دريسينج شاش اكتف 15 25 10 ق,ACTIVE DRESSING 15 X 25 CM,2625726
دريسينج شاش دريم ميد 10 10 30 ق,ROYAL SURGICAL PAD 10 35 CM,2131139
دريسينج شاش دريم ميد 15 25 12 ق,ROYAL SURGICAL PAD 10 12 CM,2131138
دريسينج شاش سيريجيكال توب 10 20 20 ق,ABSORBENT DRESSING PAD 10 20 CM 16 PIECES,2361990
دريسينج لاصق دريم ميد 10 18 20 ق,DURA MED ABSORBANT DRESSING 10 20,2260765
دريسينج لاصق دريم ميد 6 8 75 ق,FOUR M DRESSING 6 X 8 CM,2260766
درينكنج بودر 50 جم اكياس,DRINKING 10 SACHETS 5 GM,2672752
درينكينج 10 اكياس 5 جم,DRINKING 10 SACHETS 5 GM,1471000
درينكينج اعشاب 10 اكياس 5 جم,DRINKING 10 SACHETS 5 GM,2596891
درينكينج بودر 100 جم برطمان,DRINKING POWDER 100 GM,1653702
درينكينج بودر 200 جم برطمان,DRINKING POWDER 200 GM,1620482
درينكينج حبيبات للاطفال 50 جم 35,DRINKING 10 SACHETS 5 GM,2624014
دكتارين 2 % كريم 15 جم,DAKTARIN 2 % CREAM 15 GM,2582902
دكتر اكسجين اميونتي بلس شراب,DR SWEETY 50 SACHET,2559695
دكتر اوكسجين اكتيف ب 12,DR SWEETY 50 SACHET,2462550
دكتر اوكسجين بيوتي لايف,DR SWEETY 50 SACHET,2427114
دكتر اوكسجين بيوتي لايف,DR SWEETY 50 SACHET,2462549
دكتر اوكسجين فيتامين د قطره,DR. RASHEL 10 PIECE VITAMIN E,2462552
دكتور اكسجين العظام والمفاصل اكياس,DR SWEETY 50 SACHET,2633041
دكتور اكسجين كالسيوم 30 كبسول,DR SWEETY 50 SACHET,2675422
دكتور اوكسجين ب 12 اقراص,DR. DIET 100 TAB SUGAR,2570069
دكتور اوكسجين بيوتي لايت كبسول,DR SWEETY 50 SACHET,2675415
دكتور اوكسجين فيتامين ب 12 30 اقراص 180,DR. DIET 100 TAB SUGAR,2589434
دكتور سيلوان بانثينول 50 جرام,DR SELWAN ANTI AGEING CREAM 50 GM,2166227
دكتور سيلوان جيل صبار لترطيب الجلد 250 جم,DR. SILWAN PURE ALOE VERA SKIN GEL 250 G,2177399
دكتور سيلوان كريم بانثينول 50 مجم,DR SELWAN ANTI AGEING CREAM 50 GM,2177405
دكتور سيلوان كريم لشد الجلد 250 جرام,DR SELWAN FIRMING CREAM 250 GM,2177404
دكتور سيلوان لوشن للاظافر 5 مل,DR SELWAN ANTI AGEING SERUM 30 ML,2166228
دكتور فاستر اوليكس امبولات للشعر,DR.FASTER OILEX HAIR VAIL,1763378
دكسترافاست 25 مجم 20 اقراص,DEXTRAFAST 25 MG 20 F.C. TABS.,1853016
دكستروميلون شراب 100 مل,DEXTROMYLON SYRUP 100 ML,2643697
دكسيوم 500 مجم 30 كبسول,DOXIUM 500 MG 30 CAPS.,2454147
دلبانتو اقراص,DELPANTO 20 MG 14 ENTERIC COATED TAB,2645890
دلتا كلاف 457 شرب,DELTAVIT B 12 1 MG 30 SUBLINGUAL TAB,2340687
دلتارينو بخاخ للانف 15 مل,DELTARHINO NASAL SPRAY 15 ML,1632527
دلتازون 0.25 مجم / 5 مل شراب 120 مل,DELTASONE 0.25 MG / 5 ML SYRUP 120 ML,2553807
دلتازون 0.75 مجم 30 اقراص,DELTASONE 0.75 MG 30 TAB.,2226218
دلتافيت ب 12 1 مجم 30 اقراص,DELTAVIT B 12 1 MG 30 SUBLINGUAL TAB,2602626
دلتاكلاف 1 جم 14 اقراص,DELTACLAV 1 GM 14 TABS,1428638
دلتاكلاف 457 مجم / 5 مل شراب 80 مل,DELTACLAV 457 MG / 5 ML PD. FOR ORAL 80 ML SUSP.,2436125
دلتاكلاف 642.9 مجم / 5 مل 80 مل شراب,DELTACLAV 642.9 MG / 5 ML PD. FOR ORAL 80 ML SUSP.,1637417
دلرجي كبسول,,2602627
دلزوسين 500 مجم 3 اقراص,DELZOSIN 500 MG 3 F.C.TABS,2469532
دلزوسين 500 مجم 6 اقراص,DELZOSIN 500 MG 6 F.C.TABS,903303
دلزوسين 600 اقراص,DELZOSIN 600 MG 6 F.C.TABS,2680859
دلزوسين 600 مجم 6 اقراص,DELZOSIN 600 MG 6 F.C.TABS,903304
دلينجو شراب 120 مل,DILENGO SYRUP 120 ML,1979031
دوا كيلر 50 جم كريم,HELDA CREAM 50 GM,2181501
دوافيترول 300.000 وحده 1 امبول,DAWAVITROL 300.000 I.U 1 AMP,2084864
دوباجون 2.5 مجم 20 اقراص,DOPAGON 2.5 MG 20 TAB.,2312944
دوباجون 20 اقراص,DOPAGON 2.5 MG 20 TAB.,2682640
دوبامينكت 1 مجم 20 اقراص,DOPAMINECT 1 MG 20 TABS.,2500684
دوبل كير سكين جيل 50 جم,DOUBLE CARE SKIN GEL 50 GM,2464885
دوجوبيري 20 اقراص,DUGOBERRY 20 CAPS,2499487
دوجوفولا 20 اقراص,DUGOFOLA 20 TABS,2100181
دوجوفيريتن 20 اقراص,DUGOFERTIN 20 TABS,2565256
دوجوفيم 30 اقراص,DUGOFEM 30 CAPS,2100183
دوجونير 20 اقراص,DUGONER 20 CAPS,2565258
دودارت 0.5 / 0.4 مجم 30 كبسول,DUODART 0.5 / 0.4 MG 30 CAPS.,1457517
دودج لوشن للشعر 120 مل,DODGE HAIR LOTION 120 M,2146971
دورزولامول قطره 5 مل,DORZOLAMOL EYE DROPS 5 ML,2500207
دوركو ماكنيه حلاقه اكياس حريمي 5 + 1,DORCO EVE 2 SIMPLE BLADES 6 RAZORS 5 + 1,1779243
دوركو ماكينه حريمي ايفي 6 شفره 2 غيار + يد,DORCO EVE 6 BLADES 2 RAZOR + HAND,1779238
دورمانت تشطيف مهبلي 120 مل,DORMANT VAG.DOUCHE 120 ML,2471687
دورمانت تشطيف مهبلي 240 مل,DORMANT VAG.DOUCHE 240 ML,2474558
دورمانت غسول مهبلي 240 مل 70,DORMANT VAG.DOUCHE 240 ML,2673401
دورميفال 20 كبسول,DORMIVAL 20 CAPS.,903313
دورو صابون بالجلسرين 150 جم,DURU GLYCERIN SOAP 150 GM,2166968
دوروفين 30 كبسول,DOROFEN 30 CAPS.,1175632
دوزوفا اشواجند,DOZOVA ASHWAGANDHA 60 CAPS,2640278
دوزوفا اشواجندا 30 كبسول,DOZOVA ASHWAGANDHA 30 CAPS,2638540
دوزوفا اشواجندا 60 كبسول,DOZOVA ASHWAGANDHA 60 CAPS,2146872
دوزوفا الفا ليبويك اسيد 600 مجم 30 اقراص,DOZOVA ALPHA LIPOIC ACID 600 MG 30 F.C. TABS,2454135
دوزوفا سيدات ماكس اقراص,DOZOVA MAN MAX 30 TAB,2441627
دوزوفا فليكسيتا 30 اقراص,DOZOVA FLEXETA 30 TAB,1767482
دوزوفا كيو 10 كو انزيم 30 كبسول,DOZOVA Q 10 CO ENZYME 30 CAP,2299291
دوزوفا مان ماكس 30 اقراص,DOZOVA MAN MAX 30 TAB,2265239
دوزوفا ميلاتونين 5 مجم 30 كبسول,DOZOVA MELATONIN 5 MG 30 CAPS,2464107
دوزوفا ميلاتونين 5 مجم 60 كبسول,DOZOVA MELATONIN 5 MG 60 CAPS,2296820
دوزوفا ناد,DOZOVA NAD 60 CAPS,2682768
دوزوفا ناد 30 كبسول,DOZOVA NAD 30 CAPS,2296821
دوزوفا ناد 60 كبسول,DOZOVA NAD 60 CAPS,2434108
دوزوفا ومان ماكس 30 اقراص,DOZOVA WOMAN MAX 30 F.C. TABS,2265240
دوزين 1 مجم 20 اقراص,DOSIN 1 MG 20 TAB.,2436131
دوزين 2 مجم 20 اقراص,DOSIN 2 MG 20 TAB.,1867805
دوزين 4 مجم 20 اقراص,DOSIN 4 MG 20 TAB.,2161575
دوسباتالين ريتارد 200 مجم 30 كبسول,DUSPATALIN RETARD 200 MG 30 CAPS.,988605
دوستيلاكت 0.5 مجم 2 اقراص,DOSTILACT 0.5 MG 2 TABS,2049485
دوستيلاكت 0.5 مجم 4 اقراص,DOSTILACT 0.5 MG 4 TABS,1455169
دوستينكس 0.5 مجم 2 اقراص,DOSTINEX 0.5 MG 2 TAB.,903321
دوش مهبلي كريستينا,CRISTINA VAGINNAL DOUSH,2602632
دوف استيك 50 جم انفزابل,DOVIL CREAM 50 GM,2562184
دوف بخاخ 150 مل ايفن تون خ س,DOVE ANTIPERSPIRANT DEODORANT SPRAY FOR WOMEN 150 ML EVEN TONE,2674488
دوف بخاخ 150 مل جو فريش بالخيار والشاي الاخضر,DOVE MEN DRY AEROSOL DEODORANT 150 ML GO FRESH CUCUMBER GREEN TEA,2040105
دوف بخاخ اوريجنال,DOVE SPRAY FOR 150 ML ORIGINAL OFFER,2673176
دوف بخاخ ليفر 150 مل اوريجنال,DOVE MEN DRY AEROSOL DEODORANT 150 ML ORIGENAL,1847124
دوف بديل الزيت 300 مل الاصلاح المكثف امبوبه,DOVE OIL REPLACEMENT INTENSIVE REPAIR 300 ML,2625879
دوف بلسم 350 مل الاصلاح المكثف,DOVE CONDITIONER 350 ML INTENSIVE REPAIR,1626276
دوف بلسم 350 مل الزيوت المغذيه,DOVE CONDITIONER 350 ML NOURISHING OIL,1400597
دوف بلسم 350 مل العنايه اليوميه,DOVE CONDITIONER 350 ML DAILY CARE,2306210
دوف بلسم 350 مل تشابك,DOVE CONDITIONER 350 ML DAILY CARE,2635069
دوف بلسم 350 مل ضد التشابك خالي من السيليكون,DOVE CONDITIONER 350 ML CURLS DETANGLING,1938853
دوف بلسم 350 مل ضد تساقط الشعر,DOVE CONDITIONER 350 ML HAIR FALL,2093083
دوف بلسم 350 مل للشعر الضعيف افوكادو,DOVE CONDITIONER 350 ML AVOCADO STHRENGTH,2306217
دوف بليه مزيل عرق 50 مل اوريجنال ازرق,DOVE ROLL ON FOR WOMEN 50 ML ORIGINAL,1401177
دوف بليه مزيل عرق 50 مل جو فريش بالخيار والشاي الاخضر,DOVE CUCUMBER ROLL ON 50 ML,2040104
دوف بليه مزيل عرق 50 مل جو فريش رمان,DOVE ROLL ON FOR WOMEN 50 ML POMEGRANATE,1752402
دوف بليه مزيل عرق 50 مل موحد لون البشره,DOVE ROLL ON FOR WOMEN 50 ML EVEN TONE,1847129
دوف ستيك / اوريجينال,DOVE STICK DEODORANT 40 G ORIGINAL,2411021
دوف ستيك انفزابل دراي,DOVE INVISIBLE DRY SPRAY 75 ML,2625913
دوف شامبو 180 م تساقط الشعر,DOVE SHAMPOO 180 ML HAIR FALL,2224930
دوف شامبو 180 مل الاصلاح المكثف,DOVE SHAMPOO 180 ML INTENSIVE REPAIR,2248817
دوف شامبو 180 مل العنايه اليوميه,DOVE DAILY CARE SHAMPOO 180 ML,2602635
دوف شامبو 180 مل العنايه اليوميه عرض,DOVE DAILY CARE SHAMPOO 180 ML OFFER,2562229
دوف شامبو 180 مل زيوت بني خصم,DOVE SHAMPOO 180 ML NOURISHING OIL,2602633
دوف شامبو 200 مل الاصلاح المكثف,DOVE SHAMPOO 200 ML INTENSIVE REPAIR,1400409
دوف شامبو 200 مل الزيوت المغذيه خصم 6,DOVE SHAMPOO 200 ML NOURISHING OIL 6 POUND DISCOUNT,1777553
دوف شامبو 200 مل العنايه اليوميه خصم 6,DOVE SHAMPOO 200 ML DAILY CARE 6 POUND DISCOUNT,1847121
دوف شامبو 200 مل ضد تساقط الشعر,DOVE SHAMPOO 200 ML HAIR FALL,1400069
دوف شامبو 350 م تساقط الشعر,DOVE SHAMPOO 350 ML HAIR FALL,1400735
دوف شامبو 350 مل الزيوت المغذيه,DOVE SHAMPOO 350 ML NOURISHING OIL,2634920
دوف شامبو 350 مل العنايه اليوميه,DOVE SHAMPOO 350 ML DAILY CARE,2634919
دوف شامبو 350 مل كيرلي للتشابك,DOVE SHAMPOO 350 ML BEAUTIFUL CURLS,2672743
دوف شامبو 350 مل كيرلي للتشابك خصم 15,DOVE SHAMPOO 350 ML BEAUTIFUL CURLS,2646957
دوف شامبو 350 مل للشعر الكيرلي,DOVE SHAMPOO 350 ML BEAUTIFUL CURLS,2635068
دوف شامبو 350 مل مغذي دهبي,DOVE SHAMPOO 350 ML DAILY CARE,1843558
دوف شامبو 400 مل تساقط اخضر خصم,DOVE SHAMPOO 400 ML HAIR FALL,2602637
دوف شامبو 400 مل روتين الشعر القوي افوكادو خصم 15 ج,DOVE SHAMPOO 400 ML NOURISHING SECRETS WITH AVOCADO OIL 15 % DISCOUNT,2602638
دوف شامبو 400 مل عنايه لبني خصم,DOVE DAILY CARE SHAMPOO 400 ML,2602636
دوف شامبو 400 مل لاصلاح مكثف,DOVE SHAMPOO 400 ML INTENSIVE REPAIR,2420740
دوف شامبو 600 مل ضد التساقط عرض,DOVE SHAMPOO 600 ML ANTI HAIR FALL OFFER,2625914
دوف شامبو للشعر الكثيف 600 مل بزيت الخزامي,DOVE THICK HAIR RITUAL SHAMPOO WITH LAVENDER OIL AND ROSEMARY EXTRACT 600 ML,1949867
دوف شاور افوكادو 500 مل,DOVE SHOWER GEL 500 ML NOURISHING SECRETS WITH AVOCADO OIL OFFER,2569168
دوف شاور جل 500 مل التغذيه بعمق,DOVE SHOWER GEL 500 ML DEEPLY NOURISHING,2383810
دوف شاور جل 500 مل روتين الانتعاش بالافوكادو,DOVE SHOWER GEL 500 ML REFRESHING ROUTINE WITH AVOCADO OIL,1666954
دوف صابون 100 جم ريفيفينج رمان احمر,DOVE SOAP BAR 100 G REVIVING WITH POMEGRANATE,2240670
دوف صابون 100 م شيا و فانيليا / بني,DOVE SOAP BAR 100 G PAMPERING SHEA BUTTER VANILLA OFFER,1401644
دوف صابون 90 جم ريلاكسينج لافندر موف,DOVE SOAP BAR 90 G RELAXING LAVENDER,1677784
دوف صابون 90 مل كريم الجمال روز,DOVE SOAP BAR 90 G PINK BEAUTY CREAM,1400445
دوف كريم الجمال 150 مل روز,DOVE BEAUTY BODY CREAM 150 ML,1400855
دوف ليف ان كريم 300 مل كيرلي,DOVE BEAUTIFUL CURLS LEAVE IN CREAM 300 ML,2131633
دوف هاند ووش 500 مل افوكادو خصم 12,DOVE MOISTURISING HAND WASH 500 ML AVOCADO 12 POUND DISCOUNT,2184881
دوف هاند ووش 500 مل جلوينج ريتوال بزهره اللوتس عرض,DOVE HAND WASH IS MADE WITH LOTUS FLOWER EXTRACT AND RICE WATER FOR SOFT 500 ML OFFER,2130683
دوف هاند ووش 500 مل جوز هند بامب,DOVE MOISTURISING HAND WASH 500 ML COCONUT,2493764
دوف هاند ووش 500 مل جوز هند خصم 12,DOVE MOISTURISING HAND WASH 500 ML COCONUT 12 POUND DISCOUNT,2184876
دوف هاند ووش 500 مل حمايه تدليل خصم 12,DOVE MOISTURISING HAND WASH 500 ML CARE AND PROTECT 12 POUND DISCOUNT,2541074
دوف هاند ووش 500 مل عنايه وحمايه تدليل بامب,DOVE MOISTURISING HAND WASH 500 ML CARE AND PROTECT,2493761
دوف هاند ووش 500 مل عنايه وحمايه منعش بالخيار بامب,DOVE MOISTURISING HAND WASH 500 ML CARE PROTECT REFRESHING,1750606
دوف هاند ووش 500 مل عنايه وحمايه وترطيب بامب عرض,DOVE MOISTURISING HAND WASH 500 ML CARE AND PROTECT OFFER,2493770
دوفاستون 10 مجم 60 اقراص,DUPHASTON 10 MG 60 F.C.TABS.,1653719
دوفالاك 667 جم / لتر شراب 200 مل,DUPHALAC 667 GM / L SYRUP 200 ML,2251620
دوفيل كريم 50 جم,DOVIL CREAM 50 GM,1739682
دوكسي بروكت بلس مرهم,DOXYDOX 100 MG 10 CAPS.,2682697
دوكسي بروكت مرهم,DOXYDOX 100 MG 10 CAPS.,2670541
دوكسي بروكت مرهم,DOXYDOX 100 MG 10 CAPS.,2552772
دوكسي بروكت مرهم,DOXYDOX 100 MG 10 CAPS.,2400263
دوكسي بروكت مرهم جديد,DOXYDOX 100 MG 10 CAPS.,2637171
دوكسي كوست 200 مجم 10 اقراص,DOXYCOST 200 MG 10 TABS.,2159695
دوكسي كوست 50 مجم 30 اقراص,DOXYCOST 50 MG 30 TABS.,2469544
دوكسي كوست 50 مجم جديد,DOXYCOST 50 MG 30 TABS.,2680805
دوكسيبروكت بلس مرهم 30 جم,DOXIPROCT PLUS RECTAL OINT. 30 GM,1767488
دوكسيبروكت مرهم 30 جم,DOXIPROCT RECTAL OINT. 30 GM,2634355
دوكسيرازول 30 مجم 14 كبسول,DOXIRAZOL 30 MG 14 CAPS.,903329
دوكسيرازول 30 مجم 14 كبسول قديم,DOXIRAZOL 30 MG 14 CAPS.,2639930
دوكسيرازول 60 مجم 14 كبسول,DOXIRAZOL 60 MG 14 CAPS.,903331
دوكسيكوست 50 م 30 ق / بنتا,,2674510
دوكوف 30 ق,DOCOVE 30 TAB,2635889
دوكوف 30 قطعه جديد,DOCOVE 30 TAB,2642453
دوكوفي 30 اقراص,DOCOVE 30 TAB,1706169
دولاباكتين 400 مجم 5 اقراص,DOLABACTIN 400 MG 5 F.C.TAB.,2127152
دولاجين 10 اكياس,DULAGEN 10 SACHETS,2462523
دولار سيرم لمحيط العين 15 جم,DOLLAR EYE CONTOUR SERUM 15 GM,2499854
دولار غسول للبشره فوم 150 مل,DOLAR FOAM FACIAL CLEANSER 150 ML,2499855
دولار وايت 10 % كريم 30 جم,DOLAR WHITE 10 % CREAM 30 GM,2583606
دولار وايت 10 % كريم 60 جم,DOLAR WHITE 10 % CREAM 60 GM,2499856
دولار وايت 5 % كريم 60 جم,DOLAR WHITE 5 % CREAM 60 GM,2630752
دولار وايت كريم للاماكن الحساسه 30 جم,DOLAR WHITEING CREAM SENSITIVE AREA 30 GM,2276032
دولاركس جل مساج 100 جم,DOLAREX MASSAGE GEL 100 GM,2287760
دولاسكار جل,DOLASCAR GEL,1739688
دولزينك سي 30 كبسول,DOLZINC C 30 CAPS,1774053
دولسيت داندسيتا فيالات مضاده للقشره 10 مل 5 امبول,DULCET DANDCETA ANTI DANDRUFF VIALS 10 ML 5 VIALS,2560595
دولسيرك كبسول,DOLLSERIC 30 CAPS,2646897
دولسيريك 30 اقراص,DOLLSERIC 30 CAPS,2609037
دولسيل 1 مجم 30 اقراص,DOLCYL 1 MG 30 TAB.,2268507
دولسيل 2 مجم 30 اقراص,DOLCYL 2 MG 30 TAB.,2312953
دولسيل 3 مجم 30 اقراص,DOLCYL 3 MG 30 TAB.,2582913
دولسيل 4 مجم 30 اقراص,DOLCYL 4 MG 30 TAB.,2469553
دولسيل 6 مجم 30 اقراص,DOLCYL 6 MG 30 TAB.,903339
دولسيل ام 2 / 1000 مجم 20 اقراص,DOLCYL M 2 / 1000 MG 20 F.C. TAB,2073384
دولسيل ام 2 / 500 مجم 20 اقراص,DOLCYL M 2 / 500 MG 20 F.C. TAB,1710354
دولفين 12.5 مجم 10 لبوس,DOLPHIN 12.5 MG 10 SUPP.,903341
دولفين 25 مجم 10 لبوس,DOLPHIN 25 MG 10 SUPP.,903340
دولفين 3 % جل موضعي 30 جم,DOLPHIN 3 % TOPICAL GEL 30 GM,2425974
دولفين 3 % جل موضعي 60 جم,DOLPHIN 3 % TOPICAL GEL 60 GM,2469557
دولفين 50 مجم 10 لبوس,DOLPHIN 50 MG 10 SUPP.,907729
دولفين 75 مجم / 3 مل 3 امبول صوديوم,DOLPHIN 75 MG / 3 ML I.M 3 AMPOULE,1739698
دولفين ك 50 مجم 20 اقراص,DOLPHIN K 50 MG 20 F.C. TAB.,2127160
دولفين ك 75 مجم / 3 مل 3 امبول,DOLPHIN K 75 MG / 3 ML I.M 3 AMPOULE,2161419
دولفين ك 75 مجم / 3 مل 6 امبول,DOLPHIN K 75 MG / 3 ML I.M. 6 AMP.,2144175
دولفين ك 75 مجم 5 لبوس,DOLPHIN K 75 MG 5 SUPP.,2312960
دولنيرفا 30 كبسول,DOLNERVA 30 CAPS,2499167
دولوسيف مساج جل 60 جم,DOLOSEV MASSAGE GEL 60 GM,2642071
دولوكسيفوتال 30 مجم 30 اقراص,DULOXIFUTAL 30 MG 30 CAPS,2469564
دولوكسيفوتال 60 ق,DULOXIFUTAL 60 MG 30 CAPS,2680988
دولوكسيفوتال 60 مجم 30 اقراص,DULOXIFUTAL 60 MG 30 CAPS,2497530
دوليبران 1 جم 20 اقراص,DOLIPRANE NOVALDOL 1 GM 20 TABS,2340731
دوليبران 1000 مجم 20 اقراص,DOLIPRANE NOVALDOL 1 GM 20 TABS,2625068
دوليبران بديل نوفالدول 20 اقراص,DOLIPRANE NOVALDOL 1 GM 20 TABS,2626003
دوليت كريم 50 جم,DOLITT CREAM 50 GM,2629715
دومبيدون 10 مجم 30 اقراص,DOMPIDONE 10 MG 30 TAB.,2602648
دومبيريدون 10 مجم 20 اقراص,DOMPERIDONE 10 MG 20 TAB.,1447322
دومرايوز بخاخ 60 مل,DOMRAYOS SPRAY 60 ML,2180006
دوميجا 100 / 60 مجم 8 اقراص,DOUMEGA 60 / 100 MG 8 TAB,2497683
دوميجا 50 / 30 مجم 8 اقراص,DOUMEGA 30 / 50 MG 8 TAB,2300382
دون مضاد للتجاعيد كريم 50 جم,DONE ANTI WRINKLE CREAM 50 GM,2098248
دونا رول شمع ايطالي 100 مل اصفر,DONE ROLL ITALIAN WAX 100 ML YELLOW,2169485
دونازيل 10 مجم 20 اقراص,DONAZIL 10 MG 20 TABS,1791199
دونازيل 5 مجم 20 اقراص,DONAZIL 5 MG 20 F.C.TAB,2160931
دونازيل 5 مجم 30 اقراص,DONAZIL 5 MG 30 F.C.TAB.,2625671
دونافيرون 20 اكياس,DONAFERON 20 SACHETS,1615124
دونافيرون بلس 20 كبسول,DONAFERON PLUS 20 CAPS.,1934306
دونبيزيل 10 مجم اقراص,DONEPEZIL 10 MG 14 F.C. TABS,2631686
دونهايمر 5 مجم 30 اقراص,DONHIMER 5 MG 30 F.C. TAB.,903355
دونيبيزيل 10 مجم 14 اقراص,DONEPEZIL 10 MG 14 F.C. TABS,2642653
دونيبيزيل 10 مجم 14 ق / الدبيكي,DONEPEZIL 10 MG 14 F.C. TABS,2632635
دونيبيزيل 10 مجم 2 شريط / غالي,DONEPEZIL 10 MG 14 F.C. TABS,2626715
دونيبيزيل 10 مجم اقراص,DONEPEZIL 10 MG 14 F.C. TABS,2632467
دونيبيزيل 5 مجم 14 اقراص,DONEPEZIL 5 MG 14 F.C. TAB.,2631685
دونيفوكسات 40 مجم 30 اقراص,DONIFOXATE 40 MG 30 F.C. TABLETS,2576137
دونيفوكسات 80 مجم 30 اقراص,DONIFOXATE 80 MG 30 F.C. TABLETS,988632
دي 3 + كي 2 قطره 200 وحده نكزس,D 3 ORAL DROPS 2400 I.U. / ML 30 ML,2321014
دي 3 + كي 2 كبسول 4000 وحده نكزس,KADEE 4000 IU 30 CAPSULES,2337423
دي 3 او دي اف 20 فيلم,D 3 ODF 20 SACHETS,2330044
دي 3 تاج 1000 وحده نقط بالفم 30 مل,D 3 TAG 1000 IU 30 ML ORAL DROPS,2311132
دي 3 سورس بخاخ للفم 30 مل,D 3 SOURCE ORAL SPRAY 30 ML,2472363
دي 3 سورس بخاخ للفم 30 مل,D 3 SOURCE ORAL SPRAY 30 ML,2499849
دي 3 ك 2 20 اقراص,D 3 K 2 20 TABS,2050209
دي 3 ك 2 قطره بالفم 15 مل,D 3 + K 2 ORAL DROPS 15 ML,2321013
دي اتش جرين كوفي 30 كبسول,DH GREEN COFFEE 30 CAP,2150510
دي جي كير معجون اسنان 39,DG CARE TOOTHPASTE 75 GM,2497073
دي جي كير معجون اسنان 75 جم,DG CARE TOOTHPASTE 75 GM,2144732
دي جي لونج معجون اسنان 80 جم,DG LONG TOOTH PASTE 80 GM,1112671
دي جي معجون اسنان جل 75 جم انتعاش بالقرنفل,DG FRESH GEL TOOTHPASTE 75 GM CLOVE,1858583
دي جي معجون اسنان جل 75 جم انتعاش بالنعناع,DG FRESH GEL TOOTHPASTE 75 GM MINT FLAVOR,2509362
دي جي معجون اسنان جل 75 جم بياض فوري اسنان حساس,DG FRESH GEL TOOTHPASTE 75 GM WHITENING FOR SENSITIVE TEETH,2224179
دي جي معجون اسنان جل 75 جم بياض فوري فحم,DG FRESH GEL TOOTHPASTE 75 GM ACTIVATED WHITE CHARCOAL,2558289
دي جي وايت كريم فحم,CRIPPLE D CREAM 50 GM,2390203
دي جي ووش غسول للفم اخضر نعناع 350 مل,DG WASH MENTHOL MOUTH WASH 350 ML,2565235
دي جي ووش غسول للفم اخضر(نعناع) 125 مل,DG WASH MENTHOL MOUTH WASH 125 ML,903364
دي جي ووش غسول للفم فلوريد ازرق 350 مل,DG WASH FLUORIDE MOUTH WASH 350 ML,2159708
دي جي ووش غسول للفم فلوريد(ازرق) 125 مل,DG WASH FLUORIDE MOUTH WASH 125 ML,903362
دي جي ووش غسول للفم قرنفل احمر 350 مل,DG WASH CLOVE MOUTH WASH 350 ML,2497077
دي جي ووش غسول للفم قرنفل(احمر) 125 مل,DG WASH CLOVE MOUTH WASH 125 ML,2495062
دي جي ووش منتول 125 مل,DG WASH CLOVE MOUTH WASH 125 ML,2619325
دي جي ووش نعناع,DG WASH MENTHOL MOUTH WASH 350 ML,2636433
دي ديب 1000 وحده 30 كبسول,D.DEP 1000 I.U. 30 CAPS,919507
دي ديب 10000 وحده 30 كبسول,D.DEP 10.000 I.U. 30 CAPS.,1739717
دي ديب 4000 وحده 30 اقراص,D DEP 4000 IU 30 CAPS,2594940
دي ديب قطره بالفم 15 مل,D.DEP ORAL DROPS 15 ML,2386810
دي ك ديو فيتامين قطره بالفم 20 مل,D K DUO VITAMIN ORAL DROPS 20 ML,2625856
دي كي ترودال 10000 وحده 30 كبسول,DK TRUDAL 10000 IU 30 CAP,2173811
ديابيتونورم 45 مجم 15 اقراص,DIABETONORM 45 MG 15 TAB.,1658470
ديابيتين 15 مجم 30 اقراص,DIABETIN 15 MG 30 TAB.,903366
ديابيتين 30 مجم 30 اقراص,DIABETIN 30 MG 30 TAB.,903367
ديابيلا كريم 100 جم,DIAPELLA CREAM 100 GM,1396446
ديابيلا كريم 75 جم,DIAPELLA CREAM 75 GM,1739721
ديابينور 1 مجم 10 اقراص,DIABENOR 1 MG 10 TAB,2145976
ديابينور 2 مجم 30 اقراص,DIABENOR 2 MG 30 TAB.,1608260
ديابينور 3 مجم 30 اقراص,DIABENOR 3 MG 30 TAB.,2454174
دياديرم لوشن,DIADERM LOTION,2181504
دياستوب شراب 60 مل,DIASTOP SUSP. 60 ML,2436167
دياسميكت 20 % شراب 60 مل,DIASMECT 20 % SUSP. 60 ML,2494354
دياسميكت 3 جم 10 اكياس,DIASMECT 3 GM 10 SACHETS,1534777
دياسيرين 50 مجم 30 كبسول,DIACEREIN 50 MG 30 CAP.,2454177
ديافانس 5 / 500 مجم 30 اقراص,DIAVANCE 5 / 500 MG 30 F.C.TAB.,1547207
ديافلوزيمت 10 / 1000 مجم 30 اقراص,DIAFLOZIMET 10 / 1000 MG 30 EXT. REL . F.C. TABS.,2157437
ديافلوزيمت 10 / 500 مجم 30 اقراص,DIAFLOZIMET 10 / 500 MG 30 EXT. REL . F.C. TABS.,2193163
ديافلوزيمت 5 / 1000 مجم 30 اقراص,DIAFLOZIMET 5 / 1000 MG 30 EXT. REL . F.C. TABS.,1220348
ديافليداكتين 10,,2631621
دياكالديرم مرهم 20 جم,DIACALDERM TOPICAL OINT. 20 GM,2312972
دياكس 200 مجم 12 كبسول,DIAX 200 MG 12 CAPS.,2436175
دياكس 220 مجم / 5 مل 60 مل شراب,DIAX 220 MG / 5 ML 60 ML SUSP.,2159662
دياكيوريماب 10 مجم 30 اقراص,DIACURIMAP 10 MG 30 F.C. TABS.,903382
دياكيوريماب 25 مجم 30 اقراص,DIACURIMAP 25 MG 30 F.C. TABS.,903384
دياكيوريماب بلس 5 / 10 مجم 30 اقراص,DIACURIMAP PLUS 5 / 10 MG 30 TAB,1171315
دياكيوريماب بلس 5 / 25 مجم 30 اقراص,DIACURIMAP PLUS 25 / 5 MG 30 TAB,2462876
دياموند ايميفوليك 30 كبسول,DIAMOND EMIFOLIC 30 CAP,2062960
ديامونركتا 20 مجم 2 اقراص,DIAMONRECTA 20 MG 2 F.C. TAB.,903383
ديامونركتا 20 مجم 4 اقراص,DIAMONRECTA 20 MG 4 F.C. TAB.,2469598
ديامونركتا 20 مجم 5 فيلم,DIAMONRECTA 20 MG 5 ORO DISPERSIBLE FILMS,2128487
ديامونركتا 5 مجم 30 اقراص,DIAMONRECTA 5 MG 30 F.C. TAB.,903387
دياميدزين ام ار 30 مجم 30 اقراص,DIAMEDIZEN 30 MG MR 30 F.C.TAB.,2389971
دياميدزين ام ار 60 مجم 30 اقراص,DIAMEDIZEN 60 MG MR 30 F.C.TAB.,2466810
دياميكرون ام ار 30 مجم 30 اقراص,DIAMICRON MR 30 MG 30 TAB.,2233197
دياميكرون ام ار 60 مجم 30 اقراص,DIAMICRON 60 MG 30 M.R. SCORED TAB.,2164262
ديب فريز كولد جل 100 جم مستورد,DEEP FREEZE PAIN RELIEF COLD GEL 100 GM,2602664
ديب مساج كريم 40 جم,DEEP MASSAGE CREAM 40 GM,1658494
ديبادولز جل مساج 120 جم,DEPADOLLS GEL MASSAGE 120 GM,2621869
ديبادولز كريم مساج 100 جم,DEPADOLLS CREAM MASSAGE 100 GM,2621868
ديبافا لي 50 / 1000 بلس 184,,2632027
ديبافالي بلس 50 / 1000 مجم 28 اقراص,DIBAVALLY PLUS 50 / 1000 MG 28 TABS.,1089866
ديباكوليف 750 مجم 10 اقراص,DEBACOLEV 750 MG 10 F.C. TABS.,1739743
ديباكين 200 مجم 40 اقراص,DEPAKINE 200 MG 40 GASTRO RESISTANT TABS.,2306019
ديباكين 200 مجم قطره 40 مل,DEPAKINE 200 MG / ML ORAL SOLUTION 40 ML,2496265
ديباكين شراب 125 مل,DEPAKINE 5.764 MG / ML SYP. 125 ML,2436187
ديباكين كرونو 500 مجم 30 اقراص,DEPAKINE CHRONO 500 MG 30 SCORED PROLONGED REL. F.C. TAB.,903401
ديبرام 20 مجم 20 اقراص,DEPRAM 20 MG 20 F.C. TAB,1504005
ديبرام 40 مجم 20 اقراص,DEPRAM 40 MG 20 F.C. TAB.,903405
ديبروزون 0.05 % كريم 10 جم,DIPROSONE 0.05 % CREAM 10 GM,2553940
ديبروزون 0.05 % كريم 30 جم,DIPROSONE 0.05 % CREAM 30 GM,2098318
ديبروزون 0.05 % مرهم 10 جم,DIPROSONE 0.05 % OINT. 10 GM,948276
ديبروساليك لوسيون جديد,DIPROSALIC OINT. 30 GM,2674162
ديبروساليك محلول 30 مل,DIPROSALIC LOTION 30 ML,2452705
ديبروساليك مرهم 15 جم,DIPROSALIC OINT. 15 GM,1396484
ديبروساليك مرهم 30 جم,DIPROSALIC OINT. 30 GM,2623687
ديبروكورتين 1 امبول,DIPROCORTIN 1 AMP. 2 ML,2682680
ديبروكورتين 1 امبول 2 مل,DIPROCORTIN 1 AMP. 2 ML,2149792
ديبريزوبنت 10 مجم 30 اقراص,DEPREZOPENT 10 MG 30 F.C. TABS,2465172
ديبو بن 1.2 مليون وحده امبول,DEPO PEN 1.2 MIU VIAL,2436193
ديبو كايين 2 % 50 مل 1 امبول,DEPO PEN 1.2 MIU VIAL,2427445
ديبوردنت معجون اسنان 13 مل,DEPURDENT TOOTH PASTE 13 ML,1400381
ديبوردنت معجون اسنان 25 مل,DEPURDENT 25 ML TOOTH PASTE,1399918
ديبوردنت معجون اسنان 50 مل,DEPURDENT 50 ML TOOTH PASTE,1399919
ديبوفيت ب 12 1000 مكجم / مل 5 امبول,DEPOVIT B 12 1000 MCG / ML 5 I.M. AMP.,2129121
ديبوفيت بلس 30 اقراص,DEPOVIT PLUS 30 TAB,2558797
ديبوكايين 2 % ( 50 مل) امبول,DEBOCAINE HCL 2 % ( 50 ML) VIAL,1693950
ديبوكورتيفال 2 مل واحد امبول,,2427482
ديبيسكون شراب 120 مل,DEBESKON ORAL SUSP. 120 ML,2497306
ديترونين 5 مجم 20 اقراص,DETRONIN 5 MG 20 TAB.,1871022
ديتكو بخاخ مزيل عرق 200 مل,,2638273
ديتو بخاخ حريمي 200 مل بلاك اس,DITTO PERFUME SPRAY FOR HER 200 ML BLACK S,2544251
ديتو بخاخ حريمي 200 مل فلاور بيبي,DITTO PERFUME SPRAY FOR HER 200 ML FLOWER BABY,2544260
ديتو بخاخ حريمي 200 مل فيري اتراكتيف,DITTO PERFUME SPRAY FOR HER 200 ML VERY ATTRACTIVE,2544253
ديتو بخاخ حريمي 200 مل كوكو شانس,DITTO PERFUME SPRAY FOR HER 200 ML COCO CHANCE,2544259
ديتو بخاخ حريمي 200 مل نايس جيرل,DITTO PERFUME SPRAY FOR HER 200 ML NICE GIRL,2544258
ديتو بخاخ رجالي 200 مل بيليون,DITTO PERFUME SPRAY FOR HEM 200 ML BILLION,2544250
ديتو بخاخ رجالي 200 مل سافاج,DITTO PERFUME SPRAY FOR HIM 200 ML,2544256
ديتو بخاخ رجالي 200 مل فيكتورويس,DITTO PERFUME SPRAY FOR HIM 200 ML,2544255
ديتو بخاخ رجالي 200 مل كوول ويف,DITTO PERFUME SPRAY FOR HIM 200 ML COOL WAVE,2544257
ديتو بخاخ رجالي 200 مل ناكريسوس,DITTO PERFUME SPRAY FOR HEM 200 ML NAKRISOS,2544247
ديتو بخاخ رجالي 200 مل هووج,DITTO PERFUME SPRAY FOR HIM 200 ML,2544248
ديتول سائل 125 مل,DETTOL ANTISEPTIC ANTIBACTERIAL DISINFECTANT LIQUID 125 ML,1833193
ديتول سائل 235 مل,DETTOL ANTISEPTIC ANTIBACTERIAL DISINFECTANT LIQUID 235 ML,2382621
ديتول سائل 250 مل,DETOL LIQUID 475 ML + DETOL LIQUID 235 ML,2628148
ديتول سائل 475 مل,DETOL LIQUID 475 ML,1400921
ديتول سائل 475 مل + ديتول سائل 235 مل,DETOL LIQUID 475 ML + DETOL LIQUID 235 ML,2131060
ديتول سائل 50 مل,DETTOL ANTISEPTIC ANTIBACTERIAL DISINFECTANT LIQUID 50 ML,1612897
ديتول سائل 950 مل 1 + 1 عرض,DETTOL ANTISEPTIC ANTIBACTERIAL DISINFECTANT LIQUID 950 ML PACK OF 2 PIECES,1665156
ديتول صابون 115 جرام اخضر اصلي,DETTOL SOAP 115 G ANTI BACTERIAL ORIGINAL GREEN,1400695
ديتول صابون 115 جرام ازرق كوول,DETTOL SOAP 115 G COOL ANTI BACTERIAL BATHING BLUE,1400707
ديتول صابون 115 جرام اصلي اخضر,DETTOL SOAP 115 G ANTI BACTERIAL ORIGINAL GREEN,2602673
ديتول صابون 115 جرام برتقالي حيويه,DETTOL SOAP 115 G RE ENERGIZE ANTIBACTERIAL ORANGE,1400696
ديتول صابون 115 جم جددي نشاطك برتقالي,DETTOL SOAP 115 G RE ENERGIZE ANTIBACTERIAL ORANGE,2602674
ديتول صابون 115 جم عنايه بمبي,DETTOL SOAP 115 G SKINCARE ANTI BACTERIAL BATHING PINK,2602675
ديتول صابون 115 جم عنايه روز,DETTOL SOAP 115 G SKINCARE ANTI BACTERIAL BATHING PINK,1400698
ديتول صابون 115 جم كوول ازرق,DETTOL SOAP 115 G COOL ANTI BACTERIAL BATHING BLUE,2602677
ديتول صابون 115 جم نورش ترطيب اصفر,DETTOL SOAP 115 G NOURISH ANTI BACTERIAL BATHING YELLOW,2602676
ديتول صابون 115 جم نوريش اصفر,DETTOL SOAP 115 G NOURISH ANTI BACTERIAL BATHING YELLOW,2130298
ديتول صابون 165 جرام برتقالي حيويه,DETTOL SOAP 165 G RE ENERGIZE ANTIBACTERIAL ORANGE,1399969
ديتول صابون 165 جم اخضر اصلي,DETTOL SOAP 165 G ANTI BACTERIAL ORIGINAL GREEN,1400372
ديتول صابون 165 جم ازرق كوول,DETTOL SOAP 165 G COOL ANTI BACTERIAL BATH BLUE,1399949
ديتول صابون 165 جم روز عنايه,DETTOL SOAP 165 G SKINCARE ANTI BACTERIAL BATHING PINK,1399951
ديتول صابون 165 جم كوول ازرق,DETTOL SOAP 165 G COOL ANTI BACTERIAL BATH BLUE,2602680
ديتول صابون 165 جم نورش ترطيب اصفر,DETTOL SOAP 115 G NOURISH ANTI BACTERIAL BATHING YELLOW,2602679
ديتول صابون 165 مل نوريش اصفر,DETTOL SOAP 165 G NOURISH ANTI BACTERIAL BATHING YELLOW,1777589
ديتول صابون 85 جم اخضر اصلي,DETTOL SOAP 85 G ANTI BACTERIAL ORIGINAL GREEN,1400450
ديتول صابون 85 جم ازرق كوول,DETTOL SOAP 85 G COOL ANTI BACTERIAL BATHING BLUE,1399895
ديتول صابون 85 جم عنايه روز,DETTOL SOAP 85 G SKINCARE ANTI BACTERIAL BATHING PINK,1399793
ديتول صابون 85 جم نوريش اصفر,DETTOL SOAP 85 G NOURISH ANTI BACTERIAL BATHING YELLOW,2130925
ديتول صابون 85 مل برتقالي حيويه,DETTOL SOAP 85 G RE ENERGIZE ANTIBACTERIAL ORANGE,1399804
ديج وان 20 كبسول,DIG ONE 20 CAPS,2497723
ديجريزيان 1 جم 28 اقراص,DEGREASIAN 1 GM 28 S.G. CAPS.,2510950
ديجستين 20 اقراص,DIGESTIN 20 TABS.,2144083
ديجليفلوز 10 مجم 30 اقراص,DIGLIFLOZ 10 MG 30 F.C. TABS.,2454200
ديجليفلوز 5 مجم 30 اقراص,DIGLIFLOZ 5 MG 30 F.C. TABS.,2602684
ديجليفلوز اكس ار 10 / 1000 مجم 30 اقراص,DIGLIFLOZ XR 10 / 1000 MG 30 F.C. TABS,1962404
ديجليفلوز بلس 5 / 1000 مجم 30 اقراص,DIGLIFLOZ PLUS 5 / 1000 MG 30 F.C. TABS.,903416
ديجليفلوز بلس 5 / 850 مجم 30 اقراص,DIGLIFLOZ PLUS 5 / 850 MG 30 F.C. TABS,1658413
ديجليفوز بلس 1000 / 10 30 ق / ماركيرل,,2060796
ديجليفوز بلس 1000 اكس ار / ماركيرل,,2341581
ديجيكوماج 680 مجم 30 اقراص,DIGICOMAG 680 MG 30 TAB,2384474
ديدر كريم,DEEDAR CREAM,2190399
ديديب قطره,,2184416
ديديرا د 3 ك 2 قطره للفم 30 مل,DEDERA D 3 K 2 ORAL DROPS 30 ML,1809659
دير جل مرطب 60 جم,DEAR MOISTURIZING GEL 60 GM,2219372
دير رول اون بني عود عرض 1 + 1,DEAR HYDRATION WHITENING ROLL LUXURY OUD OFFER 1 + 1,2563226
دير غسول للوجه 200 مل,DEAR FACIAL CLEANSER 200 ML,2638285
دير كريم مرطب 60 جم,DEAR MOISTURIZING CREAM 60 GM,2219370
ديرم كلير جل 35 جم,DERM CLEAR GEL 35 GM,1739756
ديرم كلير غسول للبشره 200 مل,DERM CLEAR FACIAL WASH 200 ML,2157609
ديرما اكتف اكتي وايت كريم ديباج مينشيج,DERMACTIVE ACTIVE WHITE CREAM 50 ML,2682936
ديرما اكتف اكتي وايت كريم ديباج مينشيج,DERMACTIVE ACTIVE WHITE CREAM 50 ML,2638260
ديرما اكتف وايت ديبجمنتيج كريم مضاد للبقع البنيه,DERMACTIVE ACTIVE WHITE CREAM 50 ML,2566488
ديرما اكتيف اكتي جلو اي كونتور كريم 15 مل,DERMACTIVE ACTI GLOW EYE CONTOUR CREAM 15 ML,1934513
ديرما اكتيف اكتي جلو ريديانس بوستر سيرم 30 مل,DERMACTIVE ACTI GLOW RADIANCE BOOSTER SERUM 30 ML,2168840
ديرما اكتيف اكتي جلو كريم ليلي 50 مل,DERMACTIVE ACTI GLOW NIGHT CREAM 50 ML,2168841
ديرما اكتيف اكتي ريبير سيكا كريم 50 مل,DERMACTIVE ACTI REPAIR CICA CREAM 50 ML,2306008
ديرما اكتيف اكتي ريبير كريم مرطب اكستريم 200 مل,DERMACTIVE ACTI REPAIR EMOLLIENT EXTREME 200 ML,2168838
ديرما اكتيف اكتي كلير جلوبال ايه سي كريم جل 50 مل,DERMACTIVE ACTI CLEAR GLOBAL AC CREAM GEL 50 ML,2169272
ديرما اكتيف اكتي كلير سيروم تصحيح عيوب البشره 30 مل,DERMACTIVE ACTI CLEAR CORRECTING SERUM 30 ML,2169333
ديرما اكتيف اكتي كلير غسول بشره فوم جل 200 مل,DERMACTIVE ACTI CLEAR FACIAL CLEAN FOAMING GEL 200 ML,2169157
ديرما اكتيف اكتي كلير غسول بشره فوم جل 250 مل,DERMACTIVE ACTI CLEAR FACIAL CLEAN FOAMING GEL 250 ML,2169159
ديرما اكتيف اكتي كلير هيدرا كريم جل 50 مل,DERMACTIVE ACTI CLEAR HYDRA CREAM GEL 50 ML,2563755
ديرما اكتيف اكتي وايت 2 في 1 بادي ميلك 200 مل,DERMACTIVE ACTI WHITE 2 IN 1 BODY MILK 200 ML,2169269
ديرما اكتيف اكتي وايت اي كونتور كريم 15 مل,DERMACTIVE ACTI WHITE EYE CONTOUR CREAM 15 ML,2169270
ديرما اكتيف اكتي وايت سيرم تفتيح البشره 30 مل,DERMACTIVE ACTI WHITE SERUM 30 ML,2169161
ديرما اكتيف اكتي وايت كريم تفتيح البشره 50 مل,DERMACTIVE ACTIVE WHITE CREAM 50 ML,1846643
ديرما اكتيف بيبي شامبو 250 مل,DERMACTIVE BABY GENTLE SHAMPOO 250 ML,2169664
ديرما اكتيف بيبي كريم للحفاضات 75 مل,DERMACTIVE BABY DIAPER CREAM 75 ML,2169661
ديرما اكتيف بيبي لوسيون للجسم 250 مل,DERMACTIVE BABY BODY LOTION 250 ML,2288126
ديرما اكتيف ترايكو اكت 60 قطعه,DERMA ACTIV TRICHO ACT 60 GUM,2562658
ديرما اكتيف ترايكو اكت شامبو للتساقط 200 مل,DERMACTIVE TRICHO ACT ANTI HAIR LOSS SHAMPOO 200 ML,2288128
ديرما اكتيف ترايكو اكت لوسيون ضد تساقط الشعر 120 مل,DERMACTIVE TRICHO ACT ANTI HAIR LOSS LOTION 120 ML,2169663
ديرما اكتيف ترايكو اكت ماسك للشعر 150 مل,DERMACTIVE TRICHO ACT HAIR MASK 150 ML,2169162
ديرما اكتيف سويت كونترول ريفريش رول اون مزيل للعرق 60 مل اخضر,DERMACTIVE SWEAT CONTROL REFRESHING ROLL ON 60 ML,2169666
ديرما رول 2 سم,DERMA ROLLER ZGTS 2,2494490
ديرما رول اصليه مقاس 0.75,ORIGINAL DERMA ROLLER SIZE 0.75,1845727
ديرما سوفت بلس كريم 100 جم,DERMA SOFT PLUS CREAM 100 GM,2564390
ديرما سوفت بلس كريم 60 جم,DERMA SOFT PLUS CREAM 60 GM,2673268
ديرما سوفت بلس كريم 60 جم,DERMA SOFT PLUS CREAM 60 GM,2128283
ديرما سوفت كريم 60 مجم,DERMA SOFT CREAM 60 ML,2448238
ديرما سوفت كريم 60 مل,DERMA SOFT CREAM 60 ML,1919995
ديرما وايت غسول للوجه 200 مل,DERMA WHITE FACIAL WASH 200 ML,903285
ديرما وايت كريم 30 جم,DERMA WHITE CREAM 30 GM,1547247
ديرما يلد كريم,DERMA YELD CREAM,2209703
ديرما يلد لوسيون 100 مل,DERMA YELD LOTION 100 ML,2209704
ديرماتول بودره صره بالدسته 12 قطعه,DERMATOL NAVEL POWDER 12 PIECES,1399836
ديرماتيك فيتامين سي سيرم 30 مل,DERMATIQUE VITAMIN C SERUM 30 ML,2129896
ديرماتين 1 % كريم 14 جم,DERMATIN 1 % TOP. CREAM 14 GM,1422843
ديرمادو بانثينول كريم 50 جم,DERMADO PANTHENOL CREAM 50 GM,2522892
ديرماسوفت 60 جم كريم,DERMA SOFT PLUS CREAM 60 GM,2197763
ديرماكتيف الترا فلويد اكتيسولير 50 مل,,2672913
ديرماكتيف تريو اكت شامبو ضد القشره 200 مل,,2672912
ديرماكتيف سيكا كريم اكتي ريبير 50 مل,,2672917
ديرماكتيف شامبو للتساقط تريكو اكت 200 مل,,2672918
ديرماكتيف لوشن للتساقط تريكو اكت 120 مل,,2672920
ديرماكتيف ملينتنج كريم اكتي سولير 50 مل,,2672921
ديرماكتيف هيدرا ماتيفينج جل اكتي كلير 50 مل,,2326822
ديرماكتيف هيدرا ماتيفينج جل اكتي كلير 50 مل,,2672922
ديرماكتيف هيدرو جل اكتي ريبير 50 مل,,2672923
ديرماكيوتكس اتولكس كريم 100 جم 1 + 1 / ديومانوفا,DERMACUTIX ATOLEX CREAM 100 GM,2411237
ديرماكيوتكس سكين ريبير كريم 40 جم 1 + 1 / ديرمانوفا,DERMACUTIX ATOLEX CREAM 100 GM,2411238
ديرماكيوتكس نيل كير لوسيون 4 جم 1 + 1 / ديرمانوفا,DERMACUTIX ATOLEX CREAM 100 GM,2411239
ديرماوايت غسول,DERMATIQUE VITAMIN C CLEANSING GEL 150 ML,2558966
ديرمو كالم لوسيون 120 مل 80,MAX DERMO CREAM 100 GM,2583538
ديرموتراسين بخاخ 150 مل,DERMOTRACIN AEROSOL POWDER 150 ML,2645949
ديرموفكس 2 % بودره 15 جم,DERMOFIX 2 % POWDER 15 GM,2535681
ديرموفيرا لوسيون 35 مل,DERMOVERA TOPICAL LOTION 35 ML,1657026
ديرموفيرا لوسيون 60 مل,DERMOVERA TOPICAL LOTION 60 ML,2565098
ديرموماز لوسيون 120 مل,DERMOMAZ LOTION 120 ML,1738070
ديريكت شرايط سكر 50 شريط,DIRECT GLUCOSE TEST STRIPS 50 STRIP / BOX,1401043
ديزار رول اون 50 مل بفيتامين سي,DISAAR ROLL ON DEODORANT WITH VITAMIN C 50 ML,2092713
ديزار زيت تفتيح للجلد بفيتامين سي والهياليورنيك اسيد 75 مل,DISAAR SKIN BRIGHTENING OIL WITH VITAMIN C AND HYALURONIC ACID 75 ML,2131617
ديزار كريم اساس 50 جم ضد الماء فيتامين سي,DISAAR BEAUTY VITAMIN C RICH FOUNDATION 50 GM,2131011
ديزار كريم تفتيح 50 مل فيتامين سي اورجانيك,DISAAR BEAUTY HYALURONIC ACID VITAMIN C BRIGHTENING FACE CREAM 50 ML,2131166
ديزمودجاست 0.1 مجم 30 اقراص,DESMODJUST 0.1 MG 30 TAB,2066433
ديزمودجاست 0.2 مجم 30 اقراص,DESMODJUST 0.2 MG 30 TAB,2585138
ديس اب جل 60 جم,DES UP GEL 60 GM,2267790
ديسا 2.5 مجم / 5 مل شراب 100 مل,DESA 2.5 MG / 5 ML SYRUP 100 ML,969802
ديسا 5 مجم 20 اقراص,DESA 5 MG 20 F.C.TAB.,2602689
ديسارتان 160 مجم 14 كبسول,DISARTAN 160 MG 14 CAPS.,1658410
ديسارتان كو 160 / 12.5 مجم 14 كبسول,DISARTAN CO 160 / 12.5 MG 14 CAPS.,1658411
ديسبا ايست 300 مجم 20 كبسول,DYSPA EAST 300 MG 20 CAPS.,2632263
ديسبا ايست 360 مجم 20 كبسول,DYSPA EAST 360 MG 20 CAPS,2248955
ديسبركام 0.5 % جل 30 جم,DISPERCAM 0.5 % GEL 30 GM,2549314
ديسبركام 10 مجم 20 اقراص,DISPERCAM 10 MG 20 DISPERSIBLE TAB.,2139976
ديسبركام 20 مجم / مل 6 امبول,DISPERCAM 20 MG / ML 6 AMP.,1448851
ديسبركام 20 مجم 10 اقراص,DISPERCAM 20 MG 10 DISPERSIBLE TAB.,1027907
ديسبرلون د 30 اقراص,DISPRELONE OD 5 MG 30 ORODISPERSABLE TABS.,2673276
ديسبرلون دي 20 مجم س جديد,DISPRELONE D 20 MG 20 DISPERSABLE TABS.,2681540
ديسبرولون د 20 اقراص قديم,DISPRELONE D 20 MG 20 DISPERSABLE TABS.,2640408
ديسبرولون د 5 مجم 30 اقراص ذوبان,DISPRELONE OD 5 MG 30 ORODISPERSABLE TABS.,2639947
ديسبريلون او دي 20 مجم 30 قرص,DISPRELONE OD 20 MG 30 ORODISPERSABLE TABS,2476406
ديسبريلون او دي 5 مجم 30 اقراص,DISPRELONE OD 5 MG 30 ORODISPERSABLE TABS.,970583
ديسبريلون د 20 مجم 20 ق جديد / الاندلس,DISPRELONE D 20 MG 20 DISPERSABLE TABS.,2642427
ديسبريلون دي 20 مجم 20 اقراص,DISPRELONE D 20 MG 20 DISPERSABLE TABS.,1023174
ديستيل 100 مجم 20 اقراص,DICETEL 100 MG 20 F.C. TABS.,2668416
ديسفلاتيل 30 اقراص,DISFLATYL 30 CHEWABLE TAB.,1089549
ديسلورات 2.5 مجم / 5 مل شراب 100 مل,DESLORAT 2.5 MG / 5 ML SYRUP 100 ML,2422628
ديسلورات 5 مجم 20 اقراص,DESLORAT 5 MG 20 F.C. TAB.,2422627
ديسلورستامين 0.5 مجم / مل شراب 120 مل,DESLORASTAMINE 0.5 MG / ML SYRUP 120 ML,2369316
ديسموديجست 0.2 مجم 30 اقراص,,2682850
ديسيدو هابي بخاخ للفم 60 مل,DECIDU HAPPY ORAL SPRAY 60 ML,2466305
ديسينون 250 مجم / 2 مل 3 امبول,DICYNONE 250 MG / 2 ML 3 AMPS.,2312932
ديسيو محلول عدسات 100 مل,DESIO CONTACT LENSES SOLUTION 100 ML,2130923
ديفارت ب 12 1000 مكجم 30 اقراص,DEVART B 12 1000 MCG 30 SUBLINGUAL TABS,2499200
ديفارول اس 200000 وحده / 2 مل 1 امبول,DEVAROL S 200000 I.U / 2 ML SOLUTION FOR I.M INJ. 1 AMP.,2436213
ديفاكوت اي ار 500 مجم 20 اقراص,DIVAKOTE 500 MG 20 E.R. TAB.,903432
ديفلوستيرو 0.05 % قطره للعين 5 مل,DIFLUSTERO 0.05 % EYE EMULSION 5 ML,2436214
ديفلوكان 150 مجم 1 كبسول,DIFLUCAN 150 MG 1 CAPS.,903434
ديفلوكان 2 مجم / مل 50 مل امبول وريد,DIFLUCAN 2 MG / ML ( 50 ML) I.V. INFUSION,2143907
ديفلوكان 50 مجم 7 كبسول,DIFLUCAN 50 MG 7 CAPS.,1547260
ديفوزين كريم 30 جم,DIVOZINE CREAM 30 GM,2146365
ديفوزين لوسيون 120 مل,DIVOZINE TOPICAL LOTION 120 ML,1658523
ديفول بلسم اطفال 250 مل,DEVOL KIDS LEAVE IN CONDITIONER 250 G,1917915
ديفول حمام كريم 450 مل,DIVOL HAIR BATH MASK CREAM 450 ML,1777623
ديفول سيرم اطفال 100 مل,DIVOL KIDS HAIR SERUM 100 ML,1777624
ديفول شامبو اطفال 100 مل شيا,DIVOL SHAMPOO FOR KIDS 100 ML SHEA BUTTER,1940115
ديفول شامبو اطفال 250 مل ارجان,DIVOL SHAMPOO FOR KIDS 250 ML ARGAN OIL,2130902
ديفول شاور جل اطفال 300 مل توت,DIVOL SHOWER GEL FOR KIDS 300 ML WILD BERRY,2343791
ديفول شاور جل اطفال 300 مل فراوله,DIVOL SHOWER GEL FOR KIDS 300 ML STREWBERRY,1777631
ديفول شاور جل للاطفال 300 مل بالفانيليا,DIVOL SHOWER GEL VANILIA KIDS 300 ML,2130496
ديفول كريم شعر هير ستايلنج اطفال 200 مل,DIVOL HAIR STYLING CREAM FOR KIDS 200 GM,1693927
ديفيتون د 200 قطره ج,DIVITON D 200 I.U. / ML ORAL DROPS 10 ML,2683041
ديفيتون د 200 وحده قطره,DIVITON D 200 I.U. / ML ORAL DROPS 10 ML,2653478
ديفيتون دي 200 وحده / مل قطره 10 مل,DIVITON D 200 I.U. / ML ORAL DROPS 10 ML,2622058
ديفيتون دي فورت 10000 وحده قطره 20 مل,DIVITON D FORTE 10000 I.U. / ML ORAL DROPS 20 ML,2515663
ديفيتون دي فورت 4000 وحده قطره 20 مل,DIVITON D FORTE 4000 I.U. / ML ORAL DROPS 20 ML,2436218
ديفيتون قطره جديد,DIVITON D 200 I.U. / ML ORAL DROPS 10 ML,2679851
ديفيوز شراب,DIVOZINE CREAM 30 GM,2087520
ديكابرينو 200000 وحده / 1 مل 2 امبول,DECAPRENO 200000 I.U / 1 ML SOL. FOR I.M / ORAL 2 AMPS,2293455
ديكاديل 200 مجم / 5 مل محلول 125 مل,DEKADEL 200 MG / 5 ML ORAL SOLUTION 125 ML,2512145
ديكاديل كرونو 500 مجم 30 اقراص,DEKADEL CHRONO 500 MG 30 E.C.TAB.,2673966
ديكاديو قطره,,1420132
ديكافورتيس 1000 مجم / 4 مل 1 امبول,DECAFORTIS 1000 MG / 4 ML AMP.,2513875
ديكسا جلوب امبول جديد,,1870751
ديكساترول قطره للعين / الاذن 5 مل,DEXATROL EYE / EAR DROPS 5 ML,2313011
ديكساترول مرهم للعين 5 جم,DEXATROL EYE OINT. 5 GM,2452812
ديكساتوبرين قطره للعين 5 مل,DEXATOBRIN EYE SUSP. 5 ML,903450
ديكساتوبرين مرهم للعين 5 جم,DEXATOBRIN EYE OINT. 5 GM,1901353
ديكساثالم قطره للعين 5 مل,DEXATHALM EYE DROP 5 ML,1473018
ديكساجلوب 2 مل 1 امبول,DEXAGLOBE 1 AMP 2 ML,2454222
ديكساجليفلوزين 10 / 1000 اقراص,,2675575
ديكسازون 0.5 مجم 60 اقراص,DEXAZONE 0.5 MG 60 TABS,1260837
ديكسافلوكس قطره 5 مل,DEXAFLOX EYE DROPS 5 ML,1597710
ديكسافين شراب 120 مل,DEXAPHEN SYRUP 120 ML,903457
ديكساميثازون 5 امبول سيجما,DEXAMETHASONE SIGMA 8 MG / 2 ML 5 AMP.,2682610
ديكساميثازون 8 مجم / 2 مل 3 امبول العامريه,DEXAMETHASONE SODIUM PHOSPHATE 8 MG / 2 ML 3 AMP.,2127918
ديكساميثازون 8 مجم / 2 مل 3 امبول ايناد فارما,DEXAMETHASONE 8 MG / 2 ML 3 AMP INAD PHARMA,1878317
ديكساميثازون 8 مجم / 2 مل 5 امبول ابيكو,DEXAMETHASONE SODIUM PHOSPHATE 8 MG / 2 ML I.M / I.V 5 AMP.,2473749
ديكساميثازون 8 مجم / 2 مل 5 امبول المهن,DEXAMETHASONE MUP 8 MG / 2 ML 5 AMP.,903459
ديكساميثازون 8 مجم / 2 مل 5 امبول سيجما,DEXAMETHASONE SIGMA 8 MG / 2 ML 5 AMP.,1661618
ديكسانوكورتن 8 مجم / 2 مل 3 امبول,DEXANOCORTEN 8 MG / 2 ML 3 AMP,1482593
ديكساويست 30 مجم 14 كبسول,DEXAWEST 30 MG 14 CAPS.,2142666
ديكساويست 30 مجم كبسول,DEXAWEST 30 MG 14 CAPS.,2594799
ديكساويست 60 مجم 14 اقراص,DEXAWEST 60 MG 14 CAPS,1612176
ديكسفيت 10000 وحده 20 اقراص,DIXVIT 10000 I.U 20 TAB,2475559
ديكسكيتو كير 25 مجم 30 اقراص,DEXKETO CARE 25 MG 30 F.C.TAB.,2163957
ديكسونيوم 0.1 % قطره للعين / الاذن 10 مل,DEXONIUM 0.1 % EYE / EAR DROPS 10 ML,2129715
ديكسي سرنجات 5 سم بسنين 100 ق اطفال اخضر,DIXY SYRING 5 CM 100 PCS FOR KIDZ,1777932
ديكسي سرنجات 5 سم بسنين 100 ق سيدات موف,DIXY SYRING 5 CM 100 PCS FOR WOMEN,2130224
ديكسي سرنجات لاعطاء الدواء 100 ق 5 مل بالعلبه,DIXY SYRINGE 5 ML FOR CHILDREN’S DRINKING 100 PCS,2130226
ديكسيجلوفوزون بلس اكس ار 10 / 1000 مجم 30 اقراص,DEXIGLOFOZIN PLUS XR 10 / 1000 MG 30 TABS,1869966
ديكسيجلوفوزون بلس اكس ار 10 / 500 مجم 30 اقراص,DEXIGLOFOZIN PLUS XR 10 / 500 MG 30 TAB,2383346
ديكسيكتوكير 30 اقراص,,2637218
ديكلاسيوم 50 مجم 30 اقراص,DICLASIUM 50 MG 30 F.C. TABS.,2469657
ديكلاك 150 مجم 20 اقراص,DICLAC 150 ID 20 PROLONGED R.TABS,1653823
ديكلاك 75 مجم / 3 مل 5 امبول,DICLAC 75 MG / 3 ML 5 AMPS.,2262424
ديكلاك 75 مجم / 3 مل 6 امبول,DICLAC 75 MG / 3 ML 6 AMPS,2254475
ديكلاك 75 مجم / 3 مل 6 امبوله,DICLAC 75 MG / 3 ML 6 AMPS,2681234
ديكلاك 75 مجم 20 اقراص,DICLAC 75 ID RETARD 20 TABS.,2675431
ديكلاك 75 مجم 30 اقراص,DICLAC 75 MG 30 TAB,1428467
ديكلاك ان 4 % جل 30 جم,DICLAC N 4 % GEL 30 GM,2469661
ديكلاك ان 4 % جل 50 جم,DICLAC N 4 % GEL 50 GM,2532483
ديكلوبرو 1 % جل 50 جم,DICLOPRO 1 % GEL 50 GM,2361220
ديكلوبرو 150 مجم 20 اقراص,DICLOPRO 150 MG ID 20 TABS,1130192
ديكلوبرو 75 مجم اس ار اقراص 58,DICLOPRO SR 75 MG 20 TAB,2683190
ديكلوبرو 75 مجم اقراص,DICLOPRO SR 75 MG 20 TAB,2683092
ديكلوبرو اس ار 75 مجم 20 اقراص,DICLOPRO SR 75 MG 20 TAB,2626686
ديكلوبرو ك 50 مجم 10 اكياس,DICLOPRO K 50 MG 10 SACHET,2113353
ديكلوبرو ك 50 مجم 30 اكياس,DICLOPRO K 50 MG 30 SACHET,2583509
ديكلوسب 75 اس ار,DICLOSP S.R. 75 MG 30 F.C. TABS.,2682095
ديكلوسب اس ار 75 مجم 30 اقراص,DICLOSP S.R. 75 MG 30 F.C. TABS.,2181507
ديكلوفلام 50 مجم 10 اقراص,DICLOFLAM 50 MG 10 SUGAR COATED TAB.,2496971
ديكلوفيراز 50 مجم 30 اقراص,DICLOFERAZ 50 MG 30 DISPERSIBLE TAB.,2456507
ديكلوفين 100 لبوس,DECLOPHEN 100 MG 5 SUPP.,2681473
ديكلوفين 100 مجم 5 لبوس,DECLOPHEN 100 MG 5 SUPP.,2018299
ديكلوفين 12.5 مجم للاطفال 5 لبوس,DECLOPHEN 12.5 MG 5 INFANTILE SUPP.,2436233
ديكلوفين 25 مجم للاطفال 5 لبوس,DECLOPHEN 25 MG 5 INFANTILE SUPP.,2232720
ديكلوفين 75 مجم / 3 مل 3 امبول,DECLOPHEN 75 MG / 3 ML 3 AMPS,1023191
ديكلوفين بلاس 50 / 250 مجم 30 كبسول,DECLOPHEN PLUS 50 / 250 MG 20 CAPS.,2464479
ديكلوفين فاست 50 مجم شراب 10 اكياس,DECLOPHEN FAST 50 MG GR. FOR ORAL SUSP. 10 SACHETS,1390944
ديكلوفين فاست فوار,DECLOPHEN GEL 1 % 30 GM,2682641
ديكلونتريوم اس ار 75 مجم 20 اقراص,DICLONATRIUM SR 75 MG 20 F.C. TABS.,903478
ديكونادال 10 مجم 21 اقراص,DECONADAL 10 MG 21 F.C. TABS.,1729578
ديكونادال 20 مجم 21 اقراص,DECONADAL 20 MG 21 F.C. TABS.,903480
ديكونجستيل ان 12 لبوس,DECONGESTYL N 12 RECTAL SUPP.,2142555
ديلاترول 25 مجم 30 اقراص,DILATROL 25 MG 30 TAB.,1554653
ديلاترول 6.25 48 .,DILATROL 6.25 MG 30 TAB.,2602710
ديلاترول 6.25 مجم 30 اقراص,DILATROL 6.25 MG 30 TAB.,903482
ديلاريكس 5 مجم 20 اقراص,DELAREX 5 MG 20 F.C.TAB,2498996
ديلاريكس 5 مجم 30 اقراص,DELAREX 5 MG 30 F.C.TAB,903484
ديلبانتو 20 مجم 14 اقراص,DELPANTO 20 MG 14 ENTERIC COATED TAB,2260964
ديلبانتو 40 مجم 14 كبسول,DELPANTO 40 MG 14 E.C.TABS,903295
ديلبيراميت 100 مجم 30 اقراص,DELPIRAMATE 100 MG 30 F.C. TAB.,2337745
ديلبيراميت 25 مجم 10 اقراص,DELPIRAMATE 25 MG 10 F.C. TAB.,2499130
ديلتياريكت 2 % كريم 30 جم,DILTIARECT 2 % CREAM 30 GM,2682933
ديلتياريكت 2 % كريم شرجي 30 جرام,DILTIARECT 2 % CREAM 30 GM,2609026
ديلموكسا 400 مجم 5 اقراص,DELMOXA 400 MG 5 F.C.TAB.,1774028
ديلمونكاست 10 مجم 14 اقراص,DELMONKAST 10 MG 14 F.C. TABS.,2469678
ديلمونكاست 5 مجم 14 اقراص,DELMONKAST 5 MG 14 CHEWABLE TABS.,2510778
ديلوكسيبرن 20 مجم 28 كبسول,DULOXEPRIN 20 MG 28 CAPS,2312963
ديلوكسيبرن 30 مجم 28 كبسول,DULOXEPRIN 30 MG 28 CAPS.,903349
ديلوكسيبرن 60 مجم 28 كبسول,DULOXEPRIN 60 MG 28 CAPS.,2112727
ديلويت روز 20 اقراص,DELOITTE ROSE 20 CAPS,2328381
ديلويت ماج 20 اقراص,DELOITTE MAG 20 TABS,2604663
ديليانو فريش اسبراي 50 مل,DELYANO FRESH SPRAY 50 ML,2342705
ديليبي 60 مجم 6 اقراص,DELEPE 60 MG 6 F.C. TABS,903296
ديليدارك كريم تفتيح 60 جم,DELEDARK WHITENING CREAM 60 GM,2497993
ديليكار جل 50 جم,DELECAR GEL 50 GM,2511041
ديليكار كريم 50 جم,DELECAR CREAM 50 GM,2552653
ديمارك كريم للوجه 30 جم,DEMARK FACE CREAM 30 GM,2499309
ديماس 10000 وحده 30 اقراص,DEMAS D 3 10000 IU 30 TABS,995354
ديماكلاريك 0.15 / 0.03 مجم 21 اقراص,DIMAKLARIC 0.15 / 0.03 MG 21 TAB.,2296970
ديمانكورتيل 2 مل 1 امبول,DEMANCORTIL 2 ML 1 AMP,2559013
ديمرا 20 اقراص,DIMRA 20 F.C.TAB.,2145179
ديمي بيرفيكتو سيرم للتفتيح ومضاد للتجاعيد 30 مل,DIMIPERFECTO ANTI AGING SERUM 30 ML,2500380
ديمي كاب منظف وجه,DOMY 30 TABS,2643698
ديميكاب غسول 250 جم,DIMICAP FACIAL WASH 250 ML,2127953
ديميكاب كريم 50 جم,DIMICAP CREAM 50 GM,2377892
دينتو فريش / غسول للفم,DENTO CARE MOUTH WASH 250 ML,2620055
ديندرا 30 اقراص,DENDRA 30 TABS,2511810
دينستين 30 كبسول,DENSITIN 30 CAPS.,2520024
دينوديفا 2 مجم 21 اقراص,DIENODIVA 2 MG 21 TABS,2037399
دينيترا 10 مجم 60 اقراص,DINITRA 10 MG 60 TAB.,2339325
دينيترا 5 مجم 30 اقراص,DINITRA 5 MG 30 SUBLINGUAL TAB.,2487422
ديوافكتم قطره 10 مل,DUOEFFECTUM EYE DROPS 10 ML,2129706
ديوتراف قطره 2.5 مل,DUOTRAV EYE DROPS. 2.5 ML,1445602
ديورابيليتا 30 كبسول,DURABILITA 30 CAPS,2588084
ديورازاك 90 مجم 4 كبسول,DURAZAC WEEKLY 90 MG 4 DELAYED RELEASE CAPS.,903496
ديوراسين 1 مجم 21 اقراص,DURACIN 1 MG 21 TAB,2542741
ديوراسين 4 مجم 14 اقراص,DURACIN 4 MG 14 TAB,1828612
ديورافوس 1 امبول 2 مل,DURAFOS 1 AMP. 2 ML IM OR INTRA ARTICULAR,2355051
ديورجوي 60 مجم 3 اقراص,DURJOY 60 MG 3 F.C. TABS,1534856
ديورسيف 1 جم 8 اقراص,DURICEF 1 GM 8 F.C. TABS.,2469686
ديورسيف 1 مجم 6 اقراص فواره,DURICEF 1 GM 6 DISPERSABLE TAB.,2537423
ديورسيف 250 مجم / 5 مل شراب 60 مل,DURICEF 250 MG / 5 ML SUSP. 60 ML,1658557
ديورسيف 500 مجم / 5 مل شراب 60 مل,DURICEF 500 MG / 5 ML SUSP. 60 ML,903500
ديورسيف 500 مجم 12 كبسول,DURICEF 500 MG 12 CAPS.,903501
ديوركس 10 ق بيرفورما انتنس,DUREX CONDOMS 10 PIECES PERFORMAX INTENSE,2130795
ديوركس 10 ق فيزرليت الترا,DUREX CONDOMS 10 PIECES FEATHERLITE ULTRA,2130866
ديوركس 12 ق مستورد لبان,DUREX CONDOMS 12 PIECES LUBAN,2131158
ديوركس 3 ق بليجر مي,DUREX CONDOMS 3 PIECES PLEASURE ME,1778204
ديوركس 3 ق فراوله عرض,DUREX CONDOMS 3 PIECES STREWBERRY OFFER,1665646
ديوركس 3 ق فيزرليت الترا,DUREX CONDOMS 3 PIECES FEATHERLITE ULTRA,2130280
ديوركس 3 ق مستورد شيكولاته,DUREX CONDOMS 3 PIECES CHOCOLATA,1633763
ديوركس 3 ق مستورد لبان,DUREX CONDOMS 3 PIECES LUBAN,1401436
ديوركس جل 50 مل مستورد بلاي فييل ازرق,DUREX LUBRICANT GEL 50 ML FEEL PLEASURE,2382638
ديوركس جل 50 مل مستورد بيرفكت جلايد اسود,DUREX LUBRICATING GEL 50 ML PERFECT GLIDE,1401614
ديوركس جل 50 مل مستورد شيري بينك,DUREX LUBRICATING GEL 50 ML CHERRY,1633760
ديوركس جل 50 مل مستورد فراوله احمر,DUREX LUBRICATING GEL 50 ML STREWBERRY,1400902
ديوركس جل 50 مل مستورد ورميند برتقالي,DUREX LUBRICATING GEL 50 ML WARMING,1401331
ديوري 10 اكياس,DURY 10 SACHET,2250388
ديوزمين بلس 500 مجم 30 اقراص,DIOSMIN PLUS 500 MG 30 F.C.TAB.,2454252
ديوسكس 20 مل امبول,DIUSEX 20 MG / 2 ML 5 AMP.,2602719
ديوسيد سي 20 اقراص,DIOSED C 20 TAB.,1658560
ديوكسنورزت 20 مجم 30 كبسول / زيتا,,2402810
ديوماكت 10 اكياس,DIOMACTE 10 SACHET,1359674
ديوماكت 1000 مجم / 5 مل شرب 60 مل,DIOMACTE 1000 MG / 5 ML SUSP. 60 ML,2501013
ديومالين 20 كبسول,DIOMALIN 20 CAP,2634201
رابيبراكيرل 20 مجم 20 اقراص,RABEPRAKYRL 20 MG 20 TABLETS,2469693
رابيبراكيرل 20 مجم 30 اقراص,RABEPRAKYRL 20 MG 30 TABLETS,903505
رابيدوس 50 مجم 30 اقراص,RAPIDUS 50 MG 30 F.C.TAB,2085759
راجون زاحف للقضاء علي الحشرات 500 مل,RAGON CRAWLING INSECT KILLER 500 ML,1777639
راديا روز كريم 50 جم,RADIA ROSE CREAM 50 GM,2127048
راديراف مساج جل رول اون 80 مل,RADIRAVE MASSAGE GEL ROL ON 80 ML,2632874
راديكس 30 اقراص,RADIX 30 TABLET,1680587
رازوبامب 20 مجم 14 كبسول,RAZOPUMP 20 MG 14 CAP,2644707
رازوبامب 40 مجم 14 كبسول,RAZOPUMP 40 MG 14 CAP,2397167
راسب ابيض روتكس,WHITE PPT ROTEX,1767655
راسب ابيض كريم,WHITE PPT,2313038
راسبيلوسين 400 مجم 10 اقراص,RASPELOCIN 400 MG 10 F.C.TAB,2436258
راستيجلو 10 مجم 30 اقراص,RASTIGLO 10 MG 30 FILM COATED TAB,2669597
رافا بخاخ للفم 60 مل,RAFA MOUTH SPRAY 60 ML,1658562
رافابرو بي شراب,RAFAPRO B SYRUP,2521351
رافادا بي كومبلكس 20 فيلم,RAFADA B COMPLEX 20 ODF,2144553
راكوتين سليم 20 اقراص,RAKUTEN SLIM 20 CAPS,2638966
راكوتين كريم 50 جم,RAKUTEN EMOLLIENT CREAM 50 GM,2538776
راليكا 30 اقراص,RALYCA 30 TAB,2274073
راماتريزين 5 محم 30 اقراص,RAMATRIZINE 5 MG 30 F.C.TABS.,2346506
رامبيكاردين 10 مجم 7 اقراص,RAMPECARDIN 10 MG 7 TABS,2633855
رامبيكاردين 2.5 مجم 7 اقراص,RAMPECARDIN 2.5 MG 7 TABS,2541136
رامبيكاردين 2.5 مجم 7 اقراص,RAMPECARDIN 2.5 MG 7 TABS,2313039
رامبيكاردين 5 مجم 7 اقراص,RAMPECARDIN 5 MG 7 TABS,2144755
رامديب 2 مجم / مل شراب 120 مل,RAMDEEP 2 MG / ML SYRUP 120 ML,903507
رامديب 40 مجم 10 اقراص,RAMDEEP 40 MG 10 F.C. TAB.,2400576
رامديب 40 مجم 10 ق,RAMDEEP 40 MG 10 F.C. TAB.,2521139
رامسيفتراكس 1 جم امبول عضل,RAMECEFTRAX 1 GM I.M. VIAL,1534864
رامسيفتراكس 1 جم امبول وريد,RAMECEFTRAX 1 GM IV VIAL,2499251
رامسيفتراكس 500 مجم امبول عضل,RAMECEFTRAX 500 MG VIAL FOR I.M. INJ.,2176317
رامو ( ار ام ) صابون 80 جم,R.M. SOAP 80 GM,2199225
رامي زيثرو 200 م شرب,RAME ZITHRO 200 MG / 5 ML SUSP. 15 ML,2653946
رامي زيثرو 200 مجم / 5 مل شراب 15 مل,RAME ZITHRO 200 MG / 5 ML SUSP. 15 ML,2265356
رامي زيثرو 200 مجم / 5 مل شراب 30 مل,RAME ZITHRO 200 MG / 5 ML SUSP. 30 ML,2509913
رامي زيثرو 500 مجم 6 اقراص,RAME ZITHRO 500 MG 6 F.C.TABS,2557199
راميتاكس 1 جم امبول,RAMETAX 1 GM I.V. / I.M VIAL,2436259
راميتاكس 500 مجم امبول,RAMETAX 500 MG I.V / I.M VIAL,2176320
راميدامايسين بلس قطره للعين 5 مل,RAMEDAMYCIN PLUS EYE DROPS 5 ML,1359682
راميزيثرو 3 اقراص,,2397111
راميسفتراكس 1 جم امبول + 2,RAMECEFTRAX 1 GM IV VIAL,1547321
راميسفتراكس 1 جم امبول جديد,RAMECEFTRAX 1 GM IV VIAL,1934988
راميسفتراكس 500 مجم وريد امبول 46,RAMECEFTRAX 500 MG VIAL FOR I.M. INJ.,2536007
راميسفترايكس. 5 جم جديد,,2584643
راميسفيتركس 500 مجم جديد,RAMECEFTRAX 500 MG VIAL FOR I.M. INJ.,2452490
راميسيفوتريكس 1 جم امبول,RAMECEFTRAX 1 GM IV VIAL,2397269
راميكسول 0.25 مجم 30 اقراص,RAMIXOLE 0.25 MG 30 TABS.,948350
راميكسول 1 جم 30 اقراص,RAMIXOLE 1 MG 30 TAB.,903513
راميكسول 1 مجم 3 شريط,RAMIXOLE 0.25 MG 30 TABS.,2681530
رانجوفين غسول مهبلي 120 مل,RANGOVEN VAGINAL DOUSH 120 ML,2370469
رانجونال 20 اقراص,RANGONAL 20 TAB,1438431
رانجير قطره 30 مل,RANGIER DROPS 30 ML,1713955
رانجير لاين 20 اقراص,RANGIER LINE 20 CAPS,2140317
رانديل 10 مجم 30 اقراص,RANDIL 10 MG 30 TAB.,2436263
رانديل 20 مجم 30 اقراص,RANDIL 20 MG 30 TAB.,1996897
رانسيف 500 مجم 10 اقراص,RANCIF 500 MG 10 F.C.TAB.,2127273
رانسيفيت شراب 120 مل,RANCYVIT SUSP 120 ML,2533132
رانسيكال شراب 120 مل,RANCYCAL SYRUP 120 ML,2533151
راني اف 20 مجم 6 اكياس,RANI F 20 MG 6 SACHETS,2369269
رانيسكا 500 م,,2446597
رانيكسا 375 مجم 60 كبسول,RANEXA 375 MG 60 PROLONGED R.TABS,2382324
رانيكسا 500 مجم 60 كبسول,RANEXA 500 MG 60 PROLONGED R.TABS,2537887
رانيكسا 750 مجم 60 كبسول,RANEXA 750 MG 60 PROLONGED R.TABS,2492614
رايبياكس 12 / 25 مجم 30 كبسول,RAIBYAX 12 / 25 MG 30 CAPS.,2641252
رايبياكس 12 / 50 مجم 30 كبسول,RAIBYAX 12 / 50 MG 30 CAPS.,2595273
رايبياكس 25 / 6 مجم 30 كبسول,RAIBYAX 6 / 25 MG 30 CAPS.,2445393
رايبياكس 6 / 50 مجم 30 كبسول,RAIBYAX 6 / 50 MG 30 CAPS.,2072201
رايت بون,RIGHT BONE DROPS 15 ML,2682557
رايت بون قطره 15 مل,RIGHT BONE DROPS 15 ML,1800454
رايت غسول مهبلي 120 مل,RIGHT VAG.DOUCHE 120 ML,2501355
رايت غسول مهبلي 200 مل,RIGHT VAG.DOUCHE 200 ML,2193277
رايتون منظف للوجه 240 مل,RAYTON FACIAL CLEANSER 240 ML,2498730
رايزوديج فليكس تاتش 100 وحده / مل قلم,RYZODEG 100 I.U. / ML FLEXTOUCH PRE FILLED PEN,1022624
راين 120 جم جل,RAYEN 120 GM GEL,1739829
رجكور 10 مجم قديم,REGCOR 10 MG 10 TAB.,2681755
رنيو محلول عدسات 120 مل,RENU MULTIPLUS SOLUTION 120 ML,2633883
رنيو محلول عدسات 240 م + عرض,RENU MULTIPLUS SOLUTION 240 ML,2400130
رو افريكان اي بالم كريم 20 جم مرطب للعين,RAW AFRICAN EYE BALM 20 GM,1965249
رو افريكان جل محفز لنمو الرموش 8 جم,RAW AFRICAN EYELASH FOLLICLE BOOSTER GEL 8 GM,2169685
رو افريكان زيت محفز لنمو الحواجب 15 مل,RAW AFRICAN FOLLICLE BOOSTER OIL THE EYEBROWS EDITION FOR GROWTH 15 ML,2169681
رو افريكان ستيك 75 جم ليمون,RAW AFRICAN DEODORANT STICK 75 GM LEMON,1777646
رو افريكان سيرم للوجه 30 مل,RAW AFRICAN MIRACLE FACE SERUM 30 ML,2169682
رو افريكان كريم لتشققات القدمين 50 مل,RAW AFRICAN UREA HEEL CREAM 50 GM,2672742
رواتينكس 45 كبسول,ROWATINEX 45 SOFT GELATIN CAPS.,1396555
رواكول 45 كبسول,ROWACHOL 45 CAPS.,2430515
رواكيوتان 20 مجم 30 كبسول,ROACCUTANE 20 MG 30 CAPS.,2271225
رواكيوتريكس 10 مجم 20 كسبول,ROACCUTREX 10 MG 20 CAPS,2600868
رواكيوتريكس 20 مجم 20 كسبول,ROACCUTREX 20 MG 20 CAPS,2600869
رواكيوتريكس 40 مجم 20 كسبول,ROACCUTREX 40 MG 20 CAPS,2600870
رواكيوتين 20 مجم 30 كبسوله,ROACCUTANE 20 MG 30 CAPS.,2561233
رواموكسيفلوكس 400 مجم 5 اقراص,ROWAMOXIFLOX 400 MG 5 F.C. TABS,1756984
روبادين 50 جم كريم,RAPIDENT 32 CLEANCER TABLETS,2208731
روبار كريم 100 جم,ROBAR CREAM 100 GM,2156606
روبالجين 15 % كريم 20 جم,RUBALGIN 15 % TOPICAL CREAM 20 GM,2469710
روبيفامين 1000 مكجم 5 امبول,RUBIVAMIN 1000 MCG 5 AMPS.,2142531
روتا بانثينول غسول للبشره 80 مل,ROTA PANTHENOL FACIAL CLEANSER 80 ML,2129528
روتا بانثينول كريم 30 جم,ROTA PANTHENOL CREAM 30 GM,2593982
روتا بانثينول كريم للشعر 75 جم,ROTA PANTHENOL HAIR CREAM 75 GM,2157689
روتا بايرتك محلول بديل انجكالمول,ROTA POWER 1000 MG 20 EFF. TABS.,2641858
روتا جارد شراب 120 مل,ROTAGUARD 120 ML SYRUP,2146821
روتا دريب بخاخ للانف 50 مل,ROTA DRIP NASAL SPRAY 50 ML,2452141
روتا سي 60 مجم 20 اقراص,RUTA C 60 MG 20 TAB,2315708
روتا كلامين لوسيون 120 مل,ROTA CALAMINE 120 ML LOTION,1750447
روتا مينت فريش بخاخ 30 مل,ROTA MENTFRESH SPRAY 30 ML,2171291
روتا هيلكس اورال قطره جديد,ROTA MA 30 SACHETS,2197747
روتا هيلكس سيستين شراب / ايجي فارما,ROTACYSTEINE 600 MG 20 SACHETS,2382399
روتا هيلكس فورت شراب 120 مل جديد / ايجي فارما,ROTAGUARD 120 ML SYRUP,2321190
روتا هيلكس فورت شراب 120 مل جديد / ايجي فارما,ROTAGUARD 120 ML SYRUP,2332051
روتا هيلكس نايت شراب جديد / ايجي فارما,ROTAGUARD 120 ML SYRUP,2327853
روتابايريتيك 1 جم / 100 مل امبول,ROTAPYRETIC 1 GM / 100 ML VIAL FOR I.V. INF.,1181688
روتاج زيت للشعر 100 مل,ROOTAGE HAIR OIL 100 ML,2466231
روتاج شامبو 75 مل,ROOTAGE SHAMPOO 75 ML,2144806
روتاج كريم جلد 50 جم,ROOTAGE SKIN CREAM 50 GM,2381330
روتاج كريم للشعر 40 جم,ROOTAGE HAIR CREAM 40 GM,2451928
روتاج لوسيون,ROOTAGE HAIR OIL 100 ML,2610019
روتاج لوسيون 100 مل 100,ROOTAGE HAIR OIL 100 ML,2645527
روتاج لوسيون 150 مل جديد / السيسي,ROOTAGE HAIR OIL 100 ML,2559708
روتاج لوسيون س جديد,ROOTAGE HAIR CREAM 40 GM,2632017
روتاج لوشن للشعر 100 مل,ROOTAGE HAIR LOTION 100 ML,2508829
روتاجريست 12.5 مجم محلول وريدي,,2675197
روتاجريست محلول 0.25 50 مجم,,2509506
روتادانسيبروف 8 مجم / 4 مل امبول,,2558564
روتادانسيترون 4 مجم / 2 مل 5 امبول,ROTADANSETRON 4 MG / 2 ML 5 I.M. / I.V. / INF. AMP,2521142
روتادانسيترون 8 مجم / 4 مل 5 امبول,ROTADANSETRON 8 MG / 4 ML 5 I.M. / I.V. / INF. AMP,2146355
روتادايجست 30 كبسول,ROTADIGEST 30 CAPS,2306139
روتادايجيست اقراص,ROTADIGEST LACTASE 30 TAB,2644860
روتاديب 50 مجم بخاخ,,2439091
روتاسيستايين 600 مجم 10 اكياس,ROTACYSTEINE 600 MG 10 SACHETS,1982960
روتاسيستايين 600 مجم 20 اكياس,ROTACYSTEINE 600 MG 20 SACHETS,2498689
روتاكال دي 30 اقراص,ROTACAL D 30 TAB,2199163
روتاكورازين كريم 60 جم,ROTACURAZINE CREAM 60 GM,2669866
روتاماج بيسجليسينات 30 اقراص,ROTAMAG BISGLYCINATE 30 H.G. CAPS,2289787
روتاماج ثريونات اقراص,ROTAMAG THREONATE TAB,2289788
روتاماج سيترات اقراص,ROTAMAG CITRATE TAB,2289789
روتامايند كارديو 30 اقراص,ROTAMIND CARDEO 30 CAP,2289790
روتاموف 30 اقراص,ROTAMOVE 30 TAB,2289791
روتانيك سيروم للشعر 120 مل,ROTANIC HAIR SERUM 120 ML,2629719
روتاهيلكس 25 مجم 30 اقراص,ROTAHELEX 25 MG 30 F.C. TABS.,2537621
روتاهيلكس 30 مل قطره,ROTAHELEX ORAL DROPS 30 ML,2216527
روتاهيلكس ادافانس 40 مل قطره,ROTAHELEX ADVANCE 40 ML DROPS,2146232
روتاهيلكس ادفانس شراب 100 مل,ROTAHELEX ADVANCE SYRUP 100 ML,2400207
روتاهيلكس ادفانس شراب 100 مل,ROTAHELEX ADVANCE SYRUP 100 ML,2680811
روتاهيلكس اكسترا 24 اقراص,ROTAHELEX EXTRA 24 TABS,2448556
روتاهيلكس بخاخ,ROTAHELEX SPRAY,2673658
روتاهيلكس ثايم 24 اقراص استحلاب,ROTAHELEX THYME 24 LOZENGES COLA,2670654
روتاهيلكس ثايم 24 اقراص استحلاب عسل وليمون,ROTAHELEX THYME 24 LOZONGES LEMON AND HONEY,2448554
روتاهيلكس ثايم 24 اقراص استحلاب كولا,ROTAHELEX THYME 24 LOZENGES COLA,2147040
روتاهيلكس سيستايين شراب 100 مل,ROTAHELEX CYSTEINE 100 ML SYRUP,2400474
روتاهيلكس شراب 120 مل,ROTAHELEX SYRUP 120 ML,2389858
روتاهيلكس فورت شراب 100 مل,ROTAHELEX FORTE SYRUP 100 ML,2331032
روتاهيلكس نايت شراب 100 مل,ROTAHELEX NIGHT SYRUP 100 ML,2400877
روتاهيليكس ثايم كوفي 24 ق,ROTAHELEX THYME 24 LOZENGES COLA,2200997
روتاهيليكس ميكس ثايم واكسترا 24 ق استاند,ROTAHELEX EXTRA 24 TABS,2552789
روتري سيل قطره بالفم 8 مل,REUTRI CELL ORAL DROPS 8 ML,2146849
روتس اندز امبولات للشعر 6 امبول,ROOTS ENDS HAIR 6 VIALS,2602732
روتس اندز سيرم رموش 10 مل,ROOTS ENDS LASHES SERUM 10 ML,2602734
روتس اندز كريم للشعر 120 مل,ROOTS ENDS HAIR CREAM 120 ML,2602733
روتس ماسكرا 120 مل,SOLODEX ROOTS CREAM 120 ML,2602735
روتكس صن سكرين SPF + 50 لوسيون 60 مل,ROTEX SUN SCREEN 50 + SPF LOTION 60 ML,1738202
روتمووف بخاخ 75 مل روتكس 70,ROTMOOV MASSAGE SPRAY 75 ML,2643335
روتمووف مساج اسبراي 75 مل,ROTMOOV MASSAGE SPRAY 75 ML,1658584
روتمووف مساج كريم روتكس 40 جم,ROTMOOV MASSAGE CREAM 40 GM,2313658
روتوان اقراص,ROTWAN TABS,2296604
روتون 30 قطعه,ROTONE 30 CHEW. PIECES.,2586649
روتون اقراص 30 اقراص,ROTWAN TABS,2626803
روتيمو شيكولاته 10 اكياس / ميجاميد,ROTYMO 10 SACHET,2625683
روتين سيبا سي 20 اقراص,RUTIN SEBA C 20 TABS,2641374
روج بريتي ومان جلوس مط,SANDRA LONG LASTING LIP GLOSS,2562189
روج بريتي ومان مط,PERFUM ONE MILLION 30 ML,2562188
روح خل 12 ق,EMAA SOUL FOR THE ACACIA TREE AND FISH EYE 12 PCS,1777670
روح خل الاهرام بالدسته,AL AHRAM A SOUL FOR THE ACACIA TREE AND FISH EYE 12 PCS,1400249
روزا كلين دش مهبلي 250 مل,ROSA CLEAN VAG.DOUSH 250 ML,2321031
روزا كلين سكين ووش 250 مل,ROSA CLEAN SKIN WASH SOLN. 250 ML,2501372
روزاسيف 30 كبسول,ROSASEEF 30 CAPS.,2586165
روزاسيف اقراص بديل برايم روز بلس,ROSASEEF 30 CAPS.,2645041
روزافاست 10 مجم 14 اقراص,ROSUVAST 10 MG 14 F.C.TAB,2307215
روزافاست 10 مجم 14 اقراص 98,ROSUVAST 10 MG 14 F.C.TAB,2668107
روزافاست 20 مجم 14 اقراص,ROSUVAST 20 MG 14 F.C.TAB.,1624190
روزافاست 5 مجم 14 اقراص,ROSUVAST 5 MG 14 F.C. TABS.,2542985
روزاليا سيروم للشعر 120 مل,ROZALIA HAIR SERUM 120 ML,2187786
روزاليا شامبو 200 مل,ROZALIA HAIR SHAMPOO 200 ML,2622827
روزاليا شامبو للشعر 200 مل,ROZALIA HAIR SHAMPOO 200 ML,903537
روزاليا لوسيون جديد,ROZALIA HAIR LOTION 120 ML,2682692
روزاليا لوسيون للشعر 120 مل,ROZALIA HAIR LOTION 120 ML,2187783
روزماكس ترمومتر قياس حراره ديجيتال,ROSSMAX DIGITAL THERMOMETER,2296290
روزماكس جهاز نابوليزر صغير NL 100,ROSSMAX NEBULIZER MODEL NL 100 SMALL,2131200
روزماكس جهاز نابوليزر وسط NL 100,ROSSMAX NEBULIZER MODEL NL 100 MEDIUM,1456297
روزنام 10 اكياس,ROSNUM 10 SCHETS,2530873
روزوفاستاتين 10 مجم 14 اقراص,ROSUVASTATIN 10 MG 14 F.C. TAB,2113269
روزوكوليست 5 مجم 30 اقراص,ROSUCHOLEST 5 MG 30 TABS,2380842
روزون 10 كيس,ROZON 10 SACHET,2499862
روزون ثيو 20 اقراص,ROZONETHIO 20 TAB,1774246
روزون جيست 20 اقراص,ROZONE GEST 20 FILM COATED TABLETS,2632617
روزون فورت 20 اقراص,ROZONE FORT 20 TAB,2499863
روزيتا كريم للشعر 100 جم,ROSITA HAIR CREAM 100 GM,2127284
روزيتا لوسيون,ROSITA HAIR CREAM 100 GM,2674445
روزيتا لوسيون 250 مل جديد / كيمت,ROSITA HAIR LOTION 250 ML,2653544
روزيتا لوسيون 250 مل جديد / كيمت,ROSITA HAIR LOTION 250 ML,2670511
روزيتا لوشن للشعر 250 مل,ROSITA HAIR LOTION 250 ML,2129029
روزيتا هير لوسيون قديم,ROSITA HAIR LOTION 250 ML,2651474
روزيتا هير لوشن جديد,ROSITA HAIR LOTION 250 ML,2642540
روسترفان جل مساج 75 جم,,2369349
روستيفو كريم تفتيح 50 مل,ROSTEVO WHITENING CREAM 50 ML,2500537
روسوفاستاتين 20 مجم اقراص قديم,ROSUVASTATIN 20 MG 14 F.C. TAB,2633749
روسوفاستاتين 30 مجم اقراص,ROSUVASTATIN 10 MG 14 F.C. TAB,1227626
روسوفالينج 10 مجم 28 اقراص للذوبان بالفم,ROSUVALING 10 MG 28 ORAL DISINTEGRATING TABLETS,2332133
روسوليبيد 20 مجم 10 اقراص,ROSULIPID 20 MG 10 TAB,1935590
روسون 20 اقراص,ROSON 20 TAB,1396569
روسيتور 10 مجم 14 اقراص,ROSITOR 10 MG 14 F.C.TABS.,2313055
روسيتور 10 مل اقراص قديم,ROSITOR 10 MG 14 F.C.TABS.,2640413
روسيتور 20 مجم 14 اقراص,ROSITOR 20 MG 14 F.C.TABS.,903547
روفادين غسول مهبلي 200 مل,ROVADENE VAGINAL WASH 200 ML,2112747
روفاسيبت بخاخ 60 مل,ROVASEPT TOP. SPRAY 60 ML,2499311
روفافيرو 30 كبسوله / روفاكيور,ROVAFERO 30 CAPS,2625874
روفاكالسيترات 30 اقراص,ROVACALCITRATE 30 TABS,2625875
روفاكس شراب 120 مل,ROOVAX SYRUP 120 ML,1738092
روفامنت جل 30 جم,ROVAMENT GEL 30 GM,1739850
روفامنت مساج اسبراي 100 مل,ROVAMENT MASSAGE SPRAY 100 ML,1738093
روفان غسول مهبلي 250 مل,ROVAN INTIMATE FEMININE WASH 250 ML,903548
روفان غسول نسائي 250 مل,ROVAN INTIMATE FEMININE WASH 250 ML,2683203
روفي دش مهبلي للعنايه,ROFY VAGINAL DOUSH,2130867
روفي شفاط ثدي,ROOFY BABY BREAST PUMP,2207464
روفي شفاط مخاط للانف,ROFY NOSE PUMP,2130610
روفيتين 24 قطعه,ROFITIN 24 CHEW. PIECES,2500124
روفير كريم مساج 60 جم,ROVER MASSAGE CREAM 60 GM,2499865
روكسو جيسك 60 مجم,ROXOGESIC GEL 30 GM,2621273
روكسوتوب 1.5 % كريم 60 جم,RUXOTOP 1.5 % CREAM 60 GM,2582879
روكسوجيسك جل 30 جم,ROXOGESIC GEL 30 GM,2129771
روكسوجيسيك 60 مجم 20 اقراص,ROXOGESIC 60 MG 20 TAB.,903549
روكسيكام 4 مجم 20 اقراص,RHEUXICAM 4 MG 20 F.C.TAB,2313058
روكسيكام 8 مجم 20 اقراص,RHEUXICAM 8 MG 20 F.C.TAB.,2098417
روكسيكام 8 مجم للاطفال امبول,RHEUXICAM 8 MG PD FOR I.M. / I.V. INJ. VIAL,1867249
روكوكسار 120 مجم 7 اقراص,ROCOXAR 120 MG 7 TABS,1816729
روكوكسار 90 مجم 21 اقراص,ROCOXAR 90 MG 21 TABS,1677535
روكوكسيترو 60 مجم 30 اقراص,RECOXITRO 60 MG 30 F.C. TABS,2436327
روكوكسيترو 90 مجم 30 اقراص,RECOXITRO 90 MG 30 F.C. TABS,1029086
روكولاتا 30 اقراص,ROCOLATA 30 TAB,2128887
رولاندبيكت شراب,,2140637
رولي بخاخ 120 مل,ROLLY SPRAY 120 ML,2142866
روماتزين كريم 30 جم,RHEUMATIZEN TOPICAL CREAM 30 GM,2361218
روماتزين كريم 60 جم,RHEUMATIZEN TOPICAL CREAM 60 GM,2144542
روماروفا نانو سيلفر بخاخ 100 مل,ROMAROVA NANO SILVER SPRAY 100 ML,2499868
روماروفا نانو سيلفر جل 30 جم,ROMAROVA NANO SILVER GEL 30 ML,2331297
رومارين 75 مجم / 3 مل 3 امبول,RHEUMARENE 75 MG / 3 ML 3 AMP. I.M,2492316
رومافين جل 20 جم,ROMAFEN 1 % GEL 20 GM,2606223
روماكسيماب 120 مجم 10 اقراص,RUMAXIMAP 120 MG 10 F.C.TABS,2098422
روماكسيماب 60 مجم 30 اقراص,RUMAXIMAP 60 MG 30 F.C.TABS,903557
روماكسيماب 90 مجم 30 اقراص,RUMAXIMAP 90 MG 30 F.C.TABS,903558
روماليكس 0.1 % قطره للعين 5 مل,ROMALEX 0.1 % EYE DROPS 5 ML,2549383
روماليكس 75 مجم / 3 مل 6 امبول,ROMALEX 75 MG / 3 ML 6 I.M. AMPS.,2629720
روماماكس 200 مجم 10 اقراص,RHEUMAMAX 200 MG 10 CAPS,2146624
رومانتيجرا 20 مجم 4 اقراص,ROMANTIGRA 20 MG 4 F.C. TABS,2149503
رومكس اس كريم 50 جم,ROMIX S CREAM 50 GM,2522465
رومكس كريم 60 جم,ROMIX CREAM 60 GM,2369307
رونا سويت اكياس 50,RONA SWEET 50 SACHET,2602749
رونان 10 اكياس,RONAN 10 SACHETS,2313066
رونتاكس كريم 75 جم,RONTAX CREAM 75 GM,1739863
رونتيجرون 400 مجم 30 اقراص,RONTIGRONE 400 MG 30 SCORED F.C. TABS,2281792
رونكين 1010 مجم 20 كبسول,RONKIN 1010 MG 20 S.G.CAPS.,1541457
رويافلوكساسين 500 مجم 10 اقراص,ROYAFLOXACIN 500 MG 10 F.C.TABS.,2620305
رويافيريوم 100 مجم 30 اقراص,ROYAVERIUM 100 MG 30 F.C.TABS.,2146617
رويافيريوم 50 مجم 30 اقراص,ROYAVERIUM 50 MG 30 F.C.TABS,2366965
رويال بودره تشقير 40 جم,ROYAL HAIR BLEESHING POWDER 40 GM,2129978
رويال بي تيك شراب 100 مل,ROYAL BEE TIC SYRUP 100 ML,1547370
رويال تونيك بديل رويال جيلي,ROLL TRON GEL 50 GM,2150520
رويال جل 450 مل احمر بالبروتين,ROYAL HAIR GEL CREAM 450 ML WITH PROTEINS,1833197
رويال جل 450 مل ازرق ثبات طبيعي,ROYAL HAIR GEL CREAM 450 ML NATURAL HOLD,1401127
رويال جل 450 مل رصاصي بالفيتامينات,ROYAL HAIR GEL CREAM 450 ML WITH VITAMINS,2513068
رويال جل 450 مل موف سوبر شاين,ROYAL HAIR GEL CREAM 450 ML SUPER SHINE,2170588
رويال جل 600 مل برطمان احمر بالبروتين,ROYAL HAIR GEL CREAM 600 ML WITH PROTEINS,2311872
رويال جل 600 مل برطمان موف سوبر شاين,ROYAL HAIR GEL CREAM 600 ML SUPER SHINE,2130365
رويال جل 600 مل رصاصي بالفيتامينات,ROYAL HAIR GEL CREAM 600 ML WITH VITAMINS,1833195
رويال جيلي 1000 مجم 12 كبسول,ROYAL JELLY 1000 MG 12 CAPS,2127970
رويال جينسوفيتا 20 اقراص,ROYAL GINSOVITA 20 TABS,2343964
رويال زاد 10 كبسول,ROYAL ZAD 10 CAP,1042193
رويال شاي ريجيم 25 كيس,ROYAL REGIME HERBAL TEA 2 GM* 25 FILTER BAGS,2098825
رويال شاي ريجيم 50 كيس,ROYAL REGIME HERBAL TEA 2 GM* 50 FILTER BAGS,2098826
رويال كومب كريم 30 جم,ROYAL COMB CREAM 30 GM,1673418
رويال كير 10 كبسول,ROYAL CARE 10 CAPS,2233318
رويال نوكس 30 مل شراب,ROYALNOX SYRUP 30 ML,2620370
رويال نوكس 30 مل شراب / بلازما,ROYALNOX SYRUP 30 ML,2642489
رويالسترايد 5 مجم 30 اقراص,ROYALSTERIDE 5 MG 30 F.C. TABS.,1974627
رويالنوكس شراب 30 مل,ROYALNOX SYRUP 30 ML,2371028
رويسان 3 شريط اقراص,ROSON 20 TAB,2668021
رويسان 4 مجم 30 اقراص,ROYSAN 4 MG 30 TAB.,903567
ري ايرو 30 اقراص,RE IRO 30 TABLETS,2496923
ريالتريس بخاخ للانف 120 جرعه,RYALTRIS NASAL SPRAY 120 METERED,2553123
ريالكوكستار 90 مجم 20 اقراص,REALCOXSTAR 90 MG 20 TAB,1774271
ريباجلو جل بديل ريباريل,,2673330
ريباجلو جل بديل ريباريل,,2673666
ريباجلو ريباريل ان جل 50 جم,,2623719
ريباجلينيد 1 مجم 30 اقراص,REPAGLINIDE 1 MG 30 TAB.,2551095
ريباجلينيد 2 مجم 30 اقراص,REPAGLINIDE 2 MG 30 TAB,2604051
ريباريل جل,REPARIL GEL N 40 GM,2681626
ريباريل جل ان 40 جم,REPARIL GEL N 40 GM,1232696
ريبايون ان بخاخ 120 مل,REPAION N SPRAY 120 ML,2098431
ريبايون ان جل 100 جم,REPAION N GEL 100 GM,2407211
ريبايون ان جل 50 جم,REPAION N GEL 50 GM,1739870
ريبلسس 14 مجم 10 اقراص,RYBELSUS 14 MG 10 TABS,2619503
ريبلسس 3 مجم 10 اقراص,RYBELSUS 3 MG 10 TABS,2018918
ريبلسس 7 مجم 10 اقراص,RYBELSUS 7 MG 10 TABS,2098433
ريبلسيس 3 مجم اقراص,RYBELSUS 3 MG 10 TABS,2681325
ريبو كريم,REBOTON CREAM,2536311
ريبو كريم 30 جم,REPO CREAM 30 GM,2144642
ريبوتون 0.25 % جل 30 جم,REBOTON 0.25 % GEL 30 GM,2421356
ريبوتون 0.25 % جل 75 جم,REBOTON 0.25 % GEL 75 GM,1739872
ريبوتون كريم,REBOTON CREAM,2128620
ريبوس كريم مساج,REBOSS MASSAGE CREAM 30 GM,2653030
ريبوس كريم مساج 30 جم,REBOSS MASSAGE CREAM 30 GM,2512883
ريبوس كريم مساج 50 جم,REBOSS MASSAGE CREAM 50 GM,2336317
ريبينيرف 30 اقراص,REPAINERVA 30 TABS,2493173
ريبينيرف كبسول,REPAINERVA 30 TABS,2653962
ريتا ستار كريم 30 جم,RETA STAR CREAM 30 GM,1939167
ريتاكون جل 30 جم,RETAKON GEL 30 GM,1403956
ريتش بانثينول,RICHI PANTHENOL GEL 50 GM,2602753
ريتشاموند جل 50 جم,RECHAMOND GEL 50 GM,2129748
ريتشاموند جل 75 جم,RECHAMOND GEL 75 GM,2146315
ريتشي بانثينول جل 50 جم,RICHI PANTHENOL GEL 50 GM,2436305
ريتشي بانثينول كريم 20 جم,RICHI PANTHENOL CREAM 20 GM,2675469
ريتشي بانثينول كريم 50 جم,RICHI PANTHENOL CREAM 50 GM,2568914
ريتمونورم 150 مجم 30 اقراص,RYTMONORM 150 MG 30 F.C.TABS.,2098436
ريتوريناد 20 مجم 20 اقراص,RETORINAD 20 MG 20 TAB,1739876
ريتينول سيرم 30 مل,AZHA RETINOL SERUM 30 ML,2645046
ريتينول سيرم 450,AZHA RETINOL SERUM 30 ML,2475992
ريتينول سيروم 30 مل 450,AZHA RETINOL SERUM 30 ML,2497859
ريتينول كريم 50 جم,INFINITY RETINOL CREAM 50 GM,2497860
ريتينول كريم عين 30 جم,INFINITY RETINOL EYE CREAM 30 GM,2645043
ريتينول كريم للبشرهسعر 350,INFINITY RETINOL CREAM 50 GM,2530871
ريتينول كريم مدار العين 30 جم 385,INFINITY RETINOL EYE CREAM 30 GM,2644815
ريثموث جيل مساج 75 جم,RE SMOOTH GEL 75 GM,2128902
ريجكور 10 مجم 10 اقراص,REGCOR 10 MG 10 TAB.,944506
ريجكور 5 مجم 10 اقراص,REGCOR 5 MG 10 TAB.,903520
ريجو شامبو 250 مل,REGO HAIR SHAMPOO 250 ML,2436309
ريجو كريم,REGO HAIR CREAM 100 GM,2680520
ريجو كريم 100 جم جديد / ماكرو,REGO HAIR CREAM 100 GM,2682748
ريجو كريم جديد,REGO HAIR CREAM 100 GM,2672674
ريجو كريم للشعر 100 جم,REGO HAIR CREAM 100 GM,2673280
ريجيتون اقراص,REGETON TABS,2530664
ريجيلا 4.5 مجم 28 كبسول,REAGILA 4.5 MG 28 HARD CAPSULES,2319031
ريجيماكس 120 مجم 30 كبسول,REGIMAX 120 MG 30 CAPS.,2149506
ريجين 5 % فوم 73 مل,REGAINE 5 % TOPICAL FOAM 73 ML,2472715
ريجين ديرم كريم,REGEN DERM CREAM,2140416
ريجيناكس 10 جم اكياس,REGENAX 10 GM 10 SACHETS,2500125
ريجينوشور سيروم للوجه 30 مل,REGENOSURE FACE SERUM 30 ML,2499876
ريد اكوا طائر صغير 300 مل بدون رائحه,RAID FLYING INSECT KILLER ODERLESS 300 ML,2130062
ريد اكوا طائر كبير 400 مل بدون رائحه,RAID FLYING INSECT KILLER ODERLESS 400 ML,1777681
ريد جهاز اقراص عادي,RAID MOSQUITO DEVICE,1399914
ريد جهاز سائل,RAID LIQUID MOSQUITO DEVICE,2209607
ريد جهاز سائل + غيار 15 % خ,RAID LIQUID MOSQUITO DEVICE,2669992
ريد جهاز سائل 37 ليله عادي,RAID LIQUID MOSQUITO DEVICE,1777682
ريد جهاز سائل قاتل الحشرات 1 + 1 عرض,RAID HEATER AND MOSQUITO REPELLENT LIQUID 1 + 1,1790882
ريد جهاز ناموس سائل,RAID LIQUID MOSQUITO DEVICE,2602758
ريد زاحف احمر 300 مل,RAID ROACH CRAWLING INSECTS KILLER 300 ML,1399802
ريد زاحف بدون رائحه 300 مل,RAID FLYING INSECT KILLER ODERLESS 300 ML,2669680
ريد سوبر اكوا سائل مبيد للحشرات 300 مل بدون رائحه,RAID SUPER AQUA INSECTS SPRAY KILLER 300 ML ODORLESS,1400017
ريد سوبر اكوا مبيد للحشرات 400 مل بدون رائحه,RAID SUPER AQUA INSECTS SPRAY KILLER 400 ML ODORLESS,1400020
ريد غيار 37 ليله عادي,RAID MOSQUITOES LIQUID KILLER REFILL 37 NIGHTS,1400213
ريد غيار سائل,RAID LIQUID MOSQUITO DEVICE + REPLACEMENT,2669681
ريداند 20 كبسول,REDAND 20 CAPS,1162456
ريدجلوب 30 كبسول,REDGLOB 30 CAPS,1403758
ريدسيلكير 20 اقراص,REDCELCARE 20 TABS,1739879
ريدفيركس 30 كبسول,REDFERX 30 CAPS,2128771
ريديريميد كريم 50 جم,REDERIMIDE CREAM 50 GM,1838088
ريري ارز بالحليب و الجزر 150 جم,RIRI CARROTS WITH RICE AND MILK 200 ML,2507388
ريري ارز بالشيكولاته,RIRI CHOCOLATE 200 GM,2635570
ريري بالحليب قمح وفواكه,RIRI WHEAT AND MILK 200 GM,2619859
ريري بروتين مع الارز والحليب 200 جم,RIRI RICE AND PROTEIN 200 GM,1520160
ريري تركيبه خاصه 125 جم,RIRI SPECIAL FORMULA 125 GM,1396601
ريري تركيبه خاصه 200 مل,RIRI SPECIAL FORMULA 200 ML,2041864
ريري تفاح مع ارز وحليب 200 جم,RIRI RICE AND APPLE 200 GM,2586195
ريري تمر مع ارز وحليب 200 جم,RIRI RICE WITH MILK AND DATE 200 GM,1689871
ريري خضراوات مع ارز 200 جم,RIRI RICE AND VEGETABLES 200 GM,1462189
ريري شوكولاته 200 جم,RIRI CHOCOLATE 200 GM,2363667
ريري عسل النحل,RIRI RICE AND HONEY 200 GM,2652864
ريري عسل مع ارز وحليب 200 جم,RIRI RICE AND HONEY 200 GM,1520164
ريري فواكه مع ارز 200 جم,RIRI RICE AND FRUITS 200 GM,2381986
ريري فيلكس(رقائق الازر بالفيتامينات) 200 جم,RIRI FLAKES RICE AND VITAMINS 200 GM,2041871
ريري قمح بالفواكه,RIRI WHEAT AND MILK 200 GM,2652867
ريري قمح مع الفواكه,RIRI WHEAT AND MILK 200 GM,2584584
ريري قمح مع حليب 200 جم,RIRI WHEAT AND MILK 200 GM,2507392
ريري موز مع ارز وحليب 200 جم,RIRI RICE AND BANANA 200 GM,2652868
ريزيني وجبه ارز 40,RIZINI RICE,2653466
ريسباتيو 20 مجم 20 اقراص,RESPATIO 20 MG 20 F.C.TAB.,2156726
ريسبادكس 1 مجم / مل شراب 100 مل,RISPADEX 1 MG / ML SYRUP 100 ML,1958582
ريسبادكس 3 مجم 30 اقراص,RISPADEX 3 MG 30 F.C.TAB.,2456695
ريسباديكس 3 مجم اقراص,RISPADEX 3 MG 30 F.C.TAB.,2680803
ريسبردال 2 مجم اقراص 190,RISPERDAL 2 MG 20 F.C. TAB.,2681780
ريسبردال قطره,RISPERDAL 4 MG 20 TABS.,2673397
ريسبردال قطره,RISPERDAL 4 MG 20 TABS.,2647164
ريسبوفان شراب 120 مل,RESPOVAN 120 ML SYRUP,2500475
ريسبي ديب 300 مجم 20 اقراص 150,OPTIMUM CARE RECIPE MOCHA HAIR COND 350 ML,2616731
ريسبيديب 10 اكياس,RESPIDEP 10 SACHETS,1752150
ريسبيديب 20 اقراص,RESPIDEP 20 TABS,2634890
ريسبيردال 1 مجم / مل محلول للفم 30 مل,RISPERDAL 1 MG / ML ORAL SOLUTION 30 ML,903581
ريسبيردال 2 مجم 20 اقراص,RISPERDAL 2 MG 20 F.C. TAB.,1675972
ريسبيردال 4 مجم 20 اقراص,RISPERDAL 4 MG 20 TABS.,2250562
ريسبيفلوكس 750 مجم 10 اقراص,RESPIFLOX 750 MG 10 F.C. TAB,2530884
ريسبيفلوكس 750 مجم 5 اقراص,RESPIFLOX 750 MG 5 F.C. TAB,1739882
ريست مساج كريم,REST MASSAGE CREAM,1739883
ريسدال 2 مجم 20 اقراص,RISDAL 2 MG 20 F.C.TAB.,2268033
ريسدال 4 مجم 20 اقراص,RISDAL 4 MG 20 F.C.TABS.,2372170
ريسفيميج كو 20 كبسول,RESVIMEG CO 20 CAP,2398776
ريسكيور 1 مجم 30 اقراص,RISCURE 1 MG 30 F.C. TAB,2127292
ريسكيور 2 مجم 20 اقراص,RISCURE 2 MG 20 F.C. TAB,2469760
ريسكيور 2 مجم 30 اقراص,RISCURE 2 MG 30 F.C. TAB,2127293
ريسكيور 4 مجم 30 اقراص,RISCURE 4 MG 30 F.C. TAB,2436316
ريفا لاكس مساج جل 75 جم,REVA LAX MASSAGE GEL 75 GM,2499364
ريفا وايت كريم تفتيح 50 جم,REVA WHITE CREAM 50 GM,2499363
ريفادون سيروم للشعر 120 مل,RIVADON HAIR SERUM 120 ML,2595655
ريفاروسبير 10 مجم 20 اقراص,RIVAROSPIRE 10 MG 20 F.C. TAB.,2140149
ريفاروسبير 15 مجم 42 اقراص,RIVAROSPIRE 15 MG 42 F.C. TAB.,2157078
ريفاروسبير 2.5 مجم 30 اقراص,RIVAROSPIRE 2.5 MG 30 F.C. TAB.,2145493
ريفاروسبير 20 مجم 28 اقراص,RIVAROSPIRE 20 MG 28 F.C. TAB.,2156809
ريفاريست غسول مهبلي 250 مل,REVAREST VAG.DOUCHE 250 ML,1653936
ريفازين كير محلول مطهر 200 مل,RIVASINE CARE ANTISEPTIC SOL. 200 ML,1426675
ريفافلوفا 10 مجم 20 اقراص,RIVAFLOWVA 10 MG 20 TAB,2498843
ريفافلوفا 20 مجم 20 اقراص,RIVAFLOWVA 20 MG 20 TAB,2498844
ريفان كريم 50 جم,REVAN CREAM 50 GM,2112763
ريفانو سوفت كريم 50 جم,REVANO SOFT CREAM 50 GM,2558501
ريفانوجلو اقراص,REVANOGLO TABLETS,2499365
ريفاينج سكرب كريم 100 مل,REFINING SCRUB CREAM 100 ML,1739891
ريفبن 30 اقراص,REVBEN 30 TAB,2543224
ريفبن لوسيون ضد تساقط الشعر 120 مل,REVBEN HAIR LOSS LOTION 120 ML,2489802
ريفلوكسيلوك 20 مجم 20 اقراص,REFLUXELOC 20 MG 20 TABS,2347406
ريفو 320 مجم 200 اقراص,RIVO 320 MG 200 TABS.,903598
ريفو 75 مجم 30 اقراص,RIVO 75 MG 30 CHEWABLE TABS.,2625713
ريفوبلكس كريم 60 جم,REVOPLEX CREAM 60 GM,2500126
ريفوك لوسيون 120 مل,REVOKE 120 ML LOTION,2197878
ريفوك هيد زيت شعر,SERVECT HAIR OIL WITH SERUM 200 ML,2492644
ريفوك هيد زيت شعر,SERVECT HAIR OIL WITH SERUM 200 ML,2507228
ريفوك هيد زيت شعر,SERVECT HAIR OIL WITH SERUM 200 ML,2552917
ريفوك هيد زيت شعر 60 مل,RIFACTINE 2 % 60 ML SUSP.,2595862
ريفي 2 كريم 50 جم,REVI 2 CREAM 50 GM,1396622
ريفيتال شامبو للشعر 250 مل,RE VITAL HAIR SHAMPOO 250 ML,1547406
ريفيتال لوشن 125 مل,RE VITAL HAIR LOTION 125 ML,1996958
ريفيرتين غسول للوجه لحب الشباب 200 مل,REVERTEN FACIAL CLEANSER FOR ACNE 200 ML,2499878
ريفيفوديرم 60 جم كريم,REVIVODERM 60 GM CREAM,1978984
ريكسودين محلول مطهر 60 مل,REXODIN ANTISEPTIC SOLUTION 60 ML,2476150
ريكسونا بخاخ حريمي 150 مل انفيسبل,REXONA DEODORANT SPRAY FOR WOMAN 150 ML INVISIBLE,2420744
ريكسونا بخاخ حريمي 150 مل بامبو والوفيرا,REXONA DEODORANT SPRAY FOR WOMAN 150 ML BAMBOO FREEZE ALOE VERA,1407678
ريكسونا بخاخ حريمي 150 مل خوخ,REXONA DEODORANT SPRAY FOR WOMAN 150 ML PEACH,2316456
ريكسونا بخاخ رجالي 150 مل اكسترا كول,REXONA DEODORANT SPRAY FOR MAN 150 ML EXTRA COOL,1677777
ريكسونا بخاخ رجالي 150 مل انفسبل,REXONA DEODORANT SPRAY FOR MAN 150 ML INVISIBLE,2420741
ريكسونا بخاخ رجالي 150 مل بالفحم,REXONA DEODORANT SPRAY FOR MAN 150 ML CHARCOAL,2541075
ريكسونا بخاخ رجالي 150 مل في ايت اصفر,REXONA DEODORANT SPRAY FOR MAN 150 ML V 8,2221314
ريكسونا بخاخ رجالي 150 مل نعناع كول,REXONA MEN'S SPRAY 150 ML MINT COOL,2355184
ريكسونا بخاخ رجالي انفزابل 150 مل خصم 25,REXONA DEODORANT SPRAY FOR MAN 150 ML V 8 25 P DISCOUNT,2537460
ريكسونا بخاخ رجالي فحم 150 مل خصم 25,REXONA DEODORANT SPRAY FOR MAN 150 ML V 8 25 P DISCOUNT,1975757
ريكسونا بليه 50 م رجالي في 8 / خ س,REXONA ROLL ON MEN'S ANTIPERSPIRANT 50 ML V 8,2683291
ريكسونا بليه 50 مل انفزابول رجالي خصم,REXONA ROLL ON MEN'S ANTIPERSPIRANT 50 ML INVISBLE,2602775
ريكسونا بليه 50 مل بامبو خصم,REXONA ROLL ON 45 ML ROSE GLOW,2602777
ريكسونا بليه 50 مل باودر خصم,REXONA ROLL ON WOMEN'S ANTIPERSPIRANT 50 ML POWER DRY,2602779
ريكسونا بليه 50 مل خوخ وليمون خصم,REXONA ROLL ON WOMEN'S ANTIPERSPIRANT 50 ML PEACH LEMON,2602778
ريكسونا بليه 50 مل رجالي اكتف دراي,REXONA STICK FOR MEN 50 ML ACTIVE FRESH,2646954
ريكسونا بليه 50 مل رجالي فحم خصم 10,REXONA ROLL ON MEN'S ANTIPERSPIRANT 50 ML CHARCOAL,1876954
ريكسونا بليه 50 مل شاور خصم,REXONA ROLL ON 45 ML SHOWER CLEAN,2602780
ريكسونا بليه 50 مل فحم خصم,REXONA ROLL ON MEN'S ANTIPERSPIRANT 50 ML CHARCOAL,2602781
ريكسونا بليه 50 مل في ايت خصم,REXONA ROLL ON MEN'S ANTIPERSPIRANT 50 ML V 8,2602782
ريكسونا بليه 50 مل نعناع وشجره الارز,REXONA ROLL ON MEN'S ANTIPERSPIRANT 50 ML MINT,2602783
ريكسونا بليه حريمي 20 مل بامبو,REXONA ROLL ON WOMEN'S ANTIPERSPIRANT 20 ML BAMBOO,2464789
ريكسونا بليه حريمي 20 مل باودر دراي,REXONA ROLL ON WOMEN'S ANTIPERSPIRANT 20 ML POWDER DRY,2646953
ريكسونا بليه حريمي 20 مل شاور فريش,REXONA ROLL ON WOMEN'S ANTIPERSPIRANT 20 ML SHOWER FRESH,1673581
ريكسونا بليه حريمي 20 مل شاور فريش عرض,REXONA ROLL ON WOMEN'S ANTIPERSPIRANT 20 ML SHOWER FRESH OFFER,2626445
ريكسونا بليه حريمي 20 مل شاور كلين,REXONA ROLL ON WOMEN'S ANTIPERSPIRANT 20 ML SHOWER CLEAN,1662153
ريكسونا بليه حريمي 50 مل انفيسيبل,REXONA ROLL ON WOMEN'S ANTIPERSPIRANT 50 ML INVISIBLE,2602776
ريكسونا بليه حريمي 50 مل بامبو والوفيرا,REXONA ROLL ON WOMEN'S ANTIPERSPIRANT 50 ML BAMBOO FREEZE ALOE VERA,2131686
ريكسونا بليه حريمي 50 مل باودر دراي,REXONA ROLL ON WOMEN'S ANTIPERSPIRANT 50 ML POWER DRY,2076025
ريكسونا بليه حريمي 50 مل خوخ وليمون,REXONA ROLL ON WOMEN'S ANTIPERSPIRANT 50 ML PEACH LEMON,2625890
ريكسونا بليه حريمي 50 مل شاور فريش,REXONA ROLL ON WOMEN'S ANTIPERSPIRANT 50 ML SHOWER FRESH,2131674
ريكسونا بليه رجالي 20 مل اكسترا كوول,REXONA ROLL ON MEN'S ANTIPERSPIRANT 20 ML EXTRA COOL,1400527
ريكسونا بليه رجالي 20 مل اكسترا كوول عرض,REXONA ROLL ON MEN'S ANTIPERSPIRANT 20 ML EXTRA COOL OFFER,2646952
ريكسونا بليه رجالي 50 مل اكسترا كوول,REXONA ROLL ON MEN'S ANTIPERSPIRANT 50 ML EXTRA COOL,2248682
ريكسونا بليه رجالي 50 مل بالفحم,REXONA ROLL ON MEN'S ANTIPERSPIRANT 50 ML CHARCOAL,2646955
ريكسونا بليه رجالي 50 مل في ايت زيتي,REXONA ROLL ON MEN'S ANTIPERSPIRANT 50 ML V 8,1400015
ريكسونا بليه رجالي 50 مل نعناع,REXONA ROLL ON MEN'S ANTIPERSPIRANT 50 ML MINT,1401302
ريكسونا ستيك حريمي 40 جم كوتون دراي,REXONA STICK FOR WOMEN 40 GM COTTON DRY,1946123
ريكسونا ستيك رجالي 40 مل سبورت ديفينس,REXONA STICK FOR MEN 40 GM SPORT DEFENCE,2087577
ريكوكس برايت 60 مجم,ROCOXAR 60 MG 21 TABS,2466698
ريكوكسيبرايت 120 مجم 7 اقراص,RECOXIBRIGHT 120 MG 7 F.C.TABS.,2313078
ريكوكسيبرايت 60 3 شريط,RECOXIBRIGHT 60 MG 30 F.C.TABS,2681781
ريكوكسيبرايت 60 مجم 20 اقراص,RECOXIBRIGHT 60 MG 20 F.C.TABS.,2193350
ريكوكسيبرايت 60 مجم 30 اقراص,RECOXIBRIGHT 60 MG 30 F.C.TABS,2372265
ريكوكسيبرايت 90 مجم 30 اقراص,RECOXIBRIGHT 90 MG 30 F.C.TABS.,2222940
ريكوكسيترو 120 مجم 10 اقراص,RECOXITRO 120 MG 10 F.C. TABS,1744885
ريكوكسيترو 90 مجم اقراص,RECOXITRO 90 MG 30 F.C. TABS,2682698
ريكوكسيتور 90,RECOXITRO 90 MG 30 F.C. TABS,2618258
ريكوكسيتيب 90 مجم 20 اقراص,RICOXITIB 90 MG 20 F.C. TABS,2632469
ريلات زيت للشعر 120 مل,RELAT HAIR OIL 120 ML,1973888
ريلات كريم للشعر 120 مل,RELAT HAIR CREAM 120 GM,2567399
ريلات لوشن للشعر 120 مل,RELAT HAIR LOTION 120 ML,2295962
ريلاترولين 25 مجم 20 كبسول,RELATROLENE 25 MG 20 CAPS.,1623554
ريلاكس 30 كبسول,RELAX 30 CAPS.,1456326
ريلاكس جديد كريم 50 جم س جديد,RELAX CREAM 50 GM,2368362
ريلاكس جديد كريم 60 جم س جديد,TOP RELAX CREAM 60 GM,2368365
ريلاكس جل 50 جم,RELAX GEL 50 GM,2293440
ريلاكس كريم 50 جم,RELAX CREAM 50 GM,2469779
ريلاكسون 30 كبسول,RELAXON 30 CAPS.,903609
ريلاكومب جل مساج 100 جم,RELACOMB MASSAGE GEL 100 GM,2522476
ريلاكومب مساج بخاخ 100 مل,RELACOMP MASSAGE SPRAY 100 ML,2501059
ريلي كريم مرطب 60 جم,RELEE EMOLLIENT CREAM 60 GM,2499193
ريليرونز مساج جل 50 جم,RELIRONZ MASSAGE GEL 50 GM,2128998
ريما بلاست 30 اقراص,REEMABLAST 30 TABS,2499374
ريما بلاست شراب 120 مل,REEMABLAST SYRUP 120 ML,2583711
ريمو ادفانسد 120 مل كريم,REMO ADVANCED CREAM 120 ML,2114024
ريمو كريم 120 مل,REMO CREAM 120 ML,2113797
ريمو كريم مرطب 230 مجم عرض 1 + 1,REMO CREAM 120 ML,2496240
ريمو واكس قطره 24,ALFABRIMO 0.2 % EYE DPS. 5 ML,2602790
ريموت صن اسكرين اس بي اف 50 كريم 60 جم,REMOT SUN SCREEN SPF 50 + CREAM 60 GM,2342706
ريمونتادا 30 كبسول,REMONTADA 30 CAPS,2608124
ريموواكس 5 % قطره للاذن 15 مل,REMOWAX 5 % EAR DROPS 15 ML,1534935
ريميجولين 0.5 مجم 2 اقراص,REMIGOLINE 0.5 MG 2 TAB.,2491799
ريميكافي شراب,REMEKAVY SYRUP,2193359
ريناجل 800 مجم 180 اقراص,RENAGEL 800 MG 180 F.C.TAB,2251709
رينال اس 12 اكياس,RENAL S 12 SACHET,903614
رينجر محلول عادي (كرتونه),RINGER SOLUTION NORMAL PACKAGE,919509
رينجر وريد 500 مل اتكو,RINGER I.V. INF. 500 ML ATCO,2472726
رينجر وريد 500 مل الفتح,RINGER (FIPCO) I.V. INF. 500 ML,2472725
رينجر وريد 500 مل المتحدون,RINGER (MOTTAHEDOON) I.V. INF. 500 ML,2209266
رينجر وريد 500 مل المتحدون كرتونه,RINGER MOTTAHEDOON I.V. INF. 500 ML PACKET,2497483
رينجر وريد 500 مل النصر,RINGER EL NASR I.V. INF. 500 ML,2596667
رينجوماس شراب 120 مل,RINGOMAS SYRUP 120 ML,2181509
رينجي كال 24 اقراص,RANGECAL 24 CHEW. TABS,2500636
رينجي كال لاين 20 اقراص,RANGECAL LINE 20 TABS,2631629
رينكس 0.05 % قطره اطفال,RHINEX 0.05 % INFANTILE NASAL DROPS 10 ML,2473416
رينكس 0.1 % قطره 10 مل كبار,RHINEX 0.1 % ADULT NASAL DROPS 10 ML,1228788
رينو برو ريتارد كبسول 2 شريط 90,IRNO PLUS 30 CAP,2680575
رينو سكار جل,RENEW PRO SCAR GEL,2638642
رينو سكار جل 30 جم,RENEW PRO SCAR GEL,2630846
رينوبرو اس ار 20 كبسول,RHINOPRO S.R. 20 CAPS.,2469785
رينوستا كريم 50 جم,RENOSTA CREAM 50 GM,2146218
رينوسكار جل 30 جم,RENOSCAR GEL 30 GM,2496997
رينوفو دي 3 اقراص,RENOVO D 3 TAB,2511987
رينوفوليوم 30 اقراص,RENOFOLIUM TAB,2499378
رينوكالم 20 اقراص,RHINOCALM 20 TABS.,2651104
رينوكساكير 100 اقراص,RENOXACARE 100 TABS,2633703
رينومول اس شراب 120 مل,RHINOMOL S SYRUP 120 ML,2436340
ريني 24 اقراص,RENNIE 24 CHEW. TAB,2168120
ريني كلير بخاخ,RONY HAIR SPRAY 120 ML,1802504
ريني كلير بخاخ,RONY HAIR SPRAY 120 ML,2316608
رينيكلير بخاخ للانف 15 مل,RENICLAIR NASAL SPRAY 15 ML,2161270
رينيو مالتي بلس محلول 120 مل,RENU MULTIPLUS SOLUTION 120 ML,2144104
رينيو مالتي بلس محلول 240 مل,RENU MULTIPLUS SOLUTION 240 ML,2476151
رينيو مالتي بلس محلول 240 مل + بادي سبلاش معطر للجسم مجانا,RENU MULTIPLUS SOLUTION 240 ML + BODY SPLASH OFFER,2559124
رينيو مالتي بلس محلول 360 مل,RENU MULTIPLUS SOLUTION 360 ML,1867299
رينيو محلول 120 مل وسط قنديل 270,RENU MULTIPLUS SOLUTION 120 ML,2637834
ريوبانوكس شراب 160 مل,RIOPANOX LIQUID 160 ML,1939412
ريوبانوكس شراب 160 مل 80,RIOPANOX LIQUID 160 ML,2636214
ريوتيباسيللي قطره بالفم 10 مل,REUTIBACILLI ORAL DROPS 10 ML,2589440
ريوموف مساج كريم 75 جم,RIOMOVE MASSAGE CREAM 75 GM,1359790
زابيمرت 30 مجم 30 اقراص,ZAPIMERT 30 MG 30 F.C. TABS.,2264971
زاترال اكس ال 10 مجم 30 اقراص,XATRAL XL 10 MG 30 F.C.TABS.,1700831
زاثروترو 500 مجم 3 اقراص,ZATHROTRUE 500 MG 3 F.C. TABS.,2075018
زاثروترو 500 مجم 6 اقراص,ZATHROTRUE 500 MG 6 F.C. TABS,1096487
زادميسين مرهم 20 جم,ZADMICIN 0.1 % TOPICAL OINT 20 GM,2129493
زادوجلوبين 20 كبسول,ZADOGLOBIN 20 CAPS,2454322
زادوجوينت 30 اقراص,ZADOJOINT 30 TAB,2500127
زارزيو 30 وحده / 0.5 مل سرنجه,ZARZIO 30 MIU / 0.5 ML PREFILLED SYRINGE S.C. I.V.,2388711
زارو جل 15 جم,ZARO GEL 15 GM,2216355
زاروبرازول 20 / 1100 مجم 28 كبسول,ZARROPRAZOLE 20 / 1100 MG 28 CAPS.,2112765
زاريلتو 10 مجم 10 اقراص,XARELTO 10 MG 10 F.C. TAB.,2602815
زاريلتو 15 مجم 14 اقراص,XARELTO 15 MG 14 F.C. TAB,2401283
زاريلتو 20 مجم 14 اقراص,XARELTO 20 MG 14 TABS,2668686
زاريلتو 20 مجم 14 اقراص,XARELTO 20 MG 14 TABS,2536455
زاريلتو 20 مجم 28 اقراص,XARELTO 20 MG 28 F.C. TAB.,2337668
زاك بخاخ 150 مل فالكون,ZAK SPRAY PERFUME 175 ML FALCON,2602805
زاك بخاخ 150 مل فيرس,ZAK SPRAY PERFUME 175 ML FIERCE,2602806
زاك بخاخ 150 مل فينتاج,ZAK SPRAY PERFUME 175 ML VINTAGE,2602809
زاك بخاخ 150 مل كاربون بلاك,ZAK SPRAY PERFUME 175 ML CARBON BLACK,2602808
زاك بخاخ 150 مل نو رولز,ZAK SPRAY PERFUME 175 ML NO RULES,2602807
زاك بخاخ 150 مل وايد,ZAK SPRAY PERFUME 175 ML AS,2602810
زاك بخاخ 175 مل اس,ZAK SPRAY PERFUME 175 ML AS,2305972
زاك بخاخ 175 مل بلاك,ZAK SPRAY PERFUME 175 ML BLACK,2602811
زاك بخاخ 175 مل بلاك,ZAK SPRAY PERFUME 175 ML BLACK,1852086
زاك بخاخ 175 مل بولد,ZAK SPRAY PERFUME 175 ML BOLD,2602812
زاك بخاخ 175 مل بولد,ZAK SPRAY PERFUME 175 ML BOLD,1975217
زاك بخاخ 175 مل توباكو شمبيون,ZAK SPRAY PERFUME 175 ML CHAMPION,2398178
زاك بخاخ 175 مل توباكو فانيليا,ZAK SPRAY PERFUME 175 ML TOBACCO VANILLA,2602800
زاك بخاخ 175 مل تيتانيوم,ZAK SPRAY PERFUME 175 ML TITANIUM,2602801
زاك بخاخ 175 مل تيتانيوم,ZAK SPRAY PERFUME 175 ML TITANIUM,2398181
زاك بخاخ 175 مل تيم ليس,ZAK SPRAY PERFUME 175 ML TIMELESS,2398180
زاك بخاخ 175 مل جينتل مان,ZAK SPRAY PERFUME 175 ML GENTLEMAN,2602802
زاك بخاخ 175 مل جينتل مان,ZAK SPRAY PERFUME 175 ML GENTLEMAN,2188042
زاك بخاخ 175 مل ريبل,ZAK SPRAY PERFUME 175 ML REBEL,2398179
زاك بخاخ 175 مل ريبيل,ZAK SPRAY PERFUME 175 ML REBEL,2602804
زاك بخاخ 175 مل شامبيون,ZAK SPRAY PERFUME 175 ML CHAMPION,2602799
زاك بخاخ 175 مل فالكون,ZAK SPRAY PERFUME 175 ML FALCON,1867706
زاك بخاخ 175 مل فيرس,ZAK SPRAY PERFUME 175 ML FIERCE,2331973
زاك بخاخ 175 مل فينتاج,ZAK SPRAY PERFUME 175 ML VINTAGE,1847828
زاك بخاخ 175 مل كاربون بلاك,ZAK SPRAY PERFUME 175 ML CARBON BLACK,2398183
زاك بخاخ 175 مل ليس,ZAK SPRAY PERFUME 175 ML TIMELESS,2602803
زاك بخاخ 175 مل نو رولز,ZAK SPRAY PERFUME 175 ML NO RULES,2217282
زاك بخاخ 175 مل ويلدر,ZAK SPRAY PERFUME 175 ML WILDER,2398184
زاك برفان 150 مل انتينس ترو ليجيند,ZAK EAU DE PARFUM 150 ML INTENSE TRUE LEGEND,2169497
زاك برفان 150 مل انتينس جيم اون,ZAK EAU DE PARFUM 150 ML INTENSE GAME ON,2169513
زاك برفان 150 مل انتينس وود سبايس,ZAK EAU DE PARFUM 150 ML INTENSE WOOD SLICE,2169514
زاك برفان 150 مل ايدج,ZAK EAU DE PARFUM 150 ML EDGE,2169508
زاك برفان 150 مل بيج شوت,ZAK EAU DE PARFUM 150 ML BIG SHOT,2367379
زاك برفان 150 مل نايت رايد,ZAK EAU DE PARFUM 150 ML NIGHT RIDE,2169517
زاك برفان 150 مل هوستلير,ZAK EAU DE PARFUM 150 ML INTENSE HUSTLER,2169493
زاك برفان جيب 25 مل اكستريم,ZAK EAU DE PARFUM 25 ML EXTREME,2131117
زاك برفان جيب 25 مل دايفر,ZAK EAU DE PARFUM 25 ML DIVER,1944946
زاك برفان جيب 25 مل ليكويد جولد,ZAK EAU DE PARFUM 25 ML LIQUED GOLD,2131118
زاك برفان جيب 25 مل واررور,ZAK EAU DE PARFUM 25 ML WARRIOR,1944948
زاك رول اون مزيل عرق 50 مل بودي جارد اكستريم,ZAK ROLL ON DEODORANT 50 ML EXTREME,2169656
زاك رول اون مزيل عرق 50 مل بودي جارد جوست,ZAK | BODYGUARD GHOST ROLL ON DEODORANT | 50 ML,1821645
زاك رول اون مزيل عرق 50 مل بودي جارد سبورت,ZAK ROLL ON DEODORANT 50 ML SPORT,2169683
زاكاجلون 75 مجم / 3 مل 3 امبول,ZACAGLONE 75 MG / 3 ML 3 AMP. FOR I.M. INJECTION,903631
زاكسيرا لاكتيز قطره بالفم,ZAXERA LACTASE ENZYME ORAL DROP,2513644
زالاتان 50 مكجم / مل قطره للعين 2.5 مل,XALATAN 50 MCG / ML EYE DROPS 2.5 ML,1563009
زالاتريكس 50 مكجم / مل قطره للعين,XALATREX 50 MCG / ML EYE DROPS,2559696
زالاتريكس بلس قطره للعين 2.5 مل,XALATREX PLUS EYE DROPS 2.5 ML,1131429
زالاتريكس قطره 5 % / ابيكو / ثلاجه,XALATREX PLUS EYE DROPS 2.5 ML,2594540
زالاكوم قطره للعين 2.5 مل,XALACOM EYE DROPS 2.5 ML,1946976
زالتيك 0.5 مجم / مل شراب 120 مل,XALTEC 0.5 MG / ML SYRUP 120 ML,1658653
زالريتو 15 م,,2221850
زاليرتو 10 م ق,,2623977
زاليرتو 15,,2602817
زاليزو 10 اكياس,ZALIZO 10 SACHETS,1566602
زانبرازان 20 جم,XANPRAZAN 20 MG 30 TABS,2682771
زانبرازان 20 مجم 30 اقراص,XANPRAZAN 20 MG 30 TABS,2653473
زانبرازان 20 مجم 30 اقراص,XANPRAZAN 20 MG 30 TABS,2403023
زانتوبار بخاخ للانف 50 مل,ZANTOPAR NASAL SPRAY 50 ML,2452139
زانثيبوكس 40 مجم 20 اقراص,XANTHIBUX 40 MG 20 F.C. TABS.,2431362
زانثيبوكس 40 مجم 20 اقراص,XANTHIBUX 40 MG 20 F.C. TABS.,2671337
زانثيبوكس 40 مجم 30 اقراص,XANTHIBUX 40 MG 30 F.C. TABS,2637976
زانثيبوكس 80 مجم 20 اقراص,XANTHIBUX 80 MG 20 F.C. TABS.,2431358
زانثيبوكس 80 مجم 20 اقراص,XANTHIBUX 80 MG 20 F.C. TABS.,2538268
زانثيبوكس 80 مجم 30 اقراص,XANTHIBUX 80 MG 30 F.C. TABS,2602819
زاندروس 20 كبسول,ZANDROS 20 CAPS,2313088
زانسيستوب 120 مجم 30 اقراص,XANTHISTOP 120 MG 30 TABLETS,2166854
زانسيستوب 40 مجم 30 اقراص,XANTHISTOP 40 MG 30 TAB,1874638
زانسيستوب 80 مجم 30 اقراص,XANTHISTOP 80 MG 30 TABS.,1426709
زانوجليد 2 / 30 مجم 30 اقراص,ZANOGLIDE 2 / 30 MG 30 TAB.,903637
زانوجليد 4 / 30 مجم 30 اقراص,ZANOGLIDE 4 / 30 MG 30 TAB.,2454337
زانوكسيبان 10 مجم 10 اقراص,XANOXIBAN 10 MG 10 F.C. TABS.,2193384
زانوكسيبان 15 مجم 50 اقراص,XANOXIBAN 15 MG 50 F.C. TABS.,1359808
زانوكسيبان 2.5 مجم 10 اقراص,XANOXIBAN 2.5 MG 10 F.C. TABS.,1799683
زانوكسيبان 20 مجم 30 اقراص,XANOXIBAN 20 MG 30 F.C. TABS.,1862617
زاهيم 20 كبسول,XAHAEM 20 CAP,2549271
زسويف بيا 20 كبسول,ZSWEV JOINT 30 CAP,2606182
زسويف جوينت 30 كبسول,ZSWEV JOINT 30 CAP,2557141
زسويف ماما كير 30 كبسوله,ZSWEV MAMA CARE 30 HARD GELATIN CAPSULES,2492468
زكاردوفال 10 / 160 مجم اقرؤاص,,2642473
زكاردوفال 160 / 5 مجم 30 اقراص,,2641348
زكاردوفال 5 / 160 مجم اقراص,,2642474
زنك اورجن 20 مجم 20 اقراص,ZINC ORIGIN 20 MG 20 DISPERSIBLE TAB.,2559350
زنك اوليف ايه ثري ايه كريم 50 جم,ZINC OLIVE A 3 A CREAM 50 GM,1944928
زنك اوليف بليمباب 150 جم كريم بيبي,PELEMBAP BABY ZINC OLIVE CREAM 75 GM,2630077
زنك اوليف ديستينا 60 جم,ZINC OLIVE CREAM 75 GM,2086621
زنك اوليف كريم 75 جم كولدج,ZINC OLIVE COLLEDGE CREAM 75 GM,1806257
زنك اوليف كريم اي يو جي,ZINC OLIVE CREAM 75 GM,2682849
زنك اوليف كريم ايه يو جي,ZINC OLIVE A 3 A CREAM 50 GM,2643633
زنك اوليف كريم ايه يو جي,ZINC OLIVE A 3 A CREAM 50 GM,2675705
زنك اوليف كريم ايه يو جي,ZINC OLIVE A 3 A CREAM 50 GM,2645772
زنك اوليف كريم ايه يو جي,ZINC OLIVE A 3 A CREAM 50 GM,2653905
زنك اوليف كريم فيوتشر,ZINC OLIVE CREAM 75 GM,2622506
زنك اوليف لوشن المهن,ZINC OLIVE LOTION 50 + SPF 100 ML,2681181
زنك تاتش كريم,ZINC TOUCH CREAM,2499883
زنكترون 30 كبسول,ZINCTRON 30 CAPS.,2369280
زنكوبان كريم 60 جم,ZINCOPAN CREAM 60 GM,1809454
زنكوديرم كريم 50 جم,ZINCODERM TOPICAL CREAM 50 GM,903653
زنكوديرم لوشن 120 مل,ZINCODERM TOPICAL LOTION 120 ML,903651
زنكوركس شامبو 200 مل,ZINCOREX SHAMPOO 200 ML,2195935
زنكوفاكت كريم 50 جم,ZINCOFACT CREAM 50 GM,1739928
زنكوميست شراب 120 مل,ZINCOMIST SYRUP 120 ML,2636012
زنكيم 20 اقراص,ZINKEEM 20 TABS.,1870946
زوراكسون 1 جم,XORAXON 1 GM I.V. VIAL,1337615
زوراكسون 1 جم امبول,XORAXON 1 GM I.V. VIAL,1534967
زوراكسون 1 جم امبول عضل,XORAXON 1 GM I.M. VIAL,2127800
زوراكسون 1 جم امبول وريد,XORAXON 1 GM I.V. VIAL,2617678
زوراكسون 500 مجم امبول عضل,XORAXON 500 MG I.M. VIAL,2497597
زوركال 20 مجم 14 اقراص,ZURCAL 20 MG 14 GASTRO RESISTANT TABS.,2469813
زوركال 40 مجم 14 اقراص,ZURCAL 40 MG 14 GASTRO RESISTANT TABS.,2313097
زوركال 40 مجم 28 اقراص,ZURCAL 40 MG 28 GASTRO RESISTANT TABS.,2474694
زوركال 40 مجم امبول وريد,ZURCAL 40 MG POWDER FOR I.V. INF. VIAL,2498415
زورين 1 امبول س 48,XORIN 1 GM VIAL,2681479
زورين 1 جم امبول,XORIN 1 GM VIAL,2436367
زورين 2 / 1 امبول جديد,XORIN 1 GM VIAL,2681474
زورين 500 مجم امبول,XORIN 500 MG VIAL,2640858
زوفاترون 4 مجم / 2 مل 3 امبول,ZOFATRONE 4 MG / 2 ML 3 AMP. FOR I.V / I.M INJ,903657
زوفاترون 4 مجم 5 فيلم,ZOFATRONE 4 MG 5 FILM,1869030
زوفاترون 8 مجم / 4 مل 3 امبول,ZOFATRONE 8 MG / 4 ML 3 AMP. FOR I.V / I.M INJ.,903659
زوفران 4 مجم / 2 مل 10 امبول,ZOFRAN 4 MG / 2 ML 10 AMP,2486386
زوفيراكس 400 مجم 10 اقراص,ZOVIRAX 400 MG 10 TAB.,1883878
زوفيراكس 5 % كريم 10 جم,ZOVIRAX 5 % TOPICAL CREAM 10 GM,1868160
زوفيراكس 500 مجم 5 امبول,ZOVIRAX 500 MG 5 VAIL,2474089
زوفيراكس دي اس 400 مجم / 5 مل شراب 100 مل,ZOVIRAX D.S 400 MG / 5 ML SUSP. 100 ML,1521955
زوفيراكس شراب 400 مجم 100 مل جديد / جلاكسو,ZOVIRAX D.S 400 MG / 5 ML SUSP. 100 ML,2361084
زوكوزيت 10 / 20 مجم 14 اقراص,ZOCOZET 10 / 20 MG 14 F.C. TAB.,1840926
زولا انكل L,ZOLA ANKLE SUPPORT L,2602830
زولا انكل L,ZOLA ANKLE SUPPORT L,1400109
زولا انكل M,ZOLA ANKLE SUPPORT M,2602831
زولا انكل M,ZOLA ANKLE SUPPORT M,1400142
زولا انكل S,ZOLA ANKLE SUPPORT S,1400535
زولا انكل XL,ZOLA ANKLE SUPPORT XL,2602833
زولا انكل XL,ZOLA ANKLE SUPPORT XL,1400143
زولا انكل XXL,ZOLA ANKLE SUPPORT XXL,2602832
زولا انكل XXL,ZOLA ANKLE SUPPORT XXL,1400144
زولا انكل XXXL,ZOLA ANKLE SUPPORT XXXL,2182586
زولا جهاز لنقل المحاليل وريد,ZOLA INTRAVENOUS DEVICE,1401255
زولا حامل ذراع عادي L,ZOLA ARM SLING L,1400113
زولا حامل ذراع عادي M,ZOLA ARM SLING M,1400147
زولا حامل ذراع عادي S,ZOLA ARM SLING S,1400388
زولا حامل ذراع عادي XL,ZOLA ARM SLING XL,1400146
زولا حامل ذراع عادي XXL,ZOLA ARM SLING XXL,1400148
زولا حامل زراع اسفنجي مقاس واحد,ZOLA ARM SPONGE SLING ONE SIZE,1400110
زولا حامل زراع بمثبت L,ZOLA ARM SLING WITH HOLD L,2636018
زولا حامل زراع بمثبت L,ZOLA ARM SLING WITH HOLD L,1400149
زولا حامل زراع بمثبت M,ZOLA ARM SLING WITH HOLD M,2602839
زولا حامل زراع بمثبت M,ZOLA ARM SLING WITH HOLD M,1400650
زولا حامل زراع بمثبت S,ZOLA ARM SLING WITH HOLD S,2398875
زولا حامل زراع بمثبت XL,ZOLA ARM SLING WITH HOLD XL,2602840
زولا حامل زراع بمثبت XL,ZOLA ARM SLING WITH HOLD XL,1400150
زولا حامل زراع بمثبت XXL,ZOLA ARM SLING WITH HOLD XXL,2602842
زولا حامل زراع بمثبت XXL,ZOLA ARM SLING WITH HOLD XXL,1400112
زولا حامل زراع عادي M,ZOLA ARM SLING M,2602837
زولا حامل زراع عادي XL,ZOLA ARM SLING XL,2602836
زولا حامل زراع عادي XXL,ZOLA ARM SLING XXL,2602838
زولا حزام بطن L,ZOLA ABDOMINAL BELT L,2602841
زولا حزام بطن L,ZOLA ABDOMINAL BELT L,1400159
زولا حزام بطن M,ZOLA ABDOMINAL BELT M,2602843
زولا حزام بطن M,ZOLA ABDOMINAL BELT M,1400115
زولا حزام بطن S,ZOLA ABDOMINAL BELT S,2130725
زولا حزام بطن XL,ZOLA ABDOMINAL BELT XL,2602844
زولا حزام بطن XL,ZOLA ABDOMINAL BELT XL,1400153
زولا حزام بطن XXL,ZOLA ABDOMINAL BELT XXL,1400152
زولا حزام بطن XXXL,ZOLA ABDOMINAL BELT XXL,1489471
زولا حزام بطن فري سايز,ZOLA ABDOMINAL BELT FREE SIZE,2602845
زولا حزام ساند فقرات L,ZOLA LUMBO SACRAL BELT L,2637351
زولا حزام ساند فقرات L,ZOLA LUMBO SACRAL BELT L,1400252
زولا حزام ساند فقرات M,ZOLA LUMBO SACRAL BELT M,2637352
زولا حزام ساند فقرات M,ZOLA LUMBO SACRAL BELT M,1400251
زولا حزام ساند فقرات S,ZOLA LUMBO SACRAL BELT S,1400395
زولا حزام ساند فقرات XL,ZOLA LUMBO SACRAL BELT XL,2637350
زولا حزام ساند فقرات XL,ZOLA LUMBO SACRAL BELT XL,1399811
زولا حزام ساند فقرات XXL,ZOLA LUMBO SACRAL BELT XXL,2637353
زولا حزام ساند فقرات XXL,ZOLA LUMBO SACRAL BELT XXL,1400250
زولا حزام صدر L,ZOLA RIB BELT L,2602846
زولا حزام صدر L,ZOLA RIB BELT L,1400403
زولا حزام صدر M,ZOLA RIB BELT M,2602848
زولا حزام صدر M,ZOLA RIB BELT M,1400116
زولا حزام صدر XL,ZOLA RIB BELT XL,2602849
زولا حزام صدر XL,ZOLA RIB BELT XL,1400401
زولا حزام صدر XXL,ZOLA RIB BELT XXL,2602851
زولا حزام صدر XXL,ZOLA RIB BELT XXL,1400404
زولا حزام صره اطفال L,ZOLA NATAL BANDAGES L,1777797
زولا حزام صره اطفال XL,ZOLA NATAL BANDAGES XL,2130342
زولا حزام صره اطفال XXL,ZOLA NATAL BANDAGES XXL,1400255
زولا حزام صره اطفال XXXL,ZOLA NATAL BANDAGES XXL,2357688
زولا حزام صره اطفالM,ZOLA NATAL BANDAGES M,1400119
زولا حزام صره للكبار مقاس L,TONUS ELASTIC MEDICAL UMBILICAL HERNIA BELT L,1400664
زولا حزام صره للكبار مقاس M,TONUS ELASTIC MEDICAL UMBILICAL HERNIA BELT M,1400998
زولا حزام صره للكبار مقاس XL,TONUS ELASTIC MEDICAL UMBILICAL HERNIA BELT XL,1400663
زولا حزام صره للكبار مقاس XXL,TONUS ELASTIC MEDICAL UMBILICAL HERNIA BELTXXL,1400665
زولا حزام فقراتXXXL,ZOLA LUMBO SCARAL BELT XXXXXL,2545637
زولا حزام للبطن فري سايز,ZOLA ABDOMINAL BELT FREE SIZE,1400114
زولا رافع خصيه L,ZOLA TESTICLE LIFTER L,2130026
زولا رافع خصيه M,ZOLA TESTICLE LIFTER M,1400118
زولا رافع خصيه XL,ZOLA TESTICLE LIFTER XL,1400386
زولا رافع خصيه XXL,ZOLA TESTICLE LIFTER XXL,1400139
زولا رباط ضاغط 10 سم,ZOLA COMPRESSION BANDAGES 10 CM,2602852
زولا رباط ضاغط 10 سم,ZOLA COMPRESSION BANDAGES 10 CM,1400121
زولا رباط ضاغط 12 سم,ZOLA COMPRESSION BANDAGES 12 CM,2637009
زولا رباط ضاغط 12 سم,ZOLA COMPRESSION BANDAGES 12 CM,1400124
زولا رباط ضاغط 15 سم,ZOLA COMPRESSION BANDAGES 15 CM,2602850
زولا رباط ضاغط 15 سم,ZOLA COMPRESSION BANDAGES 15 CM,1400122
زولا رباط ضاغط 6 سم,ZOLA COMPRESSION BANDAGES 6 CM,2602853
زولا رباط ضاغط 8 سم,ZOLA COMPRESSION BANDAGES 8 CM,2602854
زولا رباط ضاغط 8 سم,ZOLA COMPRESSION BANDAGES 8 CM,1400120
زولا رست بدعامه L,ZOLA WRIST BRACE L,2602855
زولا رست بدعامه M,ZOLA WRIST BRACE M,2602856
زولا رست بدعامه XL,ZOLA WRIST BRACE XL,2602857
زولا رست بدعامه XXL,ZOLA WRIST BRACE XXL,2602858
زولا رست برس L,ZOLA WRIST BRACE L,1400183
زولا رست برس M,ZOLA WRIST BRACE M,1676363
زولا رست برس XL,ZOLA WRIST BRACE XL,1400184
زولا رست برس XXL,ZOLA WRIST BRACE XXL,1400125
زولا رست سبورت L,ZOLA WRIST SUPPORT L,2602859
زولا رست سبورت L,ZOLA WRIST SUPPORT L,1777751
زولا رست سبورت M,ZOLA WRIST SUPPORT M,2602860
زولا رست سبورت M,ZOLA WRIST SUPPORT M,1676362
زولا رست سبورت XL,ZOLA WRIST SUPPORT XL,2602861
زولا رست سبورت XL,ZOLA WRIST SUPPORT XL,2130023
زولا رست سبورت XXL,ZOLA WRIST SUPPORT XXL,2602862
زولا رست سبورت XXL,ZOLA WRIST SUPPORT XXL,1777749
زولا رست شراب M,ZOLA RUST SYRUP M,2130639
زولا رست صابع ابهام L,MIRAG WRIST THUMB L,1400029
زولا رست صابع ابهام M,MIRAG WRIST THUMB M,1401377
زولا رست صابع ابهام XL,MIRAG WRIST THUMB XL,1400842
زولا رست صابع ابهام XXL,MIRAG WRIST THUMB XXL,1401151
زولا رقبه اسفنجيه L,ZOLA FOAM COLLAR L,1400151
زولا رقبه اسفنجيه M,ZOLA FOAM COLLAR M,2602864
زولا رقبه اسفنجيه M,ZOLA FOAM COLLAR M,1400129
زولا رقبه اسفنجيه XL,ZOLA FOAM COLLAR XL,2602865
زولا رقبه اسفنجيه XL,ZOLA FOAM COLLAR XL,1400160
زولا رقبه اسفنجيه XXL,ZOLA FOAM COLLAR XXL,1400161
زولا رقبه بلاستك L,ZOLA A.C COLLAR L,1777766
زولا رقبه بلاستك M,ZOLA A.C COLLAR M,1400127
زولا رقبه بلاستك XL,ZOLA A.C COLLAR XL,1400186
زولا رقبه بلاستك XXL,ZOLA A.C COLLAR XXL,1400187
زولا رقبه بلاستيك L,ZOLA A.C COLLAR L,2602867
زولا رقبه بلاستيك M,ZOLA A.C COLLAR M,2602868
زولا ركبه L,ZOLA KNEE SUPPORT L,1400128
زولا ركبه M,ZOLA KNEE SUPPORT M,1400232
زولا ركبه S,ZOLA KNEE SUPPORT S,2131604
زولا ركبه XL,ZOLA KNEE SUPPORT XL,1399809
زولا ركبه XXL,ZOLA KNEE SUPPORT XXL,1399798
زولا ركبه مفتوحه L,ZOLA OPEN KNEE L,2637036
زولا ركبه مفتوحه L,ZOLA OPEN KNEE L,1399824
زولا ركبه مفتوحه M,ZOLA OPEN KNEE M,2637037
زولا ركبه مفتوحه M,ZOLA OPEN KNEE M,1399883
زولا ركبه مفتوحه XL,ZOLA OPEN KNEE XL,2637038
زولا ركبه مفتوحه XL,ZOLA OPEN KNEE XL,1399800
زولا ركبه مفتوحه XXL,ZOLA OPEN KNEE XXL,2637039
زولا ركبه مفتوحه XXL,ZOLA OPEN KNEE XXL,1399917
زولا ركبه مقاس S,ZOLA KNEE S,1399890
زولا ركبه مقاس XXXL,ZOLA KNEE XXXL,1777772
زولا ركبه مقفوله L,ZOLA KNEE S,2602871
زولا ركبه مقفوله M,ZOLA KNEE S,2602872
زولا ركبه مقفوله XL,ZOLA KNEE XXXL,2602873
زولا ركبه مقفوله XXL,ZOLA KNEE XXXL,2602874
زولا ركبهXXXL,ZOLA KNEE XXXL,2625885
زولا سرنجات 10 سم 80 سرنجه,ZOLA SYRING 10 CM 80 PCS,2130954
زولا سرنجات 3 سم اطفال 150 سرنجه موف,ZOLA SYRING 3 CM 150 PCS FOR KIDZ,1400713
زولا سرنجات 3 سم بيبي 150 سرنجه برتقالي,ZOLA SYRING 3 CM 150 PCS FOR BABY,2130685
زولا سرنجات 3 سم سيدات 150 سرنجه,ZOLA SYRING 3 CM 150 PCS FOR WOMEN,2129964
زولا سرنجات 3 سم كبار 150 سرنجه,ZOLA SYRING 3 CM 150 PCS FOR ADULT,1400714
زولا سرنجات 5 سم 100 سرنجه,ZOLA SYRING 5 CM 100 PCS,1399799
زولا شراب دوالي تحت الركبه L,ZOLA COMPRESSION BELOW KNEE STOCKING L,2602875
زولا شراب دوالي تحت الركبه L,ZOLA COMPRESSION BELOW KNEE STOCKING L,1400130
زولا شراب دوالي تحت الركبه M,ZOLA COMPRESSION BELOW KNEE STOCKING M,2602876
زولا شراب دوالي تحت الركبه M,ZOLA COMPRESSION BELOW KNEE STOCKING M,1400158
زولا شراب دوالي تحت الركبه XL,ZOLA COMPRESSION BELOW KNEE STOCKING XL,2602877
زولا شراب دوالي تحت الركبه XL,ZOLA COMPRESSION BELOW KNEE STOCKING XL,1400155
زولا شراب دوالي تحت الركبه XXL,ZOLA COMPRESSION BELOW KNEE STOCKING XXL,2602878
زولا شراب دوالي تحت الركبه XXL,ZOLA COMPRESSION BELOW KNEE STOCKING XXL,1400157
زولا شراب دوالي فوق الركبه L,ZOLA COMPRESSION ABOVE KNEE STOCKING L,2602879
زولا شراب دوالي فوق الركبه L,ZOLA COMPRESSION ABOVE KNEE STOCKING L,1400154
زولا شراب دوالي فوق الركبه M,ZOLA COMPRESSION ABOVE KNEE STOCKING M,1400131
زولا شراب دوالي فوق الركبه XL,ZOLA COMPRESSION ABOVE KNEE STOCKING XL,2602881
زولا شراب دوالي فوق الركبه XL,ZOLA COMPRESSION ABOVE KNEE STOCKING XL,1400580
زولا شراب دوالي فوق الركبه XXL,ZOLA COMPRESSION ABOVE KNEE STOCKING XXL,2602880
زولا شراب دوالي فوق الركبه XXL,ZOLA COMPRESSION ABOVE KNEE STOCKING XXL,1400156
زولا شراب رست L,ZOLA RUST SYRUP L,2130199
زولا شراب رست XL,ZOLA RUST SYRUP XL,1400925
زولا شراب رست XXL,ZOLA RUST SYRUP XXL,1400926
زولا صندل جبس L,ZOLA CAST SHOE LARGE,2602882
زولا صندل جبس L,ZOLA CAST SHOE LARGE,1400281
زولا صندل جبس M,ZOLA CAST SHOE M,2602883
زولا صندل جبس M,ZOLA CAST SHOE M,1400419
زولا صندل جبس XL,ZOLA CAST SHOE XLARGE,2602884
زولا صندل جبس XL,ZOLA CAST SHOE XLARGE,1400420
زولا صندل جبس XXL,ZOLA CAST SHOE XXLARGE,2602886
زولا صندل جبس XXL,ZOLA CAST SHOE XXLARGE,1400463
زولا كوع L,ZOLA ELASTIC ELBOW L,1777809
زولا كوع M,ZOLA ELASTIC ELBOW M,1777810
زولا كوع XL,ZOLA ELASTIC ELBOW XL,2130034
زولا كوع XXL,ZOLA ELASTIC ELBOW XXL,1400136
زولادكس ال ايه 10.8 مجم سرنجه,ZOLADEX LA 10.8 MG PREF. SYRINGE,1108376
زولاديكس ال ايه 10.8 مجم 1 سرنجه جديد,ZOLADEX LA 10.8 MG PREF. SYRINGE,2681497
زولامول قطره عين 5 مل,XOLAMOL EYE DROPS 5 ML,903665
زولتوفي 100 وحده 3.6 مجم / قلم 3 مل,XULTOPHY 100 I.U. / 3.6 MG / ML PREFILLED PEN 3 ML,2596460
زولمسولان 2.5 مجم 6 افلام,ZOLMSOLAN 2.5 MG 6 ORODISPERSIBLE FILMS,2006590
زولمسولان 5 مجم 6 افلام,ZOLMSOLAN 5 MG 6 ORODISPERSIBLE FILM,1615846
زولو بيبي قطره بالفم 15 مل,ZOLO BABY ORAL DROPS 15 ML,2550133
زوليدوكريل 200 مجم 6 اقراص,ZOLIDOCYRL 200 MG 6 TABS.,1911781
زولير 150 مجم امبول,XOLAIR 150 MG S.C. VIAL,2596893
زوليفوتال 500 مجم 12 اقراص,ZOLIFUTAL 500 MG 12 F.C. TABS.,1607850
زومريتش لوشن 60 مل,ZOOMRICH LOTION 60 ML,2499884
زوميتا 4 مجم / 5 مل امبول,ZOMETA 4 MG / 5 ML CONC. VIAL INF.,2644214
زوميجبرال 40 مجم امبول وريد,ZOMEGIPRAL 40 MG POWDER FOR I.V. INF. VIAL,2183989
زون كريم 50 جم,ZONE CREAM 50 GM,988865
زوندكس بخاخ مساج 100 مل,ZONDEX MASSAGE SPRAY 100 ML,1852824
زوندكس جل 75 جم,ZONDEX GEL 75 GM,2127326
زونديكس جل 75 جرام 79,ZONDEX GEL 75 GM,2679843
زي جيست 20 كبسول,Z GEST 20 CAPS,2193405
زي جيست شراب 120 مل,Z GEST SYRUP 120 ML,2476216
زياتريكسين كريم 60 جم,ZIATRIXIN CREAM 60 GM,2499388
زياديف د 3 10000 وحده 30 اقراص,ZIADEV D 3 10.000 IU 30 TAB,2129060
زيت البرهان 50 مل احمر للاطاله / صفيح,AL BORHAN HERBAL HAIR OIL 100 ML RED,2682774
زيت البرهان 50 مل لفرد ازرق / صفيح,AL BURHAN BLUE HAIR OIL FOR STRAIGHT HAIR 50 ML,2682775
زيت برافين افاق 60 مل,AFAAK PARAFFIN 60 ML OIL,1399912
زيت برافين الاهرام بالدسته,ALAHRAM PARAFFIN OIL 12 PCS,1777816
زيت برافين نقي 60 مل برونتا بالدسته,PERFECT PARAFFIN 60 ML OIL,2602892
زيت جونسون 200 مل عادي,JOHNSON'S BABY OIL 200 ML,2602893
زيت جونسون 200 مل لافندر,JOHNSON'S SLEEP TIME OIL 200 ML,2602894
زيت حرير ارجان 100 مل بني,HARIR ARGAN HAIR OIL 100 ML,1400914
زيت حرير ارجان 200 مل بني,HARIR ARGAN HAIR OIL 200 ML,2558616
زيت حرير اوميجا 3 200 مل اخضر,HARIR OMEGA HAIR OIL 200 ML,2129999
زيت حرير بالثوم 200 مل موف,HARIR GARLIC HAIR OIL 200 ML,2131668
زيت حرير برو 200 مل ذهبي,HARIR PRO HAIR OIL 200 ML,2130159
زيت خروع افاق ساده 60 مل بالقطعه,AFAK CASTOR OIL 60 ML,1400443
زيت خروع افاق فواكه,AFAK CASTOR OIL 60 ML BANANA,1777819
زيت خروع افاق فواكه 60 مل برتقال,AFAK CASTOR OIL 60 ML ORANGE,1400442
زيت خروع افاق فواكه 60 مل تفاح,AFAK CASTOR OIL 60 ML APPLE,1400437
زيت خروع افاق فواكه 60 مل فراوله,AFAK CASTOR OIL 60 ML STREWBERRY,1419934
زيت خروع افاق فواكه 60 مل ليمون,AFAK CASTOR OIL 60 ML LEMON,1400434
زيت خروع افاق فواكه 60 مل موز,AFAK CASTOR OIL 60 ML BANANA,1400439
زيت خروع الاهرام بالدسته فواكه,AHRAM CASTOR OIL 60 ML FRUITS 12 PCS,2208297
زيت قرنفل 12 ق,SUGER CLOVES OIL 12 PCS,1777822
زيت قرنفل بالدسته,SUGER CLOVES OIL 12 PCS,2602896
زيت لوز بالدسته الاهرام,AHRAM ALMOND OIL 12 PCS,2131278
زيت لوز حلو 12 ق,AFAAK OIL ALMOND 60 ML,1912765
زيت لوز مر 12 ق,PURE ALMOND OIL 10 ML 12 PCS,1777823
زيتا كاردوفال 5 / 160 مجم اقراص,ROSITA HAIR CREAM 100 GM,2397482
زيتا كولست بلس 10 / 180 30 اقراص 474,ROSITA HAIR CREAM 100 GM,2499393
زيتاديدوكس 10 / 10 مجم 30 اقراص,ZETADIDOX 10 / 10 MG 30 TABS.,1739941
زيتاكاردوفال 10 / 160 مجم 30 اقراص,ZETAKARDOVAL 10 / 160 MG 30 F.C. TABS.,2469825
زيتاكاردوفال 5 / 160 مجم 30 اقراص,ZETAKARDOVAL 5 / 160 MG 30 F.C. TABS.,903670
زيتاكاردوفال اتش س ت 10 / 160 / 12.5,ZETAKARDOVAL 10 / 160 MG 30 F.C. TABS.,2625719
زيتاكاردوفال اتش س ت 10 / 160 / 12.5,ZETAKARDOVAL 10 / 160 MG 30 F.C. TABS.,2623846
زيتاكوليست 180 مجم 30 اقراص,ZETACOLEST 180 MG 30 TABS,2602899
زيتاكوليست بلس 10 / 180 مجم 30 اقراص,ZETACOLEST PLUS 10 / 180 MG 30 TABS,2291957
زيترا فيناك قطره / ماركيرل,,2156586
زيترافيناك 1 مجم / مل قطره للعين 5 مل,ZETRAFENAC 1 MG / ML EYE DPS. 5 ML,1434976
زيتفيس كير جيل 50 جم,ZITFACE CARE GEL 50 GM,2499886
زيثروبرو 500 مجم 6 اقراص,ZITHROPRO 500 MG 6 TABS,2683191
زيثروبرو 500 مجم 6 اقراص,ZITHROPRO 500 MG 6 TABS,2317886
زيثروتراك 500 مجم 3 اقراص,ZITHROTAC 500 MG 3 TABS,2602898
زيثرودوز 100 مجم / 5 مل شراب 45 مل,ZITHRODOSE 100 MG / 5 ML SUSP. 45 ML,1919903
زيثرودوز 100 مجم / 5 مل شراب 60 مل,ZITHRODOSE 100 MG / 5 ML SUSP. 60 ML,2128349
زيثرودوز 500 مجم 5 كبسول,ZITHRODOSE 500 MG 5 CAPS.,2436376
زيثروكان 100 مجم / 5 مل للاطفال شراب 15 مل,ZITHROKAN 100 MG / 5 ML PD. FOR ORAL SUSP. 15 ML,1547472
زيثروكان 200 مجم / 5 مل للاطفال شراب 15 مل,ZITHROKAN 200 MG / 5 ML PD. FOR ORAL SUSP. 15 ML,903677
زيثروكان 500 مجم 3 كبسول,ZITHROKAN 500 MG 3 CAPS.,903680
زيثروماكس 200 مجم / 5 مل شراب 15 مل (تركيز 600 ),ZITHROMAX 200 MG / 5 ML SUSP. 15 ML,903681
زيثروماكس 200 مجم / 5 مل شراب 22.5 مل (تركيز 900 ),ZITHROMAX 200 MG / 5 ML SUSP. 22.5 ML,2452693
زيثروماكس 200 مجم / 5 مل شراب 30 مل (تركيز 1200 ),ZITHROMAX 200 MG / 5 ML SUSP. 30 ML,2149911
زيثروماكس 500 مجم 3 اقراص,ZITHROMAX 500 MG 3 F.C.TABS,1517855
زيثرون 200 مجم / 5 مل شراب 15 مل,XITHRONE 200 MG / 5 ML SUSP. 15 ML,903685
زيثرون 200 مجم / 5 مل شراب 25 مل,XITHRONE 200 MG / 5 ML SUSP. 25 ML,903683
زيثرون 500 مجم 3 اقراص,XITHRONE 500 MG 3 F.C.TAB.,2436384
زيثرون 500 مجم 5 اقراص,XITHRONE 500 MG 5 F.C.TAB.,1243829
زيثوتراك 500 مجم 3 اقراص,ZITHOTRAC 500 MG 3 TABS,985761
زيرتك 0.1 % شراب 100 مل,ZYRTEC 0.1 % SYRUP 100 ML,903689
زيرتك 10 مجم / مل قطره للفم 10 مل,ZYRTEC 10 MG / ML ORAL DROPS 10 ML,2127847
زيرتك 10 مجم 20 اقراص,ZYRTEC 10 MG 20 TAB.,2313113
زيركوكس 120 مجم 7 اقراص,XYRKUX 120 MG 7 TABS,2039836
زيركوكس 60 مجم 20 اقراص,XYRKUX 60 MG 20 TABS,1695370
زيركوكس 90 مجم 30 اقراص,XYRKUX 90 MG 30 TABS,2039837
زيركوكس 90 مجم 30 اقراص,XYRKUX 90 MG 30 TABS,2680815
زيركوكس 90 مجم اقراص 297,XYRKUX 90 MG 30 TABS,2680905
زيرو فريز بلسم / مستورد,ZERO FRIZZ CONDITIONER 355 ML KERATIN,2363730
زيرو فريز سيرم 148 مل بالكرياتين,ZERO FRIZZ SERUM 148 ML KERATIN,1461995
زيرو فريز سيرم 148 مل تربل باتر,ZERO FRIZZ SERUM 148 ML TRIPLE BUTTER,2219647
زيرو فريز شامبو 355 مل تربل باتر,ZERO FRIZZ SHAMPOO 355 ML TRIPLE BUTTER,1821635
زيرو فريز شامبو 355 مل كيرياتين,ZERO FRIZZ SHAMPOO 355 ML KERATIN,2376780
زيرودكس اقراص جديد,XERODOX PLUS 30 CAPS,2683201
زيرودوكس 30 اقراص تحت اللسان,XERODOX 30 SUBLINGUAL TABLETS,2431215
زيرودوكس بلس 30 اقراص,XERODOX PLUS 30 CAPS,2566461
زيروسكال كريم 100 جم,ZEROSCAL CREAM 100 GM,2499314
زيروفازيت 10 / 10 مجم 30 اقراص,ZYROVAZET 10 / 10 MG 30 F.C. TABS.,2157528
زيروفازيت 10 / 20 مجم 30 اقراص,ZYROVAZET 10 / 20 MG 30 F.C. TABS.,903692
زيروفازيت 10 / 40 مجم 30 اقراص,ZYROVAZET 10 / 40 MG 30 F.C. TABS,903693
زيروفازيت 5 / 10 مجم 30 اقراص,ZYROVAZET 5 / 10 MG 30 F.C.TABS,1658689
زيروكسومير 100 مجم / 5 مل للاطفال شراب 30 مل,XEREXOMAIR 100 MG / 5 ML PD. FOR ORAL SUSP. 30 ML,2469854
زيروكسومير 500 مجم 3 اقراص,XEREXOMAIR 500 MG 3 F.C.TABS.,1426751
زيسبيرون 2 مجم 10 اقراص,ZESPERONE 2 MG 10 F.C. TAB.,903697
زيسبيرون 4 مجم 10 اقراص,ZESPERONE 4 MG 10 F.C. TAB.,1547486
زيستريل 10 مجم 10 اقراص,ZESTRIL 10 MG 10 TABS.,2173050
زيستريل 20 مجم 10 اقراص,ZESTRIL 20 MG 10 TABS.,1612204
زيستريل 5 مجم 10 اقراص,ZESTRIL 5 MG 10 TABS.,2098518
زيستوريتك 20 مجم 10 اقراص,ZESTORETIC 20 MG 10 TAB,1125026
زيستيو كريم 50 جم,ZESTIO CREAM 50 GM,2500534
زيسروسين 100 مجم / 5 مل شراب 30 مل,ZISROCIN 100 MG / 5 ML SUSP. 30 ML,2340857
زيسروسين 500 مجم 3 كبسول,ZISROCIN 500 MG 3 CAPS.,1396694
زيفكس 100 مجم 28 اقراص,ZEFFIX 100 MG 28 F.C.TAB.,2584512
زيفو رابيد 8 مجم 20 اقراص,XEFO RAPID 8 MG 20 F.C.TABS.,1547493
زيكلاف 1 جم 14 اقراص,XICLAV 1 GM 14 F.C. TABS.,1739957
زيكليندو 1 % فوم,XYCLINDO 1 % TOPICAL FOAM,2487489
زيلوبريد 16 مجم 20 اقراص,XILOPRED 16 MG 20 TABS.,2532834
زيلوبريد 4 مجم 20 اقراص,XILOPRED 4 MG 20 TABS.,2472325
زيلوفين 1 مجم 20 اقراص,ZYLOFEN 1 MG 20 TAB.,2139975
زيلون 20 مجم 20 اقراص,XILONE 20 MG 20 ORODISPERSABLE TABS,2436405
زيلون 5 مجم / 5 مل شراب 100 مل,XILONE 5 MG / 5 ML SYRUP 100 ML,903711
زيلون فورت 15 مجم / 5 مل شراب 100 مل,XILONE FORTE 15 MG / 5 ML SYRUP 100 ML,903712
زيما بيوتين 30 اقراص,ZYMA BIOTIN 30 TABS,2568431
زيما كولين شراب 100 مل,ZYMA COLIN SYRUP 100 ML,2179480
زيمابون 30 اقراص 130,ZYMABONE 20 TABS,2568427
زيماجالين 30 اقراص,ZYMAGALLIN 30 TAB.,1359873
زيماجلوبين 20 كبسول,ZYMAGLOBINE 20 CAPS,2568436
زيماسليم 30 اقراص,ZYMASLIM 30 CAPS,2197109
زيماسيف 100 مجم / 5 مل شراب 30 مل,XIMACEF 100 MG / 5 ML SUSP. 30 ML,1802412
زيمالاكت 250 مجم 30 كبسول,XIMALACT 250 MG 30 CAPS,1774405
زيمالج 50 جم جل,ZYMALGE 50 G GEL,1131590
زيمايلارشراب / بديل ماكسيلاز,,2427475
زيمايلاز 120 مل شراب,ZEMYLAISE 120 ML SYRUP,2268043
زيمبروسيل 20 اقراص,,2298998
زيمبروسيل 20 اقراص,,2296866
زيمبروسيل 20 اقراص / بروكسي,,2296615
زيمبروسيل اقراص,,2341232
زيمبروسيل اقراص,,2452615
زيمبروسيل اقراص بديل الفينترن,,2430912
زيمورو,,2313122
زيموفاك 20 اقراص,ZYMOVAK 20 TABLETS,1774409
زيمونوسكا 20 اقراص مغلف,ZYMONOSKA 20 ENTERIC COATED TABLETS,2114155
زيمونوسكا ق,ZYMONOSKA 20 ENTERIC COATED TABLETS,2651870
زيناميون 20 اقراص,ZINAMUNA 20 TABS,2454378
زينسيلافيت 20 اقراص,ZINSELAVIT 20 TABS,2143750
زينكترون 3 شريط جديد,ZINCTRON 30 CAPS.,2602917
زينكوميست 10 مجم 120 مل شراب,ZINCOMIST SYRUP 120 ML,2640233
زينه مناديل ايزي باك 100 منديل,ZEINA TISSUE BAG 100 PIECES,1404636
زينه مناديل بكر تواليت مضغوط 2 قطعه,ZEINA COMPRESSED TOILET ROLLS 2 ROLLS,1399989
زينه مناديل بكر مطبخ تريو 2 قطع,ZEINA TRIO KITCHEN ROLL 2 PS,1705878
زينه مناديل جيب 10 مناديل,ZEINA CLASSIC POCKET 10 TISSUES SET OF 10 PACKS,1399803
زينه مناديل سحب 500 منديل,ZEINA 500 TISSUE,1400203
زينه مناديل سحب 500 منديل بالخوخ,ZEINA 500 TISSUE WITH PEACH,2183814
زينه مناديل سحب 500 منديل بالفراوله,ZEINA 500 TISSUE WITH STREWBERRY,2183815
زينه مناديل سحب 700 منديل,ZEINA 700 TISSUE,1666956
زينوباسلي قطره للفم 10 مل,ZINOBACILLY ORAL DROPS 10 ML,2260632
زينول 1 جم امبول,ZINOL 1 GM I.M. / I.V. VIAL,1590510
زينول 500 مجم امبول,ZINOL 500 MG VIAL,2113522
سابوكتيك 300 مجم 20 اقراص,SABOCTIC 300 MG 20 F.C.TAB.,2488048
سات كريم 50 جم,SATE CREAM 50 GM,1426777
ساج ريلاكس جل 50 جم,SAJ RELAX GEL 50 GM,2454379
ساج ريلاكس مساج كريم 60 جم,SAJ RELAX MASSAGE CREAM 60 MG,2499445
ساجنكو 30 كبسول,SAGINKGO 30 CAPS,2499422
سارانجيوت 80 مجم 14 اقراص,SARANGIOT 80 MG 14 TAB,1636914
سارانجيوت بلس 160 / 12.5 مجم 10 اقراص,SARANGIOT PLUS 160 / 12.5 MG 10 F.C. TAB.,1871071
ساركوزايد 16 / 12.5 مجم 20 اقراص,SARCOZIDE 16 / 12.5 MG 20 TABS.,903715
سافانا صابون 110 جم كلاسيك,SAVANNAH SOAP 110 G CLASSIC,1400897
سافلون مطهر 12 ق,SAVLON ANTISEPTIC SOLUTION 120 ML,2130005
سافلون مطهر 120 مل الاهرام 12 قطعه,AHRAM SAVLON ANTISEPTIC SOLUTION 120 ML 12 PCS,2208298
سافلون مطهر 120 مل المصريه,SAVLON ANTISEPTIC SOLUTION 120 ML,1400594
سافيبليد 500 مجم / 5 مل 5 امبول,SAVIBLEED 500 MG / 5 ML 5 AMP,2487787
سافيبليد 500 مجم 20 اقراص,SAVIBLEED 500 MG 20 F.C TAB.,2296825
ساكروفير 100 مجم / 5 مل 5 امبول,SACROFER 100 MG / 5 ML 5 AMP FOR I.V. INJ.,2313168
ساكسيندا 18 مجم / 3 مل 1 قلم,SAXENDA 18 MG / 3 ML 1 PRE FILLED PEN S.C.,2098532
ساكنيل صابون 90 جم,SACNEL SOAP 90 GM,2210124
ساكنيل كريم 30 جم,SACNEL CREAM 30 GM,2161313
ساكنيل لوشن 120 مل,SACNEL TOPICAL LOTION 120 ML,2501389
سالبوفينت 2 مجم / 5 مل شراب 120 مل,SALBOVENT 2 MG / 5 ML SYRUP 120 ML,2462879
سالبوفينت 2 مجم 30 اقراص,SALBOVENT 2 MG 30 TAB.,2469880
سالبوفينت فورت 4 مجم 20 اقراص,SALBOVENT FORTE 4 MG 20 TAB.,903725
سالبين 1.5 جم امبول,SULBIN 1.5 GM VIAL,1547508
سالبين 375 مجم امبول,SULBIN 375 MG VIAL,2201075
سالبين 750 مجم امبول,SULBIN 750 MG VIAL,1608110
سالتيلايت محلول جفاف 200 مل,SALTYLITE ORAL REHYDRATION SOLUTION 200 ML,2500343
سالجي كريم مساج 50 جم,SALGY MASSAGE CREAM 50 GM,903727
سالسيفوزون 1.5 جم امبول,SULCEFOZONE 1.5 GM I.M. / I.V. VIAL,2411494
سالفارجين 1 % كريم 20 جم,SULPHARGIN 1 % CREAM 20 GM,2314738
سالميتوكورت 250 / 50 مكجم 60 كبسول استنشاق,SALMETOCORT 250 / 50 MCG 60 PD. INH. CAPS.+ INH. DEVICE,2586675
سالوتي دي سيرم,SLIGHTY 250 GM JAR,2439269
سالوتي سيرم دي,SLIGHTY 250 GM JAR,2439085
سالوتي كلينزر,SLIGHTY 250 GM JAR,2233311
سالوتي كلينسر بوتيل 200 مل,SLIGHTY 250 GM JAR,2141159
سالوتي لوشن,SLIGHTY 250 GM JAR,2233314
سالوتي لوشن بوتل,SLIGHTY 250 GM JAR,2335775
سالوفالك 2 شريط ق جديد / مينا فارم,SALOFALK 500 MG 20 TAB.,2291420
سالوفالك 500 مجم 20 اقراص,SALOFALK 500 MG 20 TAB.,1948687
ساليبت مرهم 30 جم,SALIBET OINT. 30 GM,903726
ساليتان كريم 30 جم,SALETHAN CREAM 30 GM,2585137
ساليتروكسيب 60 مجم 20 اقراص,SALITROXIB 60 MG 20 TABS,2487585
ساليتروكسيب 90 مجم 20 اقراص,SALITROXIB 90 MG 20 TABS,1455358
ساليكس جل 50 جم,SALEX GEL 50 GM,1141482
ساليكورتيديرم مرهم 30 جم,SALICORTIDERM OINT. 30 GM,1324551
سالينكس 0.9 % قطره للانف 20 مل,SALINEX 0.9 % NASAL DROPS 20 ML,2436414
سالينوبروف بخاخ للانف,SALINOPROF NASAL SPRAY,1739976
سانتابيوتا 10 اقراص,SANTABIOTA 10 CAPS,2626687
سانتابيوتا 15 مل قطره,SANTABIOTA ORAL DROP 15 ML,2625698
سانتابيوتا اقراص,SANTABIOTA 10 CAPS,2683053
سانتافلاتا قطره بالفم 10 مل,SANTAFLATA ORAL DROPS 10 ML,2637251
سانتانيرفا 10 اقراص,SANTANERVA 10 TABS,1973651
سانجيراك 30 اقراص,SANJIRACK 30 TAB,2300335
سانزال براين محلول مطهر 200 مل,SANZAL BRINE SOLUTION 200 ML,1800913
سانزال كريم بخاخ 75 جم,SANZAL SPRAY CREAM 75 GM,1800912
سانسو انتي اوكسيدنت 28 اقراص,SANSO ANTIOXIDANT 28 TABLETS,2646886
سانسو اوميجا شراب 200 مل,SANSO OMEGA SYRUP 200 ML,2277812
سانسو ب 12 28 اقراص,SANSO B 12 28 TAB,1767876
سانسو برونشي شراب 100 مل,SANSO BRONCHI SYRUP 100 ML,2093194
سانسو بريجنا بلس 28 اقراص,SANSO PREGNA PLUS 28 TAB,2670514
سانسو بوتاسيوم 200 مجم 28 اقراص,SANSO POTASSIUM 200 MG 28 TABLETS,2378307
سانسو بوتاسيوم شراب 160 مل,SANSO POTASSIUM LIQUID SYRUP 160 ML,2158027
سانسو بي تريو 14 اقراص,SANSO B TRIO 14 TABS,2607644
سانسو بي كومبلكس 30 كبسول,SANSO B COMPLEX 30 CAPS.,2161092
سانسو بيبي ووتر 100 مل,SANSOBABY WATER 100 ML,2160625
سانسو جينكونا بلس 30 اقراص,SANSO GINKONA PLUS 30 TABS,1869691
سانسو د 3 180 ج 60 اقراص,SANSO B 12 28 TAB,2668036
سانسو دي 3 10000 وحده 28 اقراص,SANSO D 3 10000 I.U. 28 TABS,2173062
سانسو دي 3 بلس ك 2 28 اقراص,SANSO D PLUS 4000 I.U + K 2 28 TAB,2145609
سانسو دي 3 قطره للفم 15 مل,SANSO D 3 ORAL DROPS 15 ML,2454386
سانسو دي 3 قطره للفم 60 مل,SANSO D 3 ORAL DROPS 60 ML,2436419
سانسو دي ثري 10000 اقراص,SANSO D 3 10000 I.U. 28 TABS,2680796
سانسو دي ثري 60 اقراص,SANSO CAL D 28 CHEW. TABS,2605874
سانسو زنك 25 مجم 30 اقراص,SANSO ZINC 25 MG 30 TAB,2275520
سانسو زنك 50 مجم 30 كبسول,SANSO ZINC 50 MG 30 CAPS.,2361505
سانسو زنك 50 مجم ك ايه يو جي,SANSO ZINC 50 MG 30 CAPS.,2683292
سانسو زيم 30 اقراص,SANSO ZYME 30 TAB,1874327
سانسو سي 1000 مجم 20 كبسول,SANSO C 1000 MG 20 CAPS.,2010605
سانسو سي بلس 14 اقراص,SANSO C PLUS 14 TABS.,2199543
سانسو سيدات 30 اقراص,SANSO WOMEN 30 TABS,2635461
سانسو فوليك 800 مكجم 28 اقراص,SANSO FOLIC 800 MCG 28 TABS,2146910
سانسو كال دي 28 اقراص,SANSO CAL D 28 CHEW. TABS,2454391
سانسو كود شراب 200 مل,SANSOCOD SYRUP 200 ML,1986554
سانسو ماغنسيوم 250 مجم 28 اقراص,SANSO MAGNESIUM 250 MG 28 TAB,1269379
سانسو هيماتينك 28 اقراص,SANSO HEMATINIC 28 TABS,1847973
سانسو وومان 28 ق جديد,SANSO B 12 28 TAB,2575158
سانسواميون شراب 200 مل,SANSOIMMUNE SYRUP 200 ML,2513571
سانسواميون شراب بلس 200 مل,SANSOIMMUNE PLUS SYRUP 200 ML,2208788
سانسوبيفلكس بلس كبسول,SANSOBIFLEX PLUS 28 TAB,2680809
سانسودي ثري 4000 كبسول,,2535713
سانسوفيت بلس حديد شراب 100 مل برتقال,SANSOVIT PLUS MULTI VITAMIN SYRUP 100 ML ORANGE,903743
سانسوفيت بلس حديد شراب 160 مل برتقال,SANSOVIT PLUS MULTI VITAMIN SYRUP 160 ML ORANGE,2144368
سانسوفيت كالسيوم شراب 100 مل برتقال,SANSOVIT CALCIUM SYRUP 100 ML ORANGE,2144435
سانسوفيت كالسيوم شراب 160 مل برتقال,SANSOVIT CALCIUM SYRUP 160 ML ORANGE,2454395
سانو شراب 120 مل,SANO SYRUP 120 ML,2475510
سانورست بخاخ للفم 30 مل,SANOREST ORAL SPRAY 60 ML,2636295
سانوفارما ب 12,,2506913
سانوفلوكس قطره,SYNOFLEX MASSAGE CREAM 60 GM,2337863
سانوليفوكس 1.5 % قطره للعين 5 مل,SANOLEVOX 1.5 % EYE DROPS 5 ML,2363484
ساني حفاضات كبار السن 14 حفاضه مقاس M,SANI SHORT ADULT DIAPERS M 14 PIECE,1400795
ساني حفاضات كبار السن اكس لارج 14 قطعه,SANI SHORT ADULT DIAPERS XL 14 PIECE,1401288
ساني حفاضات كبار السن مقاس اكس لارج 20 قطعه,SANI SHORT ADULT DIAPERS XL 20 PIECE,2130381
ساني حفاضات كبار السن مقاس سمول 14 قطعه,SANI SHORT ADULT DIAPERS S 14 PIECE,1777432
ساني حفاضات كبار السن مقاس لارج 14 قطعه,SANI SHORT ADULT DIAPERS L 14 PIECE,1400794
ساني حفاضات كبار السن مقاس لارج 24 قطعه,SANI SHORT ADULT DIAPERS L 24 PIECE,2130290
سانيتا شارم شرائح قطن لازاله المكياج 80 قطعه,SANITA CHARM COTTON PADS FOR MAKEUP REMOVAL 80 PIECES,2040016
سانيتا مناديل ايزي باك 120 منديل,SANITA GIPSY 120 SHEET SOFT FACIAL TISSUES,2131209
سايبريك بخاخ 100 مل,CYBREAK MASSAGE SPRAY 100 ML,2602927
سايبنتولا 1 % قطره 15 مل,CYPENTOLA 1 % EYE DROPS 15 ML,1806480
سايكلوجيست 200 مجم لبوس,CYCLOGEST 200 MG 15 RECTAL OR VAG. PESSARIES,1740194
سايكوبرام 10 مجم 30 اقراص,PSYCHOPRAM 10 MG 30 F.C. TABS.,1740203
سايكوبرام 20 مجم 20 اقراص,PSYCHOPRAM 20 MG 20 F.C. TABS.,2436649
سايميثيكون قطره 30 مل العامريه,SIMETHICONE 2 % ( 30 ML) ORAL DROPS AMRIYA,2673273
سايميثيكون قطره 30 مل المهن,SIMETHICONE EMULSION 2 % ( 30 ML) ORAL DROPS MUP,2262425
سايميدل شراب 120 مل,SIMEDILL EMULSION 120 ML,903751
ساين اب شراب 120 مل,SINE UP SYRUP 120 ML,2156196
سباركفي قطره بالفم 10 مل,SPARKPHI ORAL DROP 10 ML,2358815
سباركل شامبو 170 مل احمر عادي,SPARKLE SHAMPOO AND CONDITIONER FOR NORMAL HAIR 170 ML,1400102
سباركل شامبو 170 مل اخضر جاف,SPARKLE SHAMPOO AND CONDITIONER FOR DRY HAIR 170 ML,1400098
سباركل شامبو 350 مل احمر,SPARKLE SHAMPOO AND CONDITIONER FOR NORMAL HAIR 350 ML,2130731
سباركل شامبو 350 مل اخضر,SPARKLE SHAMPOO AND CONDITIONER FOR DRY HAIR 350 ML,1400691
سباركل شامبو 350 مل اسود,SPARKLE SHAMPOO AND CONDITIONER FOR SHINY HAIR 350 ML,1777862
سباركل شامبو 350 مل رصاصي,SPARKLE SHAMPOO 350 ML GREY,1777866
سباركل شامبو 400 مل احمر عادي,SPARKLE SHAMPOO AND CONDITIONER FOR NORMAL HAIR 400 ML,1400990
سباركل شامبو 600 احمر,SPARKLE SHAMPOO AND CONDITIONER FOR NORMAL HAIR 600 ML,1435400
سباركل شامبو 600 اخضر,SPARKLE SHAMPOO AND CONDITIONER FOR DRY HAIR 600 ML,1400101
سباركل شامبو 600 اسود,SPARKLE SHAMPOO AND CONDITIONER FOR SHINY HAIR 600 ML,2130585
سباركل شامبو 80 مل احمر عادي,SPARKLE SHAMPOO AND CONDITIONER FOR NORMAL HAIR 80 ML,1777871
سباركل شامبو اطفال 350 مل منك,SPARKLE KIDS SHAMPOO CONDITIONER 350 ML,2130732
سباركل شامبو اكياس,SPARKLE SHAMPOO 600 ML GREY,1400459
سباركل شامبو وبلسم للتساقط 600 مل بالكافيين ابيض,SPARKLE SHAMPOO AND CONDITIONER CAFEEN 600 ML,2224175
سباركل كريم تصفيف الشعر 200 مل ازرق,SPARKLE STYLING CREAM 200 ML BLUE,2224172
سباركل كريم تصفيف الشعر المتشابك 200 مل بزيت المنكر احمر,SPARKLE HAIR CREAM FOR STYLING 200 ML RED,2224171
سباركل كريم تصفيف الشعر المتقصف 200 مل بزيت المينك جولد,SPARKLE GOLDEN HAIR CREAM FOR SPLIT ENDS 200 ML,2224173
سبازاواي 0.125 مجم 20 اقراص,SPAZAWAY 0.125 MG 20 SUBLINGUAL TAB.,903753
سبازمو ديجستين 30 اقراص,SPASMO DIGESTIN 30 TABS.,903756
سبازموبيرالجين ام 30 اقراص,SPASMOPYRALGIN M 30 TABLETS,2363174
سبازموريست 10 مجم 20 اقراص,SPASMOREST 10 MG 20 TABS.,2098554
سبازموريست 20 مجم 20 اقراص,SPASMOREST 20 MG 20 TABS.,903759
سبازموسين 6 امبول 1 مل 57,,2642501
سبازموفري 10 مجم / 5 مل شراب 120 مل,SPASMOFREE 10 MG / 5 ML SYRUP 120 ML,1903591
سبازموفري 5 مجم / 2 مل 3 امبول,SPASMOFREE 5 MG / 2 ML I.V. / I.M. 3 AMP.,2313135
سبازموفري 50 مجم 20 اقراص,SPASMOFREE 50 MG 20 F.C.TABS.,2093953
سبازموفين 3 امبول,SPASMOFEN 3 AMP. FOR I.M. INJ.,2144005
سبازموكيور 60 مجم 30 اقراص,SPASMOCURE 60 MG 30 TABS,2436440
سبازمومين 40 مجم 20 اقراص,SPASMOMEN 40 MG 20 TABS.,2602935
سبازولانس 62.5 مجم 20 فيلم,SPASULANCE 62.5 MG 20 ORODISPERSIBLE FILMS,1423696
سبازيولانس 20 فيلم,SPASULANCE 62.5 MG 20 ORODISPERSIBLE FILMS,2629359
سباسكولون 100 مجم 30 اقراص,SPASCOLON 100 MG 30 F.C.TAB.,1426806
سباسكولون 50 مجم 30 اقراص,SPASCOLON 50 MG 30 F.C.TAB.,2640412
سبالكس مساج كريم 75 جم,SPALAX MASSAGE CREAM 75 GM,1961870
سبانكي جل مساج 50 جم,SPUNKY MASSAGE GEL 50 GM,2473685
سبانوميب شراب 120 مل,SPANOMEP SYRUP 120 ML,2671172
سبانيلا ام ار 35 مجم 30 اقراص,SPANIELA MR 35 MG 30 F.C. TAB.,2474685
سبايركس 1.5 وحده 16 اقراص,SPIREX 1.5 M.I.U. 16 TAB.,2642577
سبايركس 3 وحده 10 اقراص,SPIREX 3 M.I.U. 10 TAB.,1678871
سبايريفا 30 ك جديد,SPIRIVA 18 MCG 30 INH. CAPS.+HANDIHALER,2635691
سبرتلتي 14 اكياس,SPERTILITY 14 SACHETS,1804608
سبريانس 10 كبسول,SPERIENCE 10 CAPS,1783574
سبريانس شراب 120 مل,SPERIENCE SYRUP 120 ML,1654067
سبكتون 100 اقراص 2 شريط 41,SPECTONE 100 MG 20 TABS.,2634567
سبلفكت 30 كبسول,SUPLFECT 30 CAPS,1462346
سبليندو غسول مهبلي 250 مل,SPLENDO VAG.DOUCHE 250 ML,2498575
سبوتكلير كريم 30 جم,SPOTCLEAR CREAM 30 GM,2588539
سبوتلس ايفا كريم,SPOTLESS EVA CREAM 44 GM,2642270
سبوتلس ايفا كريم 25,SPOTLESS EVA CREAM 44 GM,2633919
سبوتلس ايفا كريم صغير,SPOTLESS EVA CREAM 18 GM,2536245
سبوتلس جرينكس كريم,SPOTLESS (GREENIX) CREAM 20 GM,2681752
سبوتلس كريم 18 جم ايفا,SPOTLESS EVA CREAM 18 GM,1419833
سبوتلس كريم 20 جم جرينكس,SPOTLESS (GREENIX) CREAM 20 GM,2467609
سبوتلس كريم 40 جم جرينكس,SPOTLESS (GREENIX) CREAM 40 GM,1320373
سبوتلس كريم 44 جم ايفا,SPOTLESS EVA CREAM 44 GM,2561019
سبونسيف 30 اقراص,SPONSCEIVE 30 TABS,2342572
سبونسيف مكمل غشائي 30 اقراص 385,SPONSCEIVE 30 TABS,2643308
سبيراكويت 100 مجم 20 اقراص,SPIRAQUET 100 MG 20 F.C.TABS.,2640549
سبيراكويت 200 مجم 20 اقراص,SPIRAQUET 200 MG 20 F.C.TABS.,2604037
سبيراكويت 25 مجم 20 اقراص,SPIRAQUET 25 MG 20 F.C.TABS.,2643699
سبيركس بلس 20 اقراص,SPIREX PLUS 20 F.C. TABS.,1948296
سبيرما بلس 30 اقراص,SPERMA PLUS 30 F.C.TABS,1547530
سبيكبرو 14 اكياس,SPECPRO 14 SACHETS,1767911
سبيكترا بانثينول اكسترا كريم 30 جم,SPECTRA PANTHENOL EXTRA CREAM 30 GM,2145619
سبيكتراسيف 0.5 جم امبول,SPECTRACEF 0.5 GM I.M / I.V VIAL,2127436
سبيكتراسيف 1 جم امبول,SPECTRACEF 1 GM I.M / I.V VIAL,2156976
سبيكتون 100 مجم 20 اقراص,SPECTONE 100 MG 20 TABS.,2161238
سبيكتون 25 مجم 20 اقراص,SPECTONE 25 MG 20 TABS.,2032138
سبينوباك 5 مجم / 5 مل شراب 120 مل,SPINOBAC 5 MG / 5 ML SYRUP 120 ML,2314484
سبيوتال شراب 100 مل,SPUTAL SYRUP 100 ML,1738133
ستاتوريك 40 مجم 30 اقراص,STATURIC 40 MG 30 F.C. TABS.,2464410
ستاتوريك 80 مجم 30 اقراص,STATURIC 80 MG 30 F.C. TABS.,2360170
ستاتوكاست 10 مجم 10 اقراص,STATUKAST 10 MG 10 SCORED F.C. TABS.,1497570
ستاتوكاست 4 مجم 10 اكياس,STATUKAST 4 MG ORAL GRANULES 10 SACHETS,2621543
ستاتوكاست 4 مجم 10 اكياس,STATUKAST 4 MG ORAL GRANULES 10 SACHETS,2469934
ستاتومين 50 مجم 30 اقراص,STATOMAIN 50 MG 30 SCORED F.C. TABS,2206251
ستار جيل للشعر 400 ملي ازرق,STAR HAIR GEL 400 ML BLUE,1962773
ستار جيل للشعر 400 ملي اصفر,STAR HAIR GEL 400 ML YELLOW,2169686
ستار زنك لوشن 100 مل,STARZINC LOTION 100 ML,1918600
ستار فيل اي كونتر جل 30 جم,STARVILLE EYE CONTOUR GEL 30 GM,2673152
ستار فيل بخاخ عرق لافندر 200 مل,STRONGVILLE HAIR OIL 200 ML,2067431
ستار فيل بخاخ عرق لايت بينك 200 مل,STARVILLE WHITENING ANTIPERSPIRANTS SPRAY COCONUT 200 ML,2067433
ستار فيل بخاخ لافندر,STERIMAR NASAL SPRAY,2628797
ستار فيل بدون معطر,VOLE STAR LOTION 120 ML,2313146
ستار فيل جل 60 جم,STARO GEL 30 GM,2313147
ستار فيل جل تفتيح ليلي قديم 60 جم,STARVILLE WHITENING CREAM 60 GM,2585039
ستار فيل رول اون احمر,STARVILLE ROLL ON MULBERRY 60 ML,2673150
ستار فيل رول اون بدون عطر ابيض,STARVILLE WHITENING ANTIPRESPIRANT ROLL ON 60 ML,2645955
ستار فيل رول اون بني,STARVILLE ROLL ON ORIENT PEARL 60 ML,2673153
ستار فيل رول اون بينك,STARVILLE ROLL ON LIGHT PINK 60 ML,2673151
ستار فيل رول اون بينكي,STARVILLE ROLL ON LIGHT PINK 60 ML,2631937
ستار فيل رول اون تفتيح رصاصي,STARVILLE ROLL ON LAVANDER 60 ML,1767920
ستار فيل رول اون توت احمر,STARVILLE ROLL ON MULBERRY 60 ML,2681341
ستار فيل رول اون فانيليا اصفر,STARVILLE ROLL ON SWEET VANILLA 60 ML,1767923
ستار فيل رول اون مخفض للشعر جديد,VOLE STAR LOTION 120 ML,1767925
ستار فيل رول اون نسيم اخضر,STARVILLE ROLL ON FRESH BREZE 60 ML,1767924
ستار فيل رول سموث مووف,VOLE STAR LOTION 120 ML,2067434
ستار فيل سيروم نياسيناميد 30 مل,STARVIL VITAMIN C SERUM 30 ML,2639045
ستار فيل صابون اخضر حب الشباب,STARVILLE ACNE PRONE SKIN SOAP 100 GM,1767928
ستار فيل صابون اخضر حب الشباب 65,STARVILLE ACNE PRONE SKIN SOAP 100 GM,2670956
ستار فيل صابون حب شباب,EXTRA SHINE ACNE SOAP 100 GM,2175344
ستار فيل صابونه تفتيح 65,STARVILLE WHITENING CREAM 60 GM,2628294
ستار فيل غسول,STERIVA FEMININE WASH 250 ML,2673138
ستار فيل غسول تفتيح ابيض 200 مل,STARVILLE WHITENING FACIAL CLEANSER 200 ML,1767929
ستار فيل غسول تفتيح ابيض صغير 100 مل,STARVILLE WHITENING CLEANSER 100 ML,2067424
ستار فيل غسول تفتيح ابيض كبير 400 مل,STARVILLE WHITENING FACIAL CLEANSER 400 ML,1880754
ستار فيل غسول حب شباب اخضر 200 مل,STARVILLE FEMME CLEANSING WASH 200 ML REFRESH,1767931
ستار فيل غسول مهبلي,STERA X VAGINAL DOUSH 200 ML,2636739
ستار فيل غسول وجه كبير 400 مل,STARVILLE WHITENING FACIAL CLEANSER 400 ML,2067422
ستار فيل فيس ماسك تفتيح 10 اوراق,STARVILLE WHITENING MASK SHEET 10 PCS,2067435
ستار فيل فيس ماسك حب الشباب 10 اوراق,STARVILLE ACNE MASK SHEET 10 PS,2067436
ستار فيل كريم اكني حب شباب.ض,STARVILLE ACNE PRONE CREAM 60 GM,2380316
ستار فيل كريم تفتيح جديد,STARVILLE WHITENING CREAM 60 GM,1772041
ستار فيل كريم حمايه بشره,BABY STAR CREAM 50 GM,1767932
ستار فيل ماسك تفتيح للوجه 10 قطع,STARVILLE WHITENING MASK SHEET 10 PCS,2639036
ستار فيل ميسيلار وايبس 25 ق,STARVILLE MICELLAR WATER 200 ML,1880756
ستار فيل ميسيلار وايبس 50 ق,STARVILLE MICELLAR WATER 200 ML,1880758
ستار فيل وايتينج,WET BRUSH NO 86513,2215519
ستار كريم واكس 135 مل جوز هند,NEW STAR 7 HAIR WAX 135 ML COCONUT,2131638
ستارفيل اي كونتر جل 30 جم,STARVILLE EYE CONTOUR GEL 30 GM,2145646
ستارفيل بخاخ تفتيح 200 مل فريش بريز اخضر,STARVILLE WHITENING ANTIPERSPIRANTS SPRAY FRESH BREEZE 200 ML,2316834
ستارفيل بخاخ تفتيح 200 مل لافندر جريس رصاصي,STARVILLE WHITENING ANTIPERSPIRANTS LAVENDER GRACE SPRAY 200 ML,2316847
ستارفيل بخاخ تفتيح 200 مل لايت بينك,STARVILLE WHITENING ANTIPERSPIRANTS SPRAY COCONUT 200 ML,2642754
ستارفيل بخاخ ضد التعرق فريش بريز,STARVILLE ROLL ON FRESH BREZE 60 ML,2642751
ستارفيل بخاخ ضد التعرق لافندر,STARVILLE ROLL ON LAVANDER 60 ML,2642752
ستارفيل بليه 60 مل تفتيح فانيليا جديد / بارك فيل,STARVILLE WHITENING CREAM 60 GM,2646292
ستارفيل جل ابيض,STARVILLE EYE CONTOUR GEL 30 GM,2181183
ستارفيل جل تفتيح للاستخدام الليلي 60 جم,STARVILLE WHITENING NIGHT CARE GEL 60 GM,2145607
ستارفيل جل تفتيح نهاري واقي من الشمس 60 مل,STARVILLE SPF 50 WHITENING GEL 50 ML,2462881
ستارفيل جل لحب الشباب 30 جم,STARVILLE ACNE PRONE SKIN GEL 30 GM,2487015
ستارفيل جل مرطب لحب الشباب 100 مل,STARVILLE ACNE PRONE SKIN HYDRATE 100 ML,2184140
ستارفيل رول اخضر,STARVILLE ROLL ON FRESH BREZE 60 ML,2252876
ستارفيل رول اون 60 مل ابيض,STARVILLE ROLL ON LAVANDER 60 ML,2645892
ستارفيل رول اون 60 مل تفتيح ابيض بدون رائحه,STARVILLE WHITENING ANTIPRESPIRANT ROLL ON 60 ML,2234334
ستارفيل رول اون اورينت بيرل 60 مل بني عطر شرقي,STARVILLE ROLL ON ORIENT PEARL 60 ML,2469941
ستارفيل رول اون بالفانيليا الحلوه 60 مل اصفر,STARVILLE ROLL ON SWEET VANILLA 60 ML,2469944
ستارفيل رول اون بينكي 60 مل 150,STARVILLE ROLL ON MULBERRY 60 ML 1 + 1,2674081
ستارفيل رول اون توت احمر 60 مل ريد بيري,STARVILLE ROLL ON MULBERRY 60 ML,2098579
ستارفيل رول اون رصاصي جديد,STARVILLE ROLL ON LAVANDER 60 ML,2098580
ستارفيل رول اون فريش بريز 60 مل نسيم اخضر,STARVILLE ROLL ON FRESH BREZE 60 ML,2469947
ستارفيل رول اون فيرجرانس فري ابيض 60 مل,STARVILLE ROLL ON MULBERRY 60 ML,2645981
ستارفيل رول اون لافندر 60 مل رصاصي,STARVILLE ROLL ON LAVANDER 60 ML,2454422
ستارفيل رول اون لايت بينك 60 مل وردي بجوز الهند,STARVILLE ROLL ON LIGHT PINK 60 ML,2368557
ستارفيل رول اون لتقليل الشعر 60 مل لبني,STARVILLE ROLL ON HAIR REDUCER 60 ML,2146317
ستارفيل رول اون مزيل عرق 60 مل سموث ازرق,STARVILLE ROLL ON ANTIPERSPIRANT WHITENING SMOOTH MOVE 60 ML,2131677
ستارفيل ستيك مزيل عرق 60 مل ريد بيري احمر,STARVILLE WHITENING STICK RED BERRY 60 ML,2316852
ستارفيل ستيك مزيل عرق 60 مل لايت بينك بمبي,STARVILLE WHITENING STICK LIGHT PINK 60 ML,2234338
ستارفيل صابون اكني برون 100 مل,STARVILLE WHITENING SOAP 100 GM,2645983
ستارفيل صابون حب الشباب 90 جم جديد,STARVILLE ACNE PRONE SKIN SOAP 100 GM,2644292
ستارفيل صابون لحب الشباب 100 جم,STARVILLE ACNE PRONE SKIN SOAP 100 GM,1360257
ستارفيل صابون للتفتيح 100 جم,STARVILLE WHITENING SOAP 100 GM,2289332
ستارفيل غسول تفتيح بشره صغير 100 مل,STARVILLE WHITENING CLEANSER 100 ML,2619390
ستارفيل غسول جل لحب الشباب 100 مل,STARVILLE FACIAL CLEANSER GEL 100 ML,2635873
ستارفيل غسول جل لحب الشباب 200 مل,STARVILLE FACIAL CLEANSER GEL FOR ACNE 200 ML,2469950
ستارفيل غسول جل لحب الشباب 400 مل,STARVILLE FACIAL CLEANSER GEL FOR ACNE 400 ML,2621856
ستارفيل غسول حب الشباب وسط 200 مل جديد,STARVILLE FACIAL CLEANSER GEL FOR ACNE 200 ML,2651261
ستارفيل غسول للبشره 200 مل جديد / بارك فيل,STARVILLE WHITENING FACIAL CLEANSER 200 ML,2642135
ستارفيل غسول للوجه 250 مل,STARVILLE WHITENING CLEANSER 100 ML,2681856
ستارفيل غسول للوجه للتفتيح 100 مل,STARVILLE WHITENING CLEANSER 100 ML,2622750
ستارفيل غسول للوجه للتفتيح 200 مل,STARVILLE WHITENING FACIAL CLEANSER 200 ML,2128942
ستارفيل غسول للوجه للتفتيح 400 مل,STARVILLE WHITENING FACIAL CLEANSER 400 ML,2454429
ستارفيل غسول نسائي,STARVILLE FEMME CLEANSING WASH 200 ML REFRESH,1942762
ستارفيل غسول نسائي مرطب للمنطقه الحساسه 200 مل,STARVILLE FEMME CLEANSING WASH 200 ML REFRESH,2316878
ستارفيل فيتامين سي سيروم 30 مل,STARVIL VITAMIN C SERUM 30 ML,2494954
ستارفيل فيم غسول نسائي 200 مل منعش اخضر,STARVILLE FEMME CLEANSING WASH 200 ML REFRESH,2316833
ستارفيل فيم غسول نسائي 200 مل هيدرات ازرق لافندر,STARVILLE FEMME CLEANSING WASH 200 ML HYDRATE,2364160
ستارفيل فيم غسول نسائي فوم 150 مل منعش اخضر,STARVILLE FEMME CLEANSING WASH FOAM 150 ML REFRESH,2316877
ستارفيل فيم غسول نسائي فوم 150 مل هيدرات ازرق لافندر,STARVILLE FEMME CLEANSING WASH FOAM 150 ML HYDRATE,2316876
ستارفيل قناع اكياس لحب الشباب 10 قطع,STARVILLE ACNE MASK SHEET 10 PS,2316873
ستارفيل قناع اكياس للتفتيح 1 ماسك,STARVILLE WHITENING MASK SHEET,1821955
ستارفيل قناع اكياس للتفتيح 10 ماسك,STARVILLE WHITENING MASK SHEET 10 PCS,2316872
ستارفيل كريم تفتيح 60 جم,STARVILLE WHITENING CREAM 60 GM,2157145
ستارفيل كريم تفتيح 60 جم 130,STARVILLE WHITENING CREAM 60 GM 1 + 1,2623129
ستارفيل كريم حب الشباب,STARVILLE ACNE PRONE CREAM 60 GM,2608904
ستارفيل كريم لحب الشباب 60 جم,STARVILLE ACNE PRONE CREAM 60 GM,985206
ستارفيل كولاج سيروم 50 مل,STARVILLE COLLAGE SERUM 50 ML,2316866
ستارفيل كولاج كريم 40 جم,STARVILLE COLLAGE CREAM 40 ML,2316867
ستارفيل لوسيون لحب الشباب 230 مل,STARVILLE ACNE PRONE LOTION 230 ML,2316850
ستارفيل مناديل مزيل للميكب 25 منديل,STARVILLE MICELLAR WATER 25 WIPES,2316870
ستارفيل مناديل مزيل للميكب 50 منديل,STARVILLE MICELLAR WATER 50 WIPES,2180093
ستارفيل ميسلار وتر 100 مل,STAREVILLE MICELLAR WATER 100 ML,1767933
ستارفيل ميسيلار ووتر للتفتيح 100 مل,STARVILLE WHITENING MICELLAR WATER 100 ML,1777905
ستارفيل هيالورونيك اسيد سيروم 30 مل,STARVILLE HYALOURONIC SERUM 30 ML,2462882
ستاركوبريكس 20 مجم 4 اقراص,STARKOPREX 20 MG 4 TABS.,903803
ستاركوبريكس 5 مجم 30 اقراص,STARKOPREX 5 MG 30 TABS.,903802
ستاركي سيرم للشعر 50 مل,STARKY HAIR SERUM 50 ML,1777907
ستاركي شامبو صبغ الشعر بالاعشاب لون اشقر 50 250 مل,STARKY HERBAL HAIR DYE SHAMPOO BLONDE 50 250 ML,1940116
ستاركي شامبو صبغ الشعر بالاعشاب لون بني 20 250 مل,STARKY HERBAL HAIR DYE SHAMPOO BROWN 20 250 ML,2131279
ستاركي كريم صنفره 300 مل ايس كريم,STARKY NATURAL SCRUB CREAM 300 ML WITH ICE CREAM,1779211
ستاركي كريم صنفره 300 مل ترمس,STARKY NATURAL SCRUB CREAM 300 ML WITH LUPINE,2131005
ستاركي كريم صنفره 300 مل خيار,STARKY NATURAL SCRUB CREAM 300 ML WITH CUCUMBER,2130383
ستاركي كريم صنفره 300 مل فيتامين سي ليمون,STARKY NATURAL SCRUB CREAM 300 ML WITH VITAMIN C,2380301
ستاركي ماسك قناع ذهبي امبوبه 100 مل,STARKY SKIN BRIGHTENING GOLDEN MASK 100 ML,1821746
ستاركي ماسك قناع فحم اسود امبوبه 100 مل,STARKY SKIN BRIGHTENING CHARCOL BLACK MASK 100 ML,1821948
ستارو جل 30 جم,STARO GEL 30 GM,2062868
ستاروكال شراب 100 مل,STAROCAL SYRUP 100 ML,1767935
ستاندارد دي 3 كي 2 قطره بالفم,STANDARD D 3 / K 2 ORAL DROP,2497730
ستانلي بخاخ للانف 60 مل,STANLEY NASAL SPRAY 60 ML,2500535
ستاي برايت غسول للوجه 250 مل,STAY BRIGHT FACIAL CLEANSER 250 ML,1547549
سترافيتا اميون 120 مل شراب,STRAVITA IMUNE 120 ML SYRUP,2627964
سترافيتا ايرون 120 مل شراب,STRAVITA IRON 120 ML SYRUP,2157617
سترافيتا دي 3 400 وحده قطره بالفم 20 مل,STRAVITA D 3 400 IU ORAL DROP 20 ML,2454435
سترافيتا كال 1000 مجم 30 اقراص قديم,STRAVITA CAL 1000 MG CALCIUM 30 F.C.TABS,2634448
سترافيتا كال 30 كبسوله,STRAVITA CAL 1000 MG CALCIUM 30 F.C.TABS,2620441
سترافيتا كال اقراص,STRAVITA CAL 1000 MG CALCIUM 30 F.C.TABS,2682691
سترافيتا كال كالسيوم 1000 مجم 30 اقراص,STRAVITA CAL 1000 MG CALCIUM 30 F.C.TABS,1997124
ستراكوبينا 2.5 مجم 30 اقراص,STRAKOPINA 2.5 MG 30 F.C.TABS,1774485
ستراكوبينا 5 مجم 30 اقراص,STRAKOPINA 5 MG 30 F.C.TABS,2436467
سترالين ايمولنت كريم 200 مل,STRALINE EMOLLIENT CREAM 200 ML,2530207
سترالين بودي ميلك للجسم 200 مل,STRALINE BODY MILK 200 ML,1359935
سترالين ريتش كلينسر للوجه والجسم 200 مل,STRALINE RICH CLEANSER 200 ML,2131461
سترالين كريم لليدين 75 مل,STRALINE HAND CREAM 75 ML,2131466
سترالين موستورزينج بادي ميلك 200 مل,STRALINE BODY MILK 200 ML,2675499
سترالين نابي راش كريم 75 مل,STRALINE NAPPY RASH CREAM 75 ML,2140788
ستربتوفا استحلاب ليمون,STREPTOVA 24 LOZENGES WITH MINT FLAVOUR,2494474
ستربتوفا استحلاب نعناع,STREPTOVA 24 LOZENGES WITH MINT FLAVOUR,2494473
ستربتوفا برتقال استحلاب,STREPTOVA 24 LOZENGES WITH ORANGE FLAVOUR,2494475
ستربتوكين 20 اقراص,STREPTOQUIN 20 TABS.,1173999
ستربس 100 قطعه برتقال,STREPS 100 PCS ORANGE,2365602
ستربس 100 قطعه عسل وليمون,STREPS 100 PCS LEMON HONEY,2326333
ستربس 100 قطعه فراوله,STREPS 100 PCS STREWBERRY,2347679
ستربس برتقال 24 قطعه,STREPS ORANGE 24 LOZENGES,2186161
ستربس برتقال لونا,STREPS 100 PCS ORANGE,2587666
ستربس عسل و ليمون 24 قطعه,STREPS HONEY LEMON 24 LOZENGES,1599508
ستربس عسل وليمون,STREPS 100 PCS LEMON HONEY,2681009
ستربس فراوله 24 قطعه,STREPS STRAWBERRY 24 LOZENGES,1990195
ستربس فراوله لونا,STREPS 100 PCS STREWBERRY,2587667
ستربس ليمون خالي من السكر 24 قطعه,STREPS LEMON SUGER FREE 24 LOZENGES,2146086
ستربسلز برتقال 170,STREPSILS ORANGE WITH VITAMIN C 24 LOZENGES,2602946
ستربسلز برتقال وفيتامين سي 24 قطعه,STREPSILS ORANGE WITH VITAMIN C 24 LOZENGES,1616398
ستربسلز عسل و ليمون 24 قطعه,STREPSILS HONEY LEMON 24 LOZENGES,903814
ستروبانتين كريم 30 جم,CITROPANTHEN CREAM 30 GM,2353370
ستروكا 75 مجم 30 اقراص,STROKA 75 MG 30 F.C. TAB.,2430569
سترونج فيل رجال كريم 120 مل,STRONGVILLE HAIR CREAM 120 ML,2576079
سترونج فيل زيت للشعر 200 مل,STRONGVILLE HAIR OIL 200 ML,2370480
سترونج فيل شامبو للشعر 220 مل,STRONGVILLE HAIR SHAMPOO 220 ML,2469969
سترونج فيل شامبو وكونديشنر للرجال 220 مل,STRONGVILLE MEN HAIR SHAMPOO CONDITIONER 220 ML,2454441
سترونج فيل كريم رجال,STRONGVILLE HAIR CREAM 120 ML,2532743
سترونج فيل كريم رجالي,STRONGVILLE HAIR CREAM 120 ML,2532514
سترونج فيل كريم شعر رجالي 195,STRONGVILLE HAIR CREAM 120 ML,1767946
سترونج فيل كريم للشعر 120 مل,STRONGVILLE HAIR CREAM 120 ML,2254407
سترونج فيل لوسيون,STRONG ROW NAIL LOTION,2674995
سترونج فيل لوسيون 220 مل,STRONGVILLE HAIR SHAMPOO 220 ML,2342600
سترونج فيل لوشون بخاخ للشعر للرجال 100 جم,STRONGVILLE MEN HAIR LOTION SPRAY 100 GM,2199258
سترونج فيل نورشينج كريم للرجال 120 جم,STRONGVILLE MEN NOURISHING CREAM 120 GM,903823
سترونج فيل هير تونيك بخاخ للشعر 220 مل,STRONGVILLE HAIR TONIC SPRAY 220 ML,903820
ستريم 400 / 80 مجم 20 * 10 اقراص,SUTRIM 400 / 80 MG 20 * 10 TAB.,2462883
ستريمار بخاخ للانف,STERIMAR NASAL SPRAY,2052013
سترينجازول 40 مجم 21 اقراص,STRINGAZOLE 40 MG 21 ENTERIC COATED TAB.,903827
ستوب ادول فورت 10 اكياس,STOPADOL FORTE 1000 MG 10 EFF. SACHETS,2561285
ستوب ادول كولد,COLD STOP N 30 F.C. TABS,2491501
ستوب ادول كولد اند فلو,STOPADOL COLD FLU 20 TABLETS,2535524
ستوب سبازم 20 اقراص,STOPSPASM 20 F.C. TABS,903830
ستوبادول 500 مجم 20 اقراص,STOPADOL 500 MG 20 TABS.,1331503
ستوبادول اكسترا 20 اقراص,STOPADOL EXTRA 20 TAB.,1610623
ستوبادول فورت 1000 مجم 10 اكياس,STOPADOL FORTE 1000 MG 10 EFF. SACHETS,2552945
ستوبادول كولد اند فلو 20 قرص,STOPADOL COLD FLU 20 TABLETS,903832
ستوبادول كولد ماكس 20 كبسول,STOPADOL COLD MAX 20 CAPS,1839460
ستوبادول نايت 30 اقراص,STOPADOL NIGHT 30 F.C.TABS,2248472
ستوبادول وومان سيدات 20 كبسول,STOPADOL WOMAN 20 CAPS,2532452
ستوبريا 2 مجم 30 اقراص,STOPRRHEA 2 MG 30 ORODISPERSIBLE TABS.,1874108
ستوبريا 2 مجم اقراص,STOPRRHEA 2 MG 30 ORODISPERSIBLE TABS.,2640865
ستوموبرال 20 مجم 14 كبسول,STOMOPRAL 20 MG 14 CAPS.,2206090
ستوموبرال 40 مجم 14 كبسول,STOMOPRAL 40 MG 14 CAPS.,2589268
ستوميجاز 20 / 1100 مجم 20 كبسول,STOMIGAS 20 / 1100 MG 20 CAPS.,2474419
ستوميجاز 40 / 1100 مجم 20 كبسول,STOMIGAS 40 / 1100 MG 20 CAPS.,2492355
ستوميكوب 40 مجم 30 اقراص,STOMICOPE 40 MG 30 CAPS,2570249
ستونو سولفين 2 مجم اكياس,KERASTASE RESISTANCE EXTENTIONISTE HAIR MASK 200 ML,2472527
ستونوسولفين 12 اكياس,STONOSOLVIN 12 SACHETS,1563063
ستيبس 20 كبسول قديم,STEPS CALCIUM 24 TABS,2640411
ستيبس كالسيوم 24 اقراص,STEPS CALCIUM 24 TABS,1991416
ستيبواي كريم 100 جم,STEPWAY CREAM 100 GM,2500638
ستيديفوتال 16 مجم 60 اقراص,STEADYFUTAL 16 MG 60 TAB,2369308
ستيديفوتال 24 مجم 40 اقراص,STEADYFUTAL 24 MG 40 TAB,2369275
ستيديفوتال 8 مجم 30 اقراص,STEADYFUTAL 8 MG 30 TAB.,2073879
ستيرونات نور 5 مجم 20 اقراص,STERONATE 5 MG 20 TAB.,903840
ستيريفا غسول سيدات 250 مل,STERIVA FEMININE WASH 250 ML,1676298
ستيفز كريم 283 مل كولاجين نعناع,ST IVES FACIAL MOISTURIZER RENEWING SKIN COLLAGEN ELASTIN 283 G,1777909
ستيفيا 50 اكياس,STEVIA 50 SACHETS,1657104
ستيفيا سيكم 100 اقراص,STEVIA SEKEM 100 TABLETS SWEETENER,2276928
ستيفيا سيكم 40 اكياس,STEVIA SEKEM 40 SACHETS SWEETENER,2476067
ستيلاسيل 1 مجم 30 اقراص,STELLASIL 1 MG 30 TAB.,1635254
ستيلاسيل 5 مجم 30 اقراص,STELLASIL 5 MG 30 TAB.,903828
ستيم اكسفوليتنج جل 120 جم,STEM EXFOLIATING FACIAL 120 GM GEL,2492782
ستيم سيروم للتفتيح 120 مل,STEM BRIGHTENING SERUM 120 ML,1767969
ستيم غسول للوجه 150 مل,STEM FACIAL WASH 150 ML,2269873
ستيم كريم تفتيح 50 جم,STEM WHITENING CREAM 50 GM,2371868
ستيم لوشن لحب الشباب 50 جم,STEM ACNE PRONE SKIN LOTION 50 GM,1987608
ستيم لوشن للشعر 200 مل,STEM HAIR LOTION 200 ML,2327306
ستيم لوشن للشعر 5 * 5 مل امبول,STEM HAIR LOTION AMPOULES 5 X 5 ML,2492784
ستيم ماسك للوجه 10 اكياس 12 جم,STEM FACIAL MASK 10 SACHETS 12 GM,2631026
ستيم مرطب للشفاه 4 جم,STEM LIP MOISTURIZING STICK 4 GM,1358929
ستيميولان 200 مجم / مل 120 مل شراب,STIMULAN 200 MG / ML 120 ML SYRUP,903843
ستيميولان 400 مجم 30 كبسول,STIMULAN 400 MG 30 CAPS.,2313166
ستيميولان 800 مجم 30 كبسول,STIMULAN 800 MG 30 TAB.,1866483
ستيميوماكس 100 مجم 5 اقراص,STIMU MAX 100 MG 5 F.C.TABS,2174524
سداده اذن 2 ق سيليكون / مستورد,GRACE EAR PLUGS ADULT 2 PCS,1401049
سداده اذن بالقطعه,PIC EAR PLUGS KIDS 2 PCS,2130309
سرنجات ارو 5 سم كبار 200 س,ARROW STRINGS 5 CM FOR ADULT 200 PCS,2625748
سرنجات انسولين KDL مستورده علبه 100 سرنجه,WILLION ASTRIN SYRINGES 1 ML,2277393
سرنجات انسولين اكياس اسباني بالكيس 10 سرنجات,KD INSULIN SYRINGES 1 CM 10 PCS,2602954
سرنجات انسولين فري فاين بالكيس 10 سرنجات,DISPOSABLE INSULIN SYRINGES 1 CM,2602955
سرنجات دوليه 10 سم بالسرنجه الواحده,ELDAWLIA SYRING 10 CM,2602956
سرنجات دوليه 3 سم اطفال 250 قطعه,ELDAWLIA SYRING 3 CM 250 PCS FOR KIDZ,2602958
سرنجات دوليه 3 سم كبار 250 قطعه,ELDAWLIA SYRING 3 CM 250 PCS FOR ADULT,2602959
سرنجات دوليه 5 سم كبار 200 قطعه,SAS SYRINGE 5 ML 200 PCS,2602960
سرنجات ساس 3 سم اطفال 100 سرنجه,ALAMIN SRYING 3 CM FOR KIDS 100 PCS,2602961
سرنجات ساس 3 سم اطفال لور لوك 100 س,ALAMIN SRYING 3 CM FOR KIDS 100 PCS,2353733
سرنجات ساس 5 سم 100 سرنجه,ZOLA SYRING 5 CM 100 PCS,2602963
سرنجات ساس 5 سم لورلوك 100 ق 2 سن,ZOLA SYRING 5 CM 100 PCS,2396503
سرنجات فمويه ماسكو 5 سم 75 ق,MASCO 5 CM SYRINGE,1777943
سرنجات كوري انسولين اكياس 1 سم الكيس 10 قطع,DISPOSABLE INSULIN SYRINGES 1 CM,1400271
سريبروليسين 5 امبولات × 10 مل,CEREBROLYSIN 5 AMPOULES × 10 ML,2671219
سريبرونال 45 كبسول,CEREBRONAL 45 CAPS,2682772
سريلان 5 % كريم 60 جم,SRILANE 5 % CREAM 60 GM,2378452
سريوبرازول 40 مجم 20 اقراص,SERIOPRAZOLE 40 MG 20 CAPS.,2300387
سفترياكسون 1 جم وريد / ساندوز س جديد,CEFTRIAXONE 1 GM I.V. VIAL SANDOZ,2683071
سفترياكسون 500 عضل ساندوز,CEFTRIAXONE 500 MG I.M. VIAL SANDOZ,2682611
سكاتريكس جل للندبات 20 جم,SCATRIX SCAR GEL 20 GM,2499894
سكاته بسلسله / فلاي بيبي,BABI SOOTHER WITH CHAIN,2382656
سكاته سمارت بيبي بسلسله,SMART BABY SOOTHER WITH CHAIN,2407365
سكاته فلاي بيبي علبه 50 ق,FLY BABY PACIFIER,2456646
سكاته مشطوفه / فلاي بيبي,NICE BABY BEVELED SOOTHER,2382643
سكاديل كريم 50 جم,SCADELE CREAM 50 GM,2497982
سكار جل بديل سكارو,SCAR BIC GEL,2651084
سكارتكس جل 20 جم,SCARTEX GEL 20 GM,2473163
سكارو بخاخ 60 مل,SCARO SPRAY 60 ML,2366820
سكارو بلس كريم 50 جم,SCARO PLUS CREAM 50 GM,2488988
سكارو جل 50 جم,SCARO GEL 50 GM,2145108
سكارو ماش كريم 30 جم,SCARO MASH CREAM 30 GM,1489271
سكاروفين سيرم 50 جم,SCAROVEN SERUM 50 GM,2501197
سكاكيور يوريا كريم 200 مل,SKYKUR CICA SPRAY 200 ML,2674457
سكالوجين سيروم للشعر 120 مل,SCALOGEN HAIR SERUM 120 ML,1337548
سكالوجين شامبو للشعر 250 مل,SCALOGEN HAIR SHAMPOO 250 ML,1426868
سكالوجين لوشن للشعر 120 مل,SCALOGEN HAIR LOTION 120 ML,1936396
سكالينج فيت 5 امبول,SCALING VIT 5 VIAL,2632879
سكالينج فيت سيرم 120 مل / ميجاميد,SCALING VIT SERUM 120 ML,2625696
سكالينج فيت سيرم 60 مل / ميجاميد,SCALING VIT SERUM 120 ML,2625687
سكالينج فيت سيروم 120 مل,SCALING VIT SERUM 120 ML,2402860
سكايكيور بادي ميلك بدون عطر 200 مل لبني,SKYKUR BODY MILK FREGRANCE FREE 200 ML,2300388
سكايكيور جل مرطب 120 جم,SKYKUR SOOTHING GEL 120 GM,2524393
سكايكيور ريتينول سيرم 30 مل,SKYKUR RETINOL SERUM 30 ML,2674456
سكايكيور سيكا بخاخ 200 مل,SKYKUR CICA SPRAY 200 ML,2674455
سكايكيور كريم 120 جم,SKYKUR CREAM 120 GM,2510178
سكايكيور كريم 60 جم,SKYKUR CREAM 60 GM,2295963
سكر دايت 10 اكياس ب 15 ج جولد,CECIL 50 SACHET,1547594
سكر ستيفيا مزن 2 جم 10 اكياس,SUKKER STEVIA MOZN 2 GM 10 SACHETS,2249471
سكر ستيفيا مزن 2 معلقه 30 اكياس,SUKKER STEVIA MOZN 30 SACHETS,2193539
سكر ستيفيا مزن 2 معلقه 48 اكياس,SUKKER STEVIA MOZN 48 SACHETS,2160831
سكر ستيفيا موزن 200 جم بودر برطمان,SUKKER STEVIA MOZN 200 GM POWDER,903854
سكر سويتال ستيفيا 250 جم بورده,SUKKER STEVIA MOZN 200 GM POWDER,2651385
سكن راما سيرم 40 مل,SKINRAMA SERUM 40 ML,1547595
سكوات ايزوتونيك بخاخ,SCOWAT ISOTONIC SPRAY,2463471
سكوات هايبر,SCOWAT ISOTONIC SPRAY,2463472
سكواد بي 30 كبسوله / ايجي ستار,PSYCHODAL 3 MG 30 F.C.TAB.,2625867
سكواد بي كبسول,SCADELE CREAM 50 GM,2464946
سكوجين اكسترا امبولات للشعر,SCOGAIN EXTRA HAIR AMPOUL,2463478
سكوجين شامبو للشعر,SCOGAIN HAIR SHAMPOO,2463477
سكوجين كريم,SCOGAIN HAIR SHAMPOO,2463479
سكوجين لوشن,SCOGAIN HAIR SHAMPOO,2463480
سكوربيون مساج بخاخ 150 مل,SCORPION MASSAGE SPRAY 150 ML,2496993
سكورش 40 مجم 30 اقراص,SCORCH 40 MG 30 CAP,2427483
سكومايد لايت كريم,VASCOMEDRA 600 MG 30 F.C. TAB.,2463473
سكوميب كريم 30 جم,SCOMEB CREAM 30 GM,2463475
سكوميب لوسيون بخاخ 60 مل,SCOMEB LOTION SPRAY 60 ML,2463474
سكيلفيترول 20 اقراص,SKELVITROL 20 TABS,2193542
سكيليتو جوينت 30 اقراص,SKELETO JOINT 30 TAB,2680953
سكيليوم 1500 مجم 30 اقراص,SKELIUM 1500 MG 30 TABS,1667351
سكينترا مرهم 15 جم,SKINATRA TOP. OINT. 15 GM,2307216
سكينوبروسين مرهم 15 جم,SKINOPROCIN OINT 15 GM,2175270
سكينوريتش كريم 35 جم,SKINORICH CREAM 35 GM,2147044
سكينوفو سيرم للبشره 120 مل,SKINOVO SKIN SERUM 120 ML,2338268
سلاح مشرط جراحي علبه 100 ق,SURGICAL BLADE SIZE 15 100 PCS,2602968
سلاح مشرط صيني مقاس 11,SURGICAL BLADE SIZE 11,1779310
سلاح مشرط صيني مقاس 15 علبه 100 قطعه,SURGICAL BLADE SIZE 15 100 PCS,1399858
سلاح مشرط صيني مقاس 21,SURGICAL BLADE SIZE 21,2130108
سلاح مشرط صيني مقاس 22 علبه 100 قطعه,SURGICAL BLADE SIZE 22 100 PCS,1963041
سلاح مشرط صيني مقاس 23 علبه 100 قطعه,SURGICAL BLADE SIZE 23 100 PCS,2131067
سلاح مشرط صيني مقاس 24,SURGICAL BLADE SIZE 24,1435395
سلفاكس جوينت فورتي 30 اقراص,SULFAX JOINT 30 TABS,2671318
سلفوزنك 10 مجم / 5 مل شراب 80 مل,SULFOZINC 10 MG / 5 ML SYRUP 80 ML,1462192
سلفوزنك 20 مجم / 5 مل شراب 80 مل,SULFOZINC 20 MG / 5 ML SYRUP 80 ML,2492817
سلونا 20 اكياس,SELONA 20 SACHETS,2157374
سلويرج 5 مجم 30 اقراص,SLOWURGE 5 MG 30 F.C.TABS,2535474
سليبيز 1 مجم 20 اقراص,SLEEPEZ 1 MG 20 F.C.TABS,2193549
سليبيز 2 مجم 20 اقراص,SLEEPEZ 2 MG 20 F.C.TABS,2500509
سليبيز 2 مجم س. قديم,SLEEPEZ 2 MG 20 F.C.TABS,2675698
سليبيز 3 مجم 30 اقراص,SLEEPEZ 3 MG 30 F.C.TABS,2313171
سليكس 15 اكياس,SELEX 15 SACHETS,2492127
سليم تريم 30 اقراص,SLIM TRIM 30 TABS,2128702
سليم سيف 120 مجم 30 كبسول,SLIM SAFE 120 MG 30 CAPS.,2596428
سليم فيجو 20 كبسول,SLIM VIGO 20 CAPS,2496384
سليمانيزر 30 كبسول,SLIMANIZER 30 CAPS.,2606821
سليمسيف اقراص 3 شريط / امون,,2561144
سم فئران لامور بالقطعه,AMECO SYRING 20 CM,2625735
سما جار 8 كيس,SAMA GAR 8 SACHETS,2499895
سمارت بيبي اسفنجه استحمام,SMART BABY SPONGE FOR BABY SHOWER,1779125
سمارت بيبي ببرونه بلاستيك 150 مل بدون يد,SMART BABY BOTTLE 150 ML WITHOUT HAND,2407369
سمارت بيبي ببرونه بلاستيك 150 مل بيد,SMART BABY BOTTLE 150 ML WITH HAND,2407368
سمارت بيبي ببرونه بلاستيك 280 مل بدون يد,SMART BABY BOTTLE 280 ML,2407366
سمارت بيبي ببرونه بلاستيك 280 مل بيد,SMART BABY BOTTLE 280 ML WITH HAND,1972868
سمارت بيبي ببرونه بلاستيك 60 مل,SMART BABY BOTTLE 60 ML,1776862
سمارت بيبي ببرونه زجاج 120 مل,SMART BABY GLASS BOTTLE 120 ML,1821904
سمارت بيبي ببرونه زجاج 60 مل,SMART BABY GLASS BOTTLE 60 ML,2353708
سمارت بيبي حلمه بوديسان 2 ق,SMART BABY BODY SAN NIPPLE 2 PCS,2130820
سمارت بيبي حلمه سمول,SMART BABY NIPPLE SIZE S,2130301
سمارت بيبي حلمه لارج,SMART BABY NIPPLE SIZE L,1777447
سمارت بيبي حلمه ميديم,SMART BABY NIPPLE SIZE M,2130486
سمارت بيبي سكاته سيليكون,SMART BABY SILICON SOOTHER,1777954
سمارت بيبي شفاط مخاط,SMART BABY NOSE STRAW,1778102
سمارت بيبي عصاره فاكهه,SMART BABY SOOTHER WITH FRUIT STRAINER,2130818
سمارت بيبي عضاضه مائيه 1 لون,SMART BABY WATER TEETHER 1 COLOR,1778245
سمارت بيبي فرشه اسنان سيليكون للاطفال,SMART BABY SELECON FINGER TOOTHBRUSHES,2180729
سمارت بيبي فرشه ببرونه بسفنجه,SMART BABY BOTTLE CLEANING BRUSH,1821620
سمارت بيبي كوب بالشاليموه,SMART BABY DRINKING CUP WITH STRAW 300 ML,1821765
سمارت بيبي كوب سيليكون للاطفال,SMART BABY SILICONE CUP,1778895
سمارت بيبي معلقه سيليكون,SMART BABY SILICONE SPOON,1779331
سمارت كولكشن بخاخ 75 مل حريمي بيرلي,SMART COLLECTION SPRAY FEMME 75 ML PEARLY,1846694
سمارت كولكشن بخاخ 75 مل حريمي بيلا,SMART COLLECTION SPRAY FEMME 75 ML BELLA,1776249
سمارت كولكشن بخاخ 75 مل حريمي بيور هارت,SMART COLLECTION SPRAY FEMME 75 ML PURE HEART,2131259
سمارت كولكشن بخاخ 75 مل حريمي دياموند,SMART COLLECTION SPRAY FEMME 75 ML DIAMOND,2131625
سمارت كولكشن بخاخ 75 مل حريمي فيلفيت,SMART COLLECTION SPRAY FEMME 75 ML VELVET,2131624
سمارت كولكشن بخاخ 75 مل حريمي كوين,SMART COLLECTION SPRAY FEMME 75 ML QUEEN,1776252
سمارت كولكشن بخاخ 75 مل حريمي لافلي,SMART COLLECTION SPRAY FEMME 75 ML LOVEY,1925291
سمارت كولكشن بخاخ 75 مل حريمي ميد نايت,SMART COLLECTION SPRAY FEMME 75 ML MIDNIGHT,1776253
سمارت كولكشن بخاخ 75 مل رجالي بلاتين,SMART COLLECTION BODY SPRAY 75 ML FOR MEN PLATINE,2327495
سمارت كولكشن بخاخ 75 مل رجالي بلاك,SMART COLLECTION BODY SPRAY 75 ML FOR MEN BLACK,1925293
سمارت كولكشن بخاخ 75 مل رجالي سيلفر,SMART COLLECTION BODY SPRAY 75 ML FOR MEN SLIVER,1925294
سمارت كولكشن بخاخ 75 مل رجالي كينج,SMART COLLECTION BODY SPRAY 75 ML FOR MEN KING,1846696
سمارت كولكشن بخاخ 75 مل رجالي لاكزري,SMART COLLECTION BODY SPRAY 75 ML FOR MEN LUXURY,1846697
سمارتا توب لاين جهاز ضغط جرانزيا,GRANZIA SMARTA TOPLINE AUTOMATIC BLOOD PRESSURE MONITOR,1883211
سماعه طبيب برايم,PRIME STETHOSCOPE,2131163
سماعه طبيب جرانزيا كلاسيكو,GRANZIA CLASSICO STETHOSCOPE,1400770
سماعه طبيب روز ماكس,ROSE MAX STETHOSCOPE,2130068
سماعه طبيب صيني,STETHOSCOPE,1399916
سموث فيس صابون 100 جم,SMOOTH FACE SOAP 100 GM,1740064
سموز فيس صابونه 100 جم ايه وان فارم,SMOOTH FACE SOAP 100 GM A ONE PHARMA,2499896
سن قلم انسولين كوري 4 م اخضر,MAS INSULIN PEN NEEDLE 4 MM,2489199
سن قلم انسولين كوري 6 م بمبي,WILLION INSULIN NEEDLES 6 MM,2489195
سن قلم سكر دروبلت 5 مل,DROPLET INSULIN NEEDLES 5 MM 100 PCS,2385918
سنافي 20 مجم 2 اقراص,SNAFI 20 MG 2 F.C.TAB.,1714162
سنترافيتا اشواجندا بلس 20 كبسول,CENTRAVITA ASHWAGANDHA PLUS 20 HARD GELATIN CAPSULES,2610719
سنترافيتا ال كارانتين مان 20 اقراص,CENTRAVITA PEA 20 TABS,2616890
سنترافيتا ال كارنتين اقراص,CENTRAVITA PEA 20 TABS,2670859
سنترافيتا ال كارنتين رجال اقراص,CENTRAVITA PEA 20 TABS,2622513
سنترافيتا ال كارنيتين مان 20 كبسوله,CENTRAVITA GINKO 20 CAP,2508908
سنترافيتا اميليز شراب 100 مل,CENTRAVITA AMYLASE SYRUP 100 ML,2538422
سنترافيتا بالمي 20 كبسول,CENTRAVITA PALMI 20 CAPS,2402259
سنترافيتا برو مان 20 اقراص,CENTRAVITA PRO MAN 20 FILM COATED TABLETS,2439436
سنترافيتا برو ومان 20 اقراص,CENTRAVITA PRO WOMAN 20 FILM COATED TABLETS,2495415
سنترافيتا بيا 20 اقراص,CENTRAVITA PEA 20 TABS,2604016
سنترافيتا تراي اوميجا كبسول,CENTRAVITA TRI OMEG CAPS,2470020
سنترافيتا جنكو 20 كبسوله,CENTRAVITA GINKO 20 CAP,2095365
سنترافيتا جنكو 30 كبسوله,CENTRAVITA GINKO 30 CAPS,2390222
سنترافيتا سي زنك دي 30 اقراص,CENTRAVITA C ZINC D 30 HARD GELATIN CAPSULES,2625871
سنترافيتا فيتامين ب 12 30 اقراص,CENTRAVITA VITAMIN B 12 30 TABLETS,1991243
سنترافيتا فيتامين د كالسيوم,CENTRAVITA VIT D GOVITA 60 GUMMIES,2621558
سنترافيتا كروفيت 20 كبسول,CENTRAVITA CHROFIT 20 CAPS,2495417
سنترافيتا كولين شراب 30 مل,CENTRAVITA COLIN SYRUP 30 ML,2177723
سنترافيتا ماغنسيوم 20 اقراص,CENTRAVITA MAGNESIUM 20 TABS,2636222
سنترافيتا ميثيل فولات 30 اقراص,CENTRAVITA METHYL FOLATE 30 CAPS,2311477
سنترافيتا نيورو كير كبسول,CENTRAVITA CHROFIT 20 CAPS,2177724
سنترافيتا يو سي جوينت 20 اقراص,CENTRAVITA UC JOINT 20 TABS,2318004
سنترافيتا يوسي جوينت 20 اقراص,CENTRAVITA UC JOINT 20 TABS,2669928
سنترام كبار 100 اقراص,CENTRUM MEN 100 TAB,2675438
سنترام كبار اخضر 100 ق,CENTRUM ADULTS 100 TABLETS,2595635
سنترم سيلفر 100 اقراص,CENTRUM MEN 100 TAB,2436508
سنترم سيلفر 30 اقراص,CENTRUM [MEN 30 TAB,2626105
سنترم كبار اخضر 100 ق,CENTRUM ADULTS 100 TABLETS,2637430
سنترم مع لوتين كبار 100 قؤص,CENTRUM WITH LUTEIN 100 TABS,2609778
سنتروباكس ادفانس 20 اقراص,CENTROPAX ADVANCE 20 TABS,2466536
سنترونيرف 14 اقراص,CENTRONERVE 14 F.C. TABS.,2114057
سنترونيرف 20 اقراص,CENTRONERVE 20 F.C. TABS,1752479
سندريلا عادي 40 8 فوط,CINDERELLA THICK REGULAR SANITARY PADS 8 PADS,2250822
سندريلا ماكسي 9 ق موف,CINDERELLA MAXI WINGS 9 PSC,1400323
سنس كير كريم,HAPPY SENS CREAM,1768003
سنسوداين 50 جم ازرق,SENSODYNE TOOTHPASTE 50 ML FLORIDE BLUE,1777976
سنسوداين 75 جم / رابيد اكشن خ س,SENSODYNE TOOTHPASTE 75 ML RAPID ACTION,2683038
سنسوداين اكسترا فريش معجون اسنان 50 مل,SENSODYNE EXTRA FRESH 50 ML,1978936
سنسوداين صغير 20 مل ازرق فلورايد,SENSODYNE TOOTHPASTE 20 ML FLUORIDE,1777972
سنسوداين صغير 20 مل ديب كلين,SENSODYNE TOOTHPASTE 20 ML DEEP CLEAN,1431975
سنسوداين صغير 20 مل رابيد اكشن,SENSODYNE TOOTHPASTE 20 ML RAPID ACTION,1451422
سنسوداين صغير 20 مل مالتي كير,SENSODYNE TOOTHPASTE 20 ML MULTI CARE,1400288
سنسوداين فرش اسنان جام كير سوفت,SENSODYNE TOOTHBRUSH GUM CARE SOFT,1821817
سنسوداين فرش اسنان نترو رابيد اكشن سوفت,SENSODYNE TOOTHBRUSH RAPID ACTION,2489200
سنسوداين كبير 100 مل احمر,SENSODYNE TOOTHPASTE 100 ML ORIGENAL RED,2274798
سنسوداين كبير 100 مل انتعاش زائد,SENSODYNE TOOTHPASTE 100 ML EXTRA FRESH,1400289
سنسوداين كبير 100 مل ديب كلين,SENSODYNE TOOTHPASTE 100 ML DEEP CLEAN,1401066
سنسوداين كبير 100 مل فلوريد ازرق,SENSODYNE TOOTHPASTE 100 ML FLORIDE BLUE,1400738
سنسوداين كبير 100 مل مالتي كير,SENSODYNE TOOTHPASTE 100 ML MULTI CARE,2130700
سنسوداين معجون اسنان احمر 100 مل كبير,SENSODYNE TOOTHPASTE 100 ML ORIGENAL RED,2602977
سنسوداين معجون اسنان احمر 50 مل وسط,SENSODYNE EXTRA FRESH 50 ML,2602978
سنسوداين معجون اسنان ازرق 100 مل كبير,SENSODYNE TOOTHPASTE 100 ML FLORIDE BLUE,2602979
سنسوداين معجون اسنان ازرق 20 مل صغير,SENSODYNE TOOTHPASTE 20 ML FLUORIDE,2602981
سنسوداين معجون اسنان اكسترا فريش 100 مل كبير,SENSODYNE EXTRA FRESH 50 ML,2602980
سنسوداين معجون اسنان تسوس 100 مل كبير,SENSODYNE EXTRA FRESH TOOTHPASTE 100 ML,2602982
سنسوداين معجون اسنان تسوس 20 مل صغير,SENSODYNE EXTRA FRESH 50 ML,2602983
سنسوداين معجون اسنان تسوس 50 مل وسط,SENSODYNE EXTRA FRESH 50 ML,2602984
سنسوداين معجون اسنان جل عميق التنظيف 100 مل,SENSODYNE EXTRA FRESH TOOTHPASTE 100 ML,2602985
سنسوداين معجون اسنان جل عميق التنظيف 20 مل صغير,SENSODYNE EXTRA FRESH 50 ML,2602975
سنسوداين معجون اسنان جل عميق التنظيف 50 مل وسط,SENSODYNE EXTRA FRESH 50 ML,2602976
سنسوداين معجون اسنان رابيد اكشن 75 مل,SENSODYNE TOOTHPASTE 75 ML RAPID ACTION,2602974
سنسوداين معجون اسنان عنايه كامله ذهبي عرض 50 مل,SENSODYNE EXTRA FRESH 50 ML,2602986
سنسوداين معجون اسنان عنايه كامله وتبييض ذهبي 100 مل,SENSODYNE EXTRA FRESH TOOTHPASTE 100 ML,2602987
سنسوداين وسط 50 مل احمر عادي,SENSODYNE TOOTHPASTE 50 ML ORIGENAL RED,2274799
سنسوداين وسط 50 مل ديب كلين,SENSODYNE TOOTHPASTE 50 ML DEEP CLEAN,1486252
سنسوداين وسط 50 مل ديب كلين 15 % عرض,SENSODYNE TOOTHPASTE 50 ML DEEP CLEAN 15 % OFFER,1777981
سنسوداين وسط 50 مل فلروريد ازرق,SENSODYNE TOOTHPASTE 50 ML FLORIDE BLUE,1435393
سنسوداين وسط 50 مل مالتي كير,SENSODYNE TOOTHPASTE 50 ML MULTI CARE,2219786
سنسوداين وسط 75 مل رابيد اكشن,SENSODYNE TOOTHPASTE 75 ML RAPID ACTION,1777982
سنوليفا 30 اقراص,SNOWLIVA 30 TABS,2250661
سنون انسولين كي دي ال 4 مل,INSULIN NIB 4 M KDL,2277390
سنون قلم اسولين 6 ملDLمستورد,WILLION INSULIN NEEDLES 6 MM,2277391
سنون قلم انسولين 5 مل DLمستورد,PIC INSULIN NEEDLES 3.5 MM,2277392
سنون قلم انسولين 5 مل كوري 100 قطعه,SUNGSHIM INSULIN PEN NEEDLE 5 ML 100 PICESES,1400657
سنون قلم انسولين 6 مل كوري 100 قطعه,SUNGSHIM INSULIN PEN NEEDLE 6 ML 100 PICESES,2130847
سنون قلم انسولين KDL مل 4 مل بالعلبه,INSULIN NIB 4 M KDL,2602989
سنون قلم انسولين KDL مل 5 مل بالعلبه,INSULIN NIB 5 M KDL,2630976
سنون قلم انسولين ماس 4 مم,MAS INSULIN PEN NEEDLE 4 MM,2175152
سنيور كريم جل جولد 225 مل,SENOR HAIR CREAM GEL BUSINESS MAN 225 GM GOLD,2562651
سنيور كريم واكس احمر 100 مل,SENIOR CREAM WAX HAIR SHINE MEN / WOMEN 150 G,2625732
سو لايف بخاخ للانف 70 مل,SO LIFE NASAL SPRAY 70 ML,2496924
سوابيفنت نيبولايزر محلول 20 امبول 2.5 مل,SWABIVENT NEBULIZER SOLN. 20 AMP. 2.5 ML,906679
سوبر بانثينول كريم 50 جم,SUPER PANTHENOL CREAM 50 GM,1676304
سوبر جنكو 20 كبسول,SUPER GINKO 20 CAPS.,2082052
سوبر سيز 30 كبسول,SUPER SEAS 30 CAPS.,2172691
سوبر كال زنك 20 اقراص,SUPER CAL ZINC 20 TABS.,1858091
سوبر كيدز 2 1 شامبو وبلسم 500 مل بالتوت,SUPER KIDS 2 IN 1 SHAMPOO CONDITIONER 500 ML,2316825
سوبر كيدز بخاخ تشابك 120 مل,SUPER KIDS DETANGLING SPRAY 120 ML,2131177
سوبر كيدز بخاخ مغذي للشعر 120 مل,SUPER KIDS NOURISHING HAIRSPRAY 120 ML,2131178
سوبر كيدز بخاخ منعش للشعر الكيرلي 250 مل,SUPER KIDS CURL REFRESHING SPRAY 250 ML,2316914
سوبر كيدز جل للشعر الكيرلي 250 مل,SUPER KIDS CURLY HAIR GEL 250 ML,2543945
سوبر كيدز حديد شراب 150 مل,SUPER KIDS IRON SYRUP 150 ML,2271136
سوبر كيدز حديد قطره 30 مل,SUPER KIDS IRON DROPS 30 ML,2622757
سوبر كيدز رول اون للاطفال 30 مل اناناس,SUPER KIDS ROLL ON 30 ML PINEAPPLE SCENT,2316898
سوبر كيدز رول اون للاطفال 30 مل بدون رائحه,SUPER KIDS ROLL ON 30 ML ODURELESS,2316915
سوبر كيدز رول اون للاطفال 30 مل لولي بوب,SUPER KIDS ROLL ON 30 ML LOLLIPOP SCENT,2316916
سوبر كيدز سيرم للشعر للاطفال 100 مل,SUPER KIDS HAIR SERUM 100 ML,1979582
سوبر كيدز شامبو 3 1 اطفال 300 مل فراوله,SUPER KIDS STRAWBERRY 3 IN 1 SHAMPOO CONDITIONER AND BATH GEL 300 ML,2234361
سوبر كيدز شامبو 3 1 اطفال 500 مل فراوله,SUPER KIDS STRAWBERRY 3 IN 1 SHAMPOO CONDITIONER AND BATH GEL 500 ML,2316900
سوبر كيدز شامبو تفاح 300 مل 125,SUPER KIDS CURLY SHAMPOO 300 ML,2320562
سوبر كيدز شامبو لحديثي الولاده 200 مل,SUPER KIDS BABY SHAMPOO 200 ML,2316893
سوبر كيدز شامبو للاطفال بالتفاح الاخضر 300 مل,SUPER KIDS SHAMPOO WITH GREEN APPLE 300 ML,1979576
سوبر كيدز شامبو للشعر الكيرلي 300 مل,SUPER KIDS CURLY SHAMPOO 300 ML,2316896
سوبر كيدز شامبو ميلك تشيك 300 مل,SUPER KAMI SHAMPOO 300 ML,2644126
سوبر كيدز شاور جل 300 مل,SUPER KIDS BUBBLE BATH GEL 300 ML,2131251
سوبر كيدز صن سكرين لوسيون بخاخ 200 مل,SUPER KIDS SUNSCREEN LOTION 200 ML,2316903
سوبر كيدز فاشيال فوم اطفال 200 مل,SUPER KIDS SUPERKIDS FACIAL FOAM 200 ML,1979578
سوبر كيدز فيتامين دي 3 قطره بالفم 15 مل,SUPER KIDS VITAMIN D 3 ORAL DROPS 15 ML,2234362
سوبر كيدز كريم شعر 200 جم,SUPER KIDS HAIR CREAM 200 ML,2370487
سوبر كيدز لوسيون للجسم 300 مل,SUPER KIDS BODY LOTION 300 ML,2381924
سوبر كيدز ليف ان بلسم للشعر 250 مل,SUPER KIDS LEAVE IN CONDITIONER 250 ML,2316901
سوبر كيدز ماسك للشعر 300 مل,SUPER KIDS HAIR MASK 300 ML,2316904
سوبر كيدز مالتي فيتامين 120 قطعه,SUPERKIDS GUMMIES 120 PIECES,2306548
سوبر كيدز مالتي فيتامين 60 قطعه,SUPERKIDS GUMMIES 60 PIECES,2306549
سوبر كيدز مرطب للشفاه 10 جم بالفراوله,SUPER KIDS LIP BALM STRAWBERRY 10 GM,2381925
سوبر كيدز مناديل 20 م,SUPER KIDS WIPES 20 PCS,2639032
سوبر كيدز مناديل 72 م,SUPER KIDS WATER WIPES 72 WATER WIPES,2131239
سوبر ماج ادفانس 30 اقراص,SUPERMAG ADVANCE 30 TABS,2560266
سوبراكس 100 مجم / 5 مل شراب 30 مل,SUPRAX 100 MG / 5 ML SUSP. 30 ML,903882
سوبراكس 100 مجم / 5 مل شراب 60 مل,SUPRAX 100 MG / 5 ML SUSP. 60 ML,903883
سوبراكس 200 مجم 8 كبسول,SUPRAX 200 MG 8 CAPS,903884
سوبراكس 400 مجم 5 كبسول,SUPRAX 400 MG 5 CAPS,903885
سوبرانيل 25 مجم 30 كبسول,SUPRANIL 25 MG 30 CAPS,903886
سوبركيدز شامبو ميلك شيك بالفراوله 300 مل,,2316894
سوبركيدز غسول وجه فوم 200 مل,,2316897
سوبرماج ادفانس 30 اقراص,SUPERMAG ADVANCE 30 TABS,2523682
سوبرماج بي 6 30 اقراص,SUPERMAG B 6 30 F.C. TABS,1947559
سوبولاك شامبو للشعر 200 مل,SUPOLACK HAIR SHAMPOO 200 ML,2643700
سوتال بخاخ 100 مل,SOOTAL TOPICAL SPRAY 100 ML,2500549
سوتال كريم 100 جم,SOOTAL TOPICAL CREAM 100 GM,2511058
سوجيستدين 75 مكجم 28 اقراص,SOGESTEDIN 75 MCG 28 TABS.,2651602
سودافيد جل,,2096036
سودو كيدز كريم 120 جم,SUDOCREM CREAM 120 G,2263736
سودو كيدز كريم 240 جم,SUDOCREM CREAM 240 G,2339340
سورال 20 جم 2 شريط جديد,SRILANE 5 % CREAM 20 GM,2602998
سورال 20 مجم 20 كبسول,SORAL 20 MG 20 CAPS,2470056
سورال 20 مجم 30 كبسول,SORAL 20 MG 30 CAPS,1555707
سورال 20 مجم 5 لبوس,SORAL 20 MG 5 SUPP.,903888
سورالون سيكا كريم جل للبشره 60 جم,SORALONE CICA CREAM GEL 60 ML,2511283
سورالون شامبو ضد القشره 250 مل,SORALONE ANTI DANDRUFF SHAMPOO 250 ML,2511281
سورالون هيدرا كريم جل 100 مل,SORALONE HYDRA CREAM GEL 100 ML,2532646
سورالون يوريا كريم جل 15 % يوريا 60 مل,SORALONE UREA CREAM GEL 15 % UREA 60 ML,2511282
سورتي 20 قطعه,SORTI 20 PIECES,1774550
سورتي 30 قطعه,SORTI 30 PIECES,2511030
سورتي شراب 120 مل,SORTI SYRUP 120 ML,1738162
سوريانا غسول مهبلي 250 مل,SORIANA VAGINAL DOUSH 250 ML,2384761
سوزي ادفانس كريم,SOOZY ADVANCED CREAM,2143560
سوفانا لوشن 120 مل,SOUVANA TOPICAL LOTION 120 ML,2498393
سوفت روز مناديل قطنيه للوجه 500 منديل,SOFT ROSE EASY FACIAL TISSUES – 500 PIECES,2181552
سوفت سكن كير كريم 30 جم,SOFT SKIN CARE CREAM 30 GM,2500191
سوفت فييت كريم 50 جم,SOFT FEET CREAM 50 GM,2142630
سوفت لاين كريم 50 جم,SOFT LINE CREAM 50 GM,2644811
سوفت مساج كريم 60 جم,SOFT MASSAGE CREAM 60 GM,1826995
سوفريزا 10 / 10 مجم 30 اقراص,SUVREZA 10 / 10 MG 30 TAB,2220067
سوفريزا 20 / 10 مجم 30 اقراص,SUVREZA 20 / 10 MG 30 TAB,2629989
سوفي الترا طويل جدا دوبل 14 فوطه,SOFY MAXI SOFT LONG PADS 14 PADS,2367127
سوفي الترا طويل دوبل 16 فوطه,SOFY MAXI SOFT LONG PADS 16 PADS,2367128
سوفي ديلاي د 3 فورت 4000,SOFI LIFE FIZZ PLUS VITAMIN D 3 4000 IU 25 EFFERVESCENTS TABLETS,2295964
سوفي ديلاي فيتامين بي كومبيلكس,SWIVE 10 SACHETS,2295966
سوفي سوفت كريم 60 جم,SOVE SOFT 60 GM CREAM,2463377
سوفي لايف دايلي فيت بيوتين 5000 مكجم 30 اقراص,SOFI LIFE DAILY VIT BIOTIN 5000 MCG 30 CAPSULES,2295965
سوفي لايف دايلي فيت فيتامين دي 3 فورت 4000 وحده 30 اقراص,SOFI LIFE DAILY VIT VITAMIN D 3 FORTE 30 SOFTGEL CAPSULES,2295970
سوفي لايف دايلي فيت كروميوم 60 اقراص,SOFI LIFE DAILY VIT CHROMIUM PICOLINATE 60 TABLETS,2295971
سوفي لايف سباركل بلس كولاجين بيوتي 30 كبسوله,SOFI LIFE SPARKLE PLUS COLLAGEN BEAUTY 30 CAPSULES,2295967
سوفي لايف سباركل بلس للعنايه بالبشره والشعر والاظافر 100 كبسوله,SOFI LIFE SPARKLE PLUS SKIN HAIR NAIL 100 CAPSULES,2295972
سوفي لايف فيت 100 ك برطمان ملتي فيتامين,SAVOY SHAMPOO 100 ML,2295973
سوفي لايف فيز بلس ماغنسيوم و فيتامين ب 6 فورت 20 اقراص فواره,SOFI LIFE FIZZ PLUS MAGNESIUM + VITAMIN B 6 FORTE 20 EFFERVESCENTS TABLETS,2209390
سوفي ماكسي 12 طول جدا جدا بالمسك 2 قطعه,SOFY MAXI SOFT EXTRA LONG PADS WITH MUSK 12 PADS 2 PIECES,1401457
سوفي ماكسي 14 طويل جدا بالمسك,SOFY MAXI SOFT LONG PADS WITH MUSK 14 PADS 2,1778012
سوفي ماكسي 14 طويل جدا بالمسك باندل 2 ق,SOFY MAXI SOFT LONG PADS WITH MUSK 14 PADS 2 PIECES,1401271
سوفي ماكسي طويله 16 قطعه بالمسك,SOFY MAXI SOFT LONG PADS WITH MUSK 16 PADS,1401272
سوفي مسك طويل جدا فردي 7 فوطه,SOFY MAXI SOFT LONG PADS WITH MUSK 7 PADS,2681879
سوفي مسك طويل فردي 8 فوطه,SOFY MAXI SOFT LONG PADS WITH MUSK 8 PADS,2681880
سوفيكان 10 مجم 14 اقراص,SUVIKAN 10 MG 14 F.C.TAB.,2337943
سوفيكان 20 مجم 14 اقراص,SUVIKAN 20 MG 14 F.C. TAB.,2127454
سوفيمير 2.6 % فاميلي هيبرتونيك كبار 100 مل,SOFIMER 2.6 % FAMILY NASAL SPRAY 100 ML,2299597
سوفيمير بخاخه / هيرباتونيك,SOFIMER 2.6 % FAMILY NASAL SPRAY 100 ML,2672384
سوفيمير فاميلي,SOFIMER 2.6 % FAMILY NASAL SPRAY 100 ML,2683187
سوفيناسين 10 مجم 20 اقراص,SOFENACIN 10 MG 20 F.C.TAB.,903894
سوفيناسين 5 مجم 30 اقراص,SOFENACIN 5 MG 30 F.C. TAB.,2313179
سوفيناسين بلس 5 / 25 مجم 30 اقراص,SOFENACIN PLUS 5 / 25 MG 30 TABS,2301089
سوفيناسين بلس 5 / 50 مجم 30 اقراص,SOFENACIN PLUS 5 / 50 MG 30 TABS,2209362
سوفيناسين شراب 120 مل,SOFENACIN 1 MG / ML ORAL SUSP. 120 ML,2604581
سوكابريسكام 10 / 2.5 / 10 اقراص,,2682852
سوكابريكسام 10 / 2.5 / 10 اقراص,SOKAPRIXAM 10 / 2.5 / 10 MG 30 TAB,2680907
سوكابريكسام 5 / 1.25 / 5 اقراص,SOKAPRIXAM 5 / 1.25 / 5 MG 30 TAB,2680909
سوكير بخاخ للفم 30 مل اطفال,SUCAIR KIDS MOUTH SPRAY 30 ML,2193594
سوكير بخاخ للفم 60 مل كبار,SUCAIR MOUTH SPRAY 60 ML,1740088
سوكير مضمضه للفم 250 مل,SUCAIR MOUTH WASH 250 ML,1547635
سوكير معجون اسنان جيل للاطفال 40 جم,SUCAIR TOOTHPASTE GEL FOR KIDS 40 GM,1973891
سولبادول 2.5 مجم 6 اقراص,SOLPADOL 2.5 MG 6 ORO DISPERSIBLE TABLETS,2631430
سولبادول 5 مجم 6 اقراص,SOLPADOL 5 MG 6 ORO DISPERSIBLE TABLETS,903901
سولباسيف 1.5 جم امبول,SULBACEF 1.5 GM (I.V / I.M) INJ. VIAL,2181938
سولبيبتا 25 مجم 30 اقراص,SULPEPTA 25 MG 30 TABS,2187218
سولفادول 20 مل بخاخ للاطفال.ض,SOLVADOL KIDS THROAT SPRAY 20 ML,2683060
سولفادول للكبار بخاخ 30 مل,SOLVADOL ADULTS THROAT SPRAY 30 ML,2398108
سولفادين بخاخ للفم 40 مل,SOLVADINE MOUTH FRESHENER SPRAY 40 ML,2143057
سولفازنك 50 مجم 30 كبسول,SOLVAZINC 50 MG 30 CAPS.,2334468
سولفاكس اوبتيما جل 120 مجم,SULFAX OPTIMA FORMULA GEL 120 GM,2680567
سولفاكس اوبتيما فورملا جل 120 جم,SULFAX OPTIMA FORMULA GEL 120 GM,2603006
سولفاكس ايس منثول 1 لزقه,SULFAX ICY MENTHOL 8 CM X 12 CM 1 SHEETS,1768026
سولفاكس بلس جل مساج 120 جم,SULFAX PLUS MASSAGE GEL 120 GM,2653390
سولفاكس بلس جل مساج 60 جم,SULFAX PLUS MASSAGE GEL 60 GM,2605994
سولفاكس جوينت,SULFAX JOINT 30 TABS,2681782
سولفاكس جوينت 30 اقراص,SULFAX JOINT 30 TABS,2603002
سولفاكس جوينت فورت 30 اقراص,SULFAX JOINT FORTE 30 TABS,2347470
سولفاكس سي ام او كريم مساج 120 جم,SULFAX CMO FORMULA MASSAGE CREAM 120 GM,2603009
سولفاكس سي ام او كريم مساج 60 جم,SULFAX CMO FORMULA MASSAGE CREAM 60 GM,2672141
سولفاكس كول اند هوت 1 باتش,SULFAX COOL HOT 8 CM X 12 CM 1 SHEETS,2512170
سولفاكس كولد بخاخ 200 مل,SULFAX COLD SPRAY 200 ML,1702297
سولفاكس لزقه مسكن للالم,SULFAX ICY MENTHOL 8 CM X 12 CM 1 SHEETS,2234313
سولفاكس ماغنسيوم رول اون مساج 100 جرام,SULFAX MAGNESIUM MASSAGE ROLL ON 100 GM,2038397
سولفاكس ماغنسيوم كريم 120 جم,SULFAX MAGNESIUM CREAM 120 GM,2158052
سولفاكس ماغنسيوم كريم 50 جم,SULFAX MAGNESIUM CREAM 50 GM,1844089
سولفكس لازقه,SULFAX ICY MENTHOL 8 CM X 12 CM 1 SHEETS,2673159
سولفيا لوشن موضعي 120 مل,SOLVIA TOPICAL LOTION 120 ML,2498731
سولو سيبت 14 اكياس 10 مل,SOLO SEPT FOAMING SKIN CLEANSER 14 SACHETS X 10 ML,944788
سولو سيبت فوم 200 مل,SOLO SEPT FOAMING SKIN CLEANSER 200 ML,2499558
سولو فريش قطره عين جديد,KIMBACILLO DROPS 15 ML,2158976
سولو لوسيون 120 مل 85,SOLO TOPICAL LOTION 120 ML,2671750
سولو لوشن 120 مل,SOLO TOPICAL LOTION 120 ML,2129078
سولو نيبولايزر استنشاق البخار,SOLO NEBULIZER COMPRESSOR FOR THERAPY,1777323
سولوديكس ايكسفولير جل منظف للبشره الدهنيه 200 مل,SOLODEX EXFOLEAR CLEANSING GEL 200 ML,2366741
سولوديكس روتس 8 امبول,SOLODEX ROOTS 8 AMP,2575177
سولوفريش 0.2 % قطره للعين 10 مل,SOLOFRESH 0.2 % EYE DROPS 10 ML,1428093
سولوفيت اوميجا 3 30 اقراص,SOLOVIT OMEGA 3 30 TAB,2646898
سولوفيت فيتامين اي 30 اقراص,SOLOVIT VITAMIN E 30 TAB,2066744
سولوفيت ماغنسيوم 30 اقراص,SOLOVIT MAGNESIUM 30 HGC,2190887
سولونال ديليكا غسول للوجه 250 مل,SOLONAL DELICA FACIAL WASH 250 ML,2464783
سولي مايند سيرم 80 مل,SOLEE MIND SERUM 80 ML,1547652
سوليتراكت 10 مجم 30 اقراص,SOLITRACT 10 MG 30 F.C. TAB.,2626829
سوليتراكت 5 مجم 30 اقراص,SOLITRACT 5 MG 30 F.C. TAB.,2043830
سوليتراكت 5 مجم اقراص,SOLITRACT 5 MG 30 F.C. TAB.,2683110
سوليتراكت كومب 20 اقراص,SOLITRACT COMPOUND 20 TAB,2066461
سوليكا سولوستار قلم فرط 100 و + 50 م اصفر,SOLIQUA 100 UNITS + 50 MCG / ML 1 PREFILLED PENS,2641993
سوليكا سوليستار,NUTRI BEYOND SILICA 30 TAB,2628151
سوليكوا 100 وحده + 50 مكجم / مل 1 قلم,SOLIQUA 100 UNITS + 50 MCG / ML 1 PREFILLED PENS,2038368
سوليكوا 100 وحده + 50 مكجم / مل 3 اقلام 3 مل,SOLIQUA 100 UNITS+ 50 MCG / ML 3 PREFILLED PENS 3 ML,2496357
سوماتروبين 1.6 مجم امبول,SOMATROPIN 4 I.U.= 1.6 MG VIAL,2562469
سومازينا 100 مجم / مل قطره للفم 30 مل,SOMAZINA 100 MG / ML ORAL DROPS 30 ML,2603014
سومازينا سوبرا 100 مجم / مل قطره للفم 30 مل,SOMAZINA SUPRA 100 MG / ML ORAL DROPS 30 ML,2448955
سومازينا سوبرا 500 مجم 30 اقراص,SOMAZINASUPRA 500 MG 30 CAP,2595801
سوناكتو كريم 50 جم,SONAKTO CREAM 50 GM,2144447
سوني بطاريه لجهاز قياس السكر 5 قطع,SONY BATTERY 5 PIECE,2131719
سونيسمابيكس 30 اقراص 25 / 250,,2672834
سونيسمباتكس 25 مجم / 250 مجم 30 اقراص,SONISMAPEX 25 MG / 250 MG 30 TAB,2454481
سويت حرير 100 جم,SWEET HARIR NATURAL HAIR REMOVAL 100 GM,2603016
سويت ندي 150 جم عرض,NADA SWEET 150 GM,2131621
سويتافير شراب,SWEETAFER SYRUP,1811333
سويتال 1 جم 100 اكياس,SWEETAL 1 G* 100 SACHETS,2126643
سويتال 1 جم 25 اكياس,SWEETAL 1 GM 25 SACHETS,2126625
سويتال 1 جم 60 اكياس,SWEETAL 1 G* 60 SACHETS,2409309
سويتال 1 جم 75 اكياس,SWEETAL 1 G* 75 SACHETS,2340703
سويتال 100 اقراص,SWEETAL 100 TAB SUGAR,948640
سويتال 100 اكياس 1 جم 130,SWEETAL 1 G* 100 SACHETS,2617880
سويتال 2 جم 50 اكياس,SWEETAL 2 G* 50 SACHETS,2583844
سويتال 300 اقراص,SWEETAL 300 TAB SUGAR,2587850
سويتال 50 اقراص,SWEETAL 50 TAB SUGAR,2436549
سويتال استيفيا اكياس 50 اكياس,SWEETAL 2 G* 50 SACHETS,2638448
سويتال بودر 250 جم اصفر,SWEETAL POWDERED SUGAR 250 GM,2126624
سويتال ستيفيا 100 اكياس,SWEETAL 1 G* 100 SACHETS,2675501
سويتال ستيفيا 25 اكياس,SWEETAL STEVIA 25 STICKS,2675502
سويتال ستيفيا 50 اكياس,SWEETAL 2 G* 50 SACHETS,2680705
سويتال ستيفيا 50 كيس,SWEETAL STEVIA 2 G* 50 SACHETS,2632535
سويتال ستيفيا بودر 250 جم اخضر,SWEETAL STEVIA POWDERED SUGAR 250 GM,2583510
سويتال ستيفيا جار,SWEETAL STEVIA 25 STICKS,2680704
سويز كريم 50 جم,SUEZ CREAM 50 GM,2143530
سويسلاك ال اف لبن 400 جم,SWISSLAC LF MILK 400 GM,2637934
سويفت كير مساج جل 60 جم,SWIFT CARE MASSAGE GEL 60 GM,1740096
سويفل جل مساج 80 جم,SWIVEL MASSAGE GEL 80 GM,1687762
سويفل كريم 50 جم,SWIVEL SOOTHING CREAM 50 GM,2066468
سويفيسين قطره,SWIVESINE DROPS,2306225
سويلارو جل 50 جم,SWELLARO GEL 50 MG,2043826
سي اتش الفا 10 اكياس,CH ALPHA 10 SACHETS,2452786
سي اتش الفا 10 اكياس 330,CH ALPHA 10 SACHETS,2508656
سي اتش الفا اكياس بلس قديم,CH ALPHA PLUS 10 SACHETS,2630790
سي اتش الفا اكياس جديد,CH ALPHA 10 SACHETS,2550979
سي اتش الفا بلس 10 اكياس,CH ALPHA PLUS 10 SACHETS,2436553
سي اتش الفا بلس 10 اكياس جديد / بايوتك فارما,CH ALPHA PLUS 10 SACHETS,2669077
سي اتش الفا بلس اكياس جديد,CH ALPHA PLUS 10 SACHETS,2682572
سي اتش الفا عادي 330,CH ALPHA 10 SACHETS,2616806
سي بلس 30 اقراص,C PLUS 30 TAB,2128640
سي بولين 1000 م فيتامين ج 30 اقراص,LERIC 1000 VITAMIN C 30 TABS,2158053
سي بولين 1000 مجم فيتامين,REDOX VITAMIN C 1000 MG 10 TAB,2063131
سي بولين 1000 مجم فيتامين سي 30 اقراص,GEMA C PLUS 1000 MG 30 TAB,2062174
سي جارد 30 اقراص,C GUARD 30 TAB,2499898
سي ريتارد + زنك 20 كبسول,C RETARD + ZINC 20 CAPS,2253129
سي ريتارد 500 مجم 10 كبسول,C RETARD 500 MG 10 CAPS.,1494203
سي زنك 30 كبسول,C ZINC 30 CAPS.,2473462
سي فيت 10 جم / 100 مل قطره 15 مل,C VIT 10 GM / 100 ML DROPS 15 ML,903940
سي ليت ادفانسيد سيرم 30 مل,SEE LIT ADVANCED SERUM 30 ML,2406923
سي ليت الكسير سيروم 30 مل,SEE LIT ELIXIR ARGIRELINE Q 10 AGE FACE SERUM 30 ML,2501031
سي ليت بروفيشنال سيرم 30 مل,SEE LIT PROFESSIONAL SERUM 30 ML,2521163
سي ليت بودي ميلك 200 مل,SEE LIT BODY MILK 200 ML,2521165
سي ليت رول اون 50 مل ازرق كول بريز,SEE LIT WHITENING DEODORANT ROLL ON COOL BREAZE,2521167
سي ليت رول اون 50 مل بينك كوتون كاندي,SEE LIT WHITENING DEODORANT ROLL ON COTTON,2521168
سي ليت رول اون 50 مل فضي فريش,SEE LIT WHITENING DEODORANT ROLL ON FRESH,2521169
سي ليت رول اون بني عود 50 مل,SEE LIT WHITENING DEODORANT ROLL ON OUD 50 ML,2521166
سي ليت رول وان سبورت,SEE LIT ROLL ON WHITENING DEODORANT 50 ML SPORT PULSE,2521170
سي ليت ريتينول سيروم للوجه 30 مل,SEE LIT RETINOL FACE SERUM 30 ML,2339489
سي ليت سيرم,SEE LIT INTENSE SERUM 30 ML,2402826
سي ليت سيرم رموش 10 مل لتكثيف الرموش,SEE LIT EYE LASH SERUM 10 ML,2271504
سي ليت فيتامين سي سيروم 30 مل,SEE LIT VITAMIIN C SKIN SERUM 30 ML,2146374
سي ليت ليب بالم 5 جم,SEE LIT LIP BALM 5 GM,2521164
سي ليت هيالورونيك سيرم 30 مل,SEE LIT HYALURONIC – VITAMIN B PLUMPING SKIN SERUM 30 ML,2653468
سياليس 20 مجم 2 اقراص,CIALIS 20 MG 2 F.C. TAB.,1044720
سياليس 20 مجم 4 اقراص,CIALIS 20 MG 4 F.C. TAB.,2190450
سيانارو 1 % قطره 2.5 مل,CYANARO 1 % EYE DROPS 2.5 ML,2157080
سيانارو بلس قطره 5 مل,CYANARO PLUS EYE DROPS 5 ML,2454493
سيانوهيبتان 6 امبول,CYANOHEPTAN 6 AMP,2470096
سيبا كلار اكسفلوتينج كريم 50 جم / الحياه لاب,YOKO SPA MILK SALT 90 GM BLACK,2642016
سيباسليب قطره بالفم,SEBASLEEP ORAL DROP,2496927
سيبافيرو 30 اقراص,SEBAFERRO 30 TAB,2631037
سيباكلار اكتف جل 50 مل,SEBACLAR ACTIVE GEL 50 ML,2436561
سيباكلار اكسفولتينج كريم 50 مل,SEBACLAR EXFOLIATING CREAM 50 ML,1139828
سيباكلار بيوريفينج كلينسنج جل 200 مل,SEBACLAR PURIFYING CLEANSING GEL 200 ML,2454498
سيباكلار تونيك لوشن 200 مل,SEBACLAR TONIC LOTION 200 ML,2233198
سيباكلار غسول,SEBACLAR ACTIVE GEL 50 ML,2574941
سيباكلار غسول جل,SEBACLAR ACTIVE GEL 50 ML,2635275
سيباكلار هيدرا كريم 50 مل,SEBACLAR HYDRA CREAM 50 ML,1481361
سيباكوفي 30 اقراص,SEBACOVI 30 TABS,2114149
سيبالافيل 20 مجم 12 اقراص,CIPALAFIL 20 MG 12 TABS.,903947
سيبالافيل 5 مجم 30 اقراص,CIPALAFIL 5 MG 30 TABS.,2618358
سيبانوين جل لحب الشباب 15 جم,SEBANOIN ACNE GEL 15 GM,1744878
سيبانوين غسول للوجه 200 مل,SEBANOIN FACIAL WASH GEL 200 ML,2617828
سيبتازول 400 / 80 مجم 200 اقراص,SEPTAZOLE 400 / 80 MG 200 TAB.,1547682
سيبتازول شراب 100 مل,SEPTAZOLE SUSP. 100 ML,2563001
سيبتازول فورت 10 اقراص,SEPTAZOLE FORTE 10 TAB.,1762099
سيبتازول فورت 20 اقراص,SEPTAZOLE FORTE 20 TAB.,2537425
سيبرا برو 3 شريط,SOMAZINASUPRA 500 MG 30 CAP,2315046
سيبرابرو 10 مجم 30 اقراص,CIPRAPRO 10 MG 30 F.C.TABS,903950
سيبرام 20 مجم 28 اقراص,CIPRAM 20 MG 28 TABS.,1563088
سيبراماكس 40 مجم 2 شريط 150,CIPRAMAX 40 MG 20 TABS,2637749
سيبراماكس 40 مجم 30 اقراص,CIPRAMAX 40 MG 30 TAB,903951
سيبرامالين 10 مجم 20 قرص,CIPRAMALINE 10 MG 20 TAB,2646159
سيبرو 3.5 مجم / مل قطره اذن 10 مل,CIPRO 3.5 MG / ML EAR DROPS 10 ML,2139961
سيبرو 500 مجم 10 اقراص,CIPRO 500 MG 10 F.C.TAB.,2345059
سيبروتاك اكس ال 500 مجم 10 اقراص,CIPROTAK XL 500 MG EXTENDED RELEASE 10 F.C.TAB.,2129171
سيبروديازول 500 / 500 مجم 20 اقراص,CIPRODIAZOLE 500 / 500 MG 20 F.C. TABS.,903954
سيبروسين 0.3 % قطره للعين / الاذن 5 مل,CIPROCIN 0.3 % EYE / EAR DROPS 5 ML,2445331
سيبروسين 0.3 % مرهم للعين 5 جم,CIPROCIN 0.3 % EYE OINT. 5 GM,2636035
سيبروسين 250 مجم 10 اقراص,CIPROCIN 250 MG 10 F.C. TAB.,2552392
سيبروسين 500 مجم 10 اقراص,CIPROCIN 500 MG 10 F.C.TAB.,2470114
سيبروسين 500 مجم 10 ق جديد / ابيكو,CIPROCIN 500 MG 10 F.C.TAB.,2361087
سيبروسين 750 مجم 10 اقراص,CIPROCIN 750 MG 10 F.C. TAB.,2380938
سيبروفار 500 مجم 10 اقراص,CIPROFAR 500 MG 10 F.C.TAB.,1095999
سيبروفار 750 مجم 10 اقراص,CIPROFAR 750 MG 10 F.C. TAB.,2475408
سيبروفلوكساسين العامريه 500 مجم 10 اقراص,CIPROFLOXACIN AMRIYA 500 MG 10 F.C. TAB.,2470118
سيبروفلوكساسين اورجانو 500 مجم 10 اقراص,CIPROFLOXACIN ORGANO 500 MG 10 F.C.TAB.,1165532
سيبروفلوكساسين اورجانو 750 مجم 10 اقراص,CIPROFLOXACIN ORGANO 750 MG 10 F.C. TAB.,2271567
سيبروفلوكساميت 500 مجم 20 اقراص,CIPROFLOXMET 500 MG 20 TAB,2171279
سيبروفلوكسيراز 500 مجم 10 اقراص,CIPROFLOXIRAZ 500 MG 10 F.C. TAB.,1449637
سيبروفلوكسيراز 750 مجم 10 اقراص,CIPROFLOXIRAZ 750 MG 10 F.C.TABS,2314486
سيبروكسيل اكس ال 500 مجم 10 اقراص,CIPROXIL XL 500 MG S.R. 10 F.C.TAB.,2565267
سيبروكين 500 مجم 10 اقراص,CIPROQUIN 500 MG 10 F.C. TAB.,906681
سيبروكين 750 مجم 10 اقراص,CIPROQUIN 750 MG 10 F.C. TAB.,903961
سيبروميجا اكس ال 1000 مجم 14 اقراص,CIPROMEGA XL 1000 MG 14 EXT. REL. F.C.TAB.,2454516
سيبروميجا اكس ال 500 مجم 10 اقراص,CIPROMEGA XL 500 MG 10 EXT. REL. F.C.TAB.,903964
سيبو فري شامبو ضد القشره,PHARMACERIS H SEBOPURIN HAIR SHAMPOO 250 ML,2253031
سيبو كريم 30 جم,CEPO CREAM 30 GM,2129101
سيبورال شامبو جديد,SEBORAL HAIR SHAMPOO 125 ML,2672533
سيبورال شامبو جديد,SEBORAL HAIR SHAMPOO 125 ML,2680629
سيبوفري شامبو,SEBOFREE SHAMPOO,2251059
سيبوفكس جل كريم مرطب للوجه 50 مل,SEBOFIX FACE GEL CREAM 50 ML,2562267
سيبيورال شامبو 125 مل,SEBORAL HAIR SHAMPOO 125 ML,2143283
سيتا كير كريم 80 جم,SETA CARE CREAM 80 GM,2127448
سيتابرونكس 10 مجم 14 اقراص,CITAPRONEX 10 MG 14 F.C.TAB.,2127476
سيتابرونكس 20 مجم 14 اقراص,CITAPRONEX 20 MG 14 F.C. TABS.,948683
سيتابرونكس 5 مجم 14 اقراص,CITAPRONEX 5 MG 14 F.C.TAB.,903970
سيتاجليفورم 50 / 1000 مجم 30 اقراص,SITAGLIFORM 50 / 1000 MG 30 F. C. TABS.,2295831
سيتاجليفورم 50 / 500 مجم 30 اقراص,SITAGLIFORM 50 / 500 MG 30 F.C. TABS,2160965
سيتافين 30 اقراص,CETAFEN 30 TAB.,2339099
سيتافين ان 120 مل شراب,CETAFEN N 120 ML SUSP.,1675905
سيتافين بلس 30 اقراص,CETAFEN PLUS 30 TAB.,2329394
سيتال 1 جم اقراص جديد,CETAL 1000 MG 15 TABS,2641805
سيتال 100 مجم / مل قطره 15 مل,CETAL 100 MG / ML ORAL DROPS 15 ML,2168699
سيتال 1000 مجم 15 اقراص,CETAL 1000 MG 15 TABS,903974
سيتال 120 مجم 5 لبوس للاطفال,CETAL 120 MG 5 INFANTILE SUPP.,903977
سيتال 250 مجم / 5 مل 60 مل شراب,CETAL 250 MG / 5 ML 60 ML SUSP.,903976
سيتال 500 مجم 20 اقراص,CETAL 500 MG 20 TAB.,2473764
سيتال اكسترا 20 اقراص,CETAL EXTRA 20 TABS.,1687898
سيتالو 2 مجم / مل محلول 120 مل,CITALO 2 MG / ML ORAL SOLUTION 120 ML,1774627
سيتالو 20 مجم 14 اقراص,CITALO 20 MG 14 F.C.TAB.,903980
سيتالو 40 مجم 30 اقراص,CITALO 40 MG 30 F.C.TAB.,903982
سيتالو شراب جديد,CITALO 40 MG 30 F.C.TAB.,2674809
سيتامول 500 مجم 20 اقراص,CETAMOL 500 MG 20 TABS,2535338
سيترا فورت 2.4 جم 280 جم,CITRA FORTE 2.4 GM GRAN. 280 GM,2127480
سيتراك 1 مجم / مل شراب 120 مل,CETRAK 1 MG / ML SYRUP 120 ML,2113462
سيترو 10 كيس بالفراوله,CITRO 10 SACHET STRAWBERRY,2470144
سيتروبانثين كريم 30 جم,CITROPANTHEN CREAM 30 GM,948562
سيترونوميت 4 مجم 4 اقراص,SETRONOMET 4 MG 4 ORAL DIS. TABS.,2462891
سيترونوميت 8 مجم 4 اقراص,SETRONOMET 8 MG 4 ORAL DIS. TABS,2400408
سيتوداي كريم 60 جم,CETODAI WHITENING CREAM 60 GM,2359655
سيتوفيلا 20 اقراص,CITOVILA 20 CAPS,2589444
سيتوفيلا 250 مجم قطره بالفم 30 مل,CITOVILA 250 MG ORAL DROPS 30 ML,2563108
سيتوفيلا مايند 20 كبسول,CITOVILA MIND 20 CAPSULES,2606349
سيتيكانديس 1000 مجم,CITICANDS 20 TABS,2603040
سيجما تاكسيم 1 جم جديد,BIOTIN SIGMA TAW 1000 MG 30 TAB,2463123
سيجما تريبيزيم 20 اقراص,SIGMA TRYBZIM 20 TAB,2191535
سيجماتاكسيم 1 جم امبول,SIGMATAXIM 1 GM I.V / I.M VIAL,2513331
سيجنال 120 م عادي كبير,SIGNAL STRONGER TEETH TOOTHPASTE 120 ML,1399805
سيجنال 120 م عادي كبير + سيجنال 25 مل عادي صغير,SIGNAL STRONGER TEETH TOOTHPASTE 120 ML + 25 ML SMALL,2618135
سيجنال 120 م عادي كبير عرض,SIGNAL STRONGER TEETH TOOTHPASTE 120 ML OFFER,2040102
سيجنال 25 مل صغير عادي وفر 2,SIGNAL STRONGER TEETH TOOTHPASTE 25 ML 2 POUND DISCOUNT,2267161
سيجنال 25 مل عادي صغير,SIGNAL STRONGER TEETH TOOTHPASTE 25 ML,1778024
سيجنال 50 مل عادي وسط,SIGNAL STRONGER TEETH TOOTHPASTE 50 ML,1399851
سيجنال اطفال 50 مل فراوله,SIGNAL KIDS TOOTHPASTE STRAWBERRY 50 ML,2493765
سيجنال اطفال 50 مل فواكه,SIGNAL KIDS TOOTHPASTE FRUITY 50 ML,1873207
سيجنال حساس تبيض 75 مل,SIGNAL WHITE NOW TOOTHPASTE 75 ML 3 X INSTANT WHITENING,2672774
سيجنال صغير 25 مل عرض وفر,SIGNAL STRONGER TEETH TOOTHPASTE 25 ML,2603041
سيجنال عادي 120 م + فرشه,SIGNAL STRONGER TEETH TOOTHPASTE 120 ML + TOOTHBRUSH,2271332
سيجنال عادي 25 مل خصم,SIGNAL STRONGER TEETH TOOTHPASTE 25 ML,2282155
سيجنال عادي 50 م خصم,SIGNAL STRONGER TEETH TOOTHPASTE 50 ML,2339437
سيجنال عادي 50 مل 15 % خ,SIGNAL STRONGER TEETH TOOTHPASTE 50 ML,2559087
سيجنال كبير 120 مل نعناع,SIGNAL TOOTHPASTE CAVITY FIGHTER WITH FRESH MINT 120 ML,2381368
سيجنال كومبليت 100 مل بالاعشاب الطبيعيه,SIGNAL COMPLETE HERBAL TOOTHPASTE 100 ML,2306218
سيجنال كومبليت 100 مل بالفحم,SIGNAL COMPLETE TOOTHPASTE 100 ML CHARCOAL,1682899
سيجنال كومبليت 100 مل بالقرنفل وفر 7,SIGNAL COMPLETE TOOTHPASTE 100 ML CLOVE 7 POUND DISCOUNT,2006862
سيجنال كومبليت 50 مل بالفحم,SIGNAL COMPLETE TOOTHPASTE 50 ML CHARCOAL,1401144
سيجنال كومبليت 50 مل بالقرنفل,SIGNAL COMPLETE TOOTHPASTE 50 ML CLOVE,1673580
سيجنال كومبليت 8 مبيض 75 م,SIGNAL COMPLETE TOOTHPASTE 75 ML WHITENING,2532922
سيجنال كومبليت الاصلي 75 مل,SIGNAL COMPLETE TOOTHPASTE 75 ML ORIGENAL,2541072
سيجنال كومبليت مبيض 75 مل,SIGNAL COMPLETE TOOTHPASTE 75 ML WHITENING,2541067
سيجنال مبيض 100 مل + فرشه,SIGNAL WHITENING FOR WHITER TEETH + TOOTHPASTE 100 ML,2674486
سيجنال مبيض 50 مل خ س,SIGNAL WHITENINGTOOTHPASTE 50 ML,2625886
سيجنال وايت ناو 75 مل ازاله القهوه,SIGNAL WHITE NOW TOOTHPASTE 75 ML EXTRA SHINE 3 X INSTANT WHITENING,1489162
سيجنال وايت ناو 75 مل ازاله بقع القهوه,SIGNAL WHITE NOW TOOTHPASTE 75 ML COFFEE TEA STAINS REMOVER,1822010
سيجنال وايت ناو 75 مل تبييض فوري وانتعاش,SIGNAL WHITE NOW TOOTHPASTE 75 ML EXTRA FRESH 3 X INSTANT WHITENING,2131548
سيجنال وايت ناو 75 مل لمعان اكثر,SIGNAL WHITE NOW TOOTHPASTE 75 ML EXTRA SHINE 3 X INSTANT WHITENING,1821991
سيجنال وايتنج 100 م 20 % عرض,SIGNAL WHITENINGTOOTHPASTE 100 ML 20 % OFFER,2131494
سيجنال وايتنج 50 مل وسط,SIGNAL WHITENINGTOOTHPASTE 50 ML,1503895
سيجنال وسط 50 م عادي + فرشه,SIGNAL STRONGER TEETH TOOTHPASTE 50 ML + TOOTHBRUSH,1778022
سيداتوس 20 مجم / 5 مل 100 شراب,SEDATUSS 20 MG / 5 ML 100 ML SUSP.,1061891
سيدالوستيت 2 % كريم مهبلي 15 جم,SEDALOSTATE 2 % VAGINAL CREAM 15 GM,2522553
سيدالوستيت 2 % كريم مهبلي 5 جم,SEDALOSTATE 2 % VAGINAL CREAM 5 GM,1734558
سيدامكس 250 مجم 20 اقراص,CIDAMEX 250 MG 20 TAB.,1993860
سيدرال اكتيف 15 اكياس,SIDERAL ACTIVE 15 ORODISPERSIBLE STICKS,2160028
سيدرال اكتيف 20 كبسول,SIDERAL ACTIVE 20 CAPSULES,2520942
سيدرال بيمبي 10 ستيك,SIDERAL BIMBI 10 ORODISPERSIBLE STICKS,2098694
سيدرال فورت 30 اقراص,SIDERAL FORTE 30 CAP,2635416
سيدرال فوليك 20 اكياس,SIDERAL FOLIC 20 ORODISPERSIBLE STICKS,2486731
سيدرال فوليك 20 كبسول,SIDERAL FOLIC 20 CAPS,2367098
سيدوفاج 1000 مجم 30 اقراص,CIDOPHAGE 1000 MG 30 F.C. TABS,1857099
سيدوفاج 500 مجم 50 شريط,CIDOPHAGE 500 MG 50 STRIPES,903991
سيدوفاج ريتارد 850 مجم 60 اقراص,CIDOPHAGE RETARD 850 MG 60 S.R.TABS,903993
سيدوكاست 10 مجم 10 اقراص,SEDOKAST 10 MG 10 F.C. TAB.,1446813
سيدوكاست 4 مجم 7 اقراص,SEDOKAST 4 MG 7 CHEWABLE TABS.,2144659
سيدولوت نور اقراص / 3 شريط,CIDOLUT NOR 5 MG 30 TAB,2568296
سيديبروكت 6 لبوس,SEDIPROCT 6 SUPP.,1926013
سيديبروكت كريم 20 جم,SEDIPROCT TOPICAL CREAM 20 GM,2454532
سيرافال شامبو للشعر 180 مل,SERAVAL HAIR SHAMPOO 180 ML,2499367
سيرافلامز 20 كبسول,SERRAFLAMAZ 20 CAP,2560197
سيرافي غسول بليمش كنترول حب الشباب 236 مل,CERAVE BLEMISH CONTROL FACIAL CLEANSER 236 ML,2522228
سيرافي فوم غسول وجه للبشره العاديه والدهنيه 473 مل,CERAVE FOAMING FACIAL CLEANSER FOR NORMAL TO OILY SKIN 473 ML,2263699
سيرافي كريم لليدين 50 مل,CERAVE HAND CREAM 50 GM,2522229
سيرافي كريم مرطب 454 مل,CERAVE MOISTURIZING CREAM 454 G,2522230
سيرافي لوشن مرطب 236 مل,CERAVE MOISTURISING LOTION 236 ML,2522226
سيرافي لوشن مرطب 473 مل,CERAVE MOISTURISING LOTION 473 ML,2522227
سيرافي هيدراتينج غسول للوجه للبشره العاديه والجافه 236 مل,CERAVE HYDRATING CLEANSER NORMAL ^DRY 236 ML,2193666
سيرافي هيدراتينج غسول للوجه للبشره العاديه والجافه 473 مل,CERAVE HYDRATING FACIAL CLEANSER NORMAL ^DRY 473 ML,2193667
سيرباس 100 مجم 30 اقراص,SERPASS 100 MG 30 F.C. TAB,2470159
سيرباس 50 مجم 30 اقراص,SERPASS 50 MG 30 F.C.TAB.,2144817
سيربروفورت 20 % شراب 120 مل,CEREBROFORTE 20 % SYRUP 120 ML,2410561
سيربروفورت 800 مجم 30 اقراص,CEREBROFORTE 800 MG 30 F.C. TAB.,1276215
سيرتو 50 مجم 10 اقراص,SIRTO 50 MG 10 F.C. TABS.,1973942
سيرتيكرو 30 اقراص,SERTICREW 30 CAP,2497678
سيردالود 2 مجم 20 اقراص,SIRDALUD 2 MG 20 TAB.,2470164
سيردالود 2 مجم 20 اقراص 81,SIRDALUD 2 MG 20 TAB.,2630618
سيردالود 2 مجم 30 اقراص,SIRDALUD 2 MG 30 TAB,1426984
سيردالود 4 مجم 20 اقراص,SIRDALUD 4 MG 20 TAB.,1362001
سيردالود 4 مجم 30 اقراص,SIRDALUD 4 MG 30 TAB,2636667
سيرفي لايت 30 كبسول,SERVI LIGHT 30 CAP,1997286
سيرفيتام 20 كبسول,CERVITAM 20 CAPS.,986500
سيرفيتولكا 1000 مجم 15 اكياس,CERVETOLKA 1000 MG 15 SACHETS,2146550
سيرفيتولكا 500 مجم 20 كبسول,CERVETOLKA 500 MG 20 CAPS.,1621475
سيرفيتولكا ادفانس 20 كبسول,CERVETOLKA ADVANCE 20 CAPS.,1973865
سيرفيتولكا بلس 500 / 50 مجم 20 كبسول,CERVETOLKA PLUS 500 / 50 MG 20 CAPS.,2301090
سيرفيتولكا شراب 60 مل فراوله,CERVETOLKA 250 MG / 5 ML ORAL SUSP. 60 ML,2193684
سيرفيتولكا فورت 500 مجم / 5 مل شراب 30 مل,CERVETOLKA FORTE 500 MG / 5 ML ORAL SUSP. 30 ML,2378213
سيرفيتولكا كو شراب 60 مل التوت,CERVETOLKA CO ORAL SUSP. 60 ML,2422941
سيركل كريم,CIRCLE CREAM,1918601
سيركونكس 1000 مجم 20 قرص,CIRCUNEX 1000 MG 20 TAB,2625689
سيرليفت 100 مجم 10 اقراص,SERLIFT 100 MG 10 F.C. TAB.,904011
سيروبايب بخاخ للشعر 200 مل,SEROPIPE HAIR SPRAY 200 ML,2632312
سيروبايب بلسم للشعر 200 مل,SEROPIPE HAIR CONDITIONER 200 ML,2250962
سيروبايب بلسم للشعر 300 مل,SEROPIPE HAIR CONDITIONER 300 ML,2128572
سيروبايب سيرم للرموش,SEROPIPE LASHES SERUM,2390202
سيروبايب سيروم للشعر 120 مل,SEROPIPE HAIR SERUM 120 ML,2331046
سيروبايب شامبو للشعر 300 مل,SEROPIPE HAIR SHAMPOO 300 ML,1221571
سيروبايب ليف ان بلسم للشعر 200 مل,SEROPIPE HAIR LEAVE IN CONDITIONER 200 ML,2316885
سيروبايب ماسك للشعر 300 مل,SEROPIPE HAIR MASK 300 ML,2473640
سيروبايب هير 7 امبول,SEROPIPE HAIR 7 AMP,2260969
سيروبيب كونديشينر جديد,SEROPIPE LASHES SERUM,2454547
سيروبيب هير بلسم 300 مل 265,SEROPIPE HAIR CONDITIONER 300 ML,2674997
سيروبيب هير بلسم جديد 215,SEROPIPE HAIR CONDITIONER 200 ML,2452576
سيروبيب هير سيرم,SEROPIPE HAIR 7 AMP,2446328
سيروبيب هير سيرم,SEROPIPE HAIR 7 AMP,2179393
سيروبيب هير ماسك 225 مل,SEROPIPE HAIR MASK 300 ML,2180101
سيروبيب هير ماسك 225 مل 310,SEROPIPE HAIR MASK 300 ML,2668339
سيروبيب هير ماسك 225 مل جديد,SEROPIPE HAIR MASK 300 ML,2671321
سيروكسات سي ار 25 مجم 30 اقراص,SEROXAT CR 25 MG 30 F.C. TAB,2596309
سيروكسات سي ار 25 مجم 30 اقراص,SEROXAT CR 25 MG 30 F.C. TAB,969906
سيروليز سيروم للشعر 120 مل,SEROLEZE HAIR SERUM 120 ML,1528478
سيرونيل 10 اكياس,CIRONIL 10 SHACHETS,2250394
سيريبرو 400 مجم 30 كبسول,CEREBRO 400 MG 30 CAPS.,2535896
سيريبروبروف 100 مجم / مل 30 مل,CEREBROPROVE 100 MG / ML ORAL SOLN. 30 ML,903999
سيريبروليسين 215.2 مجم / مل 5 امبول 5 مل,CEREBROLYSIN 215.2 MG / ML I.M. / I.V. 5 AMPS ( 5 ML),2206165
سيريبروماب 200 مجم 30 كبسول,CEREBROMAP 200 MG 30 CAPS.,904002
سيريبرونال 45 اقراص,CEREBRONAL 45 CAPS,2609183
سيريبرونال كبسول,CEREBRONAL 45 CAPS,2626802
سيريتايد ايفوهايلر 125 / 25 مكجم 120 جرعه,SERETIDE EVOHALER 125 / 25 MCG 120 METERED ACTUATIONS,1427000
سيريتايد ايفوهايلر 50 / 25 مكجم 120 جرعه,SERETIDE EVOHALER 50 / 25 MCG 120 METERED ACTUATIONS,1880174
سيريتايد ديسكس 100 / 50 مكجم 60 جرعه,SERETIDE DISKUS 100 / 50 MCG 60 DOSES,2189579
سيريتايد ديسكس 250 / 50 مكجم 60 جرعه,SERETIDE DISKUS 250 / 50 MCG 60 DOSES,2313214
سيريتايد ديسكس 500 / 50 مكجم 60 جرعه,SERETIDE DISKUS 500 / 50 MCG 60 DOSES,2603058
سيريتيد 50 / 250 ديسكس 198,SERETIDE DISKUS 250 / 50 MCG 28 DOSES,2675658
سيريلاك 3 فواكه + قمح بالحليب 125 جم,CERELAC 3 FRUITS WHEAT MILK 125 GM,2098728
سيريلاك 3 فواكه + قمح بالحليب 250 جم,CERELAC 3 FRUITS + WHEAT WITH MILK 250 G,1865046
سيريلاك بالتمر,CERELAC DATES WHEAT WITH MILK 125 GM,2451945
سيريلاك تفاح 125 جم,CERELAC APPLE 125 GM,2564628
سيريلاك تفاح بدون لبن 125 جم 45,CERELAC APPLE 125 GM,2680244
سيريلاك تفاح مع قمح بدون لبن 125 جم,CERELAC APPLE WHEAT WITHOUT MILK 125 MG,2127801
سيريلاك تمر وقمح بالبن 125 جم,CERELAC DATES WHEAT WITH MILK 125 GM,2632308
سيريلاك حبوب متعدده بالحليب 200 جم,CERELAC MULTIGRAIN WITH MILK 200 GM,2549244
سيريلاك حديد 3 فواكه وقمح مع اللبن 250 جم,CERELAC FRUITS 250 GM,2673308
سيريلاك حديد فواكه ولبن 125 جرام,CERELAC FRUITS 125 GM,2539038
سيريلاك عسل 125 جم,CERELAC HONEY 125 GM,948728
سيريلاك فواكه 125 جم,CERELAC FRUITS 125 GM,2594639
سيريلاك فواكه 250 جم,CERELAC FRUITS 250 GM,2156366
سيريلاك فواكه 500 عائلي,CERELAC FRUITS 250 GM,2542970
سيريلاك فواكه مع الحليب 125 مجم,CERELAC FRUITS 125 GM,2603059
سيريلاك فواكه مع الحليب 250 جر كبيرم,CERELAC FRUITS 250 GM,2672714
سيريلاك فواكه وقمح ولبن 125 جرام,CERELAC FRUITS 125 GM,2550844
سيريلاك فواكه ولبن 125 جم جديد,CERELAC FRUITS 125 GM,2419524
سيريلاك قراصيا بدون لبن 125 جرام,CERELAC APPLE WHEAT WITHOUT MILK 125 MG,2575734
سيريلاك قراصيا بدون لبن 125 جم / نستله,CERELAC APPLE WHEAT WITHOUT MILK 125 MG,2625841
سيريلاك قراصيا مع قمح بدون لبن 125 جم,CERELAC APPLE WHEAT WITHOUT MILK 125 MG,2587536
سيريلاك قراصيا وقمح 125 جرام,CERELAC WHEAT WITH MILK 125 GM,2619320
سيريلاك قراصيا وقمح بدون لبن 125 جم,CERELAC APPLE WHEAT WITHOUT MILK 125 MG,2644794
سيريلاك قمح بدون لبن 125 جم 45,CERELAC APPLE WHEAT WITHOUT MILK 125 MG,2626924
سيريلاك قمح ساده 125 جم,CERELAC WHEAT WITHOUT MILK 125 GM,2420580
سيريلاك قمح ساده 400 جم,CERELAC WHEAT 400 GM,2305866
سيريلاك قمح ولبن 125 جم,CERELAC WHEAT WITH MILK 125 GM,2410408
سيريلاك قمح ولبن 125 جم 60,CERELAC WHEAT WITH MILK 125 GM,2624918
سيريلاك قمح ولبن 500 جم,CERELAC WHEAT WITH MILK 500 GM,1772154
سيزار د 3 5000 وحده قطره بالفم 10 مل,SEEZAR D 3 5000 IU ORAL DROPS 10 ML,2142904
سيزال 30 اقراص,CEZAL 30 TAB,2537803
سيزاليس شرب,,2355648
سيزرليس 100 مجم / مل محلول 120 مل,SEIZURLESS 100 MG / ML ORAL SOLUTION 120 ML,2561029
سيزرليس 1000 مجم 30 اقراص,SEIZURLESS 1000 MG 30 F.C.TABS,2474765
سيزرليس 500 مجم 30 اقراص,SEIZURLESS 500 MG 30 F.C.TABS.,2470191
سيزرليس اكس ار 500 مجم 30 اقراص,SEIZURLESS XR 500 MG 30 F.C.TABS.,2560084
سيزرليس اكس ار 750 مجم 30 اقراص,SEIZURLESS XR 750 MG 30 F.C.TABS.,2564392
سيزكاش شراب 120 مل,SEASKASH SYRUP 120 ML,2062914
سيستا برونت سي شراب جديد,CIACITA SYRUP 120 ML,2490296
سيستابرونت سي شراب 120 مل,CISTAPRONT C SYRUP 120 ML,1146847
سيستان الترا قطره للعين 10 مل,SYSTANE ULTRA EYE DROPS 10 ML,2619885
سيستان اوريجينال قطره عين 10 مل,SYSTANE ORIGINAL EYE DROPS 10 ML,2472961
سيستان جل بديل ثيلوتيرز جديد,SYSTANE EYE GEL DROPS 10 ML,2681179
سيستان جل ثلاجه,SYSTANE EYE GEL DROPS 10 ML,2682773
سيستان جل قطره عين 10 مل,SYSTANE EYE GEL DROPS 10 ML,2340340
سيستان قطره عاديه 10 مل,SYSTANE EYE DROPS 10 ML,2347934
سيستان قطره هيدريشن يونت دوز جديد,SYSTANE HYDRATION EYE DROPS 10 ML,2433171
سيستان هيدرشن 30 امبول 7 مل يوني دوز,SYSTANE HYDRATION EYE DROPS 30 X 0.7 ML SDU,2651997
سيستان هيدريشن 350,SYSTANE HYDRATION EYE DROPS 10 ML,2641775
سيستان هيدريشن قطره 10 مل,SYSTANE HYDRATION EYE DROPS 10 ML,1438062
سيستون 60 اقراص,CYSTONE 60 TAB.,2098737
سيستينول 425 مجم 20 كبسول,CYSTINOL 425 MG 20 CAPS.,904039
سيسرين 50 مجم 30 اقراص,SESERINE 50 MG 30 TAB.,1654265
سيف توب شراب 120 مل,SAFE TOP SYRUP 120 ML,2452844
سيفا يوس 500 مجم امبول,SOFA HAIR 5 VIALS,2433775
سيفابيور رول اون برتقالي 60 مل,SEVAPURE ROLL ON ORANGE 60 ML,2157898
سيفاترون 500 مجم 20 اقراص,CEVATRON 500 MG 20 TABS.,2344025
سيفاثيرد 125 مجم / 5 مل شراب 60 مل,CEFATHIRD 125 MG / 5 ML PD. FOR ORAL SUSP. 60 ML,2127498
سيفاثيرد 300 مجم 10 كبسول,CEFATHIRD 300 MG 10 CAPS.,1571239
سيفازون 1 جم امبول فاركو,CEFAZONE 1 GM VIAL,1563121
سيفازون 500 مجم امبول فاركو,CEFAZONE 500 MG VIAL,2335674
سيفازون بلس 1.5 جم امبول فاركو,CEFAZONE PLUS 1.5 GM I.V / I.M INJ. VIAL,1669898
سيفاكسوتريز 1 جم امبول عضل,CEFAXOTREZ 1 GM I.M VIAL,2346457
سيفاكسون 1 / 2 جم عضل,CEFAXONE 1 GM I.M. VIAL,2653409
سيفاكسون 1 جم امبول عضل,CEFAXONE 1 GM I.M. VIAL,2140017
سيفاكسون 1 جم امبول وريد,CEFAXONE 1 GM I.V. VIAL,2673372
سيفاكسون 2 جم امبول وريد,CEFAXONE 2 GM I.V. VIAL,2633034
سيفاكسون 250 مجم امبول عضل,CEFAXONE 250 MG I.M.VIAL.,2500227
سيفاكسون 500 جم امبول ك 80,CEFAXONE 500 MG I.M. VIAL,2357117
سيفاكسون 500 مجم امبول عضل,CEFAXONE 500 MG I.M. VIAL,1939781
سيفاكسيم 100 / 30 ملم شراب 48,CEFIXIME 100 MG / 5 ML SUSP. 30 ML,2675801
سيفالوتريجينكس 200 مجم 8 اقراص,CEFALOTRIGENEX 200 MG 8 F.C. TABS.,2007663
سيفامول 12 اقراص فواره,CEVAMOL 12 EFF. TAB.,2098743
سيفايوس 1 جم امبول,CEFAUSE 1 GM VIAL I.M / I.V.,2379155
سيفايوس 500 مجم امبول,CEFAUSE 500 MG VIAL I.M / I.V.,2498504
سيفترياكسون 1 جم عضل ساندوز,CEFTRIAXONE 1 GM I.M.VIAL SANDOZ,2436493
سيفترياكسون 1 جم وريد ساندوز,CEFTRIAXONE 1 GM I.V. VIAL SANDOZ,2544091
سيفترياكسون 500 مجم عضل ساندوز,CEFTRIAXONE 500 MG I.M. VIAL SANDOZ,2113779
سيفتريوم 30 اقراص,SAFETRIUM 30 F.C. TABS,907742
سيفتريوم اقراص سيدات,SAFETRIUM 30 F.C. TABS,2675573
سيفتريوم للسيدات 30 اقراص,SAFETRIUM FOR WOMEN 30 FILM COATED TABLETS,2347783
سيفرون 1 جم امبول,CEFRONE 1 GM VIAL,2588461
سيفزيم 1 جم امبول,CEFZIM 1 GM VIAL,2335669
سيفزيم 500 مجم امبول,CEFZIM 500 MG VIAL,2522163
سيفوبيد 1 جم امبول,CEFOBID 1 GM VIAL (I.V I.M),1975192
سيفوتاكس 1 جم امبول ابيكو,CEFOTAX 1 GM I.M. / I.V.VIAL,1396903
سيفوتاكس 1 جم امبول يوبي (تي ثري ايه),CEFOTAX (UP PHARMA) 1 GM IV / IM VIAL,2340776
سيفوتاكس 2 جم امبول,CEFOTAX 2 GM VIAL,2682609
سيفوتاكس 2 جم امبول يو بي,CEFOTAX 2 GM VIAL,2563320
سيفوتاكس 2 جم امبول يوبي (تي ثري ايه),CEFOTAX (UP PHARMA) 2 GM IV / IM VIAL,2541238
سيفوران 1 جم امبول,CEFORAN 1 GM VIAL,2127503
سيفوران 2 جم امبول,CEFORAN 2 GM I.M. / I.V. VIAL,2326586
سيفوران 2 جم امبول,CEFRONE 2 GM I.M / I.V VIAL,2682612
سيفوران 500 مجم امبول,CEFORAN 500 MG VIAL,2522161
سيفوزون 1 جم امبول ابيكو,CEFOZON 1 GM VIAL,2269532
سيفوزون 2 جم امبول ابيكو,CEFOZON 2 GM VIAL,2522923
سيفوزون 500 مجم امبول ابيكو,CEFOZON 500 MG I.M. / I.V.VIAL,2452485
سيفوكاسبا شامبو ضد القشره 120 مل,SEVOCASPA SHAMPOO 120 ML,2642572
سيفوكاسبا شامبوللقشره,SEVOCASPA SHAMPOO 120 ML,2642072
سيفومريكان 1 جم امبول,CEFOMERICAN 1 GM VIAL,2624000
سيفومريكان 500 مجم امبول,CEFOMERICAN 500 MG VIAL,2272330
سيفيانو 30 كبسول,CEVIANO 30 CAPS,2451571
سيفيانو 30 كبسول جديد / اوستافا,CEVIANO 30 CAPS,2683016
سيفيانو شراب 120 مل,CEVIANO SYRUP 120 ML,2300333
سيفيبيم 1 جم امبول ايفا,CEFEPIME EVA PHARMA 1 GM I.M / I.V VIAL,2510812
سيفيبيم 1 جم امبول فاركو,CEFEPIME 1 GM I.M / I.V VIAL,1608237
سيفيبيم 2 جم امبول,CEFEPIME 2 GM I.V. VIAL,2653404
سيفيبيم 2 جم امبول فاركو,CEFEPIME 2 GM I.V. VIAL,1768193
سيفيبيم 500 مجم امبول,CEFEPIME 500 MG I.M / I.V VIAL,2653410
سيفيبيم 500 مجم امبول فاركو,CEFEPIME 500 MG I.M / I.V VIAL,1872971
سيفيتريم سيدات ق,SAFETRIUM 30 F.C. TABS,2595086
سيفيدايم 1 جم امبول,CEFIDIME 1 GM VIAL I.M. / I.V.,2513501
سيفيكسيم 100 مجم / 5 مل شراب 30 مل,CEFIXIME 100 MG / 5 ML SUSP. 30 ML,2336671
سيفيكسيم 100 مجم / 5 مل شراب 60 مل,CEFIXIME 100 MG / 5 ML SUSP. 60 ML,1571236
سيكا لاب بادي ميلك مرطب 200 مل,CICA LAB SOOTHING BODY MILK 200 ML,2489400
سيكا لاب جل 50 جم,CICA LAB GEL 50 GM,2187220
سيكا لاب كريم 50 مل,CICA LAB CREAM 50 ML,2187221
سيكابرو كريم 50 جم,CICAPRO CREAM 50 GM,2569352
سيكاسيلفر بخاخ موضعي 125 مل,CICASILVER TOPICAL SPRAY 125 ML,2145050
سيكتور اس دي شامبو للقشره 120 مل,SECTOR SD (ANTI DANDRUFF) SHAMPOO 120 ML,2246689
سيكتور اوليفر لوسيون مرطب للجسم 120 مل,SECTOR OLVER SKIN MOISTURIZING LOTION 120 ML,2274836
سيكتور جل اكسفوليتينج 250 جم,SECTOR EXFOLIATING GEL 250 GM,2145974
سيكتور جل مساج 120 جم,SECTOR MASSAGE GEL 120 GM,1768203
سيكتور غسول للوجه 250 مل,SECTOR FACIAL WASH 250 ML,2466456
سيكتور كريم تفتيح 50 جم,SECTOR WHITENING CREAM 50 GM,904054
سيكتور كريم مساج 60 جم,SECTOR MASSAGE CREAM 60 GM,2274442
سيكتور لوشن 50 + للوقايه من الشمس 120 مل,SECTOR SUNSCREEN LOTION 50 + SPF 120 ML,2087567
سيكتور لوشن لحب الشباب 120 جم,SECTOR ACNE PRONE SKIN LOTION 120 GM,2620831
سيكريه 115 مل اتومايزر,SECRET PERFUME 60 ML,2456460
سيكريه برفان 30 مل الشبراويشي,AL SHABRAWISHY PERFUME SECRET 30 ML,1778034
سيكريه برفان 60 مل الشبراويشي,AL SHABRAWISHY PERFUME SECRET 60 ML,1665670
سيكريه جيب 6 ق,SECRET PERFUME 60 ML,2456457
سيكلو بروجينوفا 21 اقراص,CYCLO PROGYNOVA 21 F.C. TAB. (BIPHASIC),2436642
سيكلور 125 مجم / 5 مل شراب 75 مل,CECLOR 125 MG / 5 ML SUSP. 75 ML,1810225
سيكلور 250 مجم / 5 مل شراب 75 مل,CECLOR 250 MG / 5 ML SUSP. 75 ML,1810221
سيكلوفرين قطره 5 مل,CYCLOPHRINE EYE DROPS 5 ML,2387447
سيكلوفليكس 5 مجم 20 اقراص,CYCLOFLEX 5 MG 20 F.C. TAB.,904063
سيكليتو جوينت 30 اقراص,SKELETO JOINT 30 TAB,1563065
سيكم اعشاب للكلي,SEKEM BABY CALM HERBS 15 FILTER BAGS,2098757
سيكم اعشاب مهدئه,SEKEM BABY CALM HERBS 15 FILTER BAGS,2077207
سيكم بيبي كالم 10 اكياس,SEKEM BABY CALM DRINK 10 SACHETS,2145784
سيكم بيبي كالم 15 اكياس,SEKEM CALM 15 FILTER BAGS,2332576
سيكم بيبي كالم 15 اكياس,SEKEM CALM 15 FILTER BAGS,2098759
سيكم بيبي كالم 15 اكياس,SEKEM CALM 15 FILTER BAGS,2176169
سيكم بيبي كالم اعشاب 15 فلتر,SEKEM BABY CALM HERBS 15 FILTER BAGS,904066
سيكم بيبي كالم درينك 10 اكياس,SEKEM BABY CALM DRINK 10 SACHETS,2062369
سيكم ستفيا سكر وعلبه ينسيون عرض,SEKEM STEVIA 250 MG,2669110
سيكم ستيفيا 100 اقراص 1 + 1 هديه,STEVIA SEKEM 100 TABLETS SWEETENER,2609336
سيكم ستيفيا 40 اكياس + ينسون عررض,STEVIA SEKEM 40 SACHETS SWEETENER,2609332
سيكم كالم 15 اكياس,SEKEM CALM 15 FILTER BAGS,2543838
سيكم كلي 15 كيس,SEKEM RENAL HERBS 15 FILTER BAGS,2470213
سيكم كولاجيد 10 اكياس,SEKEM COLLAGED 10 SACHETS,1768213
سيكم للبرد 10 اكياس,SEKEM WINTER HERBS FLU 10 FILTER BAGS,2601662
سيكم للسعال 15 كيس,SEKEM ANTI COUGH HERBS 15 SACHET,1535250
سيكم للشتاء (برد) 15 كيس,SEKEM WINTER HERBS (FLU) 15 FILTER BAGS,2603069
سيكم مدر للبن 15 اكياس,SEKEM LACTAGOGUE MOTHER HERBS 15 FILTER BAGS,2603068
سيكم ملين 10 اكياس,SEKEM LAXATIVE 10 FILTER BAGS,2159110
سيكم ملين 15 اكياس,SEKEM LAXATIVE 15 FILTER BAGS,2492366
سيكم مهدئ اكياس,SEKEM LAXATIVE 10 FILTER BAGS,2454571
سيكنيدازول 500 مجم 4 اقراص,SECNIDAZOLE 500 MG 4 TAB.,2651674
سيكودال 1 مجم / مل شراب 30 مل,PSYCHODAL 1 MG / ML SYRUP 30 ML,2332035
سيكودال 1 مجم 30 اقراص,PSYCHODAL 1 MG 30 F.C. TAB.,2313225
سيكودال 2 مجم 30 اقراص,PSYCHODAL 2 MG 30 F.C.TAB.,904074
سيكودال 3 مجم 30 اقراص,PSYCHODAL 3 MG 30 F.C.TAB.,1495797
سيكودال 4 مجم 30 اقراص,PSYCHODAL 4 MG 30 F.C. TAB.,2603076
سيكوستام 500 اقراص ماركيرل,SYCOCETAM 500 MG 20 F.C. TABS.,2680572
سيكوسيتام 100 مجم / مل محلول للفم 120 مل,SYCOCETAM 100 MG / ML ORAL SOLN. 120 ML,904079
سيكوسيتام 1000 مجم 20 اقراص,SYCOCETAM 1000 MG 20 F.C. TABS.,904077
سيكوسيتام 500 مجم 20 اقراص,SYCOCETAM 500 MG 20 F.C. TABS.,2035933
سيكولانز 12 / 25 مجم 30 كبسول,PSYCHOLANZ 12 / 25 MG 30 CAPS,1497572
سيكولانز 12 / 50 مجم 30 كبسول,PSYCHOLANZ 12 / 50 MG 30 CAPS,1790232
سيكولانز 3 / 25 مجم 30 كبسول,PSYCHOLANZ 3 / 25 MG 30 CAPS,1699677
سيكولانز 6 / 25 مجم 30 كبسول,PSYCHOLANZ 6 / 25 MG 30 CAPS.,2193737
سيلاستك حفاضات شورت كبار السن 10 قطع مقاس M,SILIASTIC ADULT DIAPERS 10 PCS SIZE M,2396504
سيلاستيك حفاضات كبار السن شورت 10 قطع مقاس L,SILASTIC ADULT DIAPER SHORT 10 PS SIZE L,2396506
سيلجون 20 مجم 20 اقراص,SELGON 20 MG 20 TABS.,2672778
سيلجون اقراص,SELGON 20 MG 20 TABS.,2681899
سيلجون اقراص جديد,SELGON 20 MG 20 TABS.,2681166
سيلجون ق,SELGON 20 MG 20 TABS.,2675216
سيلدافا 100 مجم 12 اقراص,SILDAVA 100 MG 12 F.C. TAB.,2313230
سيلدوكير 8 مجم 20 كبسول,SILDOCARE 8 MG 20 CAPS.,2313231
سيلدوكير 8 مجم 30 كبسول,SILDOCARE 8 MG 30 CAPS,2632916
سيلدين 100 مجم 4 اقراص,SILDEN 100 MG 4 F.C. TABS.,2470232
سيلدين 100 مجم 8 اقراص,SILDEN 100 MG 8 F.C. TABS,1464792
سيلدين 25 مجم 10 اقراص,SILDEN 25 MG 10 F.C.TAB.,2144140
سيلدين 25 مل بخاخ,SELDEN 25 ML SPRAY,2476070
سيلدين 50 مجم 4 اقراص,SILDEN 50 MG 4 F.C. TABS.,2161662
سيلديناكس 100 مجم 3 اقراص,SILDINAX 100 MG 3 F.C. TABS,2221575
سيلديناماكس 100 مجم 24 اقراص,SILDENAMAX 100 MG 24 TABS,2436499
سيلسيبت 250 مجم 100 كبسول,CELLCEPT 250 MG 100 CAPS.,2671371
سيلسيبت 500 مجم 50 كبسول,CELLCEPT 500 MG 50 TAB.,1740228
سيلف ديفينس صابون 50 جم,SELF DEFENCE SOAP 50 GM,2463301
سيلفر سيز 20 كبسول,SILVER SEAS 20 CAPS.,904090
سيلفر سيز شراب 120 مل,SILVER SEAS SYRUP 120 ML,1432130
سيلفربيرن 1 % كريم 30 جم,SILVIRBURN 1 % CREAM 30 GM,1004737
سيلفستر 1 20 كبسول,SYLVESTER 1 20 CAPS.,2369257
سيلفيستر 150,SYLVESTER 1 20 CAPS.,2639463
سيلك بلاست مقاس 1.25 سم 24 قطعه,SILKPLAST SILK PLAST ADHESIVE TAPE 1.25 CM 24 PICESES,1399975
سيلك بلاست مقاس 1.25 سم 5 سم,SILKPLAST SILK PLAST ADHESIVE TAPE 1.25 CM,1776898
سيلك بلاست مقاس 10 5 سم,SILK BLAST MEDICAL ADHESIVE 10 CM + 5 CM,2130692
سيلك بلاست مقاس 2 سم 24 قطعه,SILKPLAST SILK PLAST ADHESIVE TAPE 2 CM 24 PICESES,1399976
سيلك بلاست مقاس 2 سم 5 سم,SILKPLAST ADHESIVE TAPE 2 CM,1776902
سيلك بلاست مقاس 2.5 5 سم,SILK BLAST MEDICAL ADHESIVE 5 CM + 2.5 CM,2130427
سيلك بلاست مقاس 5 5 سم,SILK BLAST MEDICAL ADHESIVE 5 CM + 5 CM,1776906
سيلك بلاست مقاس 7.5 5 سم,SILK BLAST MEDICAL ADHESIVE 7.5 CM + 5 CM,1400195
سيلكرين شامبو 250 مل,SILKREN SHAMPOO 250 ML,2474290
سيلكرين كريم جل 120 مل,SILKREN HAIR CREAM GEL 120 ML,2161052
سيلكوديل كريم 30 جم,SELCODEL CREAM 30 GM,2674083
سيلوسورت 100 مجم 30 اقراص,CILOSORT 100 MG 30 TAB.,2343913
سيلوكسيب 200 مجم 10 كبسول,CELOXIB 200 MG 10 CAPS.,2462342
سيلوكينزوك 50 مجم 28 اقراص,SELOKENZOC 50 MG 28 PROLONGED R.TABS.,904094
سيلونا 20 اكياس,SELONA 20 SACHETS,2681476
سيلونا بلس مكمل غذائي,SELONA PLUS 10 SACHETS,2452785
سيلي اي بي ام 20 كبسول,SELE IBM 20 CAPS,2434555
سيلي دي تي اش شامبو للقشره 120 مل,SELE D T S SHAMPOO 120 ML,2498775
سيليبريكس 100 مجم 10 كبسول,CELEBREX 100 MG 10 CAPS.,1687855
سيليبريكس 200 مجم 10 كبسول,CELEBREX 200 MG 10 CAPS,962760
سيليبريكس 200 مجم 15 كبسول,CELEBREX 200 MG 15 CAPS.,2159812
سيليبكس 30 كبسول,SILIPEX 30 CAPSULES,2541132
سيليبكس كبسول,SILIPEX 30 CAPSULES,2603081
سيليساب جل 20 جم,SILISAB SILICON GEL 20 GM,2499421
سيليكار سيروم للبشره 50 جم,SILICAR SKIN SERUM 50 GM,2427469
سيليكتف فولات 30 ق,SELECTIVE FOLATE B 12 30 CHEW TAB,2683202
سيليكوكس 200 مجم 10 كبسول,CELECOX 200 MG 10 CAPS.,2551245
سيلينجينا شامبو صغير 120 مل جديد,SELENGENA ANTI DANDRUFF SHAMPOO 120 ML,2673534
سيلينجينا شامبو ضد القشره 120 مل,SELENGENA ANTI DANDRUFF SHAMPOO 120 ML,1744185
سيلينجينا شامبو ضد القشره 220 مل,SELENGENA ANTI DANDRUFF SHAMPOO 220 ML,1463866
سيلينكس شامبو كونديشنر 150 مل,SELENIX SHAMPOO CONDITIONER 150 ML,2563740
سيلينوستار 30 اقراص,SELENOSTAR 30 TABS,2631661
سيلينيوم ديلي فيت 30 اقراص,SELENIUM DAILY VIT 30 TAB,1927149
سيم 22 اقراص استحلاب برتقال,SEEM 22 LOZENGE ORANGE,2143674
سيم لايت جل 50 جم,SEAM LITE SCAR GEL 50 GM,2402857
سيمبابروست 8 مجم 30 كبسول,SYMPAPROST 8 MG 30 CAPS.,2603085
سيمباتكس 20 مجم 30 كبسول,CYMBATEX 20 MG 30 CAPS.,973148
سيمباتكس 30 مجم 30 كبسول,CYMBATEX 30 MG 30 CAPS.,2144776
سيمباتكس 60 مجم 30 كبسول,CYMBATEX 60 MG 30 CAPS.,904106
سيمباكت او ار اس 5 اكياس,SYMMEBACT ORS 5 SACHETS,2499715
سيمباكت ايمولينت جل 40 جم,SYMMEBACT EMOLLIENT GEL 40 GM,2316659
سيمباكت دي 20 اقراص,SYMMEBACT D LOZENGES 20 TAB,2306147
سيمباكت دي نقط بالفم 15 مل,SYMMEBACT D ORAL DROP 15 ML,2306150
سيمباكت ديجست 20 اقراص,SYMMEBACT DIGEST 20 ENTERIC COATED TABLETS,2499714
سيمباكت فيت شراب 100 مل,SYMMEBACT VIT SYRUP 100 ML,2499717
سيمباكت فيت شراب 60 مل,SYMMEBACT VIT 60 ML SYRUP,2311478
سيمباكت كاربون 20 اقراص,SYMMEBACT CARBON 20 TAB,2306149
سيمباكت كريم 40 جم,SYMMEBACT CREAM 40 GM,2306151
سيمباكت لوسيون 120 مل,SYMMEBACT LOTION 120 ML,2304396
سيمبانوكس جل 25 جم,SYMBANOX GEL 25 GM,2499720
سيمبل لايف غسول للوجه 220 مل,SIMPLE LIFE FACIAL CLEANSER 220 ML,2627414
سيمبلكس عازل طبي ابيض لونج لاف,SIMPLEX CONDOM 3 PCS LONG LOVE,2130138
سيمبلكس عازل طبي احمر سوبر سيف,SIMPLEX CONDOM 3 PCS SUPER SAFE,1778212
سيمبلكس عازل طبي احمر فراوله,SIMPLEX CONDOM 3 PCS STREWBERRY,2130729
سيمبلكس عازل طبي اخضر سوبر ثين,SIMPLEX CONDOM 3 PCS SUPER THIN,2130208
سيمبلكس عازل طبي اخضر مانجو,SIMPLEX CONDOM 3 PCS MANGO,2130540
سيمبلكس عازل طبي اخضر نعناع,SIMPLEX CONDOM 3 PCS MINT,2130137
سيمبلكس عازل طبي اسود محبب,SIMPLEX CONDOM 3 PCS BLACK PANTHER,1778215
سيمبلكس عازل طبي اصفر موز,SIMPLEX CONDOM 3 PCS BANANA,2130134
سيمبلكس عازل طبي بني شيكولاته,SIMPLEX CONDOM 3 PCS CHOCOLATA,1778218
سيمبلكس عازل طبي علبه ازرق,SIMPLEX CONDOM 3 PCS BANANA,2603089
سيمبلكس عازل طبي علبه اسود,SIMPLEX CONDOM 3 PCS BLACK PANTHER,2603093
سيمبلكس عازل طبي علبه برتقالي,SIMPLEX CONDOM 3 PCS ORANGE,2603090
سيمبلكس عازل طبي علبه ديلوكس,SIMPLEX CONDOM 3 PCS DELUXE,2603091
سيمبلكس عازل طبي فريش برتقال,SIMPLEX CONDOM 3 PCS ORANGE,2130131
سيمبلكس مضلع ومحبب ازرق,SIMPLEX CONDOM 3 PCS GRANULAR BLUE,1778214
سيمبلكس واقي ذكري ليتشي 3 قطع,SIMPLEX LYCHEE CONDOMS 3 PIECES,2130197
سيمبليكس عازل طبي علبه سينستف احمر,SIMPLEX CONDOM 3 PCS CHERRY,2603092
سيمبليكس عازل طبي علبه شيكولاته,SIMPLEX CONDOM 3 PCS CHOCOLATA,2603094
سيمبليكس عازل طبي علبه نعناع,SIMPLEX CONDOM 3 PCS MINT,2603095
سيمبيكورت 160 / 4.5 مكجم / جرعه 120 جرعه,SYMBICORT 160 / 4.5 MCG / DOSE TURBUHALER 120 DOSES,2436673
سيمبيكورت 320 / 9 مكجم / جرعه 60 جرعه,SYMBICORT 320 / 9 MCG TURBUHALER 60 DOSES,2380313
سيمبيون 10 اكياس,CEMPION 10 SACHETS,1768251
سيمبيون 14 اكياس,CEMPION 14 SACHETS,2129102
سيمو فريش بخاخ للفم 30 مل,SYMO FRESH MOUTH SPRAY 30 ML,2562008
سيمي كريستو 10 م,CEMI FLOX 400 MG 10 F.C. TABS.,2066155
سيمي كريستو 20 مجم 28 اقراص,CEMI FLOX 400 MG 10 F.C. TABS.,2532964
سيميكريستو 10 مجم 28 اقراص,CEMICRESTO 10 MG 28 F.C. TABS.,2098795
سيميكريستو 20 مجم 28 اقراص,CEMICRESTO 20 MG 28 F.C. TABS.,2436675
سيميكريستو 40 مجم 28 اقراص,CEMICRESTO 40 MG 28 TAB,2500109
سيميلاك جولد 1 لبن 400 جم,SIMILAC GOLD 1 MILK 400 GM,2575763
سيميلاك جولد 2 لبن 400 جم,SIMILAC GOLD 2 MILK 400 GM,2558960
سيميلاك لبن نيوشور 370 جم,SIMILAC NEOSURE MILK 370 GM,1768255
سينا لاكس 30 اقراص,SENNA LAX 30 TABS,2386811
سيناتور بلسم 200 مل 1 + 1 / ديرمانوفا,SENATOR HAIR SERUM 100 ML + SENATOR COND 200 ML,2411240
سيناتور سيرم للشعر 100 مل 1 + 1 / ديرمانوفا,SENATOR HAIR SERUM 100 ML + SENATOR COND 200 ML,2411241
سيناتور شامبو 200 مل 1 + 1 / ديرمانوفا,SENATOR SHAMPOO 200 ML,2411242
سيناتور شامبو للقشره 200 مل 1 + 1 / ديرمانوفا,SENATOR SHAMPOO 200 ML,2411243
سيناتور شاور جل بطيخ 500 مل 1 + 1 / ديرمانوفا,SENATOR SHOWER GEL PEACH,2411244
سيناتور شاور جل توت 500 مل 1 + 1 / ديرمانوفا,SENATOR SHOWER GEL REDBERRY,2411245
سيناتور شاور جل خوخ 500 مل 1 + 1 / ديرمانوفا,SENATOR SHOWER GEL PEACH,2411247
سيناتور لوسيون مرطب 1 + 1 / ديرمانوفا,SENATOR EMOLLIENT CREAM 200 ML,2411246
سيناريزين 25 مجم 20 اقراص,CINNARIZINE 25 MG 20 TAB.,2142482
سيناريزين 75 مجم 20 اقراص,CINNARIZINE 75 MG 20 CAPS.,2409729
سيناكالسيت 30 مجم 10 اقراص,CINACALCET 30 MG 10 F.C.TAB.,2129100
سيناكالسيت 60 مجم 10 اقراص,CINACALCET 60 MG 10 F.C. TAB.,1547813
سيناكالسيت 90 مجم 10 اقراص,CINACALCET 90 MG 10 F.C. TAB.,2326810
سينترافيتا تراي اوميجا كبسول,CENTRAVITA TRI OMEG CAPS,2682892
سينترافينا جينكو اقراص,,1997364
سينترم سيلفر كبار 30 اقراص ابيض,CENTRUM [MEN 30 TAB,2681007
سينترم كبار ابيض ادالت 710,CENTRUM WITH LUTEIN 30 TABS,2311072
سينتروفيت كبسول,CENTRAVITA CHROFIT 20 CAPS,2627647
سينتروكال 120 مل شراب,CENTROCAL 120 ML SYRUP,2646336
سينتروم رجال 100 اقراص,CENTRUM MEN 100 TAB,2470029
سينتروم رجال 30 اقراص,CENTRUM [MEN 30 TAB,2454602
سينتروم سيدات 100 اقراص,CENTRUM WOMEN 100 TAB,1863759
سينتروم سيدات 30 اقراص,CENTRUM WOMEN 30 TAB,2436511
سينتروم للكبار 100 اقراص اخضر,CENTRUM ADULTS 100 TABLETS,2281847
سينتروم للكبار 30 اقراص اخضر,CENTRUM ADULTS 30 TABLETS,2067742
سينتروم مع لوتين 100 اقراص ابيض,CENTRUM WITH LUTEIN 100 TABS,2140784
سينتروم مع لوتين 100 اقراص فضي,CENTRUM SILVER WITH LUTEIN 100 TABS,2377408
سينتروم مع لوتين 30 اقراص ابيض,CENTRUM WITH LUTEIN 30 TABS,2430168
سينتروم مع لوتين 30 اقراص فضي,CENTRUM SILVER WITH LUTEIN 30 TABS,1903894
سينثيكورتين 40 مجم / مل امبول,SYNTHECORTIN 40 MG / ML I.M AMP,2644813
سينجاردي 12.5 / 1000 مجم 60 اقراص,SYNJARDY 12.5 / 1000 MG 60 F.C. TABS.,2098799
سينجولاير 10 مجم 14 اقراص,SINGULAIR 10 MG 14 F.C. TAB.,1740069
سينجولاير 5 مجم 14 اقراص,SINGULAIR 5 MG 14 CHEWABLE TAB.,2112414
سينجولاير اطفال 4 مجم 14 اقراص,SINGULAIR 4 MG PED. 14 CHEWABLE TABS.,2361104
سينزو 1 صابون 100 جم,SENZO 1 SOAP 100 GM,2189640
سينس كير بخاخ,SENSO SPRAY,2199663
سينس لايت صابون 100 جم,SENS LIGHT SOAP 100 GM,2143017
سينس لايت كريم تفتيح 60 جم,SENS LIGHT WHITENING CREAM 60 GM,2143685
سينسو بخاخ,SENSO SPRAY,1768002
سينسوتكت جل بالفم 40 جم,SENSOTECT ORAL GEL 40 GM,1768006
سينسوديرم بيبي صابون للاطفال 80 جم,SENSODERM BABY SOAP 80 GM,2145781
سينسوديرم صابون شفاف 75 جم,SENSODERM T.S (TRANSPARENT) SOAP 75 GM,1606195
سينسوديرم صابون عادي للبشره الحساسه 80 جم,SENSODERM SOFTENING PROTECTING SOAP BAR FOR SENSITIVE SKIN 80 GM,2127547
سينسوديرم صابون مرطب 80 جم,SENSODERM MOISTURIZING SOAP 80 GM,2166141
سينسوديرم صابون مطهر 80 جم,SENSODERM ANTISEPTIC SOAP 80 GM,2470041
سينسوديرم كريم 50 جم,SENSODERM CREAM 50 GM,1641274
سينسوديرم لوسيون 120 مل,SENSODERM TOPICAL LOTION 120 ML,1216395
سينسوكورتين امبول المهن,,2618588
سينسي كير بخاخ 75 مل,SENSICARE SPRAY 75 ML,2143558
سينسي كير كريم 50 جم,SENSICARE CREAM 50 GM,2112828
سينكو 20 اقراص,CINQO 20 CAP,2181515
سينكولين 20 كبسول,CYNCHOLINE 20 CAPS.,1427073
سينكولين بلس 20 كبسول,CYNCHOLINE PLUS 20 CAPS.,1160851
سينليرج 20 اقراص,SINLERG 20 TABLETS,2521678
سينمت 25 / 250 مجم 20 اقراص,SINEMET 25 / 250 MG 20 TABS.,2436686
سينوبار اس صابون 100 جم,SYNOBAR S SOAP 100 GM,2466814
سينوبار بي غسول جل 100 مل,SYNOBAR B CLARIFYING GEL 100 ML,2595927
سينوبار سبوت جل 20 جم,SYNOBAR SPOT GEL 20 GM,1864979
سينوبار صابون 100 جم,SYNOBAR SOAP 100 GM,948808
سينوبار منظف للبشره 250 مل,SYNOBAR SKIN CLEANSER 250 ML,2511829
سينوباك 5 مجم شراب,,2639062
سينوبريت 50 اقراص,SINUPRET 50 SUGAR COATED TAB,2274439
سينوبريت شراب 100 مل,SINUPRET SYRUP 100 ML,2620813
سينوبريت فورت 50 اقراص,SINUPRET FORTE 50 SUGAR C.TABS.,2670861
سينوبريل 10 مج 30 اقراص,SINOPRIL 10 MG 30 TAB.,904127
سينوبريل 5 مجم 30 اقراص,SINOPRIL 5 MG 30 TAB.,904128
سينوبريل كو 12.5 / 20 مجم 30 اقراص,SINOPRIL CO 12.5 / 20 MG 30 TAB.,1009887
سينوزيم 20 اقراص,SINOZIM 20 TAB,2566462
سينوزيم 30 اقراص,SINOZIM 30 TABS,2499908
سينوسترم 7 كيس,SINOSTRUM 7 SACHETS,2498541
سينوفلوكين 500 مجم 5 اقراص,CINOFLOKEEN 500 MG 5 F.C. TABS.,2313246
سينومارين بلس 100 مل / كبار,SINOMARIN PLUS ALGAE ALLERGY RELIEF NASAL SPRAY 100 ML,2446331
سينومارين للاطفال بخاخ 100 مل,SINOMARIN CHILDREN NASAL SPRAY 100 ML,2454611
سيوتي سمايل كريم 150 جم,CEUTISMILE CREAM 150 GM,2499382
سيوتي سمايل كريم 50 جم,CEUTISMILE CREAM 50 GM,2499383
شاتو 50 / 200 مجم 7 اقراص,SHATOO 50 / 200 MG 7 C.R. F.C. TABS.,1484917
شاحن جهاز ضغط,PURE GERMANY BLOOD PRESSURE MONITOR 3 + CHARGER,1778035
شاد اوت كريم 15 جم,SHADE OUT CREAM 15 GM,2454613
شادو سكار جل 30 جم,SHADO SCAR GEL 30 GM,2219947
شارتوريج 40 مجم 28 اقراص,CHARTOREG 40 MG 28 TAB,1774779
شارتوريج 80 مجم 28 اقراص,CHARTOREG 80 MG 28 TAB.,2454614
شارتوريج بلس 40 / 12.5 مجم 28 اقراص,CHARTOREG PLUS 40 / 12.5 MG 28 TABS,1321438
شارتوريج بلس 80 / 12.5 مجم 28 اقراص,CHARTOREG PLUS 80 / 12.5 MG 28 TABS.,1702298
شارتوريج بلس 80 / 25 مجم 28 اقراص,CHARTOREG PLUS 80 / 25 MG 28 TABS,2182126
شارتوريج تريو 5 / 12.5 / 80 مجم 28 اقراص,CHARTOREG TRIO 5 / 12.5 / 80 MG 28 TABS.,2510955
شارتوريج كو 40 / 10 مجم 28 اقراص,CHARTOREG CO 40 / 10 MG 28 TABS.,2369303
شارتوريج كو 40 / 5 مجم 28 اقراص,CHARTOREG CO 40 / 5 MG 28 TABS,2638155
شارتوريج كو 80 / 10 مجم 28 اقراص,CHARTOREG CO 80 / 10 MG 28 TABS.,1658950
شارتوريج كو 80 / 5 مجم 28 اقراص,CHARTOREG CO 80 / 5 MG 28 TABS.,1973044
شارتوليج 80 25,,2274758
شارك ليفر اويل 1000 مجم 10 كبسول,SHARK LIVER OIL 1000 MG 10 CAPS.,1937792
شارك ليفر اويل 500 مجم 20 كبسول,SHARK LIVER OIL 500 MG 20 CAPS.,1547835
شاركلون 250 مجم 30 اقراص,CHARCLONE 250 MG 30 CAPS,2060155
شاركلون ادفانس 30 اقراص,CHARCLONE ADVANCE 30 CAPS,2366794
شاركودول 30 كبسول,CHARCODOLL 30 CAPS,2499909
شاركول 20 اقراص,CHARCOAL 20 CAPS,1162455
شاركول 20 كبسوله جديد,CHARCOAL 30 CAPS,2673662
شاركول 30 كبسول,CHARCOAL 30 CAPS,2147018
شاركول كبسول بديل اوكاربون جديد,CHARCOAL 30 CAPS,2627807
شاركولا 30 اقراص,CHARCOALA 30 CAPS,2129787
شاركوميج 30 كبسول,CHARCOMEG 30 CAPS,2398775
شاركيلاج 30 كبسول,SHARKILAGE 30 CAPS.,1084487
شاركيلاج بلس 30 كبسول,SHARKILAGE PLUS 30 CAPS.,2362599
شاركيلاج عادي 135,SHARKILAGE 30 CAPS.,2672135
شارمين ايفي شراب 120 مل,SHARMIN IVY SYRUP 120 ML,2272375
شارنوزام 30 كبسول,CHARNOZAM 30 CAP,2314489
شاش المحله 10 سم,GAUZE ELMAHALA 10 CM,1400171
شاش المحله 11 سم درجه تانيه,ELMAHALA MEDICAL GAUZE BAND SIZE 11 CM CLASS II,1400175
شاش المحله 15 سم 10 قطع,GAUZE ELMAHALA 15 CM 10 PCS,2130908
شاش المحله 5 سم,GAUZE ELMAHALA 5 CM,1855512
شاش المحله 5 سم درجه تانيه,ELMAHALA MEDICAL GAUZE BAND SIZE 5 CM CLASS II,1400033
شاش المحله 7 سم درجه تانيه,ELMAHALA MEDICAL GAUZE BAND SIZE 7 CM CLASS II,1400034
شاش المحله فيرست 7 سم 15 ق,GAUZE ELMAHALA 7 CM,2129836
شاش اميكو المحله 5 سم باكت,GAUZE ELMAHALA 5 CM,2603121
شاش اميكو المحله 7 سم باكت,GAUZE ELMAHALA 7 CM,2603122
شاش تراي ام 10 سم 50 قطعه,FANO GAUZES 10 CM 50 PCS,2603123
شاش تراي ام 15 سم 50 قطعه,FANO GAUZES 15 CM 50 PCS,2603124
شاش تراي ام 5 سم 50 قطعه,FANO GAUZES 5 CM 50 PCS,2603125
شاش تراي ام 7.5 سم 50 قطعه,FANO GAUZES 7 CM 50 PCS,2603126
شاش فازلين بايو تول 10 10 علبه 100 قطعه,VASELINE BIO TUL GAUZE SIZE 10 10 100 PCS,1778050
شاش فازلين بايو تول 10 20 علبه 50 قطعه,VASELINE BIO TUL GAUZE SIZE 10 20 50 PCS,1778051
شاش فازلين توب تول 10 10 علبه 40 قطعه,VASELINE TOP TUL GAUZE SIZE 10 10 40 PS,1400313
شاش فازلين توب تول 10 20 بالعلبه,VASELINE TOP TUL GAUZE SIZE 10 20,2603127
شاش فازلين توب تول 10 20 علبه 20 قطعه,VASELINE TOP TUL GAUZE SIZE 10 20 20 PS,1400314
شاش فازلين توب تول 10 30 علبه 10 قطع,VASELINE TOP TUL GAUZE SIZE 10 30 10 PS,1400315
شاش مصر ميديكال 10 سم,MIRACLE STERILE GAUZE 10 CM,2625897
شاش مصر ميديكال 15 سم,HEALTHY GAUZE SIZE 15 CM,2625898
شاش مصر ميديكال 5 سم,MIRACLE STERILE GAUZE 5 CM,2625899
شاش مصر ميديكال 7 سم,MIRACLE STERILE GAUZE 7 CM,2625901
شالجاتين 300 مجم 30 كبسول,SHALGATEN 300 MG 30 CAPS.,2550709
شالجاتين 400 مجم 30 كبسول,SHALGATEN 400 MG 30 CAPS.,2551279
شامسوموكس 400 مجم 10 اقراص,SHAMSOMOX 400 MG 10 F.C.TABS,1535310
شان اويلي مات 60 جم,SHAAN SOOTHING GEL 60 GM,2623756
شان بادي ميلك 300 مل 230,SHAAN BODY MILK 300 ML,2523049
شان بادي ميلك 300 مل بدون عطر,SHAAN BODY MILK 300 ML,1042113
شان بادي ميلك 300 مل روز زهره التيوليب,SHAAN BODY MILK 300 ML TULIP ROSE,2454620
شان بادي ميلك 300 مل فانيليا جوز الهند,SHAAN BODY MILK 300 ML VANILLA COCONUT,2316998
شان بادي ميلك 300 مل فانيليا وجوزهند,SHAAN BODY MILK 300 ML,2180094
شان جل 200 مل,SHAAN SOOTHING GEL 200 GM,2464187
شان جل كبير,SHAAN SOOTHING GEL 60 GM,2653953
شان جل كريم مطفئ للمعان 60 جم,SHAAN CICA CREAM 60 GM,2600285
شان جل مرطب 120 جم,SHAAN SOOTHING GEL 120 GM,1740262
شان جل مرطب 200 جم,SHAAN SOOTHING GEL 200 GM,904142
شان جل مرطب 60 جم,SHAAN SOOTHING GEL 60 GM,2316828
شان دراي اس بنتافيتين 100 جم,OLI PANTHEN LOTION 100 ML,2623757
شان دراي اس كريم 100 جم,SCHONHEIT CREAM 50 GM,2562205
شان سيكا ايه بلس كريم 40 جم,SHAAN CICA A + CREAM 40 GM,2487717
شان سيكا كريم 60 جم,SHAAN CICA CREAM 60 GM,2288833
شان غسول دش حريمي 250 مل,SHAAN INTIMATE FEMININE CLEANSER 250 ML,2316886
شان غسول للوجه 250 مل,SHAAN FACIAL CLEANSER 250 ML,2476072
شان غسول مرطب للجسم 480 مل,SHAAN BODY WASH 480 ML,2316839
شان غسول وجه,EXTRA SHINE FACIAL WASH,2680633
شان كريم 150,SCHONHEIT CREAM 50 GM,2645870
شان كريم مرطب 120 جم,SHAAN REJUVENATION 120 GM CREAM,904144
شان كريم يوريا 10 % 200 جم,SCHONHEIT CREAM 50 GM,2638058
شان كريم يوريا 10 % 280,MULTI SHINE CREAM,2595864
شان كريم يوريا 100 مجم,MOON SHINE WHITENING CREAM 100 ML,2644127
شان للشفاه 5 جم,SHAAN LIP BALM 5 GM,2319319
شان للعنايه بالاظافر 4 مل,SHAAN NAIL CARE 4 ML,2157911
شان ليب بالم شيري,AVUVA BODY LOTION CHERRY 63 ML,2551222
شان ليب بالم شيري 5 جم 100,SHAAN LIP BALM 5 GM,2621304
شان ليب بالم عسل وبانثينول 100,MACRO PANTHENOL LOTION 100 ML,2645871
شان مرطب شفاه 5 جم بالعسل,SHAAN LIP BALM 5 GM WITH HONNY,2197814
شان مرطب شفاه 5 جم بالفراوله,SHAAN LIP BALM 5 GM WITH STRAWBERRY,2188546
شان مرطب شفاه 5 جم كريز,SHAAN LIP BALM 5 GM CHERRY,2632307
شان مرطب شفايف عسل 100,SHAAN SOOTHING GEL 200 GM,2523050
شان مرطب شفايف فراوله 100,SHAAN SOOTHING GEL 120 GM,2625774
شان مرطب شفايف كريز 100,SHAAN LIP BALM 5 GM CHERRY,2523052
شان مرطب شفايف ورد 100,SHAAN LIP BALM 5 GM ROSE,2523051
شان هاند كريم / بارك فيل,SHAAN HAND CREAM 60 GM,2638287
شان هاند كريم 60 جم,SHAAN HAND CREAM 60 GM,1841586
شان يوريا 10 % كريم,MULTI SHINE CREAM,2621495
شان يوريا 10 % كريم 200 جم,SCHONHEIT CREAM 50 GM,2562206
شانسي 30 اقراص تحت اللسان,CHANCY 30 SUBLINGUAL TABLETS,2508868
شانسيتا 500 مجم / 3 مل 5 امبول,SHANCITA 500 MG / 3 ML 5 AMP FOR IV / IM INJ.,2333095
شايني 30 اكياس,SHAINY 30 SACHET,2334016
شايني فير غسول للوجه,SHINY VEER FACIAL CLEANSER,1547848
شايني فير كريم لمحيط العين 40 جم,SHINY VEER EYE CONTOUR CREAM 40 GM,1547849
شايني قطره اطفال,SHINY 10 SACHETS,2463476
شراب دوالي ايطالي تحت الركبه 2 اكس لارج,MOVE SOCK BLEW KNEE SIZE M,2131347
شراب دوالي ايطالي تحت الركبه 3 اكس لارج,MOVE SOCK BLEW KNEE SIZE M,2252021
شراب دوالي ايطالي تحت الركبه اكس لارج,MOVE SOCK BLEW KNEE SIZE M,2131348
شراب دوالي ايطالي تحت الركبه لارج,MOVE SOCK BLEW KNEE SIZE M,2130073
شراب دوالي ايطالي تحت الركبه ميديم,MOVE SOCK BLEW KNEE SIZE M,2131349
شراب دوالي ايطالي فوق الركبه ميديم,MOVE SOCK ABOVE KNEE SIZE M,1778071
شراب دوالي تحت الركبه ايطالي L,MOVE SOCK BLEW KNEE SIZE L,2603133
شراب دوالي تحت الركبه ايطالي M,MOVE SOCK BLEW KNEE SIZE M,2603132
شراب دوالي تحت الركبه ايطالي XL,MOVE SOCK BLEW KNEE SIZE XL,2603134
شراب دوالي تحت الركبه ايطالي XXL,MOVE SOCK BLEW KNEE SIZE XXL,2603136
شراب دوالي فوق الركبه ايطالي L,MOVE SOCK ABOVE KNEE SIZE L,2670978
شراب دوالي فوق الركبه ايطالي XXL,MOVE SOCK ABOVE KNEE SIZE XXL,2670979
شراب دوالي فوق الركبه ايطالي XXXL,MOVE SOCK ABOVE KNEE SIZE XXXL,2603135
شراب دوالي فوق الركبه ايطاليXL,MOVE SOCK ABOVE KNEE SIZE XL,2670980
شراب سيلكون لنعومه القدم,SILICON SOCKS HEEL FOR CRACK,2130595
شريط اكوا جايد 50 شريط,ACCU CHEK GUIDE ME KIT WITH 50 TEST STRIPS,1401410
شريط اكواتشيك اكتف 50 شريط,ACCU CHEK ACTIVE 50 STRIPS,1400275
شريط اكواتشيك انستانت 50 شريط,ACCU CHEK INSTANT 50 STRIPS,1400767
شريط اون كول بلس 25 شريط,ON CALL PLUS TEST STRIPS 25 TEST,2630975
شريط اون كوول اكسترا 50 شريط,ON CALL EXTRA TEST STRIPS 50 TEST,2131717
شريط اون كوول بلس 25 شريط,ON CALL PLUS TEST STRIPS 25 TEST,2129952
شريط بيرس تشيك,PRECICHECK BLOOD SUGAR MEASUREMENT 50 STRIPS,2603140
شريط بيرفيكتا بيانكا 50 شريط,GRANZIA PERFECTA BIANCA BLOOD SUGAR 50 TEST STRIPS,1433671
شريط تحليل سكر فاين تست 50 شريط,FINE TEST BLOOD GLUCOSE TEST STRIPS 50 STRIPS,2131130
شريط جلوكو دكتور 50 شريط,GLOCOLAP BLOOD GLUCOSE 50 TEST STRIPS,2637418
شريط جلوكودكتور 50 شريط,GLUCO DOCTOR BLOOD SUGAR MEASUREMENT 50 STRIPS,1401430
شريط جلوكودكتور اتو 50 شريط,GLUCO DOCTOR AUTO BLOOD SUGAR MEASUREMENT 50 STRIPS,2603142
شريط جلوكودكتور اوتو 100 شريط,GLUCO DOCTOR AUTO BLOOD SUGAR MEASUREMENT 100 STRIPS,1821835
شريط جلوكودكتور اوتو 50 شريط,GLUCO DOCTOR AUTO BLOOD SUGAR MEASUREMENT 50 STRIPS,1401433
شريط سكر اكس اكتيف 50 شريط,ACCU CHEK ACTIVE 50 STRIPS,2619973
شريط سكر الماني بريس تشيك 50 شريط,PRECICHECK BLOOD SUGAR MEASUREMENT 50 STRIPS,1400865
شريط سكر اون كول بلس / 25 شريط,ON CALL PLUS TEST STRIPS 25 TEST,2522983
شريط سكر بيونيم اصفر 50 ش,BIONIME BLOOD GLUCOSE TEST STRIPS 50 YELLOW,2558066
شريط سكر جيميت 50 شريط,GEMATE BLOOD SUGAR MEASUREMENT 50 STRIPS,2130547
شريط سكر دايركت 25 شريط,DIRECT GLUCOSE TEST STRIPS 25 STRIP / BOX,2669737
شريط سكر ديبيتو 50 شريط,SD CHECK STRIPS 50 PCS,2671209
شريط سكر سمارت تيست 50 شريط,SMART TEST SUGAR MEASUREMENT 50 STRIPS,2041925
شريط كونتور بلس 50 شريط ازرق,COUNTOR PLUS BLOOD SUGAR MEASUREMENT 50 STRIPS,1401053
شريط وان تاتش سيلكت 50 شريط,ONE TOUCH SELECT 50 STRIPS PACK,2669755
شفاط انف بوب تون,BEBETO NOSE PUMP,1778100
شفاط ثدي سمارت بيبي,BABI BREAST PUMP,2407362
شفاط ثدي فلاي بيبي بمضخه,FLY BABY BREAST PUMP,2542660
شفاط ثدي كهربائي + ببرونه,BABI BREAST PUMP + BOTTLE,2637417
شفاط مخاط / فلاي بيبي,FLY BABY BABY NASAL ASPIRATOR,2382644
شكاكه اتوماتيك 100 ق صيني,CHIENESE BLOOD LANCETS 100 PCS,1400612
شكاكه اكوا تشيك 100 صيني,AQUA CHECK CHIENESE BLOOD LANCETS 100 PCS,2130466
شمع ازاله اصفر بلوب واكس,COCO WAX YELLOW WAX REFILL 100 ML,2625909
شمع ازاله ايطالي دونا اصفر,DONE ROLL ITALIAN WAX 100 ML YELLOW,2557942
شمع ايطالي واكس واي اصفر,WAX WAY DEPILATORY WAX 100 GM PINK,2543631
شمع شرائح احمر / كوكو,COCO WAX STRIPS 10 PS AVOCADO,2076614
شمع وان واكس اصفر,COCO WAX YELLOW WAX REFILL 100 ML,2631153
شمع وان واكس روز,COCO WAX ROSE WAX REFILL 100 ML,2631152
شوبوكالي 30 اقراص,CHOPOCALI 30 TABS,2499911
شوتميج شراب 60 مل,SHOTMEG SYRUP 60 ML,2497613
شوجار لو عادي,SUGER SHOWER GEL 3 L ROSE,2436712
شوجارلو 50 مجم 30 اقراص,SUGARLO 50 MG 30 TABS.,1396971
شوجارلو بلس 50 / 1000 مجم 30 اقراص,SUGARLO PLUS 50 / 1000 MG 30 F.C. TABS.,2472927
شوجارلو بلس 50 / 500 مجم 30 اقراص,SUGARLO PLUS 50 / 500 MG 30 F.C. TABS.,2472926
شوجارلو بلس 50 / 850 مجم 30 اقراص,SUGARLO PLUS 50 / 850 MG 30 F.C. TABS.,2492288
شوجر ماتش 300 اكياس 1 معلقه,SUGAR MATCH NO CALORIE SWEETENER 200 SACHETS 1 SPOON,1400567
شوجر ماتش 50 اكياس 2 معلقه,SUGAR MATCH NO CALORIE SWEETENER 50 SACHETS 2 SPOON,1400515
شوجر ماتش 75 اكياس 1 معلقه,SUGAR MATCH NO CALORIE SWEETENER 50 SACHETS 1 SPOON,1400528
شوكو مونستر بودره 10 اكياس,CHOCO MONSTER POWDER 10 SACHETS,1547853
شوكو مونستر بودره 20 اكياس,CHOCO MONSTER POWDER 20 SACHETS,2098831
شوما كريم 60 جم,SHOMA CREAM 60 GM,904152
شوما كريم 60 مجم جديد,SHOMA CREAM 60 GM,2681239
شي بخاخ عرق حريمي 150 مل اذ بريتي,SHE IS PRETTY DEODORANT BODY SPRAY FOR WOMEN 150 ML,2603153
شي بخاخ عرق حريمي 150 مل انجل,SHE ANGEL DEODORANT BODY SPRAY FOR WOMEN 150 ML,2603152
شي بخاخ عرق حريمي 150 مل سويت,SHE SWEET DEODORANT BODY SPRAY FOR WOMEN 150 ML,2603155
شي بخاخ عرق حريمي 150 مل سيكسي,SHE SEXY DEODORANT BODY SPRAY FOR WOMEN 150 ML,2603154
شي بخاخ عرق حريمي 150 مل كلابر,SHE IS CLUBBER DEODORANT BODY SPRAY FOR WOMEN 150 ML,2603156
شي بخاخ عرق حريمي 150 مل كوول,SHE IS COOL DEODORANT BODY SPRAY FOR WOMEN 150 ML,2603157
شي بخاخ عرق حريمي 150 مل لاف,SHE LOVE DEODORANT BODY SPRAY FOR WOMEN 150 ML,2603158
شيتو 500 مجم 60 كبسول,CHITO 500 MG 60 CAPS.,2673374
شيتوسيل كريم 50 جم,CHITOSEAL CREAM 50 GM,2146126
شيتوكال 60 كبسول,CHITOCAL 60 CAPS.,2633538
شيرا بانثينول,CIRA PANTHENOL CREAM 30 GM,2603159
شيرا بانثينول كريم 30 جم,CIRA PANTHENOL CREAM 30 GM,1657863
شيرا بانثينول كريم شعر للاطفال 100 جم,CIRA PANTHENOL KIDS HAIR CREAM 100 GM,1160884
شيرا بانثينول كريم للشعر كبار 100 جم,CIRA PANTHENOL HAIR CREAM 100 GM,1657862
شيروزا شامبو 170 مل,SHEROSA SHAMPOO BAR 10 SACHETS,2130173
شيروزا شامبو 190 م الحرير,SHEROSA SHAMPOO BAR 10 SACHETS,2406655
شيروزا شامبو 400 كافيين,SHEROSA SHAMPOO BAR 10 SACHETS,2548886
شيروزا شامبو 600 مل,SHEROSA SHAMPOO BAR 10 SACHETS,2352951
شيريمانت محلول وريدي 250 مل,SHERIMAINT SOLN FOR I.V. INF. 250 ML,989252
شيزوفاي 30 مجم اقراص,SCHIZOFY 30 MG 10 F.C. TAB.,2552451
شيزوفي 10 مجم 20 اقراص,SCHIZOFY 10 MG 20 SCORED F.C.TAB.,2144421
شيزوفي 30 مجم 10 اقراص,SCHIZOFY 30 MG 10 F.C. TAB.,1923110
شيستي تراي شراب 120 مل,CHESTY TRI SYRUP 120 ML,2499913
شيف كود جل حلاقه 150 م بشره عاديه ازرق,SHAVE CODE CLEAR SHAVING GEL 150 ML FOR NORMAL SKIN,1778119
شيف كود فوم حلاقه 200 مل بالفحم لجميع انواع البشره,SHAVE CODE CLEAR SHAVING FOAM 200 ML CHARCOAL,2170489
شيف كود فوم حلاقه 200 مل بالمنثول للبشره العاديه,SHAVE CODE CLEAR SHAVING FOAM 200 ML WITH MENTHOL,2170486
شيف كود كريم حلاقه 40 م بشره عاديه,SHAVE CODE CLEAR SHAVING CREAM 40 ML FOR NORMAL SKIN,2168542
شيكو حلمه ناتشورال فيلينج + 4 شهور,CHICCO NATURAL FEELING NIPPLE + 4 M,2131363
شيكو سكاته سيليكون سوفت 6 الي 16,CHICCO SILICON SOOTHER 6 16 FORBOYS,2160411
شيلد جوميز 60 قطعه عرض 1 + 1,SHIELD GUMMIES 60 PIECES OFFER 1 + 1,2449174
شيلز بخاخ حريمي 175 مل تركي,SHEELS WOMEN'S SPRAY 175 ML TURKISH,2131229
شيلي 10 كيس,CHILLY 10 SACHET,1396976
صابون ار ام,R.M. SOAP 80 GM,2536174
صابون تولاي الكندر لشد البشره 80 جم,AKNO SOAP 80 GM,2333546
صابون تولاي بالحليب والعسل 80 جم,BEST SOAP 80 GM,2333545
صابون جلسرين,LIZA SOAP GLYCERIN BAR,2326603
صابون جليسرين خمس خمسات,DERMA 10 GLYCERIN SOAP,2669991
صابون جليسرين شفاف س جديد,LUNA SOAP 72 GM GLYCERIN,1639819
صابون جليسرين لونا زيتون عرض 2 ق,LUNA SOAP 72 G 2 PIECE OFFER GLYCERIN + ROSE,2669993
صابون جليسرين لونا قطن 100 جم,LUNA GLYCERIN SOAP 100 GM SHEA,2482940
صابون جليسرين ويزر 50,GLYCERIN SOAP 75 GM WEISER,2170504
صابون جوي 110 جم,NAWAH COLLAGEN SOAP 110 GM,2166911
صابون جوي 165 جم,KIRA SOAP 100 GM,1778137
صابون دوش 110 جم,DOSH SOAP 110 GM CLASSIC,1778141
صابون دوش 60 جم,ROTEX SULFUR SOAP 60 GM,1778143
صابون ريفولي 110 جم,NAWAH COLLAGEN SOAP 110 GM,2130970
صابون ريفولي 165 جم,KIRA SOAP 100 GM,1821758
صابون سبوتلس,SEPTOL SOAP 70 GM,2626443
صابون فحم تولاي 80 جم,LIZA CHARCOL SOAP 80 GM,2333544
صابون فنجيسولت جديد,FUNGISALT SOAP 100 GM,2670655
صابون كابريتاك,SULPHUR SOAP A 3 A,2356374
صابون كبريت,SULPHUR SOAP A 3 A,2219635
صابون كبريت,SULPHUR SOAP A 3 A,1768310
صابون كبريت,SULPHUR SOAP A 3 A,1658983
صابون كبريت جديد,SULPHUR SOAP A 3 A,1814459
صابون كبريت جديد,SULPHUR SOAP A 3 A,2158952
صابون كبريت كبريتاك,SULPHUR SOAP A 3 A,2452491
صابون كبريتاك 70 جرام,SULPHUR SOAP A 3 A,2397004
صابون كير بروف,CARE PROVE CHARCOAL SOAP,2637921
صابون مغربي كليوباترا 500 جم,CLEOPATRA MORROCAN SOAP + MORROCAN GHASOL,2130883
صابون ميلانو فري,MELANOFREE SOAP 100 GM,2670715
صابونه جليسرين بالعسل / ايفا,NOUVELLE SKIN GLYCERIN SOAP 50 GM,2386180
صابونه سينزو / ماكرو,JORY SOAP,2190027
صابونه فاكس 110 جم,FUNGISALT SOAP 100 GM,2672828
صابونه فاكس 60 جم 5 قطع,VENTAMOR WHITENING SOAP 60 GM,1974574
صابونه فحم تفتيح مناطق حساسه,PRIYANKA SOAP FOR SENSITIVE AREA 50 GM,1750401
صابونه كابريتاك 70 جم / ميدلايك,JORY SOAP,2384411
صابونه كبريت 70 جرام / ليزا,JORY SOAP,2638279
صابونه كبريتاج 100 جم,Z LIGHT SOAP 100 GM,2642560
صابونه لبان الدكر روكا,NATURAL GLYCOL SOAP,2327489
صابونه ليت اب 100 جم جديد / ماكرو,Z LIGHT SOAP 100 GM,2493777
صافا بيبي كريم 30 جم,SAFA BABY CREAM 30 GM,1773508
صافا كريم 50 جم,SAFA CREAM 50 GM,2150511
صافامود 20 اقراص,SAFAMOOD 20 F.C.TAB.,1612633
صانسيلك بديل الزيت بجوز الهند امبوبه 300 مل,SUNSILK COCONUT MOISTURE OIL REPLACEMENT 300 ML,1401497
صانسيلك بلسم بزيت اللوز والعسل 350 مل بيج,SUNSILK HONEY ANTI BREAKAGE CONDITIONER 350 ML,2130181
صانسيلك بلسم جوز هند 350 مل ابيض,SUNSILK COCONUT MOISTURE CONDITIONER 350 ML,2271330
صانسيلك بلسم قوي ولمعان 350 مل روز,SUNSILK SHINE STRENGTH CONDITIONER 350 ML,2073345
صانسيلك بلسم للشعر التالف 350 مل برتقالي,SUNSILK INSTANT RESTORE CONDITIONER 350 ML,1778164
صانسيلك بلسم لمعان ساحر 350 مل اسود,SUNSILK STUNNING BLACK SHINE CONDITIONER 350 ML,1821736
صانسيلك حمام كريم ترطيب فوري 220 مل روز,SUNSILK MOISTURE BOMB HAIR MASK 220 ML,1666986
صانسيلك حمام كريم قوي ومرن لا ينكسر 220 مل اصفر,SUNSILK COLLAGEN BLENDS HAIR MASK BYE BYE HAIR FALL 220 ML,1666987
صانسيلك زيت جوز هند كبير 250 مل ابيض,SUNSILK COCONUT MOISTURE OIL 350 ML,1778167
صانسيلك زيت كبير هير فوول خروع ولوز 250 مل,SUNSILK GOODBYE HAIR FALL HAIR OIL 250 ML,1400071
صانسيلك شامبو اكياس لمعان ساحر اسود 10 قطع,SUNSILK SACHETS SHAMPOO BLACK 10 PCS,2601919
صانسيلك شامبو شعر تالف 600 مل برتقالي خصم 20 %,SUNSILK INSTANT RESTORE SHAMPOO 600 ML DISCOUND 20 %,1778182
صانسيلك شامبو ضد تساقط الشعر 350 مل بني,SUNSILK HAIR FALL SOLUTION SHAMPOO 350 ML,1676856
صانسيلك شامبو قوه ولمعان 600 مل روز خصم 20 %,SUNSILK SHINE STRENGTH SHAMPOO 600 ML DISCOUNT 20 %,2131714
صانسيلك شامبو قوي ولمعان 180 مل روز,SUNSILK SHINE STRENGTH SHAMPOO 180 ML,1824876
صانسيلك شامبو قوي ولمعان 350 مل روز,SUNSILK SHINE STRENGTH SHAMPOO 350 ML,1447676
صانسيلك شامبو كثيف وطويل 180 مل لبني,SUNSILK THICK LONG SHAMPOO 180 ML,2466495
صانسيلك شامبو كثيف وطويل 350 مل لبني خصم 20 %,SUNSILK THICK LONG SHAMPOO 350 ML DISCOUNT 20 %,2225144
صانسيلك شامبو كثيف وطويل 600 مل لبني,SUNSILK THICK LONG SHAMPOO 600 ML,2408071
صانسيلك شامبو للشعر التالف 180 مل برتقالي,SUNSILK INSTANT RESTORE SHAMPOO 180 ML,1400056
صانسيلك شامبو للشعرالتالف 350 مل برتقالي خصم 20 %,SUNSILK INSTANT RESTORE SHAMPOO 350 ML DISCOUND 20 %,2175275
صانسيلك شامبو لمعان ساحر 180 مل اسود,SUNSILK STUNNING BLACK SHINE SHAMPOO 180 ML,2175281
صانسيلك شامبو لمعان ساحر 180 مل اسود عرض,SUNSILK STUNNING BLACK SHINE SHAMPOO 180 ML OFFER,1838807
صانسيلك شامبو لمعان ساحر 350 مل اسود,SUNSILK STUNNING BLACK SHINE SHAMPOO 350 ML,1400912
صانسيلك شامبو لمعان ساحر 350 مل اسود خصم 20 %,SUNSILK STUNNING BLACK SHINE SHAMPOO 350 ML DISCOUNT 20 %,1778175
صانسيلك شامبو لمعان ساحر 600 اسود,SUNSILK STUNNING BLACK SHINE SHAMPOO 600 ML,1400397
صانسيلك شامبو ناعم وانسيابي 180 مل اصفر,SUNSILK SOFT SMOOTH SHAMPOO 180 ML,1938840
صانسيلك شامبو ناعم وانسيابي 350 مل اصفر,SUNSILK SOFT SMOOTH SHAMPOO 350 ML,1429488
صانسيلك شامبو ناعم وانسيابي 350 مل اصفر خصم 20 %,SUNSILK SOFT SMOOTH SHAMPOO 350 ML DISCOUNT 20 %,1778176
صانسيلك شامبو ناعم وانسيابي 600 مل اصفر,SUNSILK SOFT SMOOTH SHAMPOO 600 ML,2427057
صانسيلك كريم تصفيف 210 مل قوه ولمعان,SUNSILK HAIR CREAM 210 ML SHINE STRENGTH,2130094
صانسيلك كريم تصفيف 210 مل للشعر كيرلي اصفر,SUNSILK HAIR CREAM 210 ML FOR CURL MOISTURE,2130629
صانسيلك كريم تصفيف 210 مل للهيشان ابيض,SUNSILK HAIR CREAM 210 ML FRIZZ FREE STYLING,2130261
صبايا زيت شعر 200 مل بالزيتون واللوز,SABAYA OLIVE ALMOD OIL 200 ML,1401351
صبغه جاوي الاهرام بالدسته,AHRAM JAWY TINCTURE 12 PCS,1778158
صبغه جاوي بالدسته,AHRAM JAWY TINCTURE 12 PCS,2603161
صبغه يود 5 % بالدسته الاهرام,AHRAM A TINCTURE OF IODINE 5 % 12 PCS,1436333
صن اوت لوسيون SPF + 50 واقي من الشمس 120 مل,SUN OUT SPF 50 + LOTION 120 ML,1427100
صن بلاي 50 + كريم للحمايه من الشمس,SUN PLAY 50 + SUNSCREEN CREAM 60 GM,2499194
صن بلوك 45 صغير ماش,MASH SUN BLOCK 45 SPF LOTION 60 ML,2642590
صن توب 30 SPF لوشن 100 مل,SUN TOP 30 SPF TOPICAL LOTON 100 ML,2193820
صن توب 50 + كريم 50 جم,SUN TOP 50 + SPF TOPICAL CREAM 50 GM,1740275
صن توب 50 + لوشن 50 مل,SUN TOP 50 + SPF TOPICAL LOTON 50 ML,1466306
صن سيلك اكياس شامبو,SUNSILK SACHETS SHAMPOO BLACK,2058561
صن سيلك بلسم 350 م برتقالي,SUNSILK INSTANT RESTORE CONDITIONER 350 ML,2271329
صن سيلك بلسم 350 مل لبني,SUNSILK THICK LONG CONDITIONER 350 ML,2537457
صن سيلك شامبو 180 مل اسود لامع خصم,SUNSILK STUNNING BLACK SHINE SHAMPOO 180 ML,2645991
صن سيلك شامبو 180 مل اصفر انسيابي خصم,SUNSILK SOFT SMOOTH SHAMPOO 180 ML,2645995
صن سيلك شامبو 180 مل برتقالي 20 % خ,SUNSILK INSTANT RESTORE SHAMPOO 180 ML,2130093
صن سيلك شامبو 180 مل بمبي,SUNSILK SOFT SMOOTH SHAMPOO 180 ML,2175276
صن سيلك شامبو 180 مل بمبي قوه خصم,SUNSILK THICK LONG SHAMPOO 180 ML DISCOUND 20 %,2645994
صن سيلك شامبو 190 اصفرانسيابي خ س,SUNSILK SOFT SMOOTH SHAMPOO 180 ML,2466494
صن سيلك شامبو 350 مل اسود لامع خصم,SUNSILK STUNNING BLACK SHINE SHAMPOO 350 ML DISCOUNT 20 %,2603164
صن سيلك شامبو 350 مل اصفر انسيابي خصم,SUNSILK SOFT SMOOTH SHAMPOO 350 ML,2603165
صن سيلك شامبو 350 مل بزيت اللوز والعسل خصم,SUNSILK HONEY ANTI BREAKAGE CONDITIONER 350 ML,2603166
صن سيلك شامبو 350 مل بمبي 20 % خ,SUNSILK SOFT SMOOTH SHAMPOO 350 ML DISCOUNT 20 %,2512109
صن سيلك شامبو 350 مل تالف برتقالي خصم,SUNSILK INSTANT RESTORE SHAMPOO 350 ML DISCOUND 20 %,2603167
صن سيلك شامبو 350 مل جوز هند عرض,SUNSILK COCONUT MOISTURE SHAMPOO 350 ML,2603168
صن سيلك شامبو 350 مل قوه ولمعان روز خصم,SUNSILK SHINE STRENGTH SHAMPOO 350 ML DISCOUNT 20 %,2603169
صن سيلك شامبو 350 مل كثيف لبني خصم,SUNSILK THICK LONG SHAMPOO 350 ML,2603170
صن سيلك شامبو 360 جوزهند خ س,SUNSILK COCONUT MOISTURE SHAMPOO 350 ML,1447659
صن سيلك شامبو 360 م اسود خ س / لمعان,SUNSILK SACHETS SHAMPOO BLACK,1544770
صن سيلك شامبو 360 م برتقالي / تجديد الشعر,SUNSILK INSTANT RESTORE SHAMPOO 350 ML,2357712
صن سيلك شامبو 600 م بمبي عرض,SUNSILK INSTANT RESTORE SHAMPOO 600 ML OFFER,2433877
صن فير 10 اكياس,SUNFER 10 SACHET,2452140
صندل جبس هاي ميدي مقاس L,HI MEDIC CAST SHOE L,2670981
صندل جبس هاي ميدي مقاس M,HI MEDIC CAST SHOE M,2670982
صنفيتال كريم 200 جم,SUNVITAL CREAM 200 GM,2338395
صوديوم بيكربونات 1000 مجم 30 اقراص,SODIUM BICARBONAT 1000 MG 30 TABS,2470303
صوديوم بيكربونات 500 مجم 30 اقراص,SODIUM BICARBONAT 500 MG 30 TABS,2253721
صوديوم بيكربونات 500 مجم 50 اقراص,SODIUM BICARBONAT 500 MG 50 TABS,2352848
صوديوم بيكربونات كبسول 500,SODIUM BICARBONAT 500 MG 50 TABS,2603172
طقم سفر نضاره + رقبه هوائيه,FISH BRUSH + COMP SOFT,2619971
طقم عنايه اطفال فلاي بيبي 5 ق,BABI BABY CARE KIT 13 PCS,1935432
طوكيو برزيم 20 اقراص,TOKYO BREZIM 20 TABS,2582708
ع / ترياكسون 1 جم عضل 1 امبول / تبوك,TRIAXONE 1 G I.M VIAL,2668836
عازل ديوريكس 3 ق بيرفورما انتنس عرض 2 ق,SIMPLEX CONDOM 3 PCS DELUXE,2627521
عازل ديوريكس برفورما انتنس 3 ق,SIMPLEX CONDOM 3 PCS DELUXE,2319203
عازل طبي اسود علبه 12 ق,SIMPLEX CONDOM 3 PCS BLACK PANTHER,1778222
عازل طبي سترا,SIMPLEX MEDICAL INSULATOR,2384656
عازل طبي سوترا,SIMPLEX MEDICAL INSULATOR,1400839
عازل طبي سوترا 3 ق,SIMPLEX CONDOM 3 PCS BANANA,2130121
عازل طبي صيني بالعلبه,VISTA FRUIT MEDICAL INSULATOR,2603173
عازل طبي فيستا فراوله,VISTA STRAWBERRY CONDOM FOR MEN,2603175
عدسات بيلا اليوميه اخضر داكن ستار,BELLA LENSES STAR,2489126
عدسات بيلا اليوميه ازرق اوشن بلو,BELLA LENSES OCEAN BLUE,2489118
عدسات بيلا اليوميه رمادي ازرق,BELLA LENSES ALMOND BROWN,2489123
عدسات بيلا اليوميه رمادي بلاتيني,BELLA LENSES ALMOND BROWN,2489124
عدسات بيلا اليوميه عسلي,BELLA LENSES ALMOND BROWN,2489127
عدسات ديسيو REBEL GREY,DESIO ATTITUDE ONE DAY SILVER REBEL GRAY,2472015
عدسات ديسيو TENDER HAZEL,DESIO ATTITUDE ONE DAY GOLD HAZEL TENDER,2472019
عدسات ديسيو ايطالي ايرسيست ازرق,DESIO ATTITUDE ONE DAY IRRESISTIBLE BLUE,1852948
عدسات ديسيو ايطالي بريشيوس جراي,DESIO ATTITUDE ONE DAY PRECIOUS GREY,2472018
عدسات ديسيو ايطالي يومي اخضر,DESIO ATTITUDE ONE DAY GREEN,2130851
عدسات ديسيو ايطالي يومي فضي ديليشيوس عسلي,DESIO ATTITUDE ONE DAY SILVER DELICIOUS HONEY,2472016
عدسات ديسيو ايطالي يومي فضي رومانتيك بلو,DESIO ATTITUDE ONE DAY SILVER ROMANTIC BLUE,2472014
عدسات ديسيو يومي فضي وايلد جرين,DESIO ATTITUDE ONE DAY SLIVER WILD GREEN,2472020
عرض اكرين غسول + اكرين كريم,AURITA CREAM 50 GM OFFER 1 + 1,2389722
عصاره فاكهه فلاي بيبي عاديه,FLY BABY FRESH FOOD AND FRUIT FEEDER,2521352
عضاضه سيلكون / فلاي بيبي,POUPY SILICONE TEETHER,1666981
عضاضه سيليكون اليجو حصيره 12 ق,ALGO SILICONE TEETHER 12 PCS,2672539
علايه كرسي اسفنج,,2130915
غارنيه سيرم فاست برايت 30 مل فيتامين سي,GARNIER FAST BRIGHT SERUM 30 ML WITH VITAMIN C,2369742
غارنيه صبغه احمر نقي 6 / 60,GARNIER PERMANENT CRÈME HAIR COLOR 6.60 FIERY PURE RED,2603176
غارنيه صبغه اسود 1,GARNIER PERMANENT CRÈME HAIR COLOR 1 BLACK,2603177
غارنيه صبغه اسود 1,GARNIER PERMANENT CRÈME HAIR COLOR 1 BLACK,2530929
غارنيه صبغه اسود 1 20 % خ,GARNIER PERMANENT CRÈME HAIR COLOR 1 BLACK,2625740
غارنيه صبغه اسود 1 عرض,GARNIER PERMANENT CRÈME HAIR COLOR 1 BLACK OFFER,2087416
غارنيه صبغه اسود مزرق 2 / 1,GARNIER PERMANENT CRÈME HAIR COLOR 2.1 BLUE BLACK,2603178
غارنيه صبغه اسود مزرق 2 / 1,GARNIER PERMANENT CRÈME HAIR COLOR 2.1 BLUE BLACK,2130088
غارنيه صبغه اشقر 7,GARNIER PERMANENT CRÈME HAIR COLOR 7 BLONDE,2603179
غارنيه صبغه اشقر 7,GARNIER PERMANENT CRÈME HAIR COLOR 7 BLONDE,2564897
غارنيه صبغه اشقر 7 عرض,GARNIER PERMANENT CRÈME HAIR COLOR 7 BLONDE OFFER,1994831
غارنيه صبغه اشقر رمادي 1 / 7,GARNIER PERMANENT CRÈME HAIR COLOR 7 1 ASH BLOND,2472198
غارنيه صبغه اشقر رمادي 1 / 7 عرض,GARNIER PERMANENT CRÈME HAIR COLOR 7 1 ASH BLOND OFFER,1944024
غارنيه صبغه اشقر رمادي عميق 11 8,GARNIER PERMANENT CRÈME HAIR COLOR 7.11 DARK ASHY BLONDE,2530923
غارنيه صبغه اشقر رمادي عميق 11 8 20 % خ,GARNIER PERMANENT CRÈME HAIR COLOR 7.11 DARK ASHY BLONDE,2562176
غارنيه صبغه اشقر رمادي عميق 7 / 11,GARNIER PERMANENT CRÈME HAIR COLOR 7.11 DARK ASHY BLONDE,2603180
غارنيه صبغه اشقر رمادي غامق 6 / 1,GARNIER PERMANENT CRÈME HAIR COLOR 6.1 DARK ASH BLONDE,2492452
غارنيه صبغه اشقر رمادي فاتح 8 / 1,GARNIER PERMANENT CRÈME HAIR COLOR 8.1 LIGHT ASH BLONDE,2603181
غارنيه صبغه اشقر رمادي فاتح جدا 1 9 20 % خ,GARNIER PERMANENT CRÈME HAIR COLOR 9.1 EXTRA LIGHT ASH BLONDE,2625744
غارنيه صبغه اشقر رمادي فاتح جدا 9 / 1,GARNIER PERMANENT CRÈME HAIR COLOR 9.1 EXTRA LIGHT ASH BLONDE,2603182
غارنيه صبغه اشقر رمادي فاتح جدا 9 1,GARNIER PERMANENT CRÈME HAIR COLOR 9.1 EXTRA LIGHT ASH BLONDE,2551091
غارنيه صبغه اشقر رمادي فاتح جدا 9 1 خصم,GARNIER PERMANENT CRÈME HAIR COLOR 9.1 EXTRA LIGHT ASH BLONDE,2431175
غارنيه صبغه اشقر غامق 0 6 خ س,GARNIER PERMANENT CRÈME HAIR COLOR 6 DARK BLONDE,2219649
غارنيه صبغه اشقر غامق 6,GARNIER PERMANENT CRÈME HAIR COLOR 6 DARK BLONDE,2603183
غارنيه صبغه اشقر غامق 6,GARNIER PERMANENT CRÈME HAIR COLOR 6 DARK BLONDE,1778262
غارنيه صبغه اشقر غامق 6 خصم,GARNIER PERMANENT CRÈME HAIR COLOR 6 DARK BLONDE,2513280
غارنيه صبغه اشقر غامق طبيعي 11 7,GARNIER PERMANENT CRÈME HAIR COLOR 7 BLONDE,2564900
غارنيه صبغه اشقر فاتح 8,GARNIER PERMANENT CRÈME HAIR COLOR 8.0 LIGHT BLONDE,2603184
غارنيه صبغه اشقر فاتح 8,GARNIER PERMANENT CRÈME HAIR COLOR 8.0 LIGHT BLONDE,2311061
غارنيه صبغه اشقر فاتح رمادي 1 8 20 % خ,GARNIER PERMANENT CRÈME HAIR COLOR 8.1 LIGHT ASH BLONDE,2562144
غارنيه صبغه اشقر فاتح رمادي 8 1 خصم,GARNIER PERMANENT CRÈME HAIR COLOR 8.1 LIGHT ASH BLONDE,2382634
غارنيه صبغه اشقر فاتح رمادي عميق 8 / 11,GARNIER PERMANENT CRÈME HAIR COLOR 8.11 LIGHT ASH BLONDE DEEP,1400930
غارنيه صبغه بني 4,GARNIER PERMANENT CRÈME HAIR COLOR 4 BROWN,2603185
غارنيه صبغه بني 4 20 % خ,GARNIER PERMANENT CRÈME HAIR COLOR 4 BROWN,2560081
غارنيه صبغه بني 4 خصم,GARNIER PERMANENT CRÈME HAIR COLOR 4 BROWN,2421620
غارنيه صبغه بني احمر غامق 3 / 6,GARNIER PERMANENT CRÈME HAIR COLOR 3.6 DARK RED BROWN,2603186
غارنيه صبغه بني شوكولا نقي 6 / 7,GARNIER PERMANENT CRÈME HAIR COLOR 6.7 PURE CHOCOLATE BROWN,2492459
غارنيه صبغه بني شوكولاته 34 6 20 % خ,GARNIER PERMANENT CRÈME HAIR COLOR 6.34 CHOCOLATE BROWN,2625761
غارنيه صبغه بني شوكولاته نقي 7 6 20 % خ,GARNIER PERMANENT CRÈME HAIR COLOR 6.7 PURE CHOCOLATE BROWN,2625763
غارنيه صبغه بني غامق 3,GARNIER PERMANENT CRÈME HAIR COLOR 3 DARK BROWN,2603188
غارنيه صبغه بني غامق 3,GARNIER PERMANENT CRÈME HAIR COLOR 3 DARK BROWN,2530930
غارنيه صبغه بني غامق 3 خصم,GARNIER PERMANENT CRÈME HAIR COLOR 3 DARK BROWN,1863186
غارنيه صبغه بني غزالي 7 / 7,GARNIER PERMANENT CRÈME HAIR COLOR 7.7 GAZELLE BROWN,2603187
غارنيه صبغه بني غزالي 7 / 7,GARNIER PERMANENT CRÈME HAIR COLOR 7.7 GAZELLE BROWN,1400548
غارنيه صبغه بني فاتح 5,GARNIER PERMANENT CRÈME HAIR COLOR 5 LIGHT BROWN,2603190
غارنيه صبغه بني فاتح 5,GARNIER PERMANENT CRÈME HAIR COLOR 5 LIGHT BROWN,2530924
غارنيه صبغه بني فاتح 5,GARNIER PERMANENT CRÈME HAIR COLOR 5 LIGHT BROWN,1944025
غارنيه صبغه بني فاتح دهبي 5 3 خصم,GARNIER PERMANENT CRÈME HAIR COLOR 5.3 LIGHT GOLDEN BROWN,2421618
غارنيه صبغه بني فاتح ذهبي 5 / 3,GARNIER PERMANENT CRÈME HAIR COLOR 5.3 LIGHT GOLDEN BROWN,1778272
غارنيه صبغه بني قهوه 3 6,GARNIER PERMANENT CRÈME HAIR COLOR 6.3 COFFEE BROWN,2530922
غارنيه صبغه بني قهوه 3 6 20 % خ,GARNIER PERMANENT CRÈME HAIR COLOR 6.3 COFFEE BROWN,2625762
غارنيه صبغه بني قهوه 6 / 3,GARNIER PERMANENT CRÈME HAIR COLOR 6.3 COFFEE BROWN,2603191
غارنيه صبغه شيكولاته نقي 6 / 7,GARNIER PERMANENT CRÈME HAIR COLOR 6.7 PURE CHOCOLATE BROWN,2603192
غارنيه غسول مقشر للوجه فاست كلير 150 مل,GARNIER FAST CLEAR DAILY EXFOLIATING WASH 150 ML,1778278
غارنيه غسول مقشر للوجه فاست كلير 250 مل,GARNIER FAST CLEAR DAILY EXFOLIATING WASH 250 ML,2018637
غارنيه غسول مقشر للوجه فاست كلير 50 مل,GARNIER FAST CLEAR DAILY EXFOLIATING WASH 50 ML,1400324
غارنيه فاست برايت غسول 100 مل فيتامين سي,GARNIER FAST BRIGHT DAILY WASH 100 ML WITH VITMINE C,1612887
غارنيه فاست برايت غسول 50 مل فيتامين سي,GARNIER FAST BRIGHT DAILY WASH 100 ML WITH VITMINE C,2168930
غارنيه فاست برايت غسول جل 400 مل فيتامين سي,GARNIER FAST BRIGHT GEL 400 ML WITH VITMINE C,1665669
غارنيه فاست برايت كريم نهار 25 مل فيتامين سي,GARNIER FAST BRIGHT DAY CREAM 25 ML WITH VITAMIN C,1401254
غارنيه كريم فاست فيرنس نهار 50 مل,GARNIER SKINACTIVE FAST FAIRNESS DAY CREAM 50 ML,2603196
غارنيه لاصق للحبوب 22 قطعه,GARNIER PIMPLE PATCH FAST CLEAR 8 HOURS INVISIBLE,2510072
غارنيه ماء ميسلار 100 مل غني بالزيت,GARNIER MICELLAR CLEANSING WATER 100 ML IN OIL,1679285
غارنيه ماء ميسلار 100 مل فيتامين سي,GARNIER MICELLAR CLEANSING WATER 100 ML WITH VITAMIN C,2261801
غارنيه ماء ميسلار 400 مل غني بالزيت,GARNIER MICELLAR CLEANSING WATER 400 ML IN OIL,2170590
غارنيه ماء ميسلار 400 مل فيتامين سي,GARNIER MICELLAR CLEANSING WATER 400 ML WITH VITAMIN C,1401048
غارنيه ماء ميسلار 400 مل كلاسيك بمبي,GARNIER SKINACTIVE MICELLAR CLEANSING WATER CLASSIC 400 ML,1422721
غارنيه ماء ميسلار منظف 400 مل,GARNIER MICELLAR CLEANSING WATER 400 ML,2130719
غارنيه ماء ميسلار منظف فيتامين سي 100 مل,GARNIER MICELLAR CLEANSING WATER 100 ML,2603198
غارنيه مقشر لشراقه سريعه 50 مل,GARNIER FAST CLEAR DAILY EXFOLIATING WASH 50 ML,2632640
غارنيه ميسلر فيتامين سي 100 مل,GARNIER MICELLAR CLEANSING WATER 100 ML WITH VITAMIN C,2411024
غسول بوريك 4 % 12 ق,LIFE CHEMICAL BORIC LOTION 4 % 12 PCS,1778289
غسول بوريك 4 % الاهرام بالدسته,AHRAM BORIC ACID 4 % LOTION,1400279
غطاء عين للنوم اكس لارج,EYE CARTELLA,2082671
غطاء عين للنوم ميديم,EYE CARTELLA,1912213
فا بخاخ 150 م سوفت كونترول,FA SPRAY 150 ML SOFT CONTROL,2311456
فا بخاخ 150 م فلورال بروتكت,FA SPRAY 150 ML FLOR PROTECT,2357672
فا بخاخ 150 م فلورال بروتيكت,FA SPRAY 150 ML FLOR PROTECT,2130386
فا بخاخ 150 م كحلي سبورت,FA SPRAY 150 ML SPORT,1665622
فا بخاخ 150 مل حريمي جريب فروت,FA SPRAY 150 ML FOR WOMEN GRAPE FRUIT,1778293
فا بخاخ اتراكشن فورس 150 مل رجالي / اسود,FA SPRAY 150 ML ATRACTION,2513012
فا بخاخ حريمي فروت 150 مل,FA SPRAY 150 ML FOR WOMEN GRAPE FRUIT,2513019
فا بليه اتركشن فورس رجالي 50 مل اسود,FA ATTRACTION FORCE DEODORANT ROLL ON 50 ML,1882018
فا بليه انفزيبل حريمي باور 50 مل لافندر,FA ANTIPERSPIRANT ROLL ON INVISIBLE POWER FOR WOMAN 50 ML,1641827
فا بليه انفزيبل رجالي 50 مل اسود,FA ANTIPERSPIRANT ROLL ON INVISIBLE POWER FOR MEN 50 ML,1400898
فا بليه برتقال وخيار 50 مل برتقالي,FA ANTIPERSPIRANT ROLL ON ORANGE AND COCUMBER 50 ML,1641822
فا بليه بينك باشون 50 مل موف,FA PINK PASSION FLORAL SCENT DEODORANT ROLL ON 50 ML,2263697
فا بليه جريب فروت 50 مل بينك,FA ANTIPERSPIRANT ROLL ON GRAPEFRUIT 50 ML,2130603
فا بليه جوز هند وليمون 50 مل اخضر,FA RO LIME COCONUT 50 ML,2129823
فا بليه حريمي 50 مل انفيزابول باور,FA ANTIPERSPIRANT ROLL ON INVISIBLE POWER FOR WOMAN 50 ML,2603199
فا بليه حريمي 50 مل جريب فروت,FA SPRAY 150 ML FOR WOMEN GRAPE FRUIT,2603200
فا بليه حريمي 50 مل جوز هند وليمون,FA RO LIME COCONUT 50 ML,2603201
فا بليه حريمي 50 مل خيار وبطيخ,FA ANTIPERSPIRANT ROLL ON FOR WOMAN 50 ML WATERMELON,2603202
فا بليه حريمي 50 مل سوفت كنترول,FA SOFT CONTROL DEODORANT ROLL ON 50 ML,2603204
فا بليه حريمي 50 مل فلورال بروتكت اصفر,FA ANTIPERSPIRANT ROLL ON FLORAL PROTECT 50 ML,2603203
فا بليه حريمي 50 مل فيجي دريم,FA FIJI DREAM DEODORANT ROLL ON 50 ML,2603205
فا بليه حريمي احمر 50 مل بطيخ,FA ANTIPERSPIRANT ROLL ON FOR WOMAN 50 ML WATERMELON,2168733
فا بليه حريمي بينك باسون 50 م,FA DEODORANT ROLL ON ORCHID VIOLA 50 ML,2271394
فا بليه حريمي فروت 50 م,FA DEODORANT ROLL ON ORCHID VIOLA 50 ML,2398226
فا بليه رجالي 50 مل اتركشن فورس,FA ATTRACTION FORCE DEODORANT ROLL ON 50 ML,2603207
فا بليه رجالي 50 مل سبورت,FA MEN FRESHLY FREE ROLL 50 ML,2603206
فا بليه رجالي 50 مل ليمون وزنجبيل,FA MEN FRESHLY FREE ROLL 50 ML,2603208
فا بليه رجالي 50 مل نعناع وبرجموت,FA SPRAY 150 ML FOR MEN MINT,2603209
فا بليه سبورت رجالي 50 مل كحلي,FA ANTIPERSPIRANT ROLL ON SPORT ENERGIZ FOR MEN 50 ML,2168729
فا بليه سوفت كنترول 50 مل لبني,FA SOFT CONTROL DEODORANT ROLL ON 50 ML,2129929
فا بليه فلورال بروتكت 50 مل اصفر,FA ANTIPERSPIRANT ROLL ON FLORAL PROTECT 50 ML,2130081
فا بليه فلوريدا اوركيديا حريمي 50 مل اصفر,FA DEODORANT ROLL ON ORCHID VIOLA 50 ML,1400166
فا بليه فيجي 50 مل احمر,FA FIJI DREAM DEODORANT ROLL ON 50 ML,2398231
فا بليه ليمون وجنزابيل رجالي 50 مل اسود في اصفر,FA ANTIPERSPIRANT ROLL ON LIME GINGER FOR MEN 50 ML,2130417
فا بليه نعناع رجالي 50 مل اخضر في اسود,FA ROLL ON DEODORANT WITH MINT FOR MEN 50 ML,2168728
فابوزول استنشاق,VAPOZOL SOL. FOR INH. 30 ML,2638429
فابوزول استنشاق / ميباكو,VAPOZOL SOL. FOR INH. 30 ML,2670840
فابوزول استنشاق جديد,VAPOZOL SOL. FOR INH. 30 ML,2645405
فابوزول محلول 30 مل,VAPOZOL SOL. FOR INH. 30 ML,2633469
فابوزول محلول استنشاق,VAPOZOL SOL. FOR INH. 30 ML,2683070
فات بوم 30 اقراص,FAT BOOM 30 HARD GELATIN CAPSULES,2532482
فات بووم 30 كبسوله,LADY VIT 30 CAP,2681311
فاتاشي 20 كبسول,FATTACHE 20 CAPSULES,2470306
فاتاشي جايد 30 كبسول,FATTACHE GUIDE 30 TABLETS,1277418
فاتروكسيم 200 مجم 10 اقراص,FATROXIM 200 MG 10 F.C. TAB.,2127557
فاتروكسيم 200 مجم 10 اقراص,FATROXIM 200 MG 10 F.C. TAB.,2670863
فاتروكسيم 550 مجم 30 اقراص,FATROXIM 550 MG 30 TABS,1740278
فاتيكا بديل زيت لتساقط الشعر اخضر صبار 200 مل,VATIKA HAIR FALL CONTROL OIL REPLACEMENT 200 ML,1400866
فاتيكا بديل للشعر الجاف برتقالي لوز 200 مل,VATIKA OIL REPLACEMENT FOR SMOOTH SILKY 200 ML,1400792
فاتيكا بلسم 400 اصلاح,VATIKA GARLIC CONDITIONER 400 ML,2496081
فاتيكا بلسم 400 تساقط,VATIKA GARLIC CONDITIONER 400 ML,2496080
فاتيكا بلسم 400 تغذيه حنه و لوز,VATIKA HAIR CODITIONER WITH ALMOND AND HENNA 400 ML,2496082
فاتيكا بلسم 400 ثوم,VATIKA GARLIC CONDITIONER 400 ML,2496084
فاتيكا جل 185 م انبوبه اخضر,VATIKA MENS GEL 17 ML,2305971
فاتيكا جل 185 مل اخضر + 35 % زياده,VATIKA NATURALS MEN STYLING HAIR GEL 185 ML SPIKE UP WITH STRONG HOLD 35 % OFFER,2130214
فاتيكا جل 185 مل ازرق + 35 % زياده,VATIKA NATURALS MEN STYLING HAIR GEL 185 ML WET LOOK STYLING 35 % OFFER,1442283
فاتيكا جل 250 مل اخضر برطمان,VATIKA NATURALS MEN STYLING HAIR GEL 250 ML WITH STRONG HOLD,1669917
فاتيكا جل 250 مل ازرق برطمان,VATIKA NATURALS MEN STYLING HAIR GEL 250 ML WET LOOK STYLING,1400085
فاتيكا حمام كريم 1000 مل بالثوم,VATIKA HAIR CREAM MUSK 1000 GM WITH GARLIC,1400396
فاتيكا حمام كريم 1000 مل بالحبه السوداء,VATIKA HAIR CREAM MUSK 1000 GM WITH BLACK SEAD,1400399
فاتيكا حمام كريم 1000 مل بالمنك,VATIKA HAIR CREAM MUSK 1000 GM WITH MINK,1401693
فاتيكا حمام كريم 1000 مل ترطيب بالزيتون واللوز,VATIKA HAIR CREAM MUSK 1000 GM WITH DEEP CONDITIONING,1399877
فاتيكا حمام كريم 1000 مل تساقط بالصبار,VATIKA HAIR CREAM MUSK 1000 GM CONTROL HAIR FALL,1400857
فاتيكا حمام كريم 1000 مل تغذيه مكثفه بالبيض والعسل والخروع,VATIKA HAIR CREAM MUSK 1000 GM FOR INTENSIVE NOURISHMENT,1435398
فاتيكا حمام كريم 1000 مل جرجير,VATIKA HAIR CREAM MUSK 1000 GM WITH WATERCRESS,1401317
فاتيكا حمام كريم 1000 مل جنين القمح,VATIKA HAIR CREAM MUSK 1000 GM WITH WHEAT GERM,1400835
فاتيكا حمام كريم 225 جم بالجرجير والنخاع وفيتامين ه اخضر,VATIKA HAIR CREAM MUSK 225 GM WITH WATERCRESS,2043594
فاتيكا حمام كريم 225 جم ترطيب بالزيتون واللوز,VATIKA NATURALS HAIR TREATMENT CREAM 900 G DEEP CONDITIONING 225 GM WITH OLIVE AND ALMOND,2043591
فاتيكا حمام كريم 225 مل بالبيض والعسل والخروع تغذيه مكثفه,VATIKA HAMMAM CREAM WITH EGG HONEY CASTOR MARROW 225 ML,2043590
فاتيكا حمام كريم 225 مل جنين القمح,VATIKA HAIR CREAM MUSK 225 GM WITH WHEAT GERM,2060125
فاتيكا حمام كريم 250 م بالثوم,VATIKA HAIR CREAM MUSK 250 GM WITH GARLIC,1778337
فاتيكا حمام كريم 250 م بالمنك,VATIKA HAIR CREAM MUSK 250 GM WITH MINK,1778341
فاتيكا حمام كريم 250 م بجنين القمح,VATIKA HAIR CREAM MUSK 250 GM WITH GERM WHEAT,1778339
فاتيكا حمام كريم 250 م بحبه البركه,VATIKA HAIR CREAM MUSK 250 GM WITH BLACK SEAD,1778340
فاتيكا حمام كريم 250 م ترطيب,VATIKA HAIR CREAM MUSK 250 GM WITH DEEP CONDITIONING,2129928
فاتيكا حمام كريم 250 م تساقط,VATIKA HAIR CREAM MUSK 250 GM WITH CONTROL HAIR FALL,1778334
فاتيكا حمام كريم 250 م جرجير,VATIKA HAIR CREAM MUSK 250 GM WITH WATERCRESS,1778338
فاتيكا حمام كريم 500 م ارجان,VATIKA HAIR CREAM MUSK 500 GM WITH ARGAN OIL,1662154
فاتيكا حمام كريم 500 م بالثوم,VATIKA HAIR CREAM MUSK 500 GM WITH GARLIC,1400326
فاتيكا حمام كريم 500 م بالحبه السوداء,VATIKA HAIR CREAM MUSK 500 GM WITH BLACK SEAD,1400402
فاتيكا حمام كريم 500 م بالمنك,VATIKA HAIR CREAM MUSK 500 GM WITH MINK,1662158
فاتيكا حمام كريم 500 م ترطيب بالزيتون واللوز والحنه,VATIKA HAIR CREAM MUSK 500 GM WITH DEEP CONDITIONING,1623313
فاتيكا حمام كريم 500 م تساقط بالصبار,VATIKA HAIR CREAM MUSK 500 GM WITH CONTROL HAIR FALL,1400444
فاتيكا حمام كريم 500 م تغذيه مكثه بالبيض والعسل,VATIKA HAIR CREAM MUSK 500 GM WITH INTENSIVE NOURISHMENT,1399822
فاتيكا حمام كريم 500 م جرجير والنخاع وفيتامين ه,VATIKA HAIR CREAM MUSK 500 GM WITH WATERCRESS,2095738
فاتيكا حمام كريم 500 م جنين القمح,VATIKA HAIR CREAM MUSK 500 GM WITH GERM WHEAT,1400810
فاتيكا حمام كريم 500 مل مايونيز اصلاح,VATIKA HAIR CREAM MUSK 500 GM WITH MAYONNAISE REPAIR AND RESTORE,1400687
فاتيكا حمام كريم 500 مل مايونيز ترطيب,VATIKA HAIR CREAM MUSK 500 GM WITH MAYONNAISE DEEP CONDITIONING,1400828
فاتيكا حمام كريم 500 مل مايونيز تساقط,VATIKA HAIR CREAM MUSK 500 GM WITH MAYONNAISE CONTROL HIR FALL,1400829
فاتيكا حمام كريم اكياس 35 جم بالثوم,VATICA SACHET 35 GM WITH GARLIC,2603211
فاتيكا حمام كريم اكياس 35 جم بالكيس بالمنك,VATICA SACHET 35 GM WITH GARLIC,2603210
فاتيكا حمام كريم اكياس 35 جم بالكيس تغذيه مكثفه,VATICA SACHET 35 GM WITH GARLIC,2603213
فاتيكا حمام كريم اكياس 35 جم بزيت الارجان,VATICA SACHET 35 GM WITH ARGAN OIL,1903984
فاتيكا حمام كريم اكياس جنين القمح شريط 8 اكياس,VATICA SACHETS WHEAT GERM 8 PCS,1400844
فاتيكا حمام كريم اكياس شريط 8 اكياس ترطيب بالزيتون واللوز,WITH OLIVE AND ALMOND VATIKA NATURALS HAIR TREATMENT CREAM 35 G DEEP CONDITIONING 8 PCS,1400282
فاتيكا حمام كريم اكياس شريط 8 اكياس تساقط بالجرجير,VATIKA NATURALS HAIR TREATMENT CREAM 35 G CONTROL HIR FALL,2130588
فاتيكا حمام كريم اكياس شريط 8 اكياس تغذيه,VATIKA NATURALS HAIR TREATMENT CREAM 35 G INTENSIVE NOURISHMENT,1435396
فاتيكا حمام كريم اكياس شريط 8 اكياس ثوم,VATIKA NATURALS HAIR TREATMENT CREAM 35 G GARLIC,1400490
فاتيكا حمام كريم اكياس شريط 8 اكياس حبه سوداء,VATIKA NATURALS HAIR TREATMENT CREAM 35 G BLACK SEAD,1400534
فاتيكا حمام كريم اكياس شريط 8 اكياس منك,VATIKA NATURALS HAIR TREATMENT CREAM 35 G MINK 8 PCS,1400854
فاتيكا حمام كريم صغير 225 مل بالارجان بني,VATIKA HAIR CREAM MUSK 225 GM WITH ARGAN OIL,2603212
فاتيكا حمام كريم صغير 225 مل بالثوم ابيض,VATIKA HAIR MUSK CREAM 225 WITH GARLIC,2603214
فاتيكا حمام كريم صغير 225 مل بالجرجير اخضر,VATIKA HAIR CREAM MUSK 225 GM WITH WATERCRESS,2603215
فاتيكا حمام كريم صغير 225 مل بالمنك بني,VATIKA HAIR MUSK CREAM 225 WITH MINK,2603216
فاتيكا حمام كريم صغير 225 مل بجنين القمح احمر,VATIKA HAIR CREAM MUSK 225 GM WITH WHEAT GERM,2603218
فاتيكا حمام كريم صغير 225 مل بزبده الشيا,VATIKA HAIR MASK 225 GM SHEA BUTTER,2603217
فاتيكا حمام كريم صغير 225 مل ترطيب عميق موف,VATIKA HAIR MASK 225 GM SHEA BUTTER,2603219
فاتيكا حمام كريم صغير 225 مل تغذيه مكثفه فوشيا,VATIKA HAMMAM CREAM WITH EGG HONEY CASTOR MARROW 225 ML,2603220
فاتيكا حمام كريم صغير شيا,VATIKA HAMMAM CREAM OLIVE 250 ML,2631925
فاتيكا حمام كريم كبير 900 جم بالجرجير اخضر,VATIKA HAIR CREAM MUSK 900 GM WITH WATERCRESS,2603222
فاتيكا حمام كريم كبير 900 جم بالمنك بني,VATIKA HAIR MUSK CREAM 900 WITH MINK,2603223
فاتيكا حمام كريم كبير 900 جم بجنين القمح احمر,VATIKA HAIR CREAM MUSK 900 GM WITH GERM WHEAT,2603224
فاتيكا حمام كريم كبير 900 جم بذبه الشياء بيج,VATIKA HAIR CREAM MUSK 900 GM WITH ARGAN OIL,2603225
فاتيكا حمام كريم كبير 900 جم ترطيب عميق موف,VATIKA HAIR CREAM MUSK 900 GM WITH ARGAN OIL,2603226
فاتيكا حمام كريم كبير 900 جم تغذيه مكثفه فوشيا,VATIKA HAMMAM CREAM WITH EGG HONEY CASTOR MARROW 900 ML,2603227
فاتيكا حمام كريم كبير 900 جم حبه سوداء اسود,VATICA SACHET 35 GM WITH BLACK SEED,2603228
فاتيكا حمام كريم كبير 900 جم حمايه من التساقط زيتي,VATIKA HAMMAM CREAM OLIVE 500 ML,2603229
فاتيكا حمام كريم كبير شيا,VATIKA HAMMAM CREAM OLIVE 250 ML,2631924
فاتيكا حمام كريم للشعر 225 مل بالثوم الابيض,VATIKA HAIR MUSK CREAM 225 WITH GARLIC,2043593
فاتيكا حمام كريم للشعر 225 مل بالحبه السوداء,VATIKA HAIR MUSK CREAM 225 WITH BLACK SEED,2043588
فاتيكا حمام كريم للشعر 225 مل بالمنك,VATIKA HAIR MUSK CREAM 225 WITH MINK,2043595
فاتيكا حمام كريم وسط 450 جم بالارجان بني,VATIKA HAIR MUSK CREAM 450 WITH ARGAN,2603231
فاتيكا حمام كريم وسط 450 جم بالمنك نبيتي,VATIKA HAIR CREAM MUSK 450 GM WITH MINK,2603230
فاتيكا حمام كريم وسط 450 جم بجنين القمح احمر,VATIKA HAIR CREAM MUSK 450 GM WITH GERM WHEAT,2603232
فاتيكا حمام كريم وسط 450 جم بزبده الشيا بيج,VATIKA HAIR MASK 225 GM SHEA BUTTER,2603233
فاتيكا حمام كريم وسط 450 جم تغذيه مكثفه فوشيا,VATIKA HAMMAM CREAM WITH EGG HONEY CASTOR MARROW 450 ML,2603234
فاتيكا حمام كريم وسط 450 جم حبه سوداء اسود,VATICA SACHET 35 GM WITH BLACK SEED,2603235
فاتيكا حمام كريم وسط 450 جم حمايه من التساقط زيتي,VATIKA HAMMAM CREAM OLIVE 500 ML,2603236
فاتيكا حمام كريم وسط شيا,VATICA SACHET 35 GM WITH GARLIC,2631926
فاتيكا حنه 6 اكياس اسود بالعلبه,VATIKA HENNA HAIR COLOR 60 G BLACK 6 PCS,2645993
فاتيكا حنه 6 اكياس برغندي بالعلبه,VATIKA HENNA HAIR COLOR 60 G BURGUNDY 6 PCS,1676476
فاتيكا حنه 6 اكياس بني بالعلبه,VATIKA HENNA HAIR COLOR 60 G BROWN 6 PCS,1400351
فاتيكا حنه 6 اكياس كستنائي بالعلبه,VATIKA HENNA HAIR COLOR 60 G CHESTNUT 6 PCS,1876718
فاتيكا ديرموفيفا غسول 150 مل بشره جافه باللوز والعسل,VATIKA DERMOVIVA FACE WASH 150 ML FOR DRY SKIN,2219497
فاتيكا ديرموفيفا غسول 150 مل بشره دهنيه,VATIKA DERMOVIVA FACE WASH 150 ML FOR OILY SKIN,2311081
فاتيكا ديرموفيفا غسول 150 مل لجميع انواع البشره,VATIKA DERMOVIVA FACE WASH 150 ML FOR ALL SKIN TYPE,1927605
فاتيكا ديرموفيفا غسول 50 مل بشره جافه باللوز والعسل,VATIKA DERMOVIVA FACE WASH 50 ML FOR DRY SKIN,1669919
فاتيكا ديرموفيفا غسول 50 مل لجميع انواع البشره,VATIKA DERMOVIVA FACE WASH 50 ML FOR ALL SKIN TYPE,1679473
فاتيكا ديرموفيفا غسول بشره دهنيه 150,VATIKA DERMOVIVA FACE WASH 150 ML FOR OILY SKIN,2566486
فاتيكا ديرموفيفا غسول ترطيب 60 مل,VATIKA DERMOVIVA FACE WASH 50 ML FOR OILY SKIN,2472212
فاتيكا زيت 180 م روزماري 10 % خ,VATIKA HAIR OIL 180 ML WITH ROSEMARY,2337644
فاتيكا زيت 180 مل الوفيرا,VATIKA HAIR OIL 180 ML WITH ALEO VERA,1778368
فاتيكا زيت 180 مل الوفيرا عرض,VATIKA HAIR OIL 180 ML WITH ALEO VERA OFFER,1400952
فاتيكا زيت 180 مل جرجير,VATIKA HAIR OIL 180 ML WITH WATERCRESS,1400962
فاتيكا زيت 180 مل جوز هند,VATIKA HAIR OIL 180 ML WITH COCONUT,1400944
فاتيكا زيت 180 مل حبه البركه,VATIKA NATURALS BLACKSEED HAIR OIL 180 ML,1401547
فاتيكا زيت 180 مل زيتون,VATIKA HAIR OIL 180 ML WITH OLIVE OIL,1400941
فاتيكا زيت 180 مل لوز,VATIKA HAIR OIL 180 ML WITH ALOMND OIL,1400948
فاتيكا زيت 180 مل منك,VATIKA HAIR OIL 180 ML WITH MINK,1399922
فاتيكا زيت 45 مل ارجان,VATIKA HAIR OIL 45 ML WITH ARGAN OIL,1662160
فاتيكا زيت 45 مل الوفيرا,VATIKA HAIR OIL 45 ML WITH ALEO VERA,1400960
فاتيكا زيت 45 مل بالحبه السوداء,VATIKA NATURALS BLACKSEED HAIR OIL 45 ML,1435403
فاتيكا زيت 45 مل بالمنك,VATIKA HAIR OIL 45 ML WITH MINK,1570967
فاتيكا زيت 45 مل جرجير,VATIKA HAIR OIL 45 ML WITH WATERCRESS,1400996
فاتيكا زيت 45 مل جوز هند,VATIKA HAIR OIL 45 ML WITH COCONUT,1401003
فاتيكا زيت 45 مل زيتون,VATIKA HAIR OIL 45 ML WITH OLIVE OIL,1400961
فاتيكا زيت 45 مل لوز,VATIKA HAIR OIL 45 ML WITH ALOMND OIL,1570966
فاتيكا زيت 90 مل ارجان,VATIKA HAIR OIL 90 ML WITH ARGAN OIL,1400761
فاتيكا زيت 90 مل الوفيرا,VATIKA HAIR OIL 90 ML WITH ALEO VERA,1401002
فاتيكا زيت 90 مل جرجير,VATIKA HAIR OIL 90 ML WITH WATERCRESS,1400558
فاتيكا زيت 90 مل جوز هند عرض,VATIKA HAIR OIL 90 ML WITH COCONUT OFFER,1400957
فاتيكا زيت 90 مل حبه سودا,VATIKA HAIR OIL 90 ML WITH BLACK SEAD,1401544
فاتيكا زيت 90 مل زيتون عرض,VATIKA HAIR OIL 90 ML WITH OLIVE OIL OFFER,2169343
فاتيكا زيت 90 مل صبار عرض,VATIKA HAIR OIL 90 ML WITH CITRUS OFFER,1400987
فاتيكا زيت 90 مل لوز,VATIKA HAIR OIL 90 ML WITH ALOMND OIL,1400956
فاتيكا زيت 90 مل منك,VATIKA HAIR OIL 90 ML WITH MINK,1401379
فاتيكا زيت اكياس 12 ق,VATIKA MENS GEL 17 ML 12 PCS,1833227
فاتيكا زيت صغير 45 مل بالارجان خصم 10,VATIKA HAIR OIL 45 ML WITH MINK,2603238
فاتيكا زيت صغير 45 مل بالالوفير خصم 10,VATIKA HAIR OIL 45 ML WITH MINK,2603240
فاتيكا زيت صغير 45 مل بالزيتون خصم 10,VATIKA HAIR OIL 45 ML WITH OLIVE OIL,2603239
فاتيكا زيت صغير 45 مل باللوز خصم 10,VATIKA HAIR OIL 45 ML WITH MINK,2603241
فاتيكا زيت صغير 45 مل بالمنك خصم 0 1,VATIKA HAIR OIL 45 ML WITH MINK,2603242
فاتيكا زيت صغير 45 مل بجوز الهند خصم 10,VATIKA HAIR OIL 45 ML WITH COCONUT,2603243
فاتيكا زيت كبير 180 مل بالارجان خصم 10,VATIKA HAIR OIL 180 ML WITH CITRUS,2603244
فاتيكا زيت كبير 180 مل بالاوفير خصم 10,VATIKA HAIR OIL 180 ML WITH CITRUS,2603245
فاتيكا زيت كبير 180 مل بالحبه السوداء خصم 10,VATIKA NATURALS BLACKSEED HAIR OIL 45 ML,2603246
فاتيكا زيت كبير 180 مل بالزيتون خصم 10,VATIKA HAIR OIL 180 ML WITH OLIVE OIL,2603247
فاتيكا زيت كبير 180 مل بالصبار خصم 10,VATIKA HAIR OIL 180 ML WITH CITRUS,2603248
فاتيكا زيت كبير 180 مل باللوز خصم 10,VATIKA HAIR OIL 180 ML WITH CITRUS,2603249
فاتيكا زيت كبير 180 مل بالمنك خصم 10,VATIKA HAIR OIL 180 ML WITH MINK,2603251
فاتيكا زيت كبير 180 مل جواهر خصم 10,VATIKA HAIR OIL 180 ML WITH OLIVE OIL,2603250
فاتيكا زيت وسط 90 مل بالارجان خصم 10,VATIKA HAIR OIL 90 ML WITH ARGAN OIL,2603253
فاتيكا زيت وسط 90 مل بالالوفير خصم 10,VATIKA HAIR OIL 90 ML WITH ROSEMARY,2603252
فاتيكا زيت وسط 90 مل بالجرجير خصم 10,VATIKA HAIR OIL 90 ML WITH WATERCRESS,2603254
فاتيكا زيت وسط 90 مل بالحبه السوداء خصم 10,VATIKA NATURALS BLACKSEED HAIR OIL 45 ML,2603255
فاتيكا زيت وسط 90 مل بالصبار خصم 10,VATIKA HAIR OIL 180 ML WITH CITRUS,2603256
فاتيكا زيت وسط 90 مل باللوز خصم 10,VATIKA HAIR OIL 90 ML WITH ALOMND OIL,2603257
فاتيكا زيت وسط 90 مل بالمنك خصم 10,VATIKA HAIR OIL 45 ML WITH MINK,2603258
فاتيكا زيت وسط 90 مل بجوز الهند خصم 10,VATIKA HAIR OIL 90 ML WITH CITRUS,2603259
فاتيكا زيت وسط 90 مل روزماري خصم 10,VATIKA HAIR OIL 90 ML WITH ROSEMARY,2603260
فاتيكا سيرم 47 مل اصلاح وترميم,VATIKA NATURALS HAIR SERUM 47 ML REPAIR AND RESTORE,1635404
فاتيكا سيرم 47 مل اصلاح وترميم فوشيا,VATIKA NATURALS HAIR SERUM 47 ML REPAIR AND RESTORE,2603261
فاتيكا سيرم 47 مل حمايه من الحراره,VATIKA NATURALS HAIR SERUM 47 ML HEAT PROTECTION,1401033
فاتيكا سيرم 47 مل حمايه من الحراره احمر,VATIKA NATURALS HAIR SERUM 47 ML HEAT PROTECTION,2603262
فاتيكا سيرم 47 مل مقاوم تجاعيد موف,VATIKA NATURALS HAIR SERUM 47 ML FRIZZ CONTROL,2603263
فاتيكا سيرم 47 مل مقاوم للتجاعيد,VATIKA NATURALS HAIR SERUM 47 ML FRIZZ CONTROL,1472208
فاتيكا شامبو 180 مل بالثوم لنمو الشعر ابيض عرض,VATIKA GARLIC SHAMPOO 180 ML DISCOUNT 15 %,1455211
فاتيكا شامبو 180 مل بالروزماري عرض,VATIKA SHAMPOO WITH ROSEMARRY 180 ML OFFER,2169764
فاتيكا شامبو 180 مل بجوز الهند للكثافه والحجم ازرق عرض,VATIKA SHAMPOO VOLUME THICKNESS 180 ML DISCOUNT 15 %,1778392
فاتيكا شامبو 190 مل حبه سوداء عرض,VATIKA SHAMPOO WITH BLACK SEED 190 ML DISCOUNT 15 %,1400980
فاتيكا شامبو 190 مل يحافظ علي الرطوبه برتقالي لوز عسل,VATIKA NATURALS SHAMPOO 190 ML MOISTURE TREATMENT,2169349
فاتيكا شامبو 190 يغذي و يحمي / عادي,VATIKA GARLIC SHAMPOO 190 ML,1934209
فاتيكا شامبو 350 مل رجالي ضد القشره ازرق,VATIKA MENZ ANTI DANDRUFF SHAMPOO 350 ML,2169354
فاتيكا شامبو 360 مل باللوز وعسل يحافظ علي الترطيب برتقالي عرض,VATIKA MOISTURE TREATMENT SHAMPOO 360 ML DISCOUNT 15 %,2169346
فاتيكا شامبو 360 مل بجوز الهند للكثافه والحجم ازرق عرض,VATIKA SHAMPOO VOLUME THICKNESS 360 ML DISCOUNT 15 %,2130637
فاتيكا شامبو 400 تساقط خ س,VATIKA HAIR FALL CONTROL SHAMPOO 400 ML,1400838
فاتيكا شامبو 400 حبه سوداء خ س,VATIKA SHAMPOO WITH BLACK SEED 190 ML DISCOUNT 15 %,1662162
فاتيكا شامبو 400 عادي / اخضر خ س,VATIKA SHAMPOO WITH OLIVE ALMOND HENNA 400 ML,2336643
فاتيكا شامبو 600 مل بالجرجير والزيتون لتغذيه الشعر اخضر,VATIKA SHAMPOO GERGIR AND OLIVE 600 ML,2406766
فاتيكا شامبو 600 مل بالزيتون والحنه للشعر العادي اخضر,VATIKA SHAMPOO WITH OLIVE ALMOND HENNA 600 ML,2169353
فاتيكا شامبو زيت 425 مل مغذي برائحه الكركديه,VATIKA NATURALS NOURISHING OIL SHAMPOO WITH HIBISCUS SCENT 425 ML,1821869
فاتيكا غسول مينز 150 مل بالليمون والشاي الاخضر,VATIKA MENZ SKIN ENERGIZING FACIAL WASH 150 ML,2311080
فاتيكا كريم 125 جم جرجير,VATIKA NATURALS HAIR CREAM 125 ML WITH WATERCRESS,1925561
فاتيكا كريم 125 مل بالجرجير عرض,VATIKA NATURALS HAIR CREAM 125 ML WITH WATERCRESS OFFER,1778432
فاتيكا كريم 125 مل بالحبه السوداء,VATIKA NATURALS HAIR CREAM 125 ML WITH BLACK SEAD,1404644
فاتيكا كريم 125 مل بالمنك,VATIKA NATURALS HAIR CREAM 125 ML WITH MINK,1400169
فاتيكا كريم 125 مل برتقالي لوز وعسل,VATIKA NATURALS HAIR CREAM 125 ML WITH ALMOND HONNY,1656588
فاتيكا كريم 125 مل بزبده الشيا,VATIKA NATURALS HAIR CREAM 125 ML WITH SHAE BUTTER,1401279
فاتيكا كريم 125 مل بزيت الارجان,VATIKA NATURALS HAIR CREAM 125 ML WITH ARGAN OIL,1400935
فاتيكا كريم 125 مل جوز هند,VATIKA NATURALS HAIR CREAM 125 ML WITH COCONUT,1400936
فاتيكا كريم 125 مل حنا ولوز اخضر,VATIKA NATURALS HAIR CREAM 125 ML WITH ALMOND HENNA,1419841
فاتيكا كريم 125 مل زيتون وصبار,VATIKA NATURALS HAIR CREAM 125 ML WITH OLIVE OIL ALEO VERA,1400953
فاتيكا كريم 125 مل ليمون اصفر,VATIKA NATURALS HAIR CREAM 125 ML WITH LEMON,1400942
فاتيكا كريم 190 م كبير جرجير / خ س,VATIKA NATURALS HAIR CREAM 190 ML WITH WATERCRESS,2625900
فاتيكا كريم 190 مل بالحبه السوداء,VATIKA NATURALS HAIR CREAM 190 ML WITH BLACK SEAD,1656591
فاتيكا كريم 190 مل بالمنك,VATIKA NATURALS HAIR CREAM 190 ML WITH MINK,1802108
فاتيكا كريم 190 مل برتقالي لوز وعسل,VATIKA NATURALS HAIR CREAM 190 ML WITH ALMOND HONNY,1400976
فاتيكا كريم 190 مل بزيت الارجان,VATIKA NATURALS HAIR CREAM 190 ML WITH ARGAN OIL,2130898
فاتيكا كريم 190 مل جوز هند,VATIKA NATURALS HAIR CREAM 190 ML WITH COCONUT,1400974
فاتيكا كريم 190 مل صبار و زيتون زيتي,VATIKA NATURALS HAIR CREAM 190 ML WITH OLIVE OIL ALEO VERA,2130894
فاتيكا كريم 190 مل لوز وحناء وصبار اخضر,VATIKA NATURALS HAIR CREAM 190 ML WITH ALMOND HENNA,1400982
فاتيكا كريم 190 مل ليمون اصفر قشره,VATIKA NATURALS HAIR CREAM 190 ML WITH LEMON,1401009
فاتيكا كريم 210 مل بالحبه السوداء,VATIKA NATURALS HAIR CREAM 210 ML WITH BLACK SEAD,1400965
فاتيكا كريم 210 مل برتقالي لوز وعسل عرض,VATIKA NATURALS HAIR CREAM 210 ML WITH ALMOND HONNY OFFER,2166609
فاتيكا كريم 65 م جرجير خ س,VATIKA HAIR CREAM MUSK 250 GM WITH WATERCRESS,2357717
فاتيكا كريم 65 مل بازبده الشيا,VATIKA NATURALS EXTREME MOISTURIZING STYLE HAIR CREAM 65 ML,1400514
فاتيكا كريم 65 مل بالجرجير عرض,VATIKA NATURALS HAIR CREAM 65 ML WITH WATERCRESS OFFER,2131609
فاتيكا كريم 65 مل بالحبه السودا,VATIKA NATURALS HAIR CREAM 65 ML WITH BLACK SEAD,2603267
فاتيكا كريم 65 مل برتقالي لوز وعسل,VATIKA NATURALS HAIR CREAM 65 ML WITH ALMOND HONNY,1401019
فاتيكا كريم 65 مل جوز هند,VATIKA NATURALS HAIR CREAM 65 ML WITH COCONUT,2603266
فاتيكا كريم 65 مل زيت الارجان,VATIKA NATURALS HAIR CREAM 65 ML WITH ARGAN OIL,1400989
فاتيكا كريم 65 مل زيتون وصبار,VATIKA NATURALS HAIR CREAM 65 ML WITH OLIVE OIL ALEO VERA,2603268
فاتيكا كريم 65 مل لوز وحنا,VATIKA NATURALS HAIR CREAM 65 ML WITH ALMOND HENNA,1624551
فاتيكا كريم 65 مل ليمون اصفر قشره,VATIKA NATURALS HAIR CREAM 65 ML WITH LEMON,2603269
فاتيكا كريم 70 مل بزيت مينك,VATIKA CREAM 70 ML WITH MINK,2082720
فاتيكا كريم شعر 210 مل بالجرجير,VATIKA NATURALS HAIR CREAM 210 ML WATERCRESS,2037210
فاتيكا كريم شعر 210 مل بجوز الهند عرض,VATIKA NATURALS HAIR CREAM 210 ML WITH COCONUT OFFER,2166610
فاتيكا كريم شعر 210 مل بزبده الشيا عرض,VATIKA NATURALS HAIR CREAM 210 ML WITH SHEA BUTTER OFFER,2197628
فاتيكا كريم شعر 210 مل بزيت الارجان,VATIKA NATURALS HAIR CREAM 210 ML WITH ARGAN OIL,1400973
فاتيكا كريم شعر صغير 65 مل بالجرجير اخضر,VATIKA NATURALS HAIR CREAM 210 ML WATERCRESS,2603264
فاتيكا كريم شعر صغير 65 مل بالحنا اخضر,VATIKA MENS GEL 17 ML,2603265
فاتيكا كريم شعر كبير 190 مل بالحبه السوداء اسود,VATIKA NATURALS HAIR CREAM 190 ML WITH BLACK SEAD,2603271
فاتيكا كريم شعر كبير 190 مل باللوز والعسل برتقالي,VATIKA NATURALS HAIR CREAM 190 ML WITH ALMOND HONNY,2603273
فاتيكا كريم شعر كبير 190 مل بالمنك بني,VATIKA NATURALS HAIR CREAM 190 ML WITH MINK,2603274
فاتيكا كريم شعر كبير 190 مل زيتون زيني,VATIKA HAMMAM CREAM OLIVE 1000 ML,2603275
فاتيكا كريم شعر كبير 190 مل ضد القشره اصفر,VATIKA NATURALS HAIR CREAM 190 ML WITH LEMON,2603276
فاتيكا كريم شعر وسط 125 مل بالحبه السوداء,VATIKA NATURALS HAIR CREAM 125 ML WITH BLACK SEAD,2603277
فاتيكا كريم شعر وسط 125 مل بالزيتون زيتي,VATIKA NATURALS HAIR CREAM 125 ML WITH MINK,2603278
فاتيكا كريم شعر وسط 125 مل باللوز والعسل برتقالي,VATIKA NATURALS HAIR CREAM 125 ML WITH ALMOND HONNY,2603279
فاتيكا لوشن اطفال 100 مل اوليف,VATIKA NATURALS BABY MOISTURIZING LOTION 100 ML,1778310
فاجلوزينو 10 مجم 30 اقراص,FAGLOZINO 10 MG 30 F.C. TABS.,1300020
فاجيزول 2 % كريم مهبلي,VAGIZOLE 2 % VAGINAL CREAM 15 GM+ 3 APPLICATORS,2145532
فاجيكليند 2 % كريم مهبلي 20 جم,VAGICLIND 2 % VAGINAL CREAM 20 GM,2275392
فاجيكليند 2 % كريم مهبلي 40 جم,VAGICLIND 2 % VAGINAL CREAM 40 GM,2385235
فاردابيكس 10 مجم 4 اقراص,VARDAPEX 10 MG 4 F.C. TABS,904202
فاردي 20 مجم 4 اقراص,VARDE 20 MG 4 F.C. TABS,1774852
فاردينا 20 مجم 4 اقراص,VARDENA 20 MG 4 F.C. TABS,2248474
فاردينوركت 5 مجم 30 اقراص,VARDENORECT 5 MG 30 F.C.TABS.,2683010
فاردينوريكت 10 مجم 4 اقراص,VARDENORECT 10 MG 4 F.C. TABS,2568986
فاردينوريكت 10 مجم 4 اقراص,VARDENORECT 10 MG 4 F.C. TABS,2560135
فاردينوريكت 10 مجم 4 ق / المجموعه المصريه,VARDENORECT 10 MG 4 F.C. TABS,2625670
فاردينوريكت 20 مجم,VARDENORECT 20 MG 8 F.C. TABS,2669708
فاردينوريكت 5 مجم 30 اقراص,VARDENORECT 5 MG 30 F.C.TABS.,1774856
فارسيرت 300 مجم 2 لبوس,PHARSERT 300 MG 2 SUPP,2637243
فارسيرت جل موضعي 30 جم,PHARSERT 2 % TOPICAL GEL 30 GM,2636296
فارسيرت كريم موضعي 30 جم,PHARSERT 2 % TOPICAL CREAM 30 GM,2558969
فاركوبرازون قطره 5 مل,FARCOBRASONE EYE SUSP. DROPS 5 ML,2589158
فاركوتيليام 1 مجم / مل شراب 120 مل,FARCOTILIUM 1 MG / ML SUSP. 120 ML,1623260
فاركوتيليام 10 مجم 24 كبسول,FARCOTILIUM 10 MG 24 CAPS.,1882807
فاركوسولفين شراب 120 مل,FARCOSOLVIN SYRUP 120 ML,2206923
فاركوسين 0.1 % كريم 20 جم,FARCOCIN 0.1 % CREAM 20 GM,2454646
فاركوسين 0.1 % مرهم 20 جم,FARCOCIN 0.1 % OINT. 20 GM,1432181
فاركوفيت ب 12 كبسول,FARCOVIT B 12 30 CAPS.,1547873
فاركولين 0.5 % محلول استنشاق 20 مل,FARCOLIN RESPIRATOR 0.5 % SOLN. 20 ML,904209
فارما اكتيف اسبري,FARMACTIVE HYDRO GEL 15 GM,2550710
فارما اكتيف بخاخ,FARMACTIVE HYDRO GEL 15 GM,2159877
فارما اكتيف بخاخ,FARMACTIVE HYDRO GEL 15 GM,2098863
فارما اكتيف بخاخ,FARMACTIVE HYDRO GEL 15 GM,2643796
فارما اكتيف بخاخ جديد,FARMACTIVE HYDRO GEL 15 GM,2422725
فارما اكتيف سيلفر بخاخ 849,FARMACTIVE HYDRO GEL 15 GM,2623998
فارما بريد 1 % قطره للعين 5 مل,PHARMA PRED 1 % EYE DROPS SUSP. 5 ML,2470319
فارما بيتك 50 / 1000 30 اقراص,BIOTIN SANO PHARMA 30 TAB,2515145
فارما تيرز قطره,PHARMA PRED 1 % EYE DROPS (SUSP.) 5 ML,2316422
فارما تيرز قطره,PHARMA PRED 1 % EYE DROPS (SUSP.) 5 ML,2260779
فارما تيرز قطره,PHARMA PRED 1 % EYE DROPS SUSP. 5 ML,2267363
فارما تيرز قطره,PHARMA PRED 1 % EYE DROPS SUSP. 5 ML,2582821
فارما تيرز قطره,PHARMA PRED 1 % EYE DROPS SUSP. 5 ML,2254591
فارما تيرز قطره,PHARMA PRED 1 % EYE DROPS SUSP. 5 ML,2250301
فارما تيرز قطره,PHARMA PRED 1 % EYE DROPS SUSP. 5 ML,2630466
فارما تيرز قطره,PHARMA PRED 1 % EYE DROPS SUSP. 5 ML,2259974
فارما تيرز قطره جديد,PHARMA PRED 1 % EYE DROPS SUSP. 5 ML,2249046
فارما تيرز قطره جديد,PHARMA PRED 1 % EYE DROPS SUSP. 5 ML,2260494
فارما تيرز قطره جديد / فارما ميديكا,PHARMA PRED 1 % EYE DROPS SUSP. 5 ML,2250586
فارما تيرز قطره جديد / فارما ميديكا,PHARMA PRED 1 % EYE DROPS SUSP. 5 ML,2252802
فارما تيرز قطره عين,PHARMA PRED 1 % EYE DROPS SUSP. 5 ML,2274037
فارما فيلدامين 50 / 1000 مجم 30 اقراص,PHARMA FLAM 100 MG 20 TAB,2671612
فارمابيتك بلس 50 / 1000 مجم 30 اقراص,PHARMABETIC PLUS 50 / 1000 MG 30 F.C. TABS,2287554
فارمابيتك بلس 50 / 500 مجم 30 اقراص,PHARMABETIC PLUS 50 / 500 MG 30 F.C. TABS,2274872
فارماتيرز 0.5 % قطره للعين 15 مل,PHARMATEARS 0.5 % EYE DROPS 15 ML,2252795
فارماتيموجان قطره للعين 5 مل,PHARMATIMOGAN EYE DROPS 5 ML,1740290
فارماجاتين 0.3 % قطره للعين 5 مل,PHARMAGATIN 0.3 % EYE DROPS 5 ML,2127563
فارماستين 0.05 % قطره للعين 5 مل,PHARMASTIN 0.05 % EYE DPS. 5 ML,2515152
فارمافيلدامين 50 / 1000 مجم 30 اقراص,PHARMAVILDAMIN 50 MG / 1000 MG 30 TABS,1679631
فارمافيلدامين 50 / 850 مجم 30 اقراص,PHARMAVILDAMIN 50 MG / 850 MG 30 TABS,1595885
فارماكتيف سيلفر بخاخ 125 مل,FARMACTIVE SILVER SPRAY 125 ML,2169086
فارماكون ديب فريز بخاخ 125 مل,PHARMAKON DEEP FREEZE SPRAY 125 ML,2343507
فارماكون ديب فريز جل 125 جم,PHARMAKON DEEP FREEZE GEL 125 GM,2360036
فارماكون ديب فريز جل 60 جم,PHARMAKON DEEP FREEZE GEL 60 GM,2625655
فارنوفا 10 مجم 30 اقراص,VARNOVA 10 MG 30 F.C. TABS.,2625988
فارنوفا 20 مجم 4 اقراص,VARNOVA 20 MG 4 F.C. TABS.,2470369
فارنوفا 5 مجم 30 اقراص,VARNOVA 5 MG 30 F.C. TABS.,2571555
فاروتيتا شراب 120 مل,PHAROTITA SYRUP 120 ML,2254767
فاروريكتا 10 مجم 12 اقراص,FARORECTA 10 MG 12 F.C.TABS,2397171
فاروريكتا 20 مجم 12 اقراص,FARORECTA 20 MG 12 F.C.TABS.,2625674
فاروفيجا 100 مجم 12 اقراص,FAROVIGA 100 MG 12 F.C.TAB.,2313276
فاروفين 100 مجم 5 لبوس,PHAROFEN 100 MG 5 RECTAL SUPP.,1456327
فاروفين 75 مجم 4 امبول,PHAROFEN 75 MG 4 AMP.,2160213
فاري كريم وجبه اطفال 125 جم 100,ELEGA FREE CREAM 100 GM,2653465
فاريك كريم 75 جم,VARIC CREAM 75 GM,2472087
فاريو كريم 60 جم,VARIO CREAM 60 GM,2335755
فازلين الاهرام 20 مل,OPAL VASALIN 20 ML,2320155
فازلين الاهرام 30 مل,AHRAM VASELINE MEDICATED 30 GM,2320154
فازلين الاهرام 50 مل,OPAL VASALIN 50 ML,2320156
فازلين الاهرام 70 مل,OPAL VASALIN 70 ML,2320157
فازلين اوبال 30 جم,OPAL VASELINE 30 G,2632643
فازلين بادي اويل 200 مل كوكو باترهندي,VASELINE BODY OIL – 200 ML INTENSIVE CARE COCOA BUTTER INDIAN,2367267
فازلين بادي اويل كاكاو 200 مل,VASELINE BODY OIL – 200 ML INTENSIVE CARE COCOA BUTTER INDIAN,2622535
فازلين بيور 20 جرام برطمان,PURE VASELINE PETROLEUM JELLY 20 ML,2603286
فازلين بيور 50 مل برطمان,OPAL VASALIN 50 ML,2603285
فازلين شفايف صفيح كاكاو 20 جم,VASELINE LIP THERAPY 20 G ROSY,2542538
فازلين شفايف ليزا 20 مل,OPAL VASALIN 20 ML,2562662
فازلين لوشن 400 مل انتعاش الصبار / ليفر,VASELINE HYDRATION LOTION 400 ML ICE COOL,2455706
فازلين لوشن 400 مل بالصبار,VASELINE INTENSIVE CARE BODY LOTION 400 ML ALEO VERA,2225149
فازلين لوشن 400 مل بروده الثلج / ليفر,VASELINE HYDRATION LOTION 400 ML ICE COOL,2398774
فازلين ليفر 100 مل كاكاو,VASELINE PETROLEUM JELLY 100 ML COCOA BUTTER,2130583
فازلين ليفر 240 مل بيبي,VASELINE PETROLEUM JELLY 240 ML FOR BABY,1838809
فازلين ليفر 240 مل كاكاو,VASELINE PETROLEUM JELLY 240 ML COCOA BUTTER,1429495
فازلين ليفر 50 مل,VASELINE PETROLEUM JELLY 50 ML,1400082
فازلين ليفر اصلي 250 مل كاكاو,VASELINE PETROLEUM JELLY 240 ML COCOA BUTTER,2622534
فازلين ماجيستك 30 جم,OPAL VASELINE 30 G,2293500
فازلين ماجيستك 50 جم,BLOB VASELINE 50 GM,2293501
فازلين ماجيستك 70 جم,BLOB VASELINE 70 GM,2293498
فازلين هير تونيك زيت 100 مل,VASELINE HAIR TONIC 100 ML,1672824
فازلين هير تونيك زيت 200 مل,VASELINE HAIR TONIC 200 ML,2411025
فازلين هير تونيك زيت 300 مل,VASELINE HAIR TONIC 300 ML,1672829
فازوتك 40 مجم 14 اقراص,VASOTEC 40 MG 14 SCORED F.C. TABS.,1868092
فازوتك 80 مجم 14 اقراص,VASOTEC 80 MG 14 SCORED F.C. TABS.,2438838
فازوكير 400 مجم 20 اقراص,VASOCARE 400 MG S.R. 20 TAB,2603290
فازونورم 5 مجم اقراص,VASONORM 5 MG 10 TAB.,2620056
فاست اوف بخاخ طارد الناموس 200 مل باللافندر,FAST OFF SPRAY 200 ML WITH LAVANDER,2215517
فاست اوف بخاخ طارد الناموس 200 مل بالليمون,FAST OFF SPRAY 200 ML WITH LEMON,2215518
فاست تراك صابونه 100 جم,FAST TRACK 100 GM SOAP,2499915
فاست جرو لوشن 120 مل,FASTGRO LOTION 120 ML,1738204
فاست شراب 120 مل,FAST SYRUP 120 ML,2475486
فاست فريز بخاخ جديد 250,FAST FREEZE MASSAGE SPRAY 200 ML,2683156
فاست فريز جل 100 جم,FAST FREEZE GEL 100 GM,904216
فاست فريز جل قديم,FAST FREEZE GEL 100 GM,2643702
فاست فريز ماغنسيوم مساج بخاخ 150 مل,FAST FREEZE MAGNESIUM MASSAGE SPRAY 150 ML,2146505
فاست فريز مساج بخاخ 150 مل,FAST FREEZE MASSAGE SPRAY 150 ML,904218
فاست فريز مساج بخاخ 200 مل,FAST FREEZE MASSAGE SPRAY 200 ML,2509958
فاست كير بي شامبو 250 مل,FAST CARE P. HAIR SHAMPOO 250 ML,2682558
فاست كير بي شامبو للشعر 250 مل,FAST CARE P. HAIR SHAMPOO 250 ML,2470330
فاست كير دي شامبو 120 مل,FAST CARE D SHAMPOO 120 ML,904220
فاست كير دي شامبو 125 مل,FAST CARE D SHAMPOO 120 ML,2682559
فاست كيور 20 مجم 14 كبسول,FASTCURE 20 MG 14 CAPS.,2332513
فاست كيور 40 مجم 14 كبسول,FASTCURE 40 MG 14 CAPS.,2603291
فاست موف كوولينج بخاخ 200 مل,FAST MOVE COOLING SPRAY 200 ML,2454655
فاست موف مساج جل 120 جم,FAST MOVE MASSAGE GEL 120 GM,2454656
فاست موف مساج جل 60 جم,FAST MOVE MASSAGE GEL 60 GM,2454657
فاست موف مساج كريم 120 جم,FAST MOVE MASSAGE CREAM 120 GM,2609017
فاست موف مساج كريم 60 جم,FAST MOVE MASSAGE CREAM 60 GM,2454659
فاستاريل ام ار 35 مجم 30 اقراص,VASTAREL MR 35 MG 30 F.C.TAB.,904223
فاستاسيرو 10 مجم 20 اقراص,VASTASIERO 10 MG 20 F.C. TABS.,2313283
فاستاسيرو 20 مجم 20 اقراص,VASTASIERO 20 MG 20 F.C. TABS.,2606088
فاستافلام 50 مجم 20 اقراص,VASTAFLAM 50 MG 20 SUGAR C.TABS.,2112447
فاستر اويليكس اويل 100 مل ب 4 زيوت,OILEX OIL FASTER 4 OILS HAIR OIL – 100 ML,1778464
فاستر اويليكس اويل 100 مل بخلاصه القهوه,OILEX OIL FASTER HAIR OIL CAFFEINE EXTRACT – 100 ML,2131590
فاستر جيل 80 جم,FASTER GEL 80 GM,2454663
فاستر زيت بخاخ بيوتين 100 مل,OILEX OIL FASTER 4 OILS HAIR OIL – 100 ML,2625743
فاستر زيت بخاخ ثوم احمر 100 مل,OILEX OIL FASTER 4 OILS HAIR OIL – 100 ML,2131286
فاستل 120 مجم 20 اقراص,FASTEL 120 MG 20 F.C.TABS.,942921
فاستم 2.5 % جل موضعي 15 جم,FASTUM 2.5 % TOPICAL GEL 15 GM,2313287
فاستم 2.5 % جل موضعي 60 جم,FASTUM 2.5 % TOPICAL GEL 60 GM,2436749
فاستوليد 30 كبسول,VASTULID 30 CAPS,2501111
فاسكون 1 % قطره للفم 15 مل,VASCON 1 % ORAL DROPS 15 ML,2470342
فاسكون 5 مجم 20 اقراص,VASCON 5 MG 20 TAB.,1454644
فاسيكورست 50 / 450 مجم 30 اقراص,VASCUREST 500 MG 30 F.C.TABS.,2680981
فاسيليتا جهاز قياس ضغط الدم جرانزيا,GRANZIA FACILITA DIGITAL BLOOD PRESSURE MONITOR,1868694
فافيرين 100 مجم 30 اقراص,FAVERIN 100 MG 30 F.C. SCORED TAB.,904233
فافيرين 50 مجم 60 اقراص,FAVERIN 50 MG 60 F.C. SCORED TAB.,906687
فاكتو 8 لبوس,FAKTU 8 RECTAL SUPP.,2619697
فاكتو مرهم 30 جم,FAKTU OINT. 30 GM,904235
فاكساتو 10 مجم 10 اقراص,VAXATO 10 MG 10 TABS.,2315054
فاكساتو 10 مجم 20 اقراص,VAXATO 10 MG 20 F.C TABS,2400739
فاكساتو 15 مجم 30 اقراص,VAXATO 15 MG 30 TABS.,904453
فاكساتو 2.5 مجم 30 اقراص,VAXATO 2.5 MG 30 TABS,904454
فاكساتو 20 مجم 30 اقراص,VAXATO 20 MG 30 TABS.,2425970
فاكشين 200 مل لوشن,VACATION SUNSCREEN LOTION SPF+ 50 120 ML,1812568
فاكشين رول اون تفتيح بينا كولد 50 مل,VACATION ROLL ON PINA COLADA WHITENING DEODORANT 50 ML,2631035
فاكشين صن بلوك كريم جل,VACATION UNSEEN SUNSCREEN GEL 30 SPF 50 + 30 ML,2621954
فاكشين فيتامين سي سيرم,VACATION VIT C 10 FACE SERUM 30 ML,2683025
فاكيشن جل تفتيح ليلي 60 مل,VACATION WHITENING NIGHT CARE GEL 60 ML,1847961
فاكيشن جل تفتيح نهاري 60 مل 275,VACATION WHITENING NIGHT CARE GEL 60 ML,2627499
فاكيشن رول اون اوريجينال بدون عطر 50 مل ازرق,VACATION ORIGINAL ROLL ON 50 ML,1734388
فاكيشن رول اون مزيل للعرق بيرل روز 50 مل بمبي,VACATION ROLL ON DEODERANT PEARL ROSE 50 ML,2314740
فاكيشن رول اون مزيل للعرق عود 50 مل بني,VACATION ROLL ON DEODERANT OUD 50 ML,2500624
فاكيشن ريتينول سيرم,VACATION RETINOL SERUM 30 ML,2683026
فاكيشن ريتينول سيرم 30 مل,VACATION RETINOL SERUM 30 ML,1734392
فاكيشن صن بلوك هيالورنيك جل 375,VACATION HYALURONIC ACID SERUM 30 ML,2627497
فاكيشن غسول جل مائي منظف للوجه 200 مل,VACATION FACIAL CLEANSING HYDRO GEL 200 ML,2318008
فاكيشن غسول فوم لتفتيح البشره 200 مل,VACATION WHITENING FACIAL CLEANSING FOAM 200 ML,2318007
فاكيشن غسول وجه,VACATION FACIAL CLEANSING HYDRO GEL 200 ML,2680519
فاكيشن فيتامين سي سيرم 30 مل,VACATION VIT C 10 FACE SERUM 30 ML,2315334
فاكيشن كريم تفتيح 60 مل,VACATION WHITENING CREAM 60 ML,1847962
فاكيشن نياسيناميد سيرم للوجه 30 مل,VACATION NIACINAMIDE 10 FACE SERUM 30 ML,2620872
فاكيشن هيالورونيك اسيد سيرم 30 مل,VACATION HYALURONIC ACID SERUM 30 ML,2318006
فاكيشن هيدروجيل,VACATION SUNSCREEN PURE TOUCH HYDRO GEL 60 ML 2 + 1,2609035
فاكيشن واقي من الشمس بخاخ 200 مل,VACATION SUNSCREEN LOTION SPRAY SPF 50 200 ML,1734395
فاكيشن واقي من الشمس جل 60 مل,VACATION PURE TOUCH HYDRO GEL SUNSCREEN 60 ML,1768355
فاكيشن واقي من الشمس كريم 60 مل,VACATION SUNSCREEN CREAM SPF 50 60 ML,1768361
فاكيشن يوني وايت جل نهار عامل حمايه 30 + 60 مل,VACATION UNI WHITE DAY GEL SPF 30 + 60 ML,2609641
فاكيشين صن سكرين كريم جل,VACATION UNSEEN SUNSCREEN GEL 30 SPF 50 + 30 ML,2645074
فالبوايست اس ار 500 مجم 20 اقراص,VALPOEAST SR 500 MG 20 TAB.,2369300
فالبوريكس سي ار 500 مجم 30 اقراص,VALPROEX CR 500 MG 30 F.C. TABS.,2669800
فالبونكس 200 مجم 40 اقراص,VALPONEX 200 MG 40 ENTERIC COATED TABS.,2144445
فالجيستريل 21 اقراص,VALGESTRIL 21 TABS,2470353
فالساتينس بلس 160 / 12.5 مجم 30 اقراص,VALSATENS PLUS 160 / 12.5 MG 30 F.C. TAB.,2193868
فالساتينس بلس 160 / 25 مجم 30 اقراص,VALSATENS PLUS 160 / 25 MG 30 F.C. TAB.,2436763
فالكوناسيا 20 اقراص,FALCONACEA 20 TABLETS,2618374
فالكوناسيا بلس 36 كبسول,FALCONACEA PLUS 36 CAPS,1923128
فالكوناسيا شراب 120 مل,FALCONACEA SYRUP 120 ML,2558070
فالمونت كريم 50 جم,VALMONT CREAM 50 GM,2160171
فاليجين 10 اكياس 10 جم,VALIGEN 10 SACHETS 10 GM,2274925
فاليدو سيرم للشعر 75 مل,VALIDO HAIR SERUM 75 ML,2498818
فاليدو شامبو للشعر 200 مل,VALIDO HAIR SHAMPOO 200 ML,2498819
فاليودال فيتامين د 3 60 قطعه + فاليودال فيتامين د 3 30 قطعه,VALUDAL VIT D 3 30 GUM + VALUDAL VIT D 3 60 GUM,2074624
فام 10 مجم 20 اقراص,FAM 10 MG 20 TAB,2497391
فام 10 مجم 30 اقراص,FAM 10 MG 30 TAB,1439879
فام ريلاكس فوط ما بعد الولاده 20 حفاضه,FAM RELAX MATERNITY 20 PADS,1400476
فاموتاك 20 مجم 20 اقراص,FAMOTAK 20 MG 20 F.C.TAB.,904242
فاموتاك 40 مجم 20 اقراص,FAMOTAK 40 MG 20 TAB.,2144031
فاموتيفلكس امبول بديل انتودين,,2637314
فاموتين 20 مجم 20 اقراص,FAMOTIN 20 MG 20 TAB.,2144028
فاموتين 40 مجم 20 اقراص,FAMOTIN 40 MG 20 TAB.,2436769
فاميكس غسول مهبلي 220 مل,VAMIX VAG.DOUCHE 220 ML,1334093
فاميليا مناديل 500 منديل,FAMILIA FACIAL TISSUE 500 TISSUE,1401189
فانتو كال 2 شريط,FANTOMYLASE SYRUP,2274125
فانتو كال 2 شريط,FANTOMYLASE SYRUP,2551248
فانتوكال م 20 اقراص,FAMTOCAL M 20 CHEWBLE TAB.,2292464
فانتومور 50 2 شريط,VANTOMOR 50 MG 20 DISPERSIBLE TAB.,2635307
فانتومور 50 م 20 ق جديد / هيجنت,VANTOMOR 50 MG 20 DISPERSIBLE TAB.,2635404
فانتومور 50 مجم 20 اقراص 50,VANTOMOR 50 MG 20 DISPERSIBLE TAB.,2626463
فانج رير شاور جل 200 مل,FANGRARE SHOWER GEL 200 ML,2146906
فانجرير شاور س قديم 150,,2604123
فانجيكان 150 مجم 2 كبسول,FUNGICAN 150 MG 2 CAPS.,904338
فانجيليميت 200 مجم 10 اقراص,FUNGILIMIT 200 MG 10 F.C. TABS.,2317812
فانزابرو 1 جم امبول,VANZAPRO 1 GM I.M / I.V VIAL,2471732
فانزابرو 2 جم امبول,VANZAPRO 2 GM I.V. VIAL,2626401
فانزاديم 1 جم امبول,VANZADIME 1 GM VIAL FOR I.V. / I.M. INJ.,2462346
فانسيبت بخاخ 60 مل,VANSEPT SPRAY 60 ML,2274189
فانفيلدا 50 مجم 30 اقراص,VANVILDA 50 MG 30 TABS.,1229047
فانفيلدا بلس 50 / 1000 مجم 30 اقراص,VANVILDA PLUS 50 / 1000 MG 30 F.C. TABS,2126838
فانفيلدا بلس 50 / 500 مجم 30 اقراص,VANVILDA PLUS 50 / 500 MG 30 TABS,2161201
فانفيلدا بلس 50 / 850 مجم 30 اقراص,VANVILDA PLUS 50 / 850 MG 30 TABS.,1877161
فانكومايسين 500 مجم امبول,VANCOMYCIN 500 MG 1 VIAL,2541501
فانو كريم 50 جم,VANO CREAM 50 GM,2539000
فاي سينس صابون 100 جم,VI SENSE SOAP 100 GM,2498602
فايركتا 100 مجم 12 اقراص,VIRECTA 100 MG 12 F.C. TAB.,904250
فايركتا بلس 4 اقراص,VIRECTA PLUS 4 TAB,2223441
فايسيد زيت شعر 60 مل,FAYCID HAIR OIL 60 ML,2384573
فايسيد زيت للقمل جديد 35,FAYCID HAIR OIL 60 ML,2680290
فايسيد لوسيون 60 مل,FAYCID LOTION 60 ML,1774911
فاين اكياس 480 منديل,FINE FACIAL TISSUES 480 SHEETS,1778477
فاين بريستيج مناديل سحب 480 منديل,FINE PRESTIGE FACIAL TISSUES 480 SHEETS,2006372
فاين بيبي جامبو 58 حفاضه رقم 2,FINE BABY DIAPERS 58 DIAPER SIZE 2,1399960
فاين بيبي جامبو 58 حفاضه رقم 3,FINE BABY DIAPERS 58 DIAPER SIZE 3,1400230
فاين بيبي جامبو 58 حفاضه رقم 4,FINE BABY DIAPERS 58 DIAPER SIZE 4,1400462
فاين بيبي جامبو 58 حفاضه رقم 5,FINE BABY DIAPERS 58 DIAPER SIZE 5,1399907
فاين بيبي حديث الولاده 18 حفاضه رقم 1,FINE BABY DIAPERS 18 DIAPER SIZE 1,2130699
فاين ديرم 0.25 % كريم 30 جم,FINE DERM 0.25 % RECTAL CREAM 30 GM,904254
فاين ديرم 0.25 % كريم 50 جم,FINE DERM 0.25 % RECTAL CREAM 50 GM,1674231
فاين ديرم جل 50 جم,FINE DERM GEL 50 GM,904253
فاين ديل مناديل سحب 380 منديل,FINE DEAL FACIAL TISSUES 380 SHEETS,1778476
فاين فلافي 380 منديل,FINE FACIAL TISSUES 480 SHEETS,2625776
فاين فلافي مناديل سحب 500 منديل,FINE FACIAL TISSUES 500 SHEETS,1400227
فاين كير 11 ق وسط حفضات كبار السن,FINE CARE ADULT DIAPERS SIZE M 11 PCS,1400296
فاين كير 14 ق كبير حفضات كبار السن اكس لارج,FINE CARE ADULT DIAPERS SIZE XL 14 PCS,1865998
فاين كير 16 ق كبير حفضات كبار السن,FINE CARE ADULT DIAPERS SIZE L 16 PCS,2130230
فاين كير 20 ق وسط حفضات كبار السن,FINE CARE ADULT DIAPERS SIZE M 20 PCS,1821841
فاين كير 28 ق كبير حفضات كبار السن اكس لارج,FINE CARE ADULT DIAPERS SIZE XL 28 PCS,1865999
فاين كير 30 ق كبير حفضات كبار السن لارج,FINE CARE ADULT DIAPERS SIZE L 30 PCS,1400451
فاين كير 40 ق وسط حفضات كبار السن,FINE CARE ADULT DIAPERS SIZE M 40 PCS,1821626
فاين كير 9 ق كبير حفضات كبار السن,FINE CARE ADULT DIAPERS SIZE L 9 PCS,1399896
فاين كير 9 ق كبير حفضات كبار السن اكس لارج,FINE CARE ADULT DIAPERS SIZE XL 9 PCS,1876596
فاين كير حفاضات كبار السن مقاس S قطعه 12,FINE CARE ADULT DIAPER S 12 PICESES,1777436
فاين مناديل ايزي باك 120 منديل,FINE EASY PACK 120 SHEET,2131460
فاين مناديل تواليت سمارت 2 رول,FINE SMART 2 PLY TOILET TISSUE PAPER 2 ROLLS,1824088
فاين مناديل تواليت كمفورت 2 رول,FINE COMFORT 2 PLY TOILET TISSUE PAPER 2 ROLLS,2130515
فاين مناديل تواليت كومفورت 24 4,FINE COMFORT 2 PLY TOILET TISSUE PAPER 2 ROLLS,2531364
فاين مناديل جيب بالباكت 10 ق,FINE POCKET TISSUES 10 PCS,1400043
فاينال 2 شامبو للشعر 240 مل,FINAL 2 HAIR SHAMPOO 240 ML,2194072
فاينال 2 لوسيون للشعر 120 مل,FINAL 2 HAIR LOTION 120 ML,1659038
فبيوريك 120 مجم 10 اقراص,FEBURIC 120 MG 10 F.C. TABLETS,2618962
فبيوريك 40 مجم 20 اقراص,FEBURIC 40 MG 20 F.C. TABLETS,2313301
فرافيرو 18 عادي 20 كبسول,PHARA FERO 18 20 CAPS.,2220244
فرافيرو 18 عادي 30 كبسول,PHARA FERO 18 30 CAPS,2317890
فرافيرو 20 اقراص جديد,PHARA FERO 27 20 CAPS.,2199921
فرافيرو 20 اقراص جديد,PHARA FERO 27 20 CAPS.,2315055
فرافيرو 20 اقراص قديم,PHARA FERO 27 20 CAPS.,2369120
فرافيرو 20 كبسول,PHARA FERO 27 20 CAPS.,2436774
فرافيرو 27 بلس 20 كبسول,PHARA FERO 27 PLUS 20 CAPS,2639096
فرافيرو 27 عادي 20 كبسول,PHARA FERO 27 20 CAPS.,2601371
فرافيرو 27 عادي 30 كبسول,PHARA FERO 27 30 CAPS,1619689
فرافيرو بلس 27 ق,PHARA FERO 27 PLUS 20 CAPS,2668100
فرانكوتريتينوين % 5 جل 60 جرام,,2521365
فرانكوتريتينوين 0.05 % 60 جرام جل,,2340752
فرانكوتريتينوين 0.05 % جل 60 جم / كيمت,,2341243
فرانكوتريتينوين 0.05 % جل موضعي 60 جرام,,2487913
فرانكوتريتينوين 0.05 % كريم,,2356304
فرايوميد مساج جل 75 جم,FRIOMED MASSAGE GEL 75 GM,2337010
فرش اسنان اطفال فوكس فيو,FUCHS VIEW KIDS TOOTHBRUSHES,2683290
فرش اسنان اورال بي كلاسيك ميديم بالقطعه,ORAL B CLASSIC MANUAL TOOTHBRUSH MEDIUM 12 PCS,2233483
فرش اسنان اورال بي وان 2 ثري بغطاء بالقطعه,ORAL B 3 D WHITE REPLACEMENT TOOTHBRUSH HEAD 2 PCS SOFT,2250463
فرش اسنان بينك بلو ميجا اطفال بغطاء بالدسته,DR COOL TOOTHBRUSH TOY 12 PCS,2603307
فرش اسنان سنسوداين 1 + 1 / مالتي كير,SENSODYNE TOOTHBRUSH MULTI CARE SOFT,2371869
فرش اسنان سنسوداين كومبليت وحمايه 1 + 1,SENSODYNE TOOTHBRUSH COMPLETE PROTECTION SOFT,2371871
فرش اسنان سيجنال سيلفر بالفحم,SIGNAL SILVER CHARCOAL TOOTHBRUSH SOFT,2372230
فرش اسنان سيجنال سيلفر شاين وايت,SIGNAL SHINY WHITE MEDIUM TOOTHBRUSH,2372231
فرش اسنان سيجنال نظافه ثلاثيه,SIGNAL 1.2 . 3 TOOTHBRUSH MEDIUM 1 + 1,1626278
فرش اسنان سيجنال نظافه ثلاثيه 1 + 1,SIGNAL 1.2 . 3 TOOTHBRUSH MEDIUM 1 + 1,1401608
فرش اسنان سيجنال نظافه ثلاثيه 2 + 1,SIGNAL 1.2 . 3 TOOTHBRUSH MEDIUM 1 + 1,2306213
فرش اسنان فوكس اورثو سوفت,EMA ORTHO TOOTHBRUSH SOFT,2275568
فرش اسنان فوكس بايو اكتف / ميديم,FOX BRUSH SILVER BIO ACTIVE MEDIUM,2496079
فرش اسنان فوكس سوبر ستار ميديم,FUCHS SUPER STAR BRUSH SILVER BIO ACTIVE MEDIUM,1725460
فرش اسنان فوكس كيرف / سوفت,FOX BRUSH SILVER CURVE SOFT,1401336
فرش اسنان كولجيت اكسترا كلين / ميديم,COLGATE DOUBLE ACTION TOOTHBRUSH MEDIUM,2389651
فرش حذاء سيليكون م 37 38,FULL SILICONE BRUSHES M,2130557
فرش حذاء سيليكون م 39 40,FULL SILICONE BRUSHES M,2130706
فرش حذاء سيليكون م 41 42,GELINKY SILICONE INSOLE 41 42 SIZE L,1778486
فرش حذاء سيليكون م 43 44,GELINKY SILICONE INSOLE 43 44 SIZE XL,2130844
فرش حذاء سيليكون م 45 46,FULL SILICONE BRUSHES M,1821821
فرش سيليكون اكس لارج,FULL SILICONE BRUSHES XL,1400755
فرش سيليكون لارج,FULL SILICONE BRUSHES L,1400438
فرش سيليكون مديم,FULL SILICONE BRUSHES M,1400415
فرش فلات فوت 37 38 S,MOVE ADULT FLAT FOOT SILICONE SIZE S,1926897
فرش فلات فوت 45 46 XXL,MOVE ADULT FLAT FOOT SILICONE SIZE XL,1469527
فرش فلات فوت سيليكون 2 اكس لارج,FOOT'S MEDICAL SILICONE FLAWLESS FOOT BRUSHES FOR UNISEX X LARGE TRANSPARENT,1469528
فرش فلات فوت سيليكون تركي 41 42 لارج,FOOT'S MEDICAL SILICONE FLAWLESS FOOT BRUSHES FOR UNISEX LARGE TRANSPARENT,1400911
فرشه + مشط موسيقي بالقطعه,BABI BRUCH + COMP,2628149
فرشه اسنان اطفال + كوب فاب لاب,EVA TOOTH BRUSH KIDS,2562145
فرشه اسنان اليجو كبار بغطاء 12 ق,ALGO TOOTHBRUSH FOR KIDS 12 PCS,2282144
فرشه اسنان اورال فريش كبار,ORAL FRESH KIDS TOOTHBRUSH,2631018
فرشه اسنان اورل بي اكسترا كلين ميديم 1 + 1,ORAL B PRO EXPERT EXTRA CLEAN MEDIUM MANUAL TOOTHBRUSH 1 + 1,2669995
فرشه اسنان اورل بي الترا ثن اسود اكسترا سوفت,ORAL B PRO HEALTH CRISS CROSS CHARCOAL SENSITIVE EXTRA SOFT TOOTHBRUSH 3 PCS,2562193
فرشه اسنان اورل بي الترا ثن اكسترا اسود 2 + 1,ORAL B ULTRATHIN SENSITIVE BLACK MANUAL TOOTHBRUSH EXTRA SOFT 2 + 1,2669997
فرشه اسنان اورل بي اوول ان وان سوفت,ORAL B PRO EXPERT EXTRA CLEAN SOFT MANUAL TOOTHBRUSH,2669994
فرشه اسنان اورل بي برو اكسبرت حساس سوفت,ORAL B TOOTHBRUSH PRO FLEX SOFT 1 + 1,2670001
فرشه اسنان اورل بي برو اكسبرت حساس سوفت 2 ق,ORAL B TOOTHBRUSH PRO FLEX SOFT 1 + 1,2670002
فرشه اسنان اورل بي جيم كير عنايه اللثه اكسترا سوفت,ORAL B IO GENTLE CARE SOFT,2669996
فرشه اسنان اورل بي فحم حساسه اكسترا سوفت,ORAL B TOOTHBRUSH CRISS CROSS CHARCOAL SOFT 1 + 1,2562177
فرشه اسنان اورل بي كلاسيك ميديم 2 + 1,ORAL B 1.2 . 3 CLASSIC MANUAL TOOTHBRUSH MEDIUM 3 PCS,2669998
فرشه اسنان اورل بي مستديره بلاك ميديم,ORAL B ROUND BLACK TOOTHBRUSH MEDIUM,2669999
فرشه اسنان اورل بي مستديره بلاك ميديم 2 + 1,ORAL B ROUND BLACK TOOTHBRUSH MEDIUM 21,2670000
فرشه اسنان اورل بي وان تو ثري بالدسته,SIGNAL 1.2 . 3 TOOTHBRUSH MEDIUM 1 + 2,2262953
فرشه اسنان ايما كبار تارجت ميديم 2 ق,EMMA TARGET TOOTHBRUSH FOR ADULT MEDIUM,2362010
فرشه اسنان ايما كبار تارجت هارد 2 ق,EMMA TARGET TOOTHBRUSH FOR ADULT SOFT,2362011
فرشه اسنان ايما كبار فرست ميديم 2 ق,EMMA FRIST TOOTHBRUSH FOR ADULT MEDIUM,1778514
فرشه اسنان ايما كبار كنترول ميديم 2 ق,EMA CONTROL TOOTHBRUSH MEDIUM,2362009
فرشه اسنان ايما كبار مارجين ان ميديم 2 ق,EMMA MARGIN TOOTHBRUSH FOR ADULT SOFT 2 PCS,1778523
فرشه اسنان سنسوداين رابيد ريليف سوفت,SONODIN SENSITIVE EXTRA SOFT TOOTHBRUSH,2377963
فرشه اسنان سنسوداين رابيد ريليف ميديم,SENSODYNE TOOTHBRUSH PIUMA MEDIUM,2381365
فرشه اسنان سنسوداين مالتي كير 1 + 1 ميديم,SENSODYNE TOOTHBRUSH PIUMA MEDIUM,2377966
فرشه اسنان سيجنال تبيض,SIGNAL SENSITIVE TOOTHBRUSH SOFT,2467524
فرشه اسنان سيجنال حساس,SIGNAL SENSITIVE TOOTHBRUSH SOFT,2467528
فرشه اسنان سيجنال فحم,SIGNAL SILVER CHARCOAL TOOTHBRUSH SOFT,2467523
فرشه اسنان سيجنال وان تو ثري 2 + 1,SIGNAL 1.2 . 3 TOOTHBRUSH MEDIUM 1 + 1,1778533
فرشه اسنان فورميلا اطفال بغطاء 12 ق,FORMULA TOOTHBRUSH FOR KIDS 12 PCS,2674756
فرشه اسنان فوكس اطفال ماجيك 12 ق,FOX BRUSH SLIVER STYLE MAGIC FOR BABY 12 PCS,2669859
فرشه اسنان فوكس كبار تونج هارد بالقطعه,EVA TOOTHBRUSH HARD FOR ADULT 12 PCS,2362018
فرشه اسنان فوكس كبار سوبر ستار ميديم بالقطعه,FUCHS SUPER STAR BRUSH SILVER BIO ACTIVE MEDIUM,2362014
فرشه اسنان فوكس كبار سوبر ستار هارد بالقطعه,FUCHS SUPER STAR BRUSH SILVER BIO ACTIVE HARD,2362015
فرشه اسنان فوكس كبار سينستف سوفت قطعه,EVA TOOTHBRUSH SOFT FOR ADULT 12 PCS,2224174
فرشه شعر تشابك فاكيوم,WET BRUSH NO 38427,2190822
فرشه شعر فك تشابك اليجو,WET BRUSH NO 38427,2130067
فرشه شعر فك تشابك كبيره,WET BRUSH NO 98639,2438792
فرشه شعر لوكس بيضاوي اشلي,GOLLY HAIR BRUSH CODE 023,1925283
فرشه صبغه,ASHLEY HAIR BRUSH FOR DYING,2389716
فرشه صبغه 1 ق,SONATA BRUSH DYE COMB CODE 150,1665598
فرشه صبغه شعر اشلي,ASHLEY HAIR BRUSH FOR DYING,2407363
فرشه ومشط اطفال سمارت بيبي,SMART BABY BRUCH RATTLE + COMP,2407364
فركتاليا جل مساج 50 جم,FRACTALIA MASSAGE GEL 50 GM,2588540
فرنوفا 5 مجم,VARNOVA 5 MG 30 F.C. TABS.,2681477
فروتي كريم 200 جم,FRUTI KREM 200 GM,1768388
فروتي كريم 75 جم,FRUTI KREM CEREAL WITH MILK 75 GM,2128686
فروتي كريم وجبه اطفال 125 جم 100,FRUTI KREM 200 GM,2653464
فروزيتور 20 مجم 30 اقراص,FROSITOR 20 MG 30 F.C. TABS,1500610
فروست بخاخ موضعي 100 مل,FROST TOPICAL SPRAY 100 ML,2144321
فروست جل 100 جم,FROST GEL 100 GM,904264
فروست رول اون 60 مل,FROST ROLL ON 60 ML,2165748
فروست عادي بخاخ 100 مل,FROST TOPICAL SPRAY 100 ML,2631236
فروست ماكس بخاخ 200 مل,FROST MAX TOPICAL SPRAY 200 ML,2560764
فري اوميجا شراب,FREE OMEGA SYRUP,2586955
فري بيبي شراب 120 مل,FREE BABY SYRUP 120 ML,2299802
فري توج 20 اقراص,FREE TOOG 20 CAPS,2586954
فري فيت 20 اقراص,FREE VIT 20 TABS,2371027
فريتز شراب,FRETZ SYRUP,2200614
فريتزو 400 مجم 20 اكياس,FRITZU 400 MG 20 SACHET,2500898
فريدا شاور جل 1.2 لتر كلير سكاي,FRIDA BATH AND SHOWER GEL – 1.2 LITERS CLEAR SKY,2382655
فريدا شاور جل 250 مل مون لايت,FRIDA BATH AND SHOWER GEL – 250 ML MOON LIGHT,2625908
فريدا شاور جل 650 مل صن شاين,FRIDA BATH AND SHOWER GEL – 650 ML SUN SHINE,2472213
فريدا شاور جل 650 مل مون لايت,FRIDA BATH AND SHOWER GEL – 650 ML MOON LIGHT,2358871
فريدا معطر جو 460 مل ارابيسك,FRIDA AQUA SENSATION ARAPESQUE,1852278
فريدا معطر جو 460 مل توت بري احمر,FRIDA AQUA SENSATION FRAMBOIS,2130080
فريدا معطر جو 460 مل خوخ برتقالي,FRIDA AQUA SENSATION PEACH,1778587
فريدا معطر جو 460 مل روز جولد,FRIDA AQUA SENSATION ROSE GOLD,2169762
فريدا معطر جو 460 مل زنبق,FRIDA AQUA SENSATION TUBEROSE,1778588
فريدا معطر جو 460 مل سبورت,FRIDA AQUA SENSATION SPORT,1852280
فريدا معطر جو 460 مل شيكادي,FRIDA AQUA SENSATION CHECK ADD,1778589
فريدا معطر جو 460 مل عود بني,FRIDA AQUA SENSATION OUD,1778590
فريدا معطر جو 460 مل فانيليا وقرفه,FRIDA AQUA SENSATION VANELLIA AND CINNAMON,2168933
فريدا معطر جو 460 مل كنزي بمبي,FRIDA AQUA SENSATION TREASURE,2168935
فريدا معطر جو 460 مل مانجا اصفر,FRIDA AQUA SENSATION MANGO,1778591
فريدا معطر جو 460 مل ياسمين اخضر,FRIDA AQUA SENSATION JASMINE,2130607
فريدا معطرجو مائي 460 مل ارابيسك,FRIDA AIR FRESHENER SPRAY 460 ML ARABESQUE,1400886
فريدا معطرجو مائي 460 مل خوخ,FRIDA AIR FRESHENER SPRAY 460 ML BEACH,1400875
فريدا معطرجو مائي 460 مل زنبق,FRIDA AIR FRESHENER SPRAY 460 ML TUBEROSE,1401356
فريدا معطرجو مائي 460 مل سبورت,FRIDA AIR FRESHENER SPRAY 460 ML SPORT,1424545
فريدا معطرجو مائي 460 مل شيكادي,FRIDA AIR FRESHENER SPRAY 460 ML CHICKADEE,1404641
فريدا معطرجو مائي 460 مل كنزي,FRIDA AIR FRESHENER SPRAY 460 ML TREASURE SCENT,1404647
فريدا معطرجو مائي 460 مل ليالي,FRIDA AIR FRESHENER SPRAY 460 ML LAYALI SCENT,1600278
فريدا معطرجو مائي 460 مل مانجو وبابايا,FRIDA AIR FRESHENER SPRAY 460 ML MANGO PAPIA,1400878
فريدا معطرجو مائي 460 مل مروج,FRIDA AIR FRESHENER SPRAY 460 ML MEADOWS,1400879
فريدا معطرجو مائي 460 مل ياسمين,FRIDA AIR FRESHENER SPRAY 460 ML JASSMIN,1400877
فريده شاور 250 مل,FRIDA SHOWER GEL 250 ML SUN SHIN,2619107
فريده شاور 650 مل,FRIDA SHOWER GEL MOON LIGHT 650 ML,2619108
فريده معطر جو ارابيسك,FRIDA AQUA SENSATION ARAPESQUE,2603308
فريده معطر جو خوخ,FRIDA AQUA SENSATION PEACH,2603310
فريده معطر جو زنبق,FRIDA AQUA SENSATION TUBEROSE,2603311
فريده معطر جو شيكادي,FRIDA AQUA SENSATION CHECK ADD,2603313
فريده معطر جو ليالي,FRIDA AQUA SENSATION LAYALI,2603312
فريده معطر جو مروج,FRIDA AQUA SENSATION MEADOUS,2603315
فريزي نو هير سيروم 75 مل,FRIZZI NO HAIR SERUM 75 ML,2497053
فريزيديرم كريم 30 جم,FREZYDERM CREAM 30 GM,2636409
فريش اب خيط تنظيف الاسنان 50 م,FRESH UP DENTAL FLOSS 50 M,1777474
فريش اب لوف استحمام للاطفال,FRESH UP LOAF FOR KIDZ,2167190
فريش توك بخاخ للفم 20 مل اصفر بالليمون,FRESH TALK MOUTH SPRAY WITH LEMON 20 ML,1821916
فريش دايز 1 2 24 فوطه البرتقالي,FRESHDAYS 1 2 24 ORANGE PADS,2131234
فريش دايز فوط صحيه برائحه منعشه روز 24,FRESH DAYS DAILY SANITARY PADS WITH FRESH SCENT 24 PADS,1778596
فريش دايز فوط صحيه برائحه منعشه روز 72,FRESH DAYS DAILY SANITARY PADS WITH FRESH SCENT 72 PADS,2513517
فريش دايز فوط صحيه عاديه اخضر 48,FRESH DAYS REGULAR PADS 48,2131377
فريش دايز فوط صحيه عاديه اخضر 72,FRESH DAYS REGULAR PADS 72,2131374
فريش دايز فوط يوميه طويله 18 فوطه ازرق,FRESH DAYS LONG DAILY PADS 18 PADS,1778594
فريش كول جل للفم 30 مل,FRESH COOL ORAL GEL 30 ML,1880429
فريشتيلد بخاخ بالفم 60 مل,FRESHTELD MOUTH SPRAY 60 ML,2608073
فريشتيليد بخاخ س جديد,FRESHTELD MOUTH SPRAY 60 ML,2680849
فريناميسول 50 مجم 30 اقراص,PHRENAMISOL 50 MG 30 TABLETS,2366963
فريندال لوشن موضعي 50 مل,FRIENDAL TOPICAL LOTION 50 ML,2501343
فزيومير ايوكالبيتس بخاخ للانف 135 مل بخاخ,PHYSIOMER EUCALYPTUS NASAL SPRAY 135 ML,2188116
فزيومير بيبي ميست احادي الجرعه 30 جرعه 5 مل,PHYSIOMER BABY MIST UNIDOSES 30 DOSES OF 5 ML,2499541
فزيومير بيبي ميست بخاخ للانف 115 مل,PHYSIOMER BABY MIST NASAL SPRAY 115 ML,1535471
فزيومير بيبي هايبرتونك بخاخ لانف 60 مل,PHYSIOMER BABY HYPERTONIC NASAL SPRAY 60 ML,2454793
فزيومير سترونج جت بخاخ 210 مل,PHYSIOMER STRONG JET NASAL SPRAY 210 ML,2550525
فزيومير نورمال جت بخاخ 135 مل,PHYSIOMER NORMAL JET NASAL SPRAY 135 ML,1865135
فزيومير هايبرتونك بخاخ للانف 135 مل,PHYSIOMER HYPERTONIC NASAL SPRAY 135 ML,906691
فلابو 40 مجم / مل قطره بالفم 15 مل / دلتا,FLABU 40 MG / ML ORAL DROPS. 15 ML,2557293
فلابو 40 مجم 15 مل قطره 19,FLABU 40 MG / ML ORAL DROPS. 15 ML,2619454
فلابو 400 مجم 20 اقراص,FLABU 400 MG 20 F.C.TAB,2646049
فلابو 600 مجم 20 اقراص,FLABU 600 MG 20 F.C. TABS.,2542934
فلابو قطره,FLABU 40 MG / ML ORAL DROPS. 15 ML,2586436
فلابو قطره,FLABU 40 MG / ML ORAL DROPS. 15 ML,2542930
فلابو قطره,FLABU 40 MG / ML ORAL DROPS. 15 ML,2616796
فلابو قطره,FLABU 40 MG / ML ORAL DROPS. 15 ML,2567734
فلابو قطره,FLABU 40 MG / ML ORAL DROPS. 15 ML,2635120
فلابو قطره / الدلتا,FLABU 40 MG / ML ORAL DROPS. 15 ML,2586464
فلابو قطره / دلتا فارم,FLABU 40 MG / ML ORAL DROPS. 15 ML,2627720
فلابو قطره 15 مل / الدبيكي,FLABU 40 MG / ML ORAL DROPS. 15 ML,2625855
فلابو قطره جديد,FLABU 40 MG / ML ORAL DROPS. 15 ML,2571187
فلاتو كاربون كبسول عادي,,2604226
فلاتوكاربون 30 كبسول,FLATOCARBON 30 HARD GELATIN CAPSULES,2624016
فلاتوكاربون ادفانس 20 كبسول,FLATOCARBON ADVANCE 20 CAPS,2589432
فلاتوكاربون بلس 20 كبسول,FLATOCARBON PLUS 20 CAPS,2589436
فلاتيديل 40 مجم 30 اقراص,FLATIDYL 40 MG 30 CHEWABLE TAB.,955291
فلاتيكون 62.5 مجم 30 شريط,FLATICON 62.5 MG 30 FILM,2330232
فلاتيكون لزقه,FLATICON 62.5 MG 30 FILM,2646844
فلاجوشون 20 مجم 5 اقراص,FLAGOSHOWN 20 MG 5 TAB,2668952
فلاجيل 125 مجم / 5 مل شراب 100 مل,FLAGYL 125 MG / 5 ML SUSP. 100 ML,989321
فلاجيل 500 مجم 20 اقراص,FLAGYL 500 MG 20 TAB.,1601862
فلاجيلات فورت 20 اقراص,FLAGELLATE FORTE 20 TAB,2523460
فلاجيلات فورت 20 اقراص جديد,FLAGELLATE FORTE 20 TAB,2681051
فلاجيلات فورت 200 مجم / 5 مل شراب 100 مل,FLAGELLAT FORTE 200 MG / 5 ML SUSP. 100 ML,904271
فلادازول 500 مجم 4 اقراص,FLADAZOLE 500 MG 4 TAB.,2454693
فلازاكور 30 ​​مجم 10 اقراص,FLAZACOR 30 MG 10 TABS.,1535377
فلازاكور 6 ​​مجم 10 اقراص,FLAZACOR 6 MG 10 TABS.,2127590
فلاش اكت 50 مجم 9 اكياس,FLASH ACT 50 MG 9 SACHETS,1740339
فلافيسيف 100 مجم / 5 مل شراب 30 مل,FLAVICEF 100 MG / 5 ML PD. FOR ORAL SUSP. 30 ML,1243752
فلافيسيف 100 مجم / 5 مل شراب 60 مل,FLAVICEF 100 MG / 5 ML PD. FOR ORAL SUSP. 60 ML,2454697
فلاكسو برايد ق,,2098921
فلاكورت 30 مجم 20 اقراص,FLACORT 30 MG 20 TABS.,1325377
فلاكورت 6 مجم 20 اقراص,FLACORT 6 MG 20 TABS.,2436791
فلاكيسريد بخاخ 120 مل,FLAKESRID SPRAY 120 ML,2452310
فلاموتال 400 مجم 30 اقراص,FLAMOTAL 400 MG 30 F.C. TAB.,2161022
فلاموتال 600 مجم 20 اقراص,FLAMOTAL 600 MG 20 F.C.TAB.,2160677
فلاموتال 800 مجم 10 اقراص,FLAMOTAL 800 MG 10 TAB.,904280
فلاموجيست 30 اقراص,FLAMOGEST 30 TAB,2436793
فلامي فاست اقراص,,2271035
فلاميفاست 50 مجم 30 اقراص,FLAMIFAST 50 MG 30 ORALLY DISINTEGRATING TABS.,2245380
فلاي بيبي ببرونه 150 مل,FLY BABY BOTTLE 150 ML,2130479
فلاي بيبي ببرونه 280 مل,FLY BABY BOTTLE 280 ML,1665101
فلاي بيبي ببرونه 60 مل,FLY BABY BOTTLE 60 ML,1665100
فلاي بيبي ببرونه 90 مل,FLY BABY BOTTLE 90 ML,2456427
فلاي بيبي ببرونه بيد 150 مل,FLY BABY BOTTLE WITH HANDLE 150 ML,2382652
فلاي بيبي ببرونه بيد 280 مل,FLY BABY BOTTLE WITH HANDLE 280 ML,1665097
فلاي بيبي ببرونه زجاج 120 مل,FLY BABY CRYSTAL BOTTLE 120 ML,2169769
فلاي بيبي ببرونه زجاج 240 مل,FLY BABY CRYSTAL BOTTLE 240 ML,2169770
فلاي بيبي حلمه بوديسان 2 قطعه,FLY BABY BODY SAN NIPPLE 2 PIECE,1666949
فلاي بيبي حلمه سيليكون مقاس L,FLY BABY SILICON NIPPLE L,2382657
فلاي بيبي حلمه سيليكون مقاس M,FLY BABY SILICON NIPPLE M,2382653
فلاي بيبي زيت 200 مل روز,FLY BABY BOTTLE 280 ML,2562675
فلاي بيبي زيت 200 مل موف,FLY BABY BOTTLE 280 ML,2562672
فلاي بيبي زيت 75 مل روز,FLY BABY BOTTLE 60 ML,2562674
فلاي بيبي زيت 75 مل موف,FLY BABY BOTTLE 60 ML,2562671
فلاي بيبي زيت عادي 75 مل,FLY BABY BOTTLE 60 ML,2513027
فلاي بيبي زيت كاموميل 75 مل,FLY BABY BOTTLE 60 ML,2513028
فلاي بيبي سكاته اتوماتيك تلقائيه الغلق,FLY BABY AUTOMATIC CLOSE PACIFIER,1833199
فلاي بيبي سكاته بسلسه حصيره 12 قطعه,BABY FLY PACIFIER WITH CHAIN 12 PCS,1833200
فلاي بيبي سكاته عاديه,FLY BABY PACIFIER,1777955
فلاي بيبي سكاته مشطوفه اتوماتيك تلقائيه الغلق,FLY BABY AUTOMATIC CLOSE BEVELED PACIFIER,1883428
فلاي بيبي شامبو 100 مل اصفر,FLY BABY BOTTLE 150 ML,2562673
فلاي بيبي شامبو 250 مل اصفر,FOLI RICH HAIR SHAMPOO 250 ML,2562670
فلاي بيبي شفاط ثدي,FLY BABY BREAST PUMP,2311059
فلاي بيبي شفاط مخاط,FLY BABY BABY NASAL ASPIRATOR,2169503
فلاي بيبي طبق + معلقه,FLY BABY PLATE + SPOON,1680733
فلاي بيبي طقم فرشاه + مشط,FLY BABY BABIES COMB BRUSH FOR BABIES,2169760
فلاي بيبي عضاضه مائيه,FLY BABY WATER FILLED TEETHER,2169758
فلاي بيبي عضاضه مائيه 2 لون,FLY BABY WATER FILLED TEETHER 2 COLOR,1778248
فلاي بيبي مجموعه العنايه بالاظافر للاطفال مقص + قصافه + مبرد,FLY BABY SCISSORS CLIPPERS AND FILE,2276373
فلاي بيبي مقص + قصافه للاطفال,FLY BABY SCISSORS AND CLIPPERS,1666946
فلاي بيبي مقص اطفال,FLY BABY SCISSORS FOR KIDS,1666966
فلدورال 20 مجم / مل 3 امبول,FELDORAL 20 MG / ML 3 AMP.,2127592
فلدورال 20 مجم 10 كبسول,FELDORAL 20 MG 10 CAPS.,2610021
فلدين 20 مجم / مل 3 امبول,FELDENE 20 MG / ML I.M. 3 AMP.,2265359
فلدين 20 مجم / مل 6 امبول,FELDENE 20 MG / ML I.M. 6 AMP.,2159867
فلدين 20 مجم 10 اقراص فواره,FELDENE 20 MG 10 DISPERSIBLE TAB,2671660
فلدين 20 مجم 10 كبسول,FELDENE 20 MG 10 CAPS.,2633222
فلدين 20 مجم كبسول,FELDENE 10 MG 20 CAPS,2640467
فلو بخاخ حريمي 75 مل بيوتي,FLO SPRAY FOR WOMEN 75 ML BEAUTY,2544272
فلو بخاخ حريمي 75 مل شيك,FLO SPRAY FOR WOMEN 75 ML CHIC,2544273
فلو بخاخ حريمي 75 مل لاف,FLO SPRAY FOR WOMEN 75 ML LOVE,2544275
فلو بخاخ رجالي 75 مل اكوا,FLO SPRAY FOR MEN 75 ML AQUA,2544274
فلو بخاخ رجالي 75 مل سبورت,FLO SPRAY FOR MEN 75 ML SPORT,2544276
فلو بخاخ رجالي 75 مل شامبيون,FLO SPRAY FOR MEN 75 ML CHAMPION,2544277
فلو بخاخ رجالي 75 مل فريش,FLO SPRAY FOR MEN 75 ML FRESH,2544278
فلو بخاخ رجالي 75 مل كوول,FLO SPRAY FOR MEN 75 ML COOL,2544279
فلوب 100 مجم 6 اقراص,FLUB 100 MG 6 TAB.,1504992
فلوب 20 مجم / مل شراب 30 مل,FLUB 20 MG / ML SUSP. 30 ML,1171825
فلوب 6 اقراص جديد,FLUB 100 MG 6 TAB.,2682695
فلوب شراب,FLUB 20 MG / ML SUSP. 30 ML,2262604
فلوبادكس 4 مجم 20 كبسول,FLOPADEX 4 MG 20 CAPSULES,907750
فلوبرونك 200 مجم 10 اكياس,FLUBRONK 200 MG 10 SACHETS,2386939
فلوبرونك 600 مجم 10 اقراص فواره,FLUBRONK 600 MG 10 EFF. TABS,2487234
فلوتاك 75 مجم 20 كبسول,FLOTAC 75 MG 20 CAPS.,904291
فلوتين 20 مجم 14 كبسول,FLUTIN 20 MG 14 CAPS.,2434104
فلوجينيل 600 10 لبوس مهبلي,FLUGENIL 600 10 VAGINAL OVULES,1616397
فلوجينيل 600 لبوس,FLUGENIL 600 10 VAGINAL OVULES,2628854
فلوجينيل 600 لبوس مهبلي,FLUGENIL 600 10 VAGINAL OVULES,2532582
فلوجينيل جل مهبلي 30 مل,FLUGENIL VAGINAL GEL 5 APPLICATORS 30 ML,1659066
فلوداجيست 25 مجم 30 اقراص,FLOWADJUST 25 MG 30 TABS,2470398
فلوداجيست 50 مجم 30 اقراص,FLOWADJUST 50 MG 30 TABS,1589295
فلوراكس 20 قطعه,FLORAX 20 PIECES,1659069
فلورست ان 20 اقراص,FLUREST N 20 TABS.,2436807
فلورو معجون اسنان 50 مل اطفال الفواكه,FLUORO TOOTHPASTE 50 G WITH FRUIT,1400320
فلورو معجون اسنان 50 مل اطفال بطيخ,FLUORO TOOTHPASTE 50 G WITH WATERMELON,1676477
فلورو معجون اسنان 50 مل اطفال توت,FLUORO TOOTHPASTE 50 G WITH BERRIES,1401449
فلورو معجون اسنان 50 مل اطفال فراوله,FLUORO TOOTHPASTE 50 G WITH STREWBERRY,1401694
فلورو معجون اسنان 50 مل اطفال كولا,FLUORO TOOTHPASTE 50 G WITH COLA,1400319
فلورو معجون اسنان 50 مل اطفال لبان,FLUORO TOOTHPASTE 50 G WITH GUM FLAVOR,1400321
فلورودام بخاخ للفم,FLURODAM MOUTH SPRAY,2315173
فلوروفلوكس 400 مجم 10 اقراص,FLUROFLOX 400 MG 10 F.C. TABS.,904295
فلوروكينوموكس 0.5 % قطره 5 مل,FLUROQUINOMOX 0.5 % EYE DROPS 5 ML,2112982
فلورين 100 مجم 10 اكياس,FLOREEN 100 MG LACTOFERN 10 SACHET,2219850
فلورين بخاخ,FOLIREEN 30 CAPS,2419704
فلورين بخاخ,FOLIREEN 30 CAPS,2419163
فلورين لوشن ضد القشره,VILORAN ACNE GEL,2233315
فلورين محلول للقشره سولوشن,FOLIREEN NAIL SOLUTION,2105808
فلوزيجليبتين 5 / 10 30 اقراص,FLOZIGLIPTIN 10 / 5 MG 30 TAB,2674315
فلوزيجليبتين 5 / 10 مجم 30 اقراص,FLOZIGLIPTIN 10 / 5 MG 30 TAB,2291692
فلوفير 100 مجم 6 اقراص,FLUVER 100 MG 6 TABS,904297
فلوفير 20 مجم / مل شراب 30 مل,FLUVER 20 MG / ML SUSP. 30 ML,1699976
فلوفير اقراص 19,FLUVER 100 MG 6 TABS,2681470
فلوكا قطره 5 مل,FLUCA EYE SUSP. DROP 5 ML,904299
فلوكاموكس 1 جم امبول,FLUCAMOX 1 GM VIAL,2651103
فلوكسامو 1 جم 16 اقراص,FLOXAMO 1 GM 16 TABS,2127894
فلوكسبيسي 400 مجم 10 اقراص,FLOXEPCI 400 MG 10 F.C. TAB,2604001
فلوكسوبرايد 5 مجم 30 اقراص,FLUXOPRIDE 5 MG 30 FAST DISSOLVING IN MOUTH TAB.,2127591
فلوكورال 150 مجم 2 كبسول,FLUCORAL 150 MG 2 CAPS,2436811
فلوكورال 150 مجم 4 كبسول,FLUCORAL 150 MG 4 CAPS,1725952
فلوموسيل 300 مجم / 3 مل 5 امبول,FLUIMUCIL 300 MG / 3 ML 5 AMPS.,2217358
فلوموسيل 600 مجم 10 اقراص فوراه,FLUIMUCIL 600 MG 10 EFF. TABS.,1601836
فلوموكس 1 جم امبول,FLUMOX 1 GM I.M / I.V. VIAL,2544409
فلوموكس 1000 مجم 15 اقراص,FLUMOX 1000 MG 15 F.C. TABS.,904306
فلوموكس 250 مجم / 5 مل شراب 100 مل,FLUMOX 250 MG / 5 ML SUSP. 100 ML,2436814
فلوموكس 500 مجم 16 كبسول,FLUMOX 500 MG 16 CAPS.,904309
فلومينار ادفانسد جل 50 جم,FLUMINARE ADVANCED GEL 50 GM,2542922
فلونزابين 12 / 50 مجم 20 كبسول,FLUNZAPINE 12 / 50 MG 20 CAPS.,904312
فلونزابين 6 / 25 مجم 20 كبسول,FLUNZAPINE 6 / 25 MG 20 CAPS.,1547964
فلونزابين 6 / 25 مجم اقراص,FLUNZAPINE 6 / 25 MG 20 CAPS.,2682655
فلونزابين 6 / 50 مجم 20 كبسول,FLUNZAPINE 6 / 50 MG 20 CAPS.,904310
فليب فن قطره للاذن 15 مل,FLIP FUN DROPS 15 ML,1840921
فليبوتون 3 امبول,FLEBOTON 3 I.M. AMPS.,2313331
فليبوفينال جل 40 جم,PHLEPOVEINAL GEL 40 GM,2618803
فليكتور 1 % جل 25 جم,FLECTOR 1 % TOPICAL GEL 25 GM,904317
فليكتور 50 مجم 30 كبسول,FLECTOR 50 MG 30 CAPS.,2313332
فليكسال مساج جيل 60 جم,FLEXALL MASSAGE GEL 60 MG,2497879
فليكسفيل جل 75 جم,FLEXFEEL GEL 75 GM,1918598
فليكسوتايد ايفوهالر 125 مكجم بخاخه,FLIXOTIDE EVOHALER 125 MCG / ACTUATION INHALER,2471736
فليكسوتايد ايفوهالر 50 مكجم بخاخه,FLIXOTIDE EVOHALER 50 MCG / ACTUATION INHALER,2568950
فليكسوتايد ديسكوس 100 مكجم / جرعه 60 جرعه,FLIXOTIDE DISKUS 100 MCG / DOSE 60 DOSES,2128743
فليكسوتايد ديسكوس 250 مكجم / جرعه 60 جرعه,FLIXOTIDE DISKUS 250 MCG / DOSE 60 DOSES,2626645
فليكسوتيد ديسكس / جلاكسو,FLIXOTIDE DISKUS 100 MCG / DOSE 60 DOSES,2594578
فليكسوفان 20 كبسول,FLEXOFAN 20 CAPS.,1579681
فليكسولايت اناناس 240 مل,FLEXOLYTE PINNAPLE ORAL REHYDRATION SOL. 240 ML,2011722
فليكسولايت برتقال 240 مل,FLEXOLYTE ORANGE ORAL REHYDRATION SOL. 240 ML,2329720
فليكسولايت تفاح 240 مل,FLEXOLYTE APPLE ORAL REHYDRATION SOL. 240 ML,2470426
فليكسولايت شراب بطعم البرتقال 240 مل 65,FLEXOLYTE ORANGE ORAL REHYDRATION SOL. 240 ML,2637536
فليكسولايت فراوله 240 مل,FLEXOLYTE STRAWBERRY ORAL REHYDRATION SOL. 240 ML,2513623
فليكسولايت كلاسيك 240 مل,FLEXOLYTE CLASSIC 240 ML,1813215
فليكسولايت كولا 240 مل,FLEXOLYTE COLA 240 ML,2500482
فليكسولايت للجفاف اورانج,FLEXOLYTE COLA 240 ML,2396901
فليكسونيز 50 مكجم / بخاخ انفي 120 جرعه,FLIXONASE 50 MCG / METERED NASAL SPRAY 120 DOSE,2156759
فليكسي فرش سيليكون 2 اكس لارج,FLEXI SILICONE BRUSHES 2 XL,1400806
فليكسي فرش سيليكون صمول,FLEXI SILICONE BRUSHES S,1399923
فليكسيراف 30 اقراص,FLEXIRAVE 30 TABS,2509017
فليكسيز جل مساج 100 جم,FLEXEZE MASSAGE GEL 100 GM,1659059
فليكسيز جل مساج 50 جم,FLEXEZE MASSAGE GEL 50 GM,2172584
فليكسيلاكس 30 اقراص,FLEXILAX 30 F.C.TAB.,904320
فنتولين بخاخ 100 مكجم جديد / جلاكسو,VENTOLIN DISKUS 200 MCG / DOSE ACCUHALER,2456986
فنتولين شراب طارد للبلغم,VENTOLIN EXPECTORANT SYRUP 125 ML,2470436
فنتوهيرب شراب 120 مل,VENTOHERB SYRUP 120 ML,2623153
فنجي كير صابون 80 جم,FUNGICARE SOAP 80 GM,2538717
فنجيسولت صابونه 100 جم,FUNGISALT SOAP 100 GM,2098844
فنجيكلير 200 مجم 4 كبسول,FUNGICLEAR 200 MG 4 CAPS,1946978
فنجيكلير 200 مجم اقراص,FUNGICLEAR 200 MG 4 CAPS,2510733
فنليز قطره 15 مل,,2141404
فنيستيل قطره,FENISTIL 1 MG / ML ORAL DROPS 15 ML,2682560
فوار فروت 6 اكياس,FAWAR FRUIT 6 SACHETS,1654514
فوت سمارت كريم 60 جم,FOOT SMART CREAM 60 GM,1612819
فوترياكسون 1 جم امبول عضل,VOTRIAXONE 1 GM I.M VIAL,2464318
فوترياكسون 500 مجم امبول عضل,VOTRIAXONE 500 MG I.M VIAL,2470442
فوج بخاخ 120 مل ابيل,FOGG PERFUME SPRAY 120 ML APPEAL,2559121
فوج بخاخ 120 مل احتفل,FOGG PERFUME SPRAY 120 ML CELEBRATE,1401352
فوج بخاخ 120 مل اصفر ديناميك,FOGG PERFUME SPRAY 120 ML DYNAMIC,1401015
فوج بخاخ 120 مل انتعاش الندي,FOGG PERFUME SPRAY 120 ML FINE FIZZY,1800383
فوج بخاخ 120 مل انطلاقه برازيلي,FOGG PERFUME SPRAY 120 ML BRAZILIAN BRUST,2382646
فوج بخاخ 120 مل اواك,FOGG PERFUME SPRAY 120 ML MASTER OAK,1401554
فوج بخاخ 120 مل ايسانس,FOGG PERFUME SPRAY 120 ML ESSENCE,1401051
فوج بخاخ 120 مل بارادايز حريمي,FOGG PERFUME SPRAY 120 ML PARADISE,1401013
فوج بخاخ 120 مل باشون,FOGG PERFUME SPRAY 120 ML PASSION,1778610
فوج بخاخ 120 مل باين ابيض,FOGG PERFUME SPRAY 120 ML PINE,2625889
فوج بخاخ 120 مل تشيرش,FOGG PERFUME SPRAY 120 ML CHERISH,2559120
فوج بخاخ 120 مل تيزير,FOGG PERFUME SPRAY 120 ML TEASER,1778613
فوج بخاخ 120 مل ديزير,FOGG PERFUME SPRAY 120 ML DESIRE,2169972
فوج بخاخ 120 مل رويال,FOGG PERFUME SPRAY 120 ML ROYAL,1401133
فوج بخاخ 120 مل فائق,FOGG PERFUME SPRAY 120 ML EXTREME,1401165
فوج بخاخ 120 مل فانتازيا,FOGG PERFUME SPRAY 120 ML FANTAZYA,2130886
فوج بخاخ 120 مل فيكتور,FOGG PERFUME SPRAY 120 ML VICTOR,1401011
فوج بخاخ 120 مل ماركو,FOGG PERFUME SPRAY 120 ML MARCO,1401026
فوج بخاخ 120 مل مطلق,FOGG PERFUME SPRAY 120 ML ABSOLUTE,1513502
فوج بخاخ 120 مل موجه النشاط,FOGG PERFUME SPRAY 120 ML RIO WAVE,2129833
فوج بخاخ 120 مل مونارك,FOGG PERFUME SPRAY 120 ML MONARCH,1401012
فوج بخاخ 120 مل نابليون,FOGG PERFUME SPRAY 120 ML NAPOLEON,1401348
فوج بخاخ 120 مل نسيم الخليج,FOGG PERFUME SPRAY 120 ML BAY BREEZE,1401372
فوج بخاخ رويال ازرق 120 مل,FOGG PERFUME SPRAY 120 ML ROYAL,2618965
فوج بخاخ سيليبريت موف 120 مل,FOGG PERFUME SPRAY 120 ML SEDAR,2619106
فوج بخاخ فيكتور اخضر 120 مل,FOGG PERFUME SPRAY 120 ML VICTOR,2619025
فوج بخاخ ماركو اسود 120 مل,FOGG PERFUME SPRAY 120 ML MARCO,2618961
فوج بخاخ مطلق اسود 120 مل,FOGG PERFUME SPRAY 120 ML ABSOLUTE,2619077
فوج برفان جيب 17 مل اواك,FOGG POCKET SPRAY 17 ML MASTER OAK,1778637
فوج برفان جيب 17 مل ايسانس,FOGG POCKET SPRAY 17 ML ESSENCE,1751931
فوج برفان جيب 17 مل ديناميكي,FOGG POCKET SPRAY 17 ML DYNAMIC,2130556
فوج برفان جيب 17 مل رويال,FOGG POCKET SPRAY 17 ML ROYAL,1778639
فوج برفان جيب 17 مل سيدار,FOGG POCKET SPRAY 17 ML MARCO SEDRA,2674746
فوج برفان جيب 17 مل ماركو,FOGG POCKET SPRAY 17 ML MARCO,1686158
فوج بليه 50 مل بني,FOGG ROLL ON DEODORANT 50 ML BAKHOOR,2669990
فوج بليه 50 مل حريمي فراوله احمر,FOGG ROLL ON DEODORANT 50 ML STREWBERRY,2669988
فوج بليه 50 مل رجالي ابسلووت المطلق,FOGG ROLL ON DEODORANT 50 ML ABSOLUTE,2669989
فوج بليه 50 مل رجالي ستيتس الحاله,FOGG ROLL ON DEODORANT 50 ML STATUS,1770066
فوج بليه 50 مل رجالي فيكتور,FOGG ROLL ON DEODORANT 50 ML VICTOR,2169985
فوجو 30 اقراص,FOWGO 30 CAPS,2606651
فوديال جل للسيدات 120 مل / ميجاميد,VODIAL FEMININE GEL 120 ML,2625703
فور اكت 50 مجم كريم,VOREK CREAM 50 GM,2217270
فور ام شاش غير لاصق 10 سم 50 قطعه,FOUR M SURGICAL PAD 10 CM 50 PCS,1778046
فور ام شاش غير لاصق 15 سم 50 قطعه,FOUR M SURGICAL PAD 15 CM 50 PCS,1778047
فور ام شاش غير لاصق 5 سم 50 قطعه,FOUR M SURGICAL PAD 5 CM 50 PCS,2131126
فور فنت شراب 125 مل,FOUR VENT SYRUP 125 ML,2369248
فور كيدز باروت شراب 120 مل,FOR KIDS PARROT SYRUP 120 ML,2454730
فور مامي كبسول,FIRE FAT 50 CAPS,2306418
فوراديل 12 مكجم 60 كبسول,FORADIL 12 MCG 60 CAPS + INHALER,2343391
فوربلوبي 30 اقراص,FORBLOBE 30 TABS,2499178
فوربيودس 400 / 12 مكجم 60 كبسول استنشاق,FORBUDES 400 / 12 MCG 60 INHALATION CAPS.+INHALER,2145255
فورتادا 20 مجم,FORTADA 20 MG 4 F.C. TABS,2681625
فورتادا 20 مجم 4 اقراص,FORTADA 20 MG 4 F.C. TABS,2625323
فورتازيديم 1 جم امبول,FORTAZEDIM 1 GM VIAL,2564710
فورتازيديم 500 مجم امبول,FORTAZEDIM 500 MG VIAL,2559403
فورتام 1 جم امبول,FORTUM 1 GM VIAL.,1923643
فورتام 500 مجم امبول,FORTUM 500 MG VIAL.,2653405
فورتامايند 100 مجم / مل قطره 30 مل شراب,FORTAMIND 100 MG / ML ORAL DROPS 30 ML,2156791
فورتامايند 500 مجم / 4 مل 5 امبول,FORTAMIND 500 MG / 4 ML 5 AMP FOR IV / IM INJ,2471739
فورتروستيب 60 مجم 6 اقراص,FORTRUSTEP 60 MG 6 F.C. TABS.,904348
فورتلوبي ق,,2363608
فورتموكس 0.5 % قطره 10 مل,FORTYMOX 0.5 % EYE DROPS 10 ML,2164430
فورتموكس بلس قطره 5 مل,FORTYMOX PLUS EYE DROPS 5 ML,2145324
فورتي بيوتك 1500 مجم امبول,FORTIBIOTIC 1500 MG I.M. / I.V. VIAL,2558375
فورتي فيرم اكياس,FORTIFERRUM 14 SACHETS,2681267
فورتيبون 10 اكياس,FORTIBONE 10 SACHETS,1804739
فورتير 30 اقراص,FORTIR 30 TAB,1741922
فورتيفيروم 14 اكياس,FORTIFERRUM 14 SACHETS,904352
فورجين 250 مل غسول,VERJUNEN HAIR SERUM 60 ML,2252695
فورديرم كريم 40 جم,FORDERM CREAM 40 GM,2464918
فورسيجا 10 مجم 28 اقراص,FORXIGA 10 MG 28 TABS.,904354
فورسيجا 5 مجم 28 اقراص,FORXIGA 5 MG 28 TABS.,1688285
فورفلوزين 10 مجم 30 اقراص,FORFLOZIN 10 MG 30 F.C. TABS.,2569365
فورفلوزين 5 / 1000 مجم بلس اقراص,FORFLOZIN PLUS 10 MG / 1000 MG XR 30 TABLETS,2337836
فورفلوزين 5 مجم 30 اقراص,FORFLOZIN 5 MG 30 F.C.TABS,2128106
فورفلوزين بلس 10 / 1000 مجم اكس ار 30 اقرص,FORFLOZIN PLUS 10 MG / 1000 MG XR 30 TABLETS,1919905
فورفنت شراب احذر,,2359309
فورفنت شراب بديل اولفنت,,2436841
فورفنت شراب جديد,,2183380
فورليتس صابونه,FORALITES SOAP,2305968
فورمامي 30 قرص,FORMAMY 30 C. TABS,2454731
فورموهال 12 مكجم 30 كبسول للاستنشاق,FORMOHALE 12 MCG 30 CAPS. FOR INH.+INHALER,2603338
فورميجليبتين 5 مجم 30 اقراص,FORMIGLIPTIN 5 MG 30 TABLETS,1360398
فوساثالميك 1 % قطره للعين 5 جم,FUCITHALMIC 1 % VISCOUS EYE DROPS 5 GM,1686483
فوستيمون 150 وحده امبول,FOSTIMON 150 I.U. I.M. / S.C. VIAL,2422665
فوستيمون 75 وحده امبول,FOSTIMON 75 I.U. I.M. / S.C. VIAL,2538437
فوكاستين 20 اقراص,FOCUSTIN 20 CAPS,1740391
فوكاستين 250 مجم شراب 60 مل 110,FOCUSTIN SYRUP 60 ML,2637246
فوكاستين 500 مجم 20 كبسوله,FOCUSTIN 20 CAPS,2652222
فوكاستين 500 مجم اقراص,FOCUSTIN 20 CAPS,2672551
فوكاستين شراب 60 مل,FOCUSTIN SYRUP 60 ML,1874498
فوكس تونج فرش اسنان سوفت,FUCHS TONG TOOTHBRUSHES SOFT,2044618
فوكس تونج فرش اسنان ميديم,FUCHS TONG TOOTHBRUSHES MEDIUM,2044619
فوكس تونج فرش اسنان هارد,FUCHS TONG TOOTHBRUSHES HARD,2044620
فوكس فرشاه سيلفر انتردنت سوفت 12 قطعه عرض,FOX BRUSH SILVER INTERDENT SOFT 12 PCS OFFER,2131213
فوكس فرشاه سيلفر انتردنت مديم 12 قطعه عرض,FOX BRUSH SILVER INTERDENT MEDIUM 12 PCS OFFER,1876677
فوكس فرشاه سيلفر انتردنت هارد 12 قطعه عرض,FOX BRUSH SILVER INTERDENT HARD 12 PCS OFFER,1876678
فوكس فرشاه سيلفر بي ليفل هارد 12 قطعه,FOX BRUSH SILVER B LEVEL HARD 12 PCS OFFER,1778547
فوكس فرشاه سيلفر ستايل سوفت 12 قطعه,FOX BRUSH SLIVER STYLE SOFT 12 PCS OFFER,1778553
فوكس فرشاه سيلفر ستايل هارد 12 قطعه عرض,FOX BRUSH SLIVER STYLE HARD 12 PCS OFFER,2130066
فوكس فرشه اسنان انتي بكتريا سوفت,FUCHS TOOTHBRUSH ANTI BACTERIAL SOFT,1672848
فوكس فرشه اسنان انتي بكتريا ميديم,FUCHS TOOTHBRUSH ANTI BACTERIAL MEDIUM,1672849
فوكس فرشه اسنان سيلفر ارثو سوفت,FOX BRUSH SILVER ARTHO SOFT 2 PCS OFFER,2130118
فوكس فرشه اسنان سيلفر ارثو ميديم,FOX BRUSH SILVER ARTHO MEDIUM 2 PCS OFFER,1400843
فوكس فرشه اسنان سيلفر ارثو هارد,FOX BRUSH SILVER ARTHO HARD,1400719
فوكس فرشه اسنان سيلفر اطفال ماجيك,FOX BRUSH SLIVER STYLE MAGIC FOR BABY,1678346
فوكس فرشه اسنان سيلفر انتردنت سوفت,FOX BRUSH SILVER INTERDENT SOFT,1401184
فوكس فرشه اسنان سيلفر انتردنت ميديم,FOX BRUSH SILVER INTERDENT MEDIUM,1401027
فوكس فرشه اسنان سيلفر انتردنت هارد,FOX BRUSH SILVER INTERDENT HARD,1401186
فوكس فرشه اسنان سيلفر بايو اكتيف ميديم,FOX BRUSH SILVER BIO ACTIVE MEDIUM,1401256
فوكس فرشه اسنان سيلفر بي ليفل سوفت,FOX BRUSH SILVER B LEVEL SOFT,1400065
فوكس فرشه اسنان سيلفر بي ليفل سوفت 12 قطعه,FOX BRUSH SILVER B LEVEL SOFT 12 PCS,2130331
فوكس فرشه اسنان سيلفر بي ليفل ميديم,FOX BRUSH SILVER B LEVEL MEDIUM,1400241
فوكس فرشه اسنان سيلفر بي ليفل ميديم 12 قطعه,FOX BRUSH SILVER B LEVEL MEDIUM 12 PCS,2166657
فوكس فرشه اسنان سيلفر بي ليفل هارد,FOX BRUSH SILVER B LEVEL HARD,1400239
فوكس فرشه اسنان سيلفر توتال اكشن سوفت,FOX BRUSH SILVER TOTAL ACTION SOFT,1678348
فوكس فرشه اسنان سيلفر توتال اكشن ميديم,FOX BRUSH SILVER TOTAL ACTION MEDIUM,1678347
فوكس فرشه اسنان سيلفر توتال اكشن هارد,FOX BRUSH SILVER TOTAL ACTION HARD,1401025
فوكس فرشه اسنان سيلفر ستايل سوفت,FOX BRUSH SLIVER STYLE SOFT,1449232
فوكس فرشه اسنان سيلفر ستايل ميديم,FOX BRUSH SLIVER STYLE MEDIUM,1406417
فوكس فرشه اسنان سيلفر ستايل ميديم 12 قطعه,FOX BRUSH SLIVER STYLE MEDIUM 12 PCS,1778554
فوكس فرشه اسنان سيلفر سوبر ستار سوفت,FUCHS SUPER STAR BRUSH SILVER BIO ACTIVE SOFT,2362012
فوكس فرشه اسنان سيلفر فيو سوفت,FOX BRUSH SLIVER VIEW SOFT,1400628
فوكس فرشه اسنان سيلفر فيو ميديم,FOX BRUSH SLIVER VIEW MEDIUM,1400802
فوكس فرشه اسنان سيلفر فيو ميديم 12 قطعه,FOX BRUSH SLIVER VIEW MEDIUM 12 PCS,1778557
فوكس فرشه اسنان سيلفر كمفورت سوفت,FOX BRUSH SILVER COMFORT SOFT,1400509
فوكس فرشه اسنان سيلفر كمفورت ميديم,FOX BRUSH SILVER COMFORT MEDIUM,1400513
فوكس فرشه اسنان سيلفر كمفورت هارد,FOX BRUSH SILVER COMFORT HARD,1400510
فوكس فرشه اسنان سيلفر كمفورت هارد 12 قطعه,FOX BRUSH SILVER COMFORT HARD 12 PCS,1778560
فوكس فرشه اسنان سيلفر كيرف ميديم,FOX BRUSH SILVER CURVE MEDIUM,1400588
فوكس فرشه اسنان سيلفر كيرف هارد,FOX BRUSH SILVER CURVE HARD,1400586
فوكس فرشه اسنان فاني اطفال,FOX FUNNY KIDS TOOTHBRUSHES,2131214
فوكس فرشه اسنان كيدز فيو 12 قطعه,FOX BRUSH SLIVER VIEW FOR KIDZ 12 PCS,1778542
فوكس معجون اسنان اطفال 75 م,FUCHS MINT TOOTHPASTE FOR KIDS 75 ML,1679281
فوكسيلاج قطره بالفم 30 مل,FOXILAGE ORAL DROPS 30 ML,2378520
فوكسيم 1 جم امبول,FOXIME 1 GM I.M / I.V VIAL,2623511
فوكسيم 500 مجم امبول,FOXIME 500 MG I.M. / I.V.VIAL,2522160
فوكودام قطره 15 مل,VOCODAM 15 ML DROP,2315177
فوكودام قطره للاذن 15 مل / دام,VOCODAM 15 ML DROP,2683234
فولافوليك 20 كبسول,FOLAFLIC 20 CAPS,2610684
فولبرازال 40 مجم 14 كبسول,FULPRAZAL 40 MG 14 CAPS,904290
فولتارين 1 % ايمولجيل 100 جم,VOLTAREN 1 % EMULGEL 100 GM,1131848
فولتارين 1 % ايمولجيل 25 جم,VOLTAREN 1 % EMULGEL 25 GM,904367
فولتارين 1 % ايمولجيل 50 جم,VOLTAREN 1 % EMULGEL 50 GM,2470467
فولتارين 100 لبوس 2 شريط س جديد,VOLTAREN 100 MG 10 SUPP.,2398683
فولتارين 100 مجم 10 لبوس,VOLTAREN 100 MG 10 SUPP.,2600455
فولتارين 100 مجم لبوس 2 شريط,VOLTAREN 100 MG 10 SUPP.,2682918
فولتارين 100 مجم لبوس 2 شريط,VOLTAREN 100 MG 10 SUPP.,2670831
فولتارين 25 مجم 5 لبوس,VOLTAREN 25 MG 5 SUPP.,2470461
فولتارين 50 مجم 20 اقراص,VOLTAREN 50 MG 20 TAB.,2543942
فولتارين 75 مجم / 3 مل 3 امبول,VOLTAREN 75 MG / 3 ML 3 AMP.,2159793
فولتارين 75 مجم / 3 مل 6 امبول,VOLTAREN 75 MG / 3 ML 6 AMP.,2098987
فولتارين اس ار 100 مجم 20 اقراص,VOLTAREN SR 100 MG 20 F.C.TAB.,904366
فولتارين جل وسط 50 جم 68,VOLTAREN 1 % EMULGEL 50 GM,2681475
فولتارين لبوس 100 مجم كبار,VOLTAREN 100 MG 10 SUPP.,2680923
فولتارين لبوسس كبار 100 مل,VOLTAREN 100 MG 10 SUPP.,2616674
فولتكو قطره بالفم 30 مل,FOLATKO ORAL DROPS 30 ML,1946861
فولجا كريم 30 جم,VULGA CREAM 30 GM,1852828
فولجيناتيك 30 اقراص,FOLGENATIC 30 TAB,2181521
فولدكس كريم 50 مل,FOLDEX CREAM 50 ML,904370
فولفارو جل للفم 20 جم,VOLVARO ORAL GEL 20 GM,1817335
فولكاسيف 30 كبسول,FOLCASAFE 30 TABS,2067728
فولوسيا شامبو للقشره 200 مل,NERVALSIA TAB,2114164
فولي ستار شامبو للشعر 120 مل,VOLE STAR HAIR SHAMPOO 120 ML,2141410
فولي ستار لوسيون للشعر 120 مل,VOLE STAR LOTION 120 ML,1918605
فولي سيبت شامبو للتساقط,VOLE STAR HAIR SHAMPOO 120 ML,2560599
فولي سيت امبول للشعر,VOLE STAR LOTION 120 ML,2560600
فولي سيت اميولانت للتساقط,VOLE STAR LOTION 120 ML,2638674
فولي سيت شامبو للتساقط,VOLE STAR HAIR SHAMPOO 120 ML,2638673
فولي سيت لوسيون للتساقط,VOLE STAR LOTION 120 ML,2560601
فولي سيت لوشن للتساقط,FOLI RICH HAIR LOTION 120 ML,2638675
فوليتراكتين 500 مجم 7 اقراص,VOLITRACTIN 500 MG 7 TAB,2498437
فوليتون بخاخ للشعر 100 مل,FOLLITONE HAIR SPRAY 100 ML,2557584
فوليتون بخاخ للشعر 120 مل,FOLLITONE HAIR SPRAY 120 ML,2498000
فوليتون حمام زيت للشعر 150 مل,FOLLITONE HAIR BATH OIL 150 ML,1238396
فوليتون زيت شعر 120 مل,FOLLITONE HAIR OIL 120 ML,1659113
فوليتون كريم للشعر 60 جم,FOLLITONE HAIR CREAM 60 GM,2127621
فوليجا اكني كريم,VULGA CREAM 30 GM,2390230
فوليجانت سيرم بخاخ 250 مل ق / افانو,FOLLIGANT HAIR SHAMPOO 250 ML,2357756
فوليجانت سيروم للشعر 120 مل,FOLLIGANT HAIR SERUM SPRAY 120 ML,2145739
فوليجانت شامبو للشعر 250 مل,FOLLIGANT HAIR SHAMPOO 250 ML,2127622
فوليجانت كريم شعر 100 جم,FOLLIGANT HAIR CREAM 100 GM,1462348
فوليجانت لوسيون للشعر 250 مل,FOLLIGANT HAIR LOTION SPRAY 250 ML,2143488
فوليد كريم 50 جم,VOLID CREAM 50 GM,1740401
فوليرين بلس 30 اقراص,FOLIREEN PLUS 30 CAP,2233310
فوليرين لوسيون للاظافر,FOLIREEN NAIL SOLUTION,2233313
فوليريين 30 كبسول,FOLIREEN 30 CAPS,2268047
فوليسيناد 5 مجم 50 اقراص,FOLICINAD 5 MG 50 TAB,2422739
فوليفو 30 اقراص,FOLIFO 30 TABS,2220068
فوليك اسيد (النيل) 5 مجم 30 اقراص,FOLIC ACID (EL NILE) 5 MG 30 TAB.,2343979
فوليك اسيد (النيل) 5 مجم 50 اقراص,FOLIC ACID (EL NILE) 5 MG 50 TAB.,2306013
فوليك اسيد (ايبيكو) 5 مجم 20 اقراص,FOLIC ACID (EIPICO) 5 MG 20 TAB.,2651109
فوليك اسيد (ميباكو) 500 مكجم 20 اقراص,FOLIC ACID (MEPACO) 500 MCG 20 TAB.,2143925
فوليك ب كومبلكس 20 اقراص جديد / بروكسي كير,FOLIC B COMPLEX 20 TABS,2646151
فوليك بي كومبلكس 20 اقراص,FOLIC B COMPLEX 20 TABS,2165976
فوليك سيف 30 اقراص,FOLICASAFE 30 TAB,2625291
فوليكاب 2.5 مجم 24 كبسول,FOLICAP 2.5 MG 24 CAP.,1869968
فوليكس 30 اقراص للمضغ,FOLEX 30 CHEW. TABS,1659112
فوم حلاقه فودو 250 مل,CRAB SHAVING FOAM 250 ML,2559082
فوماتال 30 كبسول,PHOMATAL 30 CAPS,2533145
فوميبريك 10 / 10 مجم 30 اقراص,VOMIBREAK 10 / 10 MG 30 DELAYED REL. F.C. TABS.,904378
فوميترينات 20 / 20 مجم,VOMITRENAT 20 / 20 MG 30 TAB,2644212
فوميترينات 20 / 20 مجم 30 اقراص,VOMITRENAT 20 / 20 MG 30 TAB,2266526
فوناسبير 10 مجم 14 اقراص,VONASPIRE 10 MG 14 F.C.TABS,2157595
فوناسبير 20 مجم 14 اقراص,VONASPIRE 20 MG 14 F.C.TABS,904381
فوناسبير 20 مجم 28 اقراص,VONASPIRE 20 MG 28 F.C.TABS,2603345
فوناسيدان 10 مجم 20 اقراص,VONACIDAN 10 MG 20 F.C.TABS,2596349
فوناسيدان 10 مجم 20 اقراص,VONACIDAN 10 MG 20 F.C.TABS,2589197
فوناسيدان 10 مجم 20 اقراص,VONACIDAN 10 MG 20 F.C.TABS,2157677
فوناسيدان 10 مجم 28 اقراص,VONACIDAN 10 MG 28 F.C.TABS,2513518
فوناسيدان 20 مجم 28 اقراص,VONACIDAN 20 MG 28 F.C.TABS,2470484
فونافوت 10 مجم 20 اقراص,VONAFUT 10 MG 20 TABS,2314612
فونافوت 20 مجم 20 اقراص,VONAFUT 20 MG 20 TABS,2470485
فونانيفي 20 مجم 10 اقراص,VONANAVY 20 MG 10 TAB,2566347
فونداكلاف 1 جرام,FONDACLAV 1 GM 12 F.C. TABS.,2682848
فونداكلاف 1 جم 12 اقراص,FONDACLAV 1 GM 12 F.C. TABS.,1432460
فونداكلاف 1 جم اقراص,FONDACLAV 1 GM 12 F.C. TABS.,2681482
فونداكلاف 457 مجم / 5 مل شراب 75 مل,FONDACLAV 457 MG / 5 ML SUSP. 75 ML,2218656
فوندالوس 20 مجم 20 قرص,VONDALOUS 20 MG 20 TABS,1790161
فونسيكا 10 مجم 14 اقراص,VONSECA 10 MG 14 TABS,2470488
فونسيكا 10 مجم 20 اقراص,VONSECA 10 MG 20 TABS,2454755
فونسيكا 20 مجم 14 اقراص,VONSECA 20 MG 14 TABS,904388
فونسيكا 20 مجم 28 اقراص,VONSECA 20 MG 28 TABS,2594717
فونوبرافين 10 مجم 28 قرص,VONOPRAVIN 10 MG 28 F.C. TABS,2436859
فونوبرافين 20 مجم 28 قرص,VONOPRAVIN 20 MG 28 F.C. TABS,2501428
فونوبرامير 10 مجم 30 اقراص,VONOPRAMER 10 MG 30 F.C. TABS,1927199
فونوبرامير 20 مجم 30 اقراص,VONOPRAMER 20 MG 30 F.C. TABS,2497967
فونوبيب 20 مجم 20 اقراص,VONOPEP 20 MG 20 F.C. TABS.,2559670
فونوجستريك 20 مجم 20 اقراص,VONOGASTRIC 20 MG 20 TABS,2475319
فوهالي 30 اقراص,FOHALI 30 TAB,2499923
في الورا غسول فوم للبشره 200 مل,VEE ALLURE CLEANSER FOAM 200 ML,2146775
في الورا غسول فوم للبشره الحساسه 200 مل,VEE ALLURE CLEANSER FOAM FOR SENSITIVE SKIN 200 ML,1751915
في الورا غسول فوم للبشره الدهنيه 200 مل,VEE ALLURE OILY CLEANSER FOAM 200 ML,2146777
في الورا فيتامين سي سيرم 30 مل,VEE ALLURE VITAMIN C SERUM 30 ML,1942954
في الورا كريم تفتيح 50 جم,VEE ALLURE WHITENING CREAM 50 GM,2466833
في الورا كريم تفتيح للمناطق الحساسه 50 جم,VEE ALLURE WHITENING CREAM FOR SENSETIVE AREA 50 GM,2008961
في الورا كريم لمحيط العين,VEE ALLURE EYA CONTOUR CREAM,1751913
في الورا كريم مرطب 150 جم,VEE ALLUR CREAM 150 GM,2162850
في الورا لوسيون للاظافر,VEE ALLURE NAILS LOTION,2146776
في الورا ميسلر ووتر 200 مل,VEE ALLURE MICELLAR WATER 200 ML,2146779
في اورثو 30 اقراص,VEE ORTHO 30 CAP,2146507
في اوميجا 3 30 كبسول,VEE OMEGA 3 30 CAP,2146509
في برونكو شراب 120 مل,VEE BRONCHO SYRUP 120 ML,2534983
في بي كومبلكس 30 اقراص,VEE B COMPLEX 30 CAP,2146511
في بيبتايد بودره 600 جم شيكولاته,VEE PEPTIDE 600 GM POWDER CHOCOLATE VEEXIA,2316117
في بيوتين 10.000 مكجم 30 اقراص,VEE BIOTIN 10.000 MCG 30 CAPS,2146118
في بيوتين 10.000 مكجم 60 اقراص,VEE BIOTIN 10.000 MCG 60 CAPS,2146115
في جارد دوش مهبلي 200 مل,V GUARD VAG.DOUCHE 200 ML,1427247
في جارد غسول,V GUARD CREAM,2467182
في جارد كريم,V GUARD CREAM,2129134
في جون 100 مجم 8 اقراص,V GONE 100 MG 8 F.C. TAB.,2250085
في جي نورم دوش مهبلي 200 مل,VG NORM VAG.DOUCHE 200 ML,2112851
في سكين 30 اقراص,VEE SKIN 30 CAPS,2146111
في فوند لوسيون 30 مل,VEE FOUND LOTION 30 ML,1865043
في فيتامين دي 3 30 اقراص,VEE VITAMIN D 3 30 CAP,2146679
في فيرو 30 اقراص,VEE FERRO 30 CAP,1688856
في كير 30 اقراص,VEE CARE 30 CAPS,2172110
في كير 60 اقراص,VEE CARE 60 CAPS,2146110
في ميلاتونين 2 مجم 120 اقراص,VEE MELATONIN 5 MG 10 TABS.,2331536
في ميلاتونين اس ار,VEE MELATONIN S.R. 3 MG 30 TABS.,2523996
في ميلاتونين عادي,VEE MELATONIN 3 MG 60 TABS.,2534984
في هير 30 اقراص,VEE HAIR 30 TABS,2146120
في هير 60 اقراص,VEE HAIR 60 TABS,2146861
في هير بيور ان اكسترا 30 كبسول,VEE HAIR PURE N EXTRA 30 CAPS,2146786
في والا كريم 50 جم,V WALLA CREAM 50 GM,1934305
في وايت 30 اقراص,VEE WHITE 30 CAPS,2254067
فيا كال 20 اقراص مضغ,VIA CAL 20 CHEWS PIECES,2127827
فيا كف شراب,VIA COUGH SYRUP 120 ML,2181522
فياترازو 0.8 % كريم مهبلي 30 جم,VIATRAZO 0.8 % VAGINAL CREAM 30 GM,925445
فياترازو 80 مجم 3 لبوس مهبلي,VIATRAZO 80 MG 3 VAG. SUPP.,1613790
فياجرا 100 مجم 4 اقراص,VIAGRA 100 MG 4 F.C.TAB.,904389
فياجرا 50 مجم 4 اقراص,VIAGRA 50 MG 4 F.C.TAB.,904390
فياسالمول بلس 200 جرعه بخاخ,VIASALMOL PLUS 200 DOSES INH. SPRAY,2675727
فيافاج 100 مجم 10 اقراص,VIAVAG 100 MG 10 F.C.TAB.,2313365
فيافاج 100 مجم 10 اقراص 96,VIAVAG 100 MG 10 F.C.TAB.,2679847
فيافاج 25 مجم 10 اقراص,VIAVAG 25 MG 10 F.C. TAB.,1659123
فيانسيه 2 1 جل كريم 125 مل بالعسل اصفر,FIANCEE HAIR CREAM GEL 125 WITH HONEY,1400730
فيانسيه 2 1 جل كريم 125 مل بالفيتامين ازرق,FIANCEE HAIR CREAM GEL 125 WITH VITAMINE,1662152
فيانسيه 2 1 جل كريم 125 مل بالقوه الثلاثيه موف,FIANCEE HAIR CREAM GEL 125 WITH TRIPLE STRENGTH,1400856
فيانسيه 2 1 جل كريم 125 مل ترطيب اكثر احمر,FIANCEE HAIR CREAM GEL 125 WITH EXTRA MOISTURE,2669733
فيانسيه 2 1 جل كريم 125 مل حمايه اكثر احمر,FIANCEE HAIR CREAM GEL 125 WITH EXTRA PROTECTIVE,1612886
فيانسيه 2 1 جل كريم 125 مل ضد القشره اخضر,FIANCEE HAIR CREAM GEL 125 WITH ANTI DANDRUFF,1400831
فيانسيه 2 1 جل كريم 225 مل بالعسل اصفر,FIANCEE HAIR CREAM GEL 225 WITH HONEY,1399879
فيانسيه 2 1 جل كريم 225 مل حمايه اكثر احمر,FIANCEE HAIR CREAM GEL 225 WITH EXTRA PROTECTIVE,1435394
فيانسيه 2 1 جل كريم 225 مل ضد القشره اخضر,FIANCEE HAIR CREAM GEL 225 WITH ANTI DANDRUFF,1400038
فيانسيه حمام كريم 7 1 افوكادو وزيت زيتون 450 مل,FIANCEE HAMMAM CREAM 7 IN 1 WITH AVOCADO AND OLIVE 450 ML,2311460
فيانسيه حمام كريم 7 1 بصل وخروع 450 مل,FIANCEE HAMMAM CREAM 7 IN 1 WITH ONION AND CASTOR 450 ML,2311461
فيانسيه حمام كريم 7 1 ليمون و الوفيرا,FIANCEE HAMMAM CREAM 7 IN 1 WITH LEMON AND ALOE VERA 950 ML,2233501
فيانسيه حمام كريم 7 1 ليمون والوفيرا 450 مل,FIANCEE HAMMAM CREAM 7 IN 1 WITH LEMON AND ALOE VERA 450 ML,2311467
فيانسيه زيت شعر 175 مل قرنفل,FIANCE HAIR OIL 175 WITH CLOVE,2562179
فيانسيه زيت شعر 175 مل لوز,FIANCE HAIR OIL 175 WITH CLOVE,2562133
فيانسيه زيت شعر 7 1 بالخلطه 175 مل,FIANCEE 7 IN 1 HAIR OIL INDIAN MIX 180 ML,2196830
فيانسيه زيت شعر ارز و فيتامين 180 مل,FIANCEE HAIR FOOD CREAM 140 ML VIT E OLIVE OIL,2542475
فيانسيه زيت شعر بالقرنفل 180 مل,FIANCE HAIR OIL 175 WITH CLOVE,2233503
فيانسيه زيت شعر بصل 180 مل,FIANCEE NOURISHING HAIR OIL WITH ONION 180 ML,2542469
فيانسيه زيت شعر صبار 180 مل,FIANCEE HAIR OIL 7 IN ONE 180 ML,2233490
فيانسيه زيت للشعر بالصبار 180 مل,FIANCEE NOURISHING HAIR OIL WITH CACTUS 180 ML,2129950
فيانسيه زيت للشعر بزيت الزيتون 180 مل,FIANCEE HAIR OIL WITH OLIVE OIL 180 ML,1813081
فيانسيه شامبو 170 مل بالبصل والخروع,FIANCEE SHAMPOO ANION AND CASTER 170 ML,1935428
فيانسيه كريم 7 1 زيتون وافوكادو 350 مل,FIANCEE HAIR CREAM 7 N 1 WITH AVOCADO AND OLIVE OIL 350 ML,1679293
فيانسيه كريم جل 225 مل 2 1 احمر ترطيب وحمايه,FIANCEE HAIR CREAM GEL 225 WITH EXTRA MOISTURE,2669732
فيانسيه كريم جل 225 مل 2 1 اخضر قشره,FIANCEE HAIR CREAM GEL 225 WITH ANTI DANDRUFF,2669731
فيانسيه كريم جل 225 مل 2 1 ازرق فيتامين,FIANCEE HAIR CREAM GEL 225 WITH VITAMINE,2669734
فيانسيه كريم جل 225 مل 2 موف 1 قوه ثلاثيه,FIANCEE HAIR CREAM GEL 225 WITH TRIPLE STRENGTH,2669736
فيانسيه هيرفود بامب 240 مل زيتون وفيتامين اي,FIANCEE HAIR FOOD CREAM WITH OLIVE OIL ND VITAMIN E 240 ML,1401081
فيانسيه هيرفود بامب 240 مل صبار وعسل,FIANCEE HAIR FOOD CREAM WITH HONNY ALEOVERA 240 ML,1872732
فيانسيه هيرفود بامب 240 مل لوز وثوم,FIANCEE HAIR FOOD CREAM WITH ALMOND AND GARLIC,1925558
فيبرامايسين 100 مجم 10 كبسول,VIBRAMYCIN 100 MG 10 CAPS.,2464919
فيبكس استيك حريمي 50 مل,VEBIX ASPIRE DEO ROLL ON FOR WOMEN 50 ML,1946112
فيبكس استيك رجالي 50 مل,VIBEX STICK 50 ML FOR MAN BLACK AND WHITE,1946122
فيبكس اكياس بلو اكتيف ازرق شريط 12 اكياس,VEBIX BLUE ACTIVE BAGS BLUE STRIPE 12 BAGS,1400053
فيبكس اكياس حريمي روز شريط 12 اكياس,VEBIX FOR WOMAN ROSE BAGS STRIPE 12 BAGS,1400095
فيبكس اكياس ماكس ديو كلاسيك اخضر شريط 12 اكياس,VEBIX MAXDEO GREEN BAGS BLUE STRIPE 12 BAGS,2130036
فيبكس امبوبه 15 مل اخضر وسط,VEBIX DEODRANT CREAM CLASSIC 15 ML,2603352
فيبكس امبوبه مايستك روز 10 مل صغير,VAPOX MASSAGE SPRAY 120 ML,2603353
فيبكس امبوبه مايستك روز 15 مم وسط,VEBIX DEODORANT CREAM MYSTIC FOR WOMEN 15 ML,2603355
فيبكس بليه حريمي / بلاك اند وايت 72 ساعه خ س,VEBIX DEODORANT ROLL ON LONG LASTING 72 HR BLACK WHITE FOR WOMEN,2513016
فيبكس بليه حريمي 50 مل ابيض 72 ساعه 15 % خ,VEBIX FAIRNESS ROLL ON FOR WOMEN 50 ML,2542975
فيبكس بليه حريمي 50 مل ديليكيت تاتش ابيض في لافندر,VEBIX DELICATE TOUCH ROLL ON FOR WOMEN 50 ML,1973548
فيبكس بليه حريمي 50 مل شي باور 72 س خ س,VEBIX SHE POWER ROLL ON FOR WOMEN 50 ML,2513032
فيبكس بليه حريمي 50 مل لبني 72 ساعه 15 % خ,VEBIX FAIRNESS ROLL ON FOR WOMEN 50 ML,2542980
فيبكس بليه حريمي 50 مل موف 72 ساعه 15 % خ,VEBIX ASPIRE DEO ROLL ON FOR WOMEN 50 ML,2542983
فيبكس بليه رجالي 50 مل ازرق 72 ساعه 15 % خ,VEBIX FRESH WAVE ROLL ON FOR MEN 50 ML,2542979
فيبكس بليه رجالي 50 مل اسود 72 ساعه 15 % خ,VEBIX MEN FRESH ENERGY ROLL ON 50 ML,2542982
فيبكس بليه رجالي 50 مل سبورت اسود 72 ساعه 15 % خ,VEBIX POWER SPORT ROLL ON FOR MEN 50 ML,2542981
فيبكس بليه رجالي 50 مل فريش ويف اسود في ازرق,VEBIX FRESH WAVE ROLL ON FOR MEN 50 ML,2172729
فيبكس كريم اكتيف كبير ازرق رجالي 25 مل,VEBIX DEODORANT CREAM MAX FOR MEN ACTIVE 25 ML,1400193
فيبكس كريم كبير روز حريمي 25 مل,VEBIX DEODORANT CREAM MYSTIC FOR WOMEN 25 ML,1400191
فيبكس كريم كبير كلاسيك اخضر 25 مل,VEBIX DEODRANT CREAM CLASSIC 25 ML,1399942
فيبكس كريم ميني ازرق رجالي 10 مل,VEBIX DEODORANT CREAM MAX FOR MEN ACTIVE 10 ML,1400355
فيبكس كريم ميني روز حريمي 10 جم,VEBIX DEODORANT CREAM MYSTIC FOR WOMEN 10 ML,2130200
فيبكس كريم ميني كلاسيك اخضر 10 مل,VEBIX DEODRANT CREAM CLASSIC 10 ML,2603354
فيبكس كريم وسط ازرق رجالي 15 مل,VEBIX DEODORANT CREAM MAX FOR MEN ACTIVE 15 ML,1400192
فيبكس كريم وسط روز حريمي 15 مل,VEBIX DEODORANT CREAM MYSTIC FOR WOMEN 15 ML,1400190
فيبكس كريم وسط كلاسيك اخضر 15 مل,VEBIX DEODRANT CREAM CLASSIC 15 ML,1400093
فيبوريك 80 مجم 30 اقراص,FEBURIC 80 MG 30 F.C. TABLETS,2452711
فيبيكل 20 اقراص,VEPICLE 20 TAB,2544383
فيت بار صابون 100 جم,FITT BAR SOAP 100 GM,2603357
فيت كريم ازاله 100 جم بشره عاديه / بمبي,VEET HAIR REMOVAL CREAM FOR NORMAL SKIN,2472211
فيت كريم لازاله الشعر 100 جم روز للبشره العاديه,VEET HAIR REMOVAL CREAM FOR NORMAL SKIN,2646169
فيتا بلس زنك 20 كبسوله 56,VITA PLUS ZINC 20 CAPS.,2622155
فيتا د 3 / 4.000 وحده افلام نرهادو,EUREVITA VITAMIN D 3 10.000 I.U 30 TABLETS,2634009
فيتا د 3 4000 لزقه,PRIMAVITA 3 MILK 400 GM,2672534
فيتا د 3 4000 لزقه,PRIMAVITA 3 MILK 400 GM,2566330
فيتا د 3 4000 و لاصقه,PRIMAVITA 3 MILK 400 GM,2623958
فيتا د 3 4000 وحده 20 فلم,STRAVITA D 3 400 IU ORAL DROP 20 ML,2606454
فيتا دي سيل 400 وحده قطره بالفم 15 مل,VITA D CELL 400 IU ORAL DROPS 15 ML,2454763
فيتا زنك 30 ك / ابيكو,VITA DE VAL 30 CAPS,2651235
فيتا زنك 30 كبسول / ابيكو,VITA PLUS ZINC 20 CAPS.,2682651
فيتا زنك اقرص ابيكو,VITA HAIR 60 TAB,2620237
فيتا زنك ان كبسول,VITA PLUS ZINC 20 CAPS.,2622561
فيتا زنك كبسول,VITA PLUS ZINC 20 CAPS.,2642476
فيتا زنك كبسول,VITA PLUS ZINC 20 CAPS.,2669706
فيتا ستريس 20 اقراص,VITA STRESS 20 F.C.TABS,2454764
فيتا لونش 120 مل شراب,VITA LAUNCH SYRUP 120 ML,2682561
فيتا لونش شراب 120 مل,VITA LAUNCH SYRUP 120 ML,2010715
فيتا هير 60 اقراص,VITA HAIR 60 TAB,2341249
فيتابرفيكت 20 كبسول,VITAPERFECT 20 CAPS.,989426
فيتابلاي كريم 40 جم,VETAPLY TOP. CREAM 40 GM,2143163
فيتاترون 30 كبسول,VITATRON 30 CAPS,2159911
فيتاتكس شراب 120 مل,VITATEX SYRUP 120 ML,1846030
فيتازنك 30 كبسول,,2669137
فيتازنك 30 كبسول,,2636582
فيتازنك 30 كبسول,,2640470
فيتازنك ان 30 كبسوله 56,,2643336
فيتازنك كبسول,,2652824
فيتازنك كبسول,,2651438
فيتازنك كبسول,,2623221
فيتازنك كبسول,,2670754
فيتاسكوب بوتاسيوم شراب 120 مل,VITASCOPE POTASSIUM SYRUP 120 ML,2369279
فيتاسيد سي 1 جم 12 اقراص فوار,VITACID C 1 GM 12 EFF. TAB.,2436871
فيتاسيد كالسيوم 12 اقراص فوار,VITACID CALCIUM 12 EFF. TAB.,2471744
فيتاكيدز شراب 200 مل,VITAKIDS SYRUP 200 ML,1865930
فيتال زيت شعر 120 مل,VITAL HAIR OIL 120 ML,1770445
فيتال زيت شعر 60 مل,VITAL HAIR OIL 60 ML,2521043
فيتال سيرم للشعر,VITAL HAIR SERUM,1676743
فيتال شامبو 200 مل,VITAL HAIR SHAMPOO 200 ML,2514987
فيتالو شوك بلس,,2631633
فيتالو شوك عادي اكياس,,2180077
فيتالوشوك 10 اكياس,VITALOCHOC 10 SACHET,904402
فيتالوشوك بلس 10 اكياس,VITALOCHOC PLUS 10 SACHET,2470506
فيتالوكس + 50 30 اقراص,VITALOX 50 + 30 TAB,2533601
فيتالوكس ايف الوفيرا للسيدات 30 اقراص,VITALOX EVE + ALOE VERA 30 TABLETS,2533596
فيتالوكس كبار + 50 30 اقراص عرض 1 + 1,VITALOX 50 + 30 TAB,2533602
فيتالوكس كومبليت ايه تو زد 30 اقراص,VITALOX COMPLETE A TO Z 30 TAB,2307217
فيتالونج شراب,,2158050
فيتامارت بلس كريم,FITAMART PLUS CREAM,1421067
فيتامارت كريم 50 جم,FITAMART CREAM 50 GM,2146415
فيتاماونت رجال 10 ك جديد / امون,VITAMOUNT FOR MEN 15 TABS,2644559
فيتاماونت رجال 15 كبسوله اس جي 120,VITAMOUNT FOR MEN 15 TABS,2639517
فيتاماونت رجال جديد,MY VI MEN 60 PIECES,2638615
فيتاماونت للرجال 10 كبسوله جديد,VITAMOUNT FOR MEN 15 TABS,2680925
فيتامونت رجال 10 كبسول,VITAMOUNT FOR MEN 15 TABS,2636104
فيتامونت رجال 15 كبسوله جديد,VITAMOUNT FOR MEN 15 TABS,2670731
فيتامونت رجال كبسول,VITAMOUNT FOR MEN 15 TABS,2640158
فيتامونت سيدات 15 كبسول,VITAMOUNT FOR WOMEN 15 S.G.CAPS.,2315331
فيتامونت للرجال 15 كبسول,VITAMOUNT FOR MEN 15 TABS,2645838
فيتامونت للرجال كبسول جديد,VITAMOUNT FOR MEN 15 TABS,2670788
فيتامونت مان كبسول,VITAMOUNT FOR MEN 15 TABS,2638608
فيتاميرج 30 اقراص تحت اللسان,VITAMERGE 30 SUBLINGUAL TAB,2260198
فيتامين اي 400 مجم 24 كبسول فاركو,VITAMIN E 400 MG 24 SOFT GELATIN CAPS,904407
فيتامين اي كريم كبسولات للبشره,VITAMIN E FOR FACE 90 CAPSULE,2634772
فيتامين ب المركب 30 اقراص,B COMPLEX 30 TABS,1768518
فيتامين بي 9 400 مكجم 20 اقراص,VITAMIN B 9 400 MCG 20 TABS,2407595
فيتامين د 3 + ك 2 30 اقراص,FOR VIT D 3 30 TABS,2669467
فيتامين سي 1 جم 10 فوار سيدكو,VITAMIN C SEDICO 1 G 10 EFF. SACHETS,2363718
فيتامين سي قطره بالفم 15 مل,VITAMIN C 100 MG ORAL DROPS 15 ML,2539674
فيتامين هـ 1000 مجم 24 كبسول,VITAMIN E 1000 MG 24 CAPS.,2436875
فيتامين هـ فورت 400 مجم 20 كبسول ميباكو,VITAMIN E FORTE 400 MG 20 CAPS.,1874069
فيتاهير 60 ك / ميباكوفيتاهير 60 ك جديد / ميباكو,,2346631
فيتاهير كبسول,,1997567
فيتايامي 30 اقراص,VITAYAMI 30 F.C. TABS.,904410
فيتايامي جديد,VITAYAMI 30 F.C. TABS.,2675679
فيترو 7 اكياس,VITRO 7 SACHETS,1740431
فيترونال 20 اقراص,VITRONAL 20 TABS,1842777
فيتشي رول اون 48 ساعه حريمي بيوتي ابيض,VICHY ROLL ON 48 HOUR WOMEN WHITE BEAUTY,2194012
فيتشي رول اون ديودرنت 50 مل ستريس ريسيست احمر,VICHY DEODORANT STRESS RESIST ROLL ON – 50 ML,2194014
فيتشي نورماديرم غسول جل اخضر 400 مل,VICHY NORMADERM SOLUTION 200 ML GREEN,2562195
فيتموتوس 20 اقراص,FITMOTUS 20 CAPS,2513883
فيتموتوس 30 اقراص,FITMOTUS 30 CAPS,2434350
فيتوباتشيا اقراص,VITOBASHYA TABS,1740432
فيتورولز اس بي 30 اقراص,VITOROLS S.P 30 CAPS,1989057
فيتوسيل 14 اكياس,VITOSEL 14 SACHETS,2194017
فيتوسيل شراب 120 مل,VITOSEL SYRUP 120 ML,1738220
فيتوسيل شراب 30 مل,VITOSEL SYRUP 30 ML,2620604
فيتونكس اطفال شراب 120 مل,VITONEX CHILDREN SYRUP 120 ML,2631718
فيتونيكس 20 كبسول,VITONEX 20 CAPS.,904413
فيتوياجرا 100 مجم 12 اقراص,VETOYAGRA 100 MG 12 ORO DISPERSIBLE TABS,1925887
فيتوياجرا 100 مجم 5 اقراص,VETOYAGRA 100 MG 5 F.C. TABS,2008176
فيتيفكت شراب 120 مل,VITIFECT SYRUP 120 ML,2160475
فيجابانتين 600 مجم 30 اقراص,VEGAPANTIN 600 MG 30 F.C.TAB.,1608268
فيجو جار قطره,VIGO GAR DROP,2382917
فيجوتون 30 اقراص,VIGOTON 30 TABS,2157834
فيجوتون 30 كبسوله,VIGOTON PLUS 30 CAPS,2674633
فيجوتون بلس 20 كبسول,VIGOTON PLUS 20 CAPS,2511339
فيجوتون بلس 220,VIGOTON PLUS 20 CAPS,2626509
فيجوتون بلس 30 اقراص,VIGOTON 30 TABS,2626354
فيجوتون بلس 30 اقراص / اوكتا,VIGOTON 30 TABS,2680500
فيجوتون بلس 30 كبسول,VIGOTON PLUS 30 CAPS,2491761
فيجوتون بلس برطمان 20 كبسول,VIGOTON PLUS 20 CAPS,2671418
فيجوتون بلس شريط 30 كبسول,VIGOTON PLUS 30 CAPS,2674812
فيجون 100 سيلدينافيل 4 اقراص 40 باكو,EDWIFIGEN 30 TABS,2326177
فيجون اقراص,EDWIFIGEN 30 TABS,2341199
فيجون فياجرا العامريه,FUSION LOTION 120 ML,2276678
فيجيدال اقراص فيتامين د,VIGADOL 100 MG 4 F.C.TAB.,2567982
فيجيفيرون كبسول حديد,,2567983
فيجيكالسي 30 اقراص,VIGICALCY 30 TABS,2567984
فيدرا كريم 120 جم,PHEDRA CREAM 120 GM,2113699
فيدروب 2800 وحده / مل قطره للفم 15 مل,VIDROP 2800 I.U. / ML ORAL DROPS 15 ML,904417
فيدسيفرول قطره,VIDISFEROL DROP,1809293
فيدورا قطره بالفم 10 مل,FEDORA ORAL DROPS 10 ML,2645877
فيدوكسفليك شراب 120 مل,VIDOXFLIC ORAL SYRUP 120 ML,2637274
فير اند لافلي فيتامين 18 جم صغير,FAIR LOVELY GLOW LOVELY ADVANCED MULTI VITAMIN 18 GM,1400226
فير اند لافلي فيتامين 90 جم كبير,FAIR LOVELY GLOW LOVELY ADVANCED MULTI VITAMIN 90 GM,2131583
فير اند لفلي كريم 18 جم,FAIR LOVELY CREAM 18 GM,1778696
فير اند لفلي كريم 40 جم,FAIR LOVELY CREAM 40 GM,1400086
فيرا كير اكسترا جل 50 جم,VERA CARE EXTRA GEL 50 GM,2497014
فيراكا 30 اقراص,VERACA 30 TABS,1548038
فيراميكس اف اي 20 اقراص,FERAMIX FE 20 TAB,1464793
فيرامينو شراب 100 مل,FERRAMINO SYRUP 100 ML,2497874
فيربينو 20 اقراص,FERPINO 20 CAPS,2129288
فيربينوحديد ق,,2175606
فيرتيتونكس 30 كبسول,FERTITONEX 30 CAP,904419
فيرتيسوبرا اقراص,,2342598
فيردابيوتال 10 مجم 30 اقراص,VERDAPIOTAL 10 MG 30 F.C.TAB.,2680957
فيردابيوتال 10 مجم 30 اقراص,VERDAPIOTAL 10 MG 30 F.C.TAB.,2603364
فيردكس البا كريم 50 مل,VERDEX ALBA CREAM 50 ML,2194025
فيردكس برايم البا سيرم 30 مل,VERDEX PRIME ALBA SEARUM 30 ML,1738221
فيردكس برايم اي كونتور سيرم 15 مل,VERDEX PRIME EYE CONTOUR SERUM 15 ML,2314492
فيردو 20 كبسول,VERDO 20 CAPSULES,2462350
فيردينوديب 20 مجم 4 اقراص,VERDENODEB 20 MG 4 F.C. TABS.,2436887
فيرست فوك 5 امبول للشعر 10 مل,FIRSTVOC HAIR 5 AMPS. X 10 ML,2501035
فيرست فوك بديل زيت للشعر 100 جم,FIRSTVOC HAIR OIL REPLACEMENT 100 GM,2508855
فيرست فوك شامبو ضد القشره 150 مل,FIRSTVOC ANTI DANDRUFF SHAMPOO 150 ML,2146404
فيرست فوك شامبو وبلسم 200 مل,FIRSTVOC SHAMPOO AND CODITIONER 200 ML,2501036
فيرست فوك كريم للشعر 100 جم,FIRSTVOC HAIR CREAM 100 GM,2508856
فيرست فوك لوشن الشعر 120 مل,FIRSTVOC HAIR LOTION 120 ML,2501037
فيرسيرك 16 مجم 30 اقراص,VERSERC 16 MG 30 TAB.,904426
فيرسيرك 24 مجم 30 اقراص,VERSERC 24 MG 30 TAB.,904427
فيرلاج 20 كبسول,FERLAGE 20 CAPS,2637275
فيرم 1 500 مجم 28 اقراص,VERM 1 500 MG 28 TAB.,2521241
فيرمكس كريم 120 جم,FIRMIX CREAM 120 GM,1740438
فيرميزول 200 مجم / 5 مل شراب 30 مل,VERMIZOLE 200 MG / 5 ML SUSP. 30 ML,1535464
فيرميزول 200 مجم 6 اقراص,VERMIZOLE 200 MG 6 TAB.,904428
فيرنوفا دوش مهبلي 250 مل,VERNOVA VAG.DOUCHE 250 ML,2499926
فيرنيلار 0.5 مجم / مل شراب 120 مل,FERNILAR 0.5 MG / ML SYRUP 120 ML,2252045
فيرنيلار 0.5 مجم / مل شراب 60 مل,FERNILAR 0.5 MG / ML SYRUP 60 ML,2436894
فيرنيلار 5 مجم 20 اقراص,FERNILAR 5 MG 20 F.C. TAB.,1226603
فيرو ايبا 30 اقرااص,FERRO EBA 30 CAPS,2500188
فيرو ايبا شراب 120 مل,FERRO EBA SYRUP 120 ML,2500187
فيرو ساجا شراب 120 مل,FERRO SAJA 120 ML SYRUP,2499431
فيرو هيلثي شراب 120 مل,FERROHEALTHY SYRUP 120 ML,904434
فيروبولين 30 كبسول,FERROPOLYN 30 CAPS,904435
فيروترون 30 كبسول,FERROTRON 30 CAPS.,2674442
فيروترون فورت 30 اقراص,FERROTRON FORT 30 CAPS,2570918
فيروترون كبسوله س جديد,FERROTRON 30 CAPS.,2640884
فيروجست 30 اقراص,FEROJUST 30 CAP,2433459
فيروجلوبين 30 كبسول,FEROGLOBIN 30 CAPS,1627515
فيروجلوبين سائل 120 مل,FEROGLOBIN LIQUID 120 ML,1529393
فيروجلوبين شراب 120 مل / فيتابيوتكس,FEROGLOBIN LIQUID 120 ML,2680817
فيروجلوبين شراب 120 مل 120,FEROGLOBIN LIQUID 120 ML,2652375
فيروجلوبين شراب جديد,FEROGLOBIN 30 CAPS,2674891
فيروديب 30 كبسول,FERRODEP 30 CAPS,2409835
فيروديب شراب 150 مل,FERODEP SYP 150 ML,2369284
فيروديتا 30 اقراص,FERODETTA 30 TABS,2632608
فيروديودينال اف كبسول 105,,2539636
فيروديونال 30 كبسول,FERRODUONAL 30 CAP.,1911226
فيروراف بلس شراب 100 مل,FERRORAVE PLUS SYRUP 100 ML,2624737
فيروراف وان 20 كبسول,FERRORAVE ONE 20 CAPS,2500287
فيروساك 100 مجم / 5 مل 5 امبول,FEROSAC 100 MG / 5 ML 5 AMP.,1700832
فيروستات 200 مجم / 5 مل شراب 120 مل,VIRUSTAT 200 MG / 5 ML SUSP. 120 ML,2475490
فيروستات 400 مجم / 5 مل شراب 120 مل,VIRUSTAT 400 MG / 5 ML SUSP. 120 ML,2160476
فيروستات 5 % كريم 5 جم,VIRUSTAT 5 % CREAM 5 GM,2172854
فيروستات شراب 70,VIRUSTAT 400 MG / 5 ML SUSP. 120 ML,2672903
فيروسكاي 30 كبسول,FERROSKY 30 CAPS,2594227
فيروفلاف شراب 120 مل,FERROFLAV 120 ML SYRUP,2498648
فيروفلاف قطره بالفم 30 مل,FERROFLAV 30 ML SYRUP,2498649
فيروكال فورت 20 كبسوله,FERROCAL FORTE 20 CAP,2673659
فيرولكس غسول للفم 200 مل,VEROLEX MOUTH WASH 200 ML,1427283
فيرونترو يليون 30 ق / نترليون,,1904455
فيرونكس بلس اقراص استحلاب حديد 24 اقراص,FERRONEX PLUS IRON LOZENGES 24 TABS.,2128556
فيرونكس بلس اقراص قديم,FERRONEX PLUS IRON LOZENGES 24 TABS.,2625720
فيرونولترليون 30 اقراص,FERONUTRILLION 30 TABS,2499928
فيروهيلثي شراب 120 مل,FERROHEALTHY SYRUP 120 ML,1447859
فيرينو 24 قطعه,FERRINO 24 PIECES,2501273
فيرينوبريس 30 كبسول,FERRINOPRIS 30 CAP,2221643
فيزان 2 مجم 28 اقراص,VISANNE 2 MG 28 TABLETS,2533571
فيزان 2 مجم 28 اقراص,VISANNE 2 MG 28 TABLETS,2680980
فيزان 2 مجم 28 اقراص,VISANNE 2 MG 28 TABLETS,2644411
فيزرلايت 0.25 % كريم 30 جم,FEATHERLITE 0.25 % CREAM 30 GM,2499532
فيزومير يوكاليبتس بخاخ,PHYSIOMER EUCALYPTUS NASAL SPRAY 135 ML,2542545
فيزوميرسترونج 350,,2605877
فيزوميرهيبر تونك كبير,,2603376
فيزي كير 5 مجم 30 ق جديد,VYZEE EMULSION CREAM 50 GM,2535791
فيزيكير 10 مجم 30 اقراص,VESICARE 10 MG 30 F.C. TAB,2157162
فيزيكير 5 مجم 30 اقراص,VESICARE 5 MG 30 F.C. TAB,2040126
فيزيومير نورمال جيت,PHYSIOMER NORMAL JET NASAL SPRAY 135 ML,2683228
فيسبيرا لوسيون للاظافر,VESPERA NAIL LOTION,1825010
فيستا جل فراوله 100 مل,MUVISTA GEL 50 GM,2433362
فيستا جل ناتشورال 100 مل,MUVISTA GEL 50 GM,2433363
فيستا كاندم 3 ق روكيت,FIESTA CONDOM 3 PCS ROCKET,1778223
فيستا كاندم 3 ق فراوله,FIESTA CONDOM 3 PCS STREWBERRY,1778227
فيستا كاندم 3 ق كراميل,FIESTA CONDOM 3 PCS CARAMEL,2131147
فيستا كاندم 3 ق موز,FIESTA CONDOM 3 PCS BANANA,1778229
فيسرا 10 مجم / 5 مل شراب 120 مل,VISCERA 10 MG / 5 ML SYRUP 120 ML,2470546
فيسرا 5 مجم / 2 مل 3 امبول,VISCERA 5 MG / 2 ML 3 AMP.,2487476
فيسرالجين 10 مج / 5 مل شراب 120 مل,VISCERALGINE 10 MG / 5 ML SYRUP 120 ML,1725516
فيسرالجين 50 مجم 20 اقراص,VISCERALGINE 50 MG 20 F.C.TABS.,904446
فيسي كير 5 مجم 30 اقراص,FUSI 2 % CREAM 30 GM,2674920
فيسي كير 5 مجم 30 اقراص 288,FUSI 2 % CREAM 30 GM,2603378
فيسيومير بوكاليبتس 135 مل 350,,2593975
فيفدول بيرفيكتا زيت للشعر 250 مل,VIVIDOL PERFECTA HAIR OIL 250 ML,1687662
فيفدول كريم للشعر 100 جم,VIVIDOL HAIR CREAM 100 GM,2651638
فيفونوكسول 1000 مجم 20 اقراص,FEVONOXOL 1000 MG 20 F.C. TABS,2429250
فيفيدول بيرفكتا زيت للشعر 250 مل 275,VIVIDOL PERFECTA HAIR OIL 250 ML,2524331
فيفيدول زيت بيرفكت 250 مل,VIVIDOL PERFECTA HAIR OIL 250 ML,2544109
فيفيدول زيت شعر 120 مل,VIVIDOL PERFECTA HAIR OIL 120 ML,2510669
فيفيدول لوشن للشعر 150 مل,VIVIDOL HAIR LOTION 150 ML,1764318
فيفيند 200 مجم 10 اقراص,VFEND 200 MG 10 TAB,2513355
فيكسوباند 10 سم,FIXOBAND CASTING TAPE 10 CM,1777216
فيكسوباند 15 سم,FIXOBAND CASTING TAPE 15 CM,1777218
فيكسوباند 7.5 سم,FIXOBAND CASTING TAPE 7.5 CM,1777217
فيكسوستادين 120 مجم 20 اقراص,FEXOSTADINE 120 MG 20 TAB,2599987
فيكسوستادين 180 مجم 20 اقراص,FEXOSTADINE 180 MG 20 TAB,2622759
فيكسوليتك شراب 120 مل,VICKSOLYTIC SYRUP 120 ML,1911192
فيكسون 120 مجم 10 اقراص,FEXON 120 MG 10 F.C.TAB.,2471746
فيكسون 180 مجم 10 اقراص,FEXON 180 MG 10 F.C.TAB.,2128709
فيكو صن بلوك لوسيون 120 مل,VICCO SUNBLOCK + 50 SPF LOTION 120 ML,1750442
فيكو فارتيك 20 مجم / 12.5 56,VICCO SUNBLOCK + 50 SPF LOTION 120 ML,2603379
فيكوفارتيك 20 مجم 28 اقراص,VECOVARTEC 20 MG 28 F.C. TABS,2252797
فيكوفارتيك بلس 20 / 12.5 مجم 28 اقراص,VECOVARTEC PLUS 20 / 12.5 MG 28 F.C. TAB,1765056
فيكوفارتيك بلس 40 / 12.5 مجم 28 اقراص,VECOVARTEC PLUS 40 / 12.5 MG 28 F.C.TAB,904459
فيل جود ايما ماكس كريم 100 جم,FEEL GOOD EMA MAX CREAM 100 GM,1962607
فيل جود سكالا شامبو 250 مل,FEEL GOOD SCALA SHAMPOO 250 ML,2114186
فيل جود سكالا هير تونيك سيرم للشعر 120 مل,FEEL GOOD SCALA HAIR TONIC SERUM 120 ML,1503999
فيل جود سيبا بيور بودي بخاخ 120 مل,FEEL GOOD SEBA PURE BODY SPRAY 120 ML,1962609
فيل جود سيبا بيور سيرم 50 مل,FEEL GOOD SEBA PURE SERUM 50 ML,2114259
فيل جود سيبا بيور غسول للوجه 250 مل,FEEL GOOD SEBA PURE CLEANSER 250 ML,1962610
فيل جود فور كراك كريم 100 جم,FEEL GOOD FORCRACK CREAM 100 GM,1993417
فيل جود فور لايت غسول تفتيح 250 مل,FEEL GOOD FOUR LITE LIGHTENING CLEANSER 250 ML,1962643
فيل جود فور لايت كريم تفتيح 50 جم,FEEL GOOD FOUR LITE LIGHTENING CREAM 50 GM,2185862
فيل جود فور مويست بودي لوسيون 200 مل,FEEL GOOD FOR MOIST BODY LOTION 200 ML,2114188
فيل جود فور مويست غسول مرطب للبشره الجافه 250 مل,FEEL GOOD FOR MOIST FACIAL CLEANSER 250 ML,1993413
فيل جود فور مويست كريم مرطب 100 جرام,FEEL GOOD FOR MOIST EMOLLIENT CREAM 100 GM,1962645
فيلاتريبلو 200 / 62.5 / 25 مكجم 60 كبسول,VILATRIPLO 200 / 62.5 / 25 MCG 60 INH. CAPS. + DUOHALER,2559797
فيلاجلوم 20 مجم اقراص,,1740453
فيلاجلوم 40 مجم اقراص,,1740454
فيلازوليد 600 مجم 10 اقراص,VILZOLID 600 MG 10 F.C. TAB.,2316841
فيلافوريا 10 مجم 30 اقراص,VILAPHORIA 10 MG 30 F.C.TABS.,2599909
فيلافوريا 20 مجم 30 اقراص,VILAPHORIA 20 MG 30 F.C.TABS.,1993888
فيلافوريا 40 مجم 30 اقراص,VILAPHORIA 40 MG 30 F.C.TABS.,2499261
فيلاكورد زيت للشعر 120 مل,VILLAKORD HAIR OIL 120 ML,2501039
فيلانتي كريم للبشره 50 جم,VAILLANTE SKIN CREAM 50 MG,2500758
فيلدابيتس 50 / 1000 مجم 30 اقراص,VILDABETES 50 / 1000 MG 30 TABS.,1033015
فيلداجلوز 50 مجم 30 اقراص,VILDAGLUSE 50 MG 30 TABS.,2156615
فيلداجلوز بلس 50 / 1000 مجم 30 اقراص,VILDAGLUSE PLUS 50 / 1000 MG 30 TABS.,2313385
فيلداجلوز بلس 50 / 500 مجم 30 اقراص,VILDAGLUSE PLUS 50 / 500 MG 30 TABS,1043255
فيلداجلوز بلس 50 / 850 مجم 30 اقراص,VILDAGLUSE PLUS 50 / 850 MG 30 TABS,1029938
فيلدافورمين 50 / 1000 مجم 30 اقراص,VILDAFORMIN 50 / 1000 MG 30 TABS.,904462
فيلوسيف 1 جم 8 اقراص,VELOSEF 1 GM 8 TABS.,1535483
فيلوسيف 1 جم امبول,VELOSEF 1 GM I.M. / I.V.VIAL,2587409
فيلوسيف 500 مجم 16 كبسول,VELOSEF 500 MG 16 CAPS.,939300
فيليكس 50 مكجم بخاخ للانف,FLIX NASAL SPRAY 50 MCG / METERED SPRAY DOSE,904319
فيم كريم ازاله الشعر للبشره الجافه 40 مل صندل,FEM SANDAL HAIR REMOVAL CREAM 40 GM,1778700
فيم كريم ازاله الشعر للبشره الجافه 90 مل صندل 20 % زياده,FEM SANDAL HAIR REMOVAL CREAM 90 GM EXTRA 20 %,2130462
فيم كريم ازاله الشعر للبشره الحساسه 40 مل ورد,FEM HAIR REMOVAL CREAM FOR SENSITIVE SKIN 40 GM,2603474
فيم كريم ازاله الشعر للبشره الحساسه 90 مل ورد,FEM HAIR REMOVAL CREAM FOR SENSITIVE SKIN 90 GM,1778706
فيم كريم ازاله الشعر للبشره العاديه 40 مل ازهار,FEM FLOWERS HAIR REMOVAL CREAM 40 GM,1666947
فيم كريم ازاله الشعر للبشره العاديه 90 مل ازهار 20 % زياده,FEM FLOWERS HAIR REMOVAL CREAM 90 GM EXTRA 20 %,2130463
فيم كريم ازالهحساس بمبي 40 جم 20 % زياده / دابر,FEM FLOWERS HAIR REMOVAL CREAM 40 GM EXTRA 20 %,2638235
فيما بنت اقراص,BONFIMA 30 TAB,2096328
فيمابنت 2.5 مجم 30 اقراص,FEMAPENT 2.5 MG 30 F.C.TABS,2379132
فيمارا 2.5 مجم 30 اقراص,FEMARA 2.5 MG 30 F.C.TABS.,904469
فيمتونكس 30 اقراص,FEMTONEX 30 TABS,906693
فيمكير غسول نسائي 250 مل,FEMCARE INTIMATE FEMININE WASH 250 ML,1676747
فيموجيسال 0.03 / 0.075 مجم 21 اقراص,FEMOGESAL 0.03 / 0.075 MG 21 F.C. TABS.,2145236
فيموجيسال 76,FEMOGESAL 0.03 / 0.075 MG 21 F.C. TABS.,2603387
فيموستون 1 / 10 مجم 28 اقراص,FEMOSTON 1 / 10 MG 28 F.C.TABS,2616746
فيمي 9 غسول نسائي 250 مل,FEMI 9 VAGNAL WASH 250 ML,1778705
فيمي كير غسول نسائي 120 مل,FEMI CARE FEMININE WASH 120 ML,1548069
فيمي كير غسول نسائي 240 مل,FEMI CARE FEMININE WASH 240 ML,962969
فيميكيور 30 ​​كبسول,FEMICUR 30 CAPS.,1775124
فيمينوزان 20 مجم 30 اقراص,FIMINOSAN 20 MG 30 TAB,2127650
فين كاربون فحم 30 كبسوله,VEINSCRIPT 30 CAP,2636732
فينادون شراب 100 مل,PHENADONE SYRUP 100 ML,2099066
فينادون شراب 125 مل,PHENADONE SYRUP 125 ML,2470565
فيناستورا 5 مجم 30 اقراص,FINASTURA 5 MG 30 F.C.TAB.,1740464
فيناكس 30 اقراص,VINAX 30 TAB,2018965
فيناكس قطع شيكولاته بالحديد 30 ق جديد / اوكتا بيوتك,VINAX 30 TAB,2639069
فيناكسان 500 مجم 5 اقراص,VENAXAN 500 MG 5 F.C.TAB.,2436924
فينتازما 10 مجم 14 اقراص,VENTASTHMA 10 MG 14 F.C. TABS,2642502
فينتال انهيلر 100 مكجم / جرعه 200 جرعه عاديه,VENTAL INHALER 100 MCG / DOSE 200 DOSES,2454724
فينتال مركب 200 جرعه بخاخ,VENTAL COMPOSITUM 200 DOSES SPRAY,2144566
فينتامور بلاك صابون فحم 100 جم,VENTAMOR BLACK CHARCOAL SOAP 100 GM,2194074
فينتامور جل للوجه لحب الشباب 40 جم,VENTAMOR ACNE PRONE GEL 40 GM,2006790
فينتامور دوبل كلينسر غسول للوجه للبشره الدهنيه 120 مل,VENTAMOR FACIAL DOUBLE WASH 120 ML,1973894
فينتامور دوبل كلينسر غسول للوجه للبشره الدهنيه 200 مل,VENTAMOR DOUBLE CLEANSER 200 ML,2475508
فينتامور رول اون مزيل عرق بابل جم بمبي 50 مل,VENTAMOR ANTIPERSPIRANT WHITENING ROLL ON BUBBLE GUM 50 ML,2472739
فينتامور رول اون مزيل عرق مسك ابيض 50 مل,VENTAMOR ANTIPERSPIRANT WHITENING ROLL ON WHITE MUSK 50 ML,2472740
فينتامور رول اون مزيل للعرق اوريجينال بدون عطر 50 مل,VENTAMOR ANTIPERSPIRANT WHITENING ROLL ON ORIGINAL 50 ML,2472738
فينتامور سيرم مضاد للتجاعيد والتفتيح 30 مل,VENTAMOR ANTI AGING WHITENING SERUM 30 ML,2185406
فينتامور سيرم مضاد للتجاعيد والتفتيح 50 مل,VENTAMOR ANTI AGING WHITENING SERUM 50 ML,2475506
فينتامور صابون فحم,VENTAMOR BLACK CHARCOAL SOAP 100 GM,2681711
فينتامور صابونه تفتيح 60 جم,VENTAMOR WHITENING SOAP 60 GM,2193948
فينتامور صن سكرين بخاخ 200 مل,VENTAMOR SUNSCREEN SPRAY SPF 50 + 200 ML,2066133
فينتامور صن سكرين جل 50 جم,VENTAMOR SUN SCREEN GEL 50 GM,2475504
فينتامور صن سكرين جل 75 جم,VENTAMOR SUN SCREEN GEL 75 GM,2193950
فينتامور غسول للوجه للتفتيح 200 مل,VENTAMOR FACIAL WASH 200 ML,1768583
فينتامور كريم تفتيح 60 جم,VENTAMOR CREAM 60 GM,2472082
فينتامور كريم جل ليلي للتفتيح 60 جم,VENTAMOR WHITENING NIGHT CREAM GEL 60 GM,2193946
فينتامور كريم عين مضاد للتجاعيد 30 جم,VENTAMOR ANTI AGING WHITENING EYE CONTOUR CREAM 30 GM,2187223
فينتامور كريم مناطق حساسه 60 مل,VENTAMOR CREAM 60 GM,2634933
فينتامور مزيل عرق 50 مل,VENTAMOR ANTIPERSPIRANT WHITENING ROLL ON WHITE MUSK 50 ML,1973896
فينتكس بخاخ للفم 60 مل,FENTEX MOUTH SPRAY 60 ML,2513622
فينتورال غسول للفم 200 مل,FENTORAL MOUTH WASH 200 ML,1160975
فينتورين 100 مجم 10 كيس,FENTORIN 100 MG 10 SACHET,2058822
فينتوسبان شراب 120 مل,VENTOSPAN SYRUP 120 ML,2635992
فينتوسبان شراب 60 مل,VENTOSPAN SYRUP 60 ML,2635991
فينتوكوف خالي من السكر شراب 125 مل,VENTOCOUGH SUGAR FREE SYRUP 125 ML,2619748
فينتوكوف شراب 125 مل بالسكر,VENTOCOUGH SYRUP 125 ML,2313395
فينتولين 2 مجم / 5 مل شراب 125 مل,VENTOLIN 2 MG / 5 ML SYRUP 125 ML,2182646
فينتولين ايفوهيلر 100 مكجم استنشاق,VENTOLIN EVOHALER 100 MCG / ACTUATION INHALER,1988745
فينتولين ديسكس 200 مكجم / جرعه بخاخ,VENTOLIN DISKUS 200 MCG / DOSE ACCUHALER,2462752
فينتيكونت 2 % كريم مهبلي 30 جم,FENTICONT 2 % VAG CREAM 30 GM,2499917
فيندكسين شراب 125 مل,VENDEXINE SYRUP 125 ML,904475
فيندو سيرم 100 مل,VINDO SERUM 100 ML,2510540
فينش بيبي كريم,FINISH BABY CREAM,2499350
فينشيب 120 مجم 30 كبسول,FINSHAPE 120 MG 30 CAPS,2643663
فينلا ماش 150 مجم 20 كبسوله,SPECOVAN VAVILLA 20 SACH,2558964
فينلا ماش ممتد المفعول 75 مجم 20 كبسوله,SPECOVAN VAVILLA 20 SACH,2557165
فينلاماش 150 مجم اكس ار 30 كبسول,VENLLAMASH 150 MG 30 EXT. REL. CAPS,2646841
فينلاماش 75 مجم اكس ار 30 كبسول,VENLLAMASH 75 MG 30 EXT. REL. CAPS.,2623691
فينو ب 12 30 اقراص تحت اللسان,VINO B 12 1 MG 30 SUBLINGUAL TAB,1667353
فينو بي اقرص بديل دافلون,VENO WEST 30 TAB,2638616
فينو ويست 30 اقراص,VENO WEST 30 TAB,2624912
فينوبولين 30 كبسول,FENUPOLYEN 30 CAPS,2476129
فينوسين كريم 50 جم,VINOSIN CREAM 50 GM,2436929
فينوكسلاب 10 مجم 20 اقراص,FINOXLAB 10 MG 20 F.C.TABS,2160755
فينوكسلاب 20 مجم 20 اقراص,FINOXLAB 20 MG 20 F.C.TABS,2299297
فينوماكس كريم 30 جم,VINOMAX CREAM 30 GM,2470572
فينيتين 100 مجم / 2 مل 1 امبول,PHENYTIN 100 MG / 2 ML 1 AMPS.,2260200
فينيتين 250 مجم / 5 مل 10 امبول,PHENYTIN 250 MG / 5 ML 10 AMPS.,2382882
فينيستيل 1 مجم / مل قطره 15 مل,FENISTIL 1 MG / ML ORAL DROPS 15 ML,2149415
فيوتاباركي 25 / 250 مجم 30 اقراص,FUTAPARKY 25 / 250 MG 30 TAB,2497539
فيوتابان 20 مجم 14 اقراص,FUTAPAN 20 MG 14 TAB,2143505
فيوتابان 40 مجم 28 اقراص,FUTAPAN 40 MG 28 E.C.TABS.,904483
فيوتابان 40 مجم امبول,FUTAPAN 40 MG POWDER FOR I.V. INF. VIAL,904484
فيوتابان 40 مجم امبول,FUTAPAN 40 MG POWDER FOR I.V. INF. VIAL,2680922
فيوتابرامين 10 مجم 30 اقراص,FUTAPRAMIN 10 MG 30 F.C. TABS.,2128641
فيوتابرامين 20 مجم 30 اقراص,FUTAPRAMIN 20 MG 30 F.C. TABS.,2671936
فيوتاتريت 100 مجم / مل 100 مل محلول,FUTATREAT 100 MG / ML ORAL SOLN. 100 ML,2603393
فيوتاتريت 1000 مجم 20 اقراص,FUTATREAT 1000 MG 20 TAB,1959125
فيوتاتريت 500 مجم 20 اقراص,FUTATREAT 500 MG 20 F.C. TAB,2436931
فيوتاتريت 750 مجم 20 اقراص,FUTATREAT 750 MG 20 F.C. TAB,2523674
فيوتافيلدكس 50 / 1000 مجم 30 اقراص,FUTAVILDIX 50 / 1000 MG 30 F.C. TABS.,904486
فيوتافيلدكس 50 / 850 مجم 30 اقراص,FUTAVILDIX 50 / 850 MG 30 F.C. TABS.,1476793
فيوتاكوكسيب 120 مجم 10 اقراص,FUTACOXIB 120 MG 10 TAB,2487486
فيوتاكوكسيب 60 مجم 30 اقراص,FUTACOXIB 60 MG 30 F.C.TABS,2639466
فيوتاكوكسيب 90 مجم 30 اقراص,FUTACOXIB 90 MG TAB,1464794
فيورازول 20 اقراص,FURAZOLE 20 TAB.,2143682
فيوساميك 1 % قطره للعين فيسكوس 5 جم,FUSAMIC 1 % VISCOUS EYE DROPS 5 GM,1686711
فيوسسالمك 1 % جل,,2585989
فيوسي 2 % كريم 15 جم,FUSI 2 % CREAM 15 GM,1516318
فيوسي 2 % كريم 30 جم,FUSI 2 % CREAM 30 GM,904491
فيوسي 2 % مرهم 15 جم,FUSI 2 % OINT. 15 GM,1544965
فيوسي 2 % مرهم 30 جم,FUSI 2 % OINT. 30 GM,2143767
فيوسي توب 2 % كريم 15 جم,FUCI TOP 2 % CREAM 15 GM,2467281
فيوسي ثالميك قطره,FUSI 2 % OINT. 30 GM,2411422
فيوسي زون كريم 15 جم,FUSI ZON CREAM 15 GM,2096267
فيوسي زون كريم 15 جم,FUSI ZON CREAM 15 GM,2647144
فيوسي زون كريم 30 جم,FUSI ZON CREAM 30 GM,2470582
فيوسي كريم جديد 79 ج كبير,FUSI 2 % CREAM 15 GM,2681481
فيوسيدرم 2 % كريم 15 جم,FUSIDERM 2 % CREAM 15 GM,2186380
فيوسيدرم 2 % مرهم 15 جم,FUSIDERM 2 % OINT. 15 GM,2566900
فيوسيدرم كبير كريم,FUSIDERM 2 % CREAM 15 GM,2625508
فيوسيدرم كريم 2 % 30 جم / ايفا,FUSIDERM 2 % CREAM 15 GM,2487109
فيوسيدرم كريم 2 % 30 جم / ايفا فارم,FUSIDERM 2 % CREAM 15 GM,2464447
فيوسيديل 2 % كريم 15 جم,FUCIDEL 2 % CREAM 15 GM,2626680
فيوسيدين 2 % كريم 15 جم,FUCIDIN 2 % CREAM 15 GM,2215298
فيوسيدين 2 % كريم 20 جم,FUCIDIN 2 % CREAM 20 GM,2219979
فيوسيدين 2 % كريم 30 جم,FUCIDIN 2 % CREAM 30 GM,2224255
فيوسيست 30 اقراص,VIOCYST 30 TABS,904497
فيوسيست 60 قرص,VIOCYST 60 F.C.TABS,2157833
فيوسيست بلس 30 اقراص,VIOCYST PLUS 30 TABS,2180128
فيوسيكورت كريم 15 جم,FUCICORT CREAM 15 GM,2357791
فيوسيكورت كريم 20 جم,FUCICORT CREAM 20 GM,2289754
فيوسيكورت كريم 30 جم,FUCICORT CREAM 30 GM,2215300
فيوسيلمك قطره للعين,,2564352
فيولا سيرم للشعر 120 مل,VIOLA HAIR SERUM 120 ML,2436951
فيولا سيرم للشعر س جديد,VIOLA HAIR SERUM 120 ML,2586980
فيولا شامبو للشعر 200 مل,VIOLA HAIR SHAMPOO 200 ML,1775156
فيولا ماسك للشعر 120 جم,VIOLA HAIR MASK 120 GM,2129110
فيولدي 30 اقراص,VIOLDY 30 TABS,2499935
فيونا شمع بارد برطمان 228 مل جولد,VIONA COLD WAX HAIR REMOVAL GOLD 228 GM,2131343
فيونا شمع بارد برطمان 228 مل ليمون,VIONA COLD WAX HAIR REMOVAL LEMON 228 GM,2131344
فيونا قطن اذن 100 عود,VIONA COTTON EAR 100 STICKS,2169756
فيونا قطن اذن 200 عود,VIONA COTTON EAR 200 STICKS,2169757
فيونا قطن مكياج 50 ق,VIONA COTTON ROUND PADS 50 PCS,1665617
فيونا قطن مكياج 70 ق,VIONA COTTON ROUND PADS 70 PCS,1802100
فيونا قطن ميكياج 100 ق,VIONA COTTON PADS 100 PCS,2276294
فيونا مناديل لازاله الشمع 100 منديل,VIONA WAXING WIPES – 100 PCS,2169830
فيونا مناديل مبلله 20 منديل اطفال,VIONA WET WIPES 120 PIECES,2638243
فيونا مناديل مبلله 20 منديل كبار,VIONA WET WIPES 120 PIECES,2638253
فيونا مناديل مبلله للاطفال 40 منديل,VIONA WET WIPES 40 PIECES FOR KIDZ,1401667
فيونا مناديل مبلله هابي 40 منديل بني,VIONA HAPPY WET WIPES 40 PCS. BROWN,1401666
قاعده اطفال بلاستيك بيد,NICE BABY TOILET POTTY,2131358
قاعده اطفال بوب تون,NICE BABY TOILET POTTY,2631282
قربه ماء فرو,GRANZIA WARMIBAG HOT WATER BAG WITH SOFT COVER,2296705
قربه مياه بجراب فرو,PLANT HEALTH WATER BOTTLE WITH COVER 1 L,2603398
قربه مياه ساخنه فرو,RUBBER HOT WATER BAG,1400788
قربه مياه سخنه,RUBBER HOT WATER BAG,1400045
قربه مياه سخنه كهربائيه,ELECTRIC HOT WATER BAG,1778713
قربه مياه عاديه,RUBBER HOT WATER BAG,2603399
قسطره سيليكون مقاس 14,CATHETER SILICON SIZE 14,2130402
قسطره سيليكون مقاس 16,CATHETER SILICON SIZE 16,2603400
قسطره سيليكون مقاس 16,CATHETER SILICON SIZE 16,1400667
قسطره سيليكون مقاس 18,CATHETER SILICON SIZE 18,2603401
قسطره سيليكون مقاس 18,CATHETER SILICON SIZE 18,1400669
قسطره سيليكون مقاس 20,CATHETER SILICON SIZE 20,1400668
قسطره سيليكون مقاس 24,CATHETER SILICON SIZE 24,1400671
قسطره فولي مقاس 14,FOLEY CATHETER SILICON SIZE 14,1778717
قسطره فولي مقاس 16,FOLEY CATHETER SILICON SIZE 16,1400603
قسطره فولي مقاس 20,FOLEY CATHETER SILICON SIZE 20,1400606
قسطره فولي مقاس 22,FOLEY CATHETER SILICON SIZE 22,2129827
قسطره فولي مقاس 24,FOLEY CATHETER SILICON SIZE 24,1400899
قسطره كاندم مقاس L,CONDOM CATHETER SIZE L,1400661
قسطره كاندم مقاس M,CONDOM CATHETER SIZE M,1400659
قسطره كاندم مقاس XL,CONDOM CATHETER SIZE XL,1400660
قصافه استانلس كبير / 12 ق,RG LARGE NAIL CLIPPER 812,1400502
قصريه سرير,MOVE SHORT FINGER SPLINT,2603405
قطن اذن خشب قلب 100 عود,ZI WOODEN WCOTTON EAR 100 STICKS,2131252
قطن اذن زي 100 عود بلاستيك,ZI PLASTIC COTTON EAR 100 STICKS,2456463
قطن اذن عود بلاستيك 100 عود / فيونا,VIONA COTTON EAR 100 STICKS,2638234
قطن اذن عود بلاستيك 200 عود / فيونا,VIONA COTTON EAR 200 STICKS,2638236
قطن ازاله مكياج وايت 80 شريحه,IPEK COTTON ROUND PADS 80 PCS,2626241
قطن المحله الصياد 100 جرام,MAHALLA AL KOBRA MEDICAL COTTON EL SAYAD 100 GM,1400172
قطن المحله الصياد 100 جرام بالدسته,MAHALLA AL SAYAD COTTON 100 GM PER DOZEN,2130672
قطن المحله الصياد 25 جرام,MAHALLA AL KOBRA MEDICAL COTTON EL SAYAD 25 GM,2396498
قطن المحله الصياد 25 جرام كيلو,MAHALLA AL KOBRA MEDICAL COTTON EL SAYAD 25 GM 1 KILO,1778746
قطن المحله الصياد 250 جرام 1 كيلو,MAHALLA AL KOBRA MEDICAL COTTON EL SAYAD 250 GM 1 KILO,1400173
قطن المحله الصياد 50 جرام 1 كيلو,MAHALLA AL KOBRA MEDICAL COTTON EL SAYAD 50 GM 1 KILO,1400170
قطن المحله الصياد 500 جرام 2 ق / 1 ك,MAHALLA AL KOBRA MEDICAL COTTON EL SAYAD 500 GM 2 PCS,1778747
قطن المحله الصياد 500 جم,ELMAHALA COTTON 500 GM,1399794
قطن سي ام اي 100 جرام,CMI MEDICAL GRADE COTTON 100 G,1400400
قطن سي ام اي 25 جرام,CMI MEDICAL GRADE COTTON 25 G,2367648
قطن سي ام اي 250 جرام,CMI MEDICAL GRADE COTTON 250 G,1400164
قطن سي ام اي 50 جرام,CMI MEDICAL GRADE COTTON 50 G,1399817
قطن سي ام اي 500 جرام,CMI MEDICAL GRADE COTTON 500 G,1400207
قطن طبي 100 جرام,EGY MEDICAL COTTON 100 GM,2623539
قطن طبي 100 جرام بالكيلو,EGY MEDICAL COTTON 100 GM,2603404
قطن طبي 250 جرام بالكيلو,APEX MEDICAL COTTON 250 GM 1 KILO,2603406
قطن طبي 50 جرام,SQUARE MEDICAL COTTON 50 GM,2407271
قطن طبي 50 جرام بالكيلو,APEX MEDICAL COTTON 50 GM 1 KILO,2603408
قطن طبي 500 جرام بالفه نص كيلو,APEX MEDICAL COTTON 50 GM 1 KILO,2603407
قلم اختبار حمل,MY BABY PREGNANCY TEST,2619972
قلم شكاكه انسولين,NOVOPEN 4 INSULIN PEN,2619976
قناع بشره فجم ورمان فيتامين س,BOBANA MASK VITAMIN C 120 ML,2272624
ك 2 سبير 30 كبسوله,K 2 SPIRE 30 CAP,2379905
كاب اوميجا 20 اكياس,CAP OMEGA 20 SACHETS,2067389
كابتوبكت 600 مجم 10 اقراص,CAPTOBACT 600 GM 10 TAB,2500435
كابرجامون 0.5 مجم 2 اقراص,CABERGAMOUN 0.5 MG 2 TAB.,1661616
كابرون 500 مجم / 5 مل 6 امبول,KAPRON 500 MG / 5 ML 6 I.V. AMP.,1017315
كابرون 500 مجم 20 اقراص,KAPRON 500 MG 20 F.C. TABS.,904503
كابرون 6500 مجم 20 اقراص جديد,KAPRON 500 MG 20 F.C. TABS.,2616976
كابري توب صابون 80 جم,CAPRY TOP SOAP 80 GM,1741765
كابري توب كريم 75 جم,CAPRY TOP CREAM 75 GM,2638929
كابري كير صابون 75 جم,KAPRI CARE SOAP 75 GM,1091460
كابريجوميكس 30 اقراص,CAPRIGOMIX 30 TAB,2500759
كابريجوميكس شراب,CAPRIGOMIX SYRUP,2500760
كابكسي امبول للشعر,CAPIXY HAIR CREAM 120 ML,2645893
كابكسي امبولات ضد تساقط الشعر,CAPIXY ANTI HAIR LOSS VIAL,2129292
كابكسي انتينس اسبري,CAPIXY HAIR TONIC SPRAY 250 ML,2652654
كابكسي بخاخ لتكثيف الشعر 125 مل,CAPIXY HAIR VOLUMIZING SPRAY 125 ML,2582699
كابكسي بلسم للشعر 250 مل,CAPIXY HYDRATING CONDITIONER 250 ML,2454840
كابكسي زيت للشعر اليكسير 30 مل,CAPIXY HAIR OIL ELIXIR 30 ML,2512071
كابكسي سيرم 120 مل,CAPIXY HAIR CREAM 120 ML,2626444
كابكسي سيرم للشعر 120 مل,CAPIXY HAIR FERTILIZER SERUM 120 ML CAPIXY HAIR FERTILIZER SERUM 120 ML,2533046
كابكسي شامبو للشعر 250 مل,CAPIXY HAIR SHAMPOO 250 ML,1936384
كابكسي كريم للشعر 120 مل,CAPIXY HAIR CREAM 120 ML,1102927
كابكسي كريم للشعر 120 مل,CAPIXY HAIR CREAM 120 ML,2512110
كابكسي كونديشنر,CAPIXY HAIR MASK 250 GM,2538441
كابكسي كونديشنر 250 مل 350,CAPIXY HAIR SHAMPOO 250 ML,2646750
كابكسي لاشيز سيروم للرموش 10 مل,CAPIXY LASHES TREATMENT SERUM 10 ML,2248536
كابكسي هير تونيك للشعر اسبراي 250 مل,CAPIXY HAIR TONIC SPRAY 250 ML,904508
كابكسي هير زيت اليكسير 40 مل 750,CAPIXY HAIR OIL ELIXIR 30 ML,2646751
كابكسي هير ماسك 250 جم,CAPIXY HAIR MASK 250 GM,1923999
كابو كريم مساج 50 جم,CAPO MASSAGE CREAM 50 GM,2313413
كابوتريل 25 مجم 20 اقراص,CAPOTRIL 25 MG 20 TAB.,2194096
كابوتريل 50 مجم 20 اقراص,CAPOTRIL 50 MG 20 TAB.,2509900
كابوتين 25 مجم 20 اقراص,CAPOTEN 25 MG 20 TAB.,2535344
كابوتين 50 مجم 10 اقراص,CAPOTEN 50 MG 10 TAB.,904511
كابوزايد 50 / 25 مجم 30 اقراص,CAPOZIDE 50 / 25 MG 30 TAB.,2470615
كابوزايد 93,CAPOZIDE 50 / 25 MG 30 TAB.,2646775
كابيلو شامبو 150 مل,CABELO SHAMPOO 150 ML,2476131
كابيلورين 30 كبسول,CAPILLORIN 30 CAP,1699252
كاتاكير غسول مهبلي 240 مل,CATACARE VAG.DOUCHE 240 ML,2498733
كاتالين شامبو 240 مل,CATALENE SHAMPOO 240 ML,2498734
كاتريزاد,,2255466
كاتومور شراب 120 مل,KATOMOR SYRUP 120 ML,2497314
كاتوميجا شراب 120 مل,CATTOMEGA SYRUP 120 ML,2499936
كاتي شامبو 240 مل,KATI SHAMPOO 240 ML,2498735
كاتيفاروكس 100 مجم 30 اقراص,KATIVAROX 100 MG 30 F.C. TABS.,2289755
كاتيفاروكس 50 مجم 30 اقراص,KATIVAROX 50 MG 30 F.C.TABS.,2390211
كاتيفاروكس 50 مجم امبول,KATIVAROX 50 MG VIAL,2464687
كاتيفاروكس شراب 100 مل,KATIVAROX SYRUP 100 ML,2540561
كادل كير لوشن مرطب,CAUDAL HAIR LOTION 120 ML,2140534
كادي ديرم كريم 60 جم,KADYDERM CREAM 60 GM,2497030
كاربابكس 200 مجم 30 اقراص,CARBAPEX 200 MG 30 TAB.,2466792
كاربابكس سي ار 200 مجم 30 اقراص,CARBAPEX 200 MG CR 30 TABS.,1462205
كاربابكس سي ار 400 مجم 30 اقراص,CARBAPEX 400 MG CR 30 TAB.,1677328
كارباتول 200 مجم 20 اقراص,CARBATOL 200 MG 20 TAB.,2535312
كاربالتا 30 مجم 28 كبسول,KARBALTA 30 MG 28 CAPS.,2422474
كاربالتا 60 مجم 30 كبسول,KARBALTA 60 MG 30 CAPS.,973977
كارباميد روتكس كريم,ROTEX CARBAMIDE CREAM,2348017
كارباميد كريم 30 جرام 40,CHARISMA CARBAMIDE CREAM 30 GM,2500930
كارباميد كريم جديد,TECHOO CARBAMIDE CREAM,2156911
كارباميد كريم هيبتا,TECHOO CARBAMIDE CREAM,2642495
كارباميد كريم هيبتا 50 جم,CARBAMIDE A 3 A CREAM 50 GM,2675462
كارباميد ماكرو كريم لترطيب البشره 50 جم,MACRO CARBAMIDE 10 % CREAM 50 GM,2214652
كارباميد ممفيس كريم 30 جم,CARBAMIDE 10 % CREAM 30 GM,2145501
كارباميد نوفكس كريم 30 جم,NOVEX CARBAMIDE CREAM 30 GM,904519
كاربوتين 20 اقراص,CARBOTIN 20 F.C. TABS.,2342923
كاربون كبسول,MINTO CARBON 30 CAPS,2625396
كاربونيكول 30 اقراص,CARBONECOL 30 CAPS,1828895
كاربي لوسيون لاطفال 120 مل,CARBY BABY LOTION 120 ML,2627004
كاربيمازول 5 مجم 50 اقراص,CARBIMAZOLE B.P 2007 5 MG 50 F.C. TABS.,1435021
كارتي 30 قطعه,CARTY 30 PICES,1740492
كارتي زاد كبسول,CARTY 30 PICES,2200071
كارتيزاد 10 اقراص,CARTIZAD 10 TABS,2146993
كارتيزاد 30 اقراص,CARTIZAD 30 TAB,2099101
كارتيزاد ق,CARTIZAD 30 TAB,2452842
كارتينو اكياس,CARTINO 10 SACHETS,2641005
كارتينو بلس 20 كبسول,CARTINO PLUS 20 CAPS,2499092
كارتيوفين 30 اقراص,CARTIOFEN 30 F.C.TABS.,2262542
كارتيوفين 50 اقراص,CARTIOFEN 50 F.C.TABS.,2603416
كارتيوفين 50 اقراص للمفاصل 120,CARTIOFEN 50 F.C.TABS.,2682562
كاردورا 1 مجم 21 اقراص,CARDURA 1 MG 21 TAB.,2623131
كاردورا 4 مجم 14 اقراص,CARDURA 4 MG 14 TAB.,1600051
كاردورا اكس ال 4 مجم 28 اقراص,CARDURA XL 4 MG 28 PROLONGED RELEASE TABS.,1563537
كارديفو كير 10 / 6.25 مجم 30 اقراص,CARDIVO CARE 10 / 6.25 MG 30 F.C.TAB.,2378170
كارديفو كير 5 / 12.5 مجم 30 اقراص,CARDIVO CARE 5 / 12.5 MG 30 F.C.TAB,2500276
كارديفوكير 12.5 / 5 مجم اقراص,,2448244
كارديكسين 0.25 مجم 40 اقراص,CARDIXIN 0.25 MG 40 TABS.,2288835
كارديكسين 500 مكجم / 2 مل 5 امبول,CARDIXIN 500 MCG / 2 ML 5 AMPS.,2542949
كارديلول 25 مجم 30 اقراص,CARDILOL 25 MG 30 TAB,2604571
كارديلول 6.25 مجم 30 اقراص,CARDILOL 6.25 MG 30 TAB.,904526
كاردينوبا 250 / 250 مجم,,2588727
كارديو ميب 200 مجم 30 اقراص,CARDIO MEP 200 MG 30 TABS,2144810
كارديوتيمايد 20 مجم / 2 مل 3 امبول,CARDIOTIMIDE 20 MG / 2 ML 3 AMP,1659202
كارديوتيمايد 20 مجم 20 اقراص,CARDIOTIMIDE 20 MG 20 TAB.,2331024
كارديوتيمايد 5 مجم 20 اقراص,CARDIOTIMIDE 5 MG 20 TAB.,1430376
كارفالون 25 مجم 20 اقراص,CARFALONE 25 MG 20 F.C. TABS.,2421454
كارفالون 50 مجم 20 اقراص,CARFALONE 50 MG 20 F.C. TABS.,1528480
كارفيد 25 مجم 20 اقراص,CARVID 25 MG 20 TAB,2470636
كارفيد 25 مجم 30 اقراص,CARVID 25 MG 30 TAB,2436967
كارفيد 6.25 مجم 20 اقراص,CARVID 6.25 MG 20 TAB,2470637
كارفيد 6.25 مجم 30 اقراص,CARVID 6.25 MG 30 TAB,2313426
كارلا اكسترا كالسيوم اقراص,CARLA EXTRA CALCIUM TAB,1880251
كارليدوبا بلس 100 / 25 / 200 مجم 30 اقراص,CARLEDOPA PLUS 100 / 25 / 200 MG 30 F.C. TABS,2171260
كارمينكس 6 اكياس فوار,CARMINEX 6 EFF. SACHETS,2492326
كارمينكس شراب 120 مل,CARMINEX SYRUP 120 ML,2145756
كارنيتوراكس 30 اقراص,CARNITORAX 30 TAB,2342160
كارنيتول 30 % شراب 60 مل,CARNITOL 30 % SYRUP 60 ML,904542
كارنيتول 500 مجم 30 كبسول,CARNITOL 500 MG 30 CAPS.,2644020
كارنيتول بلس 1000 / 50 مجم 20 اقراص,CARNITOL PLUS 1000 / 50 MG 20 F.C.TABS.,2471748
كارنيتول بلس 1000 / 50 مجم س. قديم,CARNITOL PLUS 1000 / 50 MG 20 F.C.TABS.,2675728
كارنيتي كيو 10 شراب 120 مل,CARNITI Q 10 B 5 120 ML SYRUP,2342829
كارنيفيتا 30 % محلول 60 مل,CARNIVITA 30 % ORAL SOLUTION 60 ML,1816380
كارنيفيتا ادفانس رجال 30 اكياس,CARNIVITA ADVANCE MEN 30 SACHETS,2619776
كارنيفيتا ادفانس نساء 30 اكياس,CARNIVITA ADVANCE WOMEN 30 SACHETS,2175358
كارنيفيتا شراب 60 مل,CARNIVITA 30 % ORAL SOLUTION 60 ML,2682642
كارنيفيتا فورت 30 اقراص,CARNIVITA FORTE 30 F.C. TAB.,2454857
كارو بلس 20 قرص,CARO PLUS 20 TABS,2126829
كارو بلس 30 اقراص,CARO PLUS 30 TABS,2631218
كارو شراب 120 مل,CARO SYRUP 120 ML,1804073
كاروجيكس 30 اقراص,CAROGIX 30 TABS.,2128814
كاروسكاي كريم واقي من الشمس 75 جم,CAROSKY SUNSCREEN CREAM 75 GM,904543
كاروكسا سكار جل 15 جم,CAROXA SCAR GEL 15 GM,2382593
كاروكسا سكار جل 30 جم,CAROXA SCAR GEL 30 GM,1901544
كاروكسا سكار جل 50 جم,CAROXA SCAR GEL 50 GM,2564718
كاريتيه بادي لوشن 200 مل بزبده الشيا,KARITES BODY LOTION 200 ML WITH SHEA BUTTER,1778765
كاريتيه بلسم 400 مل ارجان اويل,KARITES HAIR CONDITIONER 400 ML WITH ARGAN OIL,1975271
كاريتيه بلسم 400 مل بجوز الهند والافوكادو,KARITES HAIR CONDITIONER 400 ML WITH COCONUT AND AVOCADO,1975273
كاريتيه حمام كريم 475 مل ارجان اويل,KARITES HAIR CREAM MUSK 475 ML WITH ARGAN OIL,1945506
كاريتيه حمام كريم 475 مل بجوز الهند والافوكادو,KARITES HAIR CREAM MUSK 475 ML WITH COCONUT AND AVOCADO,1975270
كاريتيه حمام كريم اكياس 35 مل,KARITES HAIR MASK SACHET WITH SHEA BUTTER,2542659
كاريتيه سائل استحمام 500 مل بامب بالشيا,KARITES SHOWER GEL 500 ML WITH SHEA BUTTER,2130549
كاريتيه شامبو كيرلي 400 مل,LES KARITES ONLY CURLY SHAMPOO 400 ML,2625767
كاريتيه كريم شعر 125 مل,CARTES SHEA BUTTER HAIR CREAM 180 ML,2367378
كاريتيه كريم شعر 180 مل بزبده الشيا,CARTES SHEA BUTTER HAIR CREAM 180 ML,1778764
كازانوفا زيت الجرجير 210 م,J. CASANOVA HAIR OIL 210 ML WITH WATERCRESS,2492457
كازانوفا زيت اللوز 210 م,J. CASANOVA HAIR OIL 210 ML WITH COCONUT,2492465
كازنوفا بخاخ مزيل شعر 150 مل ليمون,J.CASANOVA HAIR REMOVER SPRAY 150 G LEMON,1400655
كازنوفا بخاخ مزيل شعر 150 مل ورد,J.CASANOVA HAIR REMOVER SPRAY 150 G FLOWER,1400653
كازنوفا زيت شعر 210 مل بالثوم,J. CASANOVA HAIR OIL 210 ML WITH GARLIC,2492458
كازنوفا زيت شعر 210 مل بالجرجير,J. CASANOVA HAIR OIL 210 ML WITH WATERCRESS,2129926
كازنوفا زيت شعر 210 مل باللوز الحلو,J. CASANOVA HAIR OIL 210 ML WITH SWEET ALMOND,1778771
كازنوفا زيت شعر 210 مل بالياسمين,J. CASANOVA HAIR OIL 210 ML WITH JASSMIN,2603431
كازنوفا زيت شعر 210 مل بزيت الحيه,J. CASANOVA HAIR OIL 210 ML WITH SNACK OIL,2492464
كازنوفا زيت شعر 210 مل جرجير,J. CASANOVA HAIR OIL 210 ML WITH WATERCRESS,2603429
كازنوفا زيت شعر 210 مل لوز,J. CASANOVA HAIR OIL 210 ML WITH GARLIC,2603430
كازنوفا كريم اصفر 150 مل عادي زجاج,J.CASANOVA PARIS HAIR FOOD NATURAL 150 GM,1666958
كازوديكس 50 مجم 28 اقراص,CASODEX 50 MG 28 TABS.,2633923
كاست 10 مجم 10 اقراص,KAST 10 MG 10 F.C. TAB.,1488921
كاست 4 مجم 14 اكياس,KAST 4 MG 14 SACHETS,1917867
كاست 5 مجم 14 اقراص,KAST 5 MG 14 CHEW. TAB.,1467455
كاستينج صبغه اشقر,L'OREAL PARIS CASTING CREME GLOSS HAIR COLOR BLONDE,2130500
كاستينج صبغه اشقر رمادي,L'OREAL PARIS CASTING CREME GLOSS HAIR COLOR ASHLY BLONDE,1779096
كاستينج صبغه بلوم رقم 316,L'ORÉAL CASTING CREME GLOSS 316 PLUM,1779102
كاستينج صبغه بني,L'OREAL PARIS CASTING CREME GLOSS HAIR COLOR BROWN,1779098
كاستينج صبغه بني داكن 300,L'OREAL PARIS CASTING CREME GLOSS HAIR COLOR DARK BROWN,1844061
كاستينج صبغه بني فاتح 500,L'OREAL PARIS CASTING CREME GLOSS HAIR COLOR LIGHT BROWN 500,2130132
كاستينج صبغه بني فاتح رمادي 513,L'OREAL PARIS CASTING CREME GLOSS HAIR COLOR ASHY NUDE BROWN,2131560
كاسيليا غسول مهبلي 200 مل,CASYLIA VAGINAL WASH 200 ML,2199203
كاشو صابون ملطف 80 جم,CASHO SOOTHING SOAP 80 GM,2499368
كاشو لوسيون 120 مل,CASHO TOPICAL LOTION 120 ML,2499369
كاف ريست شراب 120 مل,COUGH REST SYRUP 120 ML,1523578
كافا 12 كبسول,KAVA CAPS,2674348
كافا دي اس كريم الشعر 120 جم,CAFA DS HAIR CREAM 120 GM,949081
كافا كريم شعر 50 جم,CAFA HAIR CREAM 50 GM,904545
كافا لفا كبسول,KAVA CAPS,2339143
كافالفا 5 جم 30 كبسول,CAVALPHA 5 GM 30 TAP,2454860
كافتوهيست 0.25 % قطره للعين 3 مل,CAFTOHIST 0.25 % EYE DROPS 3 ML,1360553
كافسيد باراسيتامول للرضع 12 لبوس,COUGHSED PARACETAMOL INFANTS 12 SUPP.,1590271
كافيجلوب شراب 100 مل,KUFFIGLOB SYRUP 100 ML,2454862
كافيدا قطره للفم,KAVEDA ORAL DROPS,1397243
كافينتول شراب 120 مل,CAVENTOL SYRUP 120 ML,999380
كافينو سباير امبول وريدي,,2638854
كافينوسبير 1 امبول,CAFFEINOSPIRE 10 MG / ML I.V 3 ML VIAL,2635243
كافينوسبير 1 امبول,CAFFEINOSPIRE 10 MG / ML I.V 3 ML VIAL,2644808
كافينول شراب 120 مل,KAFINOL SYRUP 120 ML,1874491
كافيينوسبير 10 مجم / مل امبول وريد 3 مل,CAFFEINOSPIRE 10 MG / ML I.V 3 ML VIAL,2637252
كال اوليه شراب 100 مل,CAL OLEY SYRUP 100 ML,2619296
كال بخاخ حريمي 125 مل اكزوتيك,KAL PERFUME SPRAY FOR HER 125 ML EXOTIC,2544266
كال بخاخ حريمي 125 مل انجل,KAL PERFUME SPRAY FOR HER 125 ML ANGEL,2544267
كال بخاخ حريمي 125 مل بارادايس,KAL PERFUME SPRAY FOR HER 125 ML PARADISE,2544268
كال بخاخ حريمي 125 مل سيكرت,KAL PERFUME SPRAY FOR HER 125 ML SECRET,2544270
كال بخاخ حريمي 125 مل كوين,KAL PERFUME SPRAY FOR HER 125 ML QUEEN,2544271
كال بخاخ رجالي 150 مل اكستريم,KAL PERFUME SPRAY FOR HEM 150 ML EXTREME,2544262
كال بخاخ رجالي 150 مل اوشن,KAL PERFUME SPRAY FOR HEM 150 ML OCEAN,2544264
كال بخاخ رجالي 150 مل جولد,KAL PERFUME SPRAY FOR HEM 150 ML GOLD,2544261
كال بخاخ رجالي 150 مل ماكس,KAL PERFUME SPRAY FOR HEM 150 ML MAX,2544265
كال بريج 30 اقراص,CAL PREG 30 F.C. TABS,2470651
كال بريج 600 مجم 30 اقراص مضغ,CAL PREG 600 MG 30 CHEWABLE TABS,2470652
كال بريج دي 30 اقراص,CAL PREG D 30 F.C. TABS.,1740520
كال فيجو 20 اقراص,CAL VIGO 20 TAB,2397596
كال ماج 30 اقراص,CAL MAG 30 F.C. TABLETS,2288836
كال ماج جوينت 30 قرص,CAL MAG JOINT 30 TAB,2436981
كال ماج دي 30 اقراص,CAL MAG D 30 CAPS,904547
كال ماج فورت شراب 120 مل,CAL MAG FORTE SYRUP 120 ML,2369295
كال هيبارين 5000 وحده 3 امبول,CAL HEPARINE 5000 I.U. 3 AMPS.,1336570
كالاميل دي لوسيون 100 مل,CALAMYL D LOTION 100 ML,2127946
كالاميل روتا كاموميل,CALAMYL LOTION COLLEDGE,2537791
كالاميل روتا كاموميل روتكس,CALMELO 10 SACHETS,2476133
كالاميل لوسيون 100 مل المهن,CALAMYL MUP LOTION 100 ML,1670387
كالاميل لوسيون 100 مل نوفكس,CALAMYL NOVEX LOTION 100 ML,2157598
كالاميل لوشن روتكس,CALAMYL LOTION COLLEDGE,2589521
كالامين صابون,CALAMINE SOAP,2199214
كالامين صابون روتكس,CALAMINE SOAP ROTEX,2313267
كالامين لوسيون,MASH CALAMINE LOTION 100 ML,2168561
كالامين لوسيون / نوفيكس قديم,CALAMINE LOTION 100 ML NOVEX,2370968
كالامين لوسيون 120 مل 47,CALAMINE MOIST LOTION 120 ML,2499294
كالامين لوسيون جديد / نوفيكس,CALAMINE LOTION 100 ML NOVEX,2674992
كالامين لوسيون نوفيكس جديد,CALAMINE LOTION 100 ML NOVEX,2675604
كالامين لوشن 100 مل نوفكس,CALAMINE LOTION 100 ML NOVEX,2271523
كالبيدماج شراب 120 مل,CALPEDMAG SYRUP 120 ML,2675010
كالتونكس 20 اقراص,CALTONEX 20 TABS,1030044
كالتيرا بلس 30 اقراص,CALTERA PLUS 30 TABS,2501239
كالدين زنك شراب 120 مل,CALDIN ZINC SUSP. 120 ML,2311480
كالدين سي 30 اقراص,CALDIN C 30 TABS,1586909
كالدين سي كي 30 اقراص,CALDIN CK 30 TABS,2390205
كالزينورانت شراب 120 مل,CALZINORANT SYRUP 120 ML,2499938
كالسي ايبا 30 اقراص,CALCI EBA 30 CAPS,2646907
كالسي بريكس 30 اقراص,CALCI PREX 30 TAB,2292421
كالسي ديب 30 اقراص,CALCIDEP 30 TABLETS,2673269
كالسي ماش 30 اقراص,CALCI MASH 30 F.C. TABS.,904554
كالسي ماكس 600 مجم 30 اقراص,CALCIMAX 600 MG 30 F.C. TABS.,1455925
كالسي ماكس بلس 30 اقراص,CALCIMAX PLUS 30 F.C. TABS.,2473490
كالسيبينو 20 اقراص,CALCIPINO 20 TAB,2129732
كالسيتركس 30 اقراص,CALCITRIX 30 CHEW. PIECES.,2470670
كالسيترون 30 كبسول,CALCITRON 30 CAPS.,904555
كالسيتو زنك شراب 120 مل,CALCITO ZINC SYRUP 120 ML,2300332
كالسيتونيوم 100 وحده دوليه / مل 5 امبول,CALCITONIUM 100 I.U. / ML 5 AMPS,904556
كالسيتونيوم 50 وحده دوليه / مل 5 امبول,CALCITONIUM 50 I.U. / ML 5 AMPS,2552982
كالسيدول 0.25 مكجم 30 كبسول,CALCIDOL 0.25 MCG 30 CAPS.,2175088
كالسيدول 1 مكجم 30 كبسول,CALCIDOL 1 MCG 30 CAPS.,1740529
كالسيدول 20 اقراص جديد,CALCIDOL CALCIUM 20 TABS,2532956
كالسيدول اقراص جديد,CALCIDOL CALCIUM 20 TABS,2636040
كالسيدول كالسيوم 20 اقراص,CALCIDOL CALCIUM 20 TABS,2142759
كالسيزوم د 60 كبسول,CALCISOME D 60 CAPS,2606711
كالسيكولاج 120 مل شراب 75,CALCICOLAGE SYRUP 120 ML,2653637
كالسيكولاج 20 اقراص,CALCICOLAGE 20 TABS,2530622
كالسيكولاج شراب 120 مل,CALCICOLAGE SYRUP 120 ML,2470673
كالسيما 30 اقراص (انفينتي),CALCIMA 30 SOFT CHEWS PIECES,2476136
كالسيمات 500 مجم 12 كبسول,CALCIMATE 500 MG 12 CAPS.,1450038
كالسيماش,,2682635
كالسينديا شراب 90 مل,CALCENDIA SYRUP 90 ML,2501060
كالسينكس بلس 30 قطعه,CALCINEX PLUS 30 PILLS,2499547
كالسينكس بلس شراب 120 مل,CALCINEX PLUS SYRUP 120 ML,2499546
كالسيوجام 20 اقراص,CALCIOGAM 20 TAB,2635990
كالسيوكس بلس 30 اقراص,CALCIUX PLUS 30 TABS,2112721
كالسيوم 3 20 اقراص,CALCIUM 3 20 TABS,2389505
كالسيوم 3 كالسيوم + ماغنسيوم,CALCIUM 3 20 TABS,2560168
كالسيوم د 3 اف 30 اقراص,CALCIUM D 3 F 30 TAB.,2681298
كالسيوم د 3 اف 30 اقراص س قديم,CALCIUM D 3 F 30 TAB.,2680979
كالسيوم دي 3 اف 30 اقراص,CALCIUM D 3 F 30 TAB.,2500972
كالسيوم كلوريد امبول,CALCIUM CHLORIDE 100 MG / ML AMP.U.S.P. 30,2096275
كالسيونات 6 امبول,CALCIONATE 6 AMPS.,1492110
كالكاو 20 اقراص,CALCAO 20 CHEW. PIECES,2171580
كالم سكين كريم 40 جم,CALM SKIN CREAM 40 GM,2542613
كالما بيبي شراب 125 مل,CALMA BABY SYRUP 125 ML,2105657
كالما كينج شراب 120 مل,CALMA KING SYRUP 120 ML,1911514
كالمندرا كالسيوم 30 كبسوله / اكتف,,1946928
كالميدسين اقرص كالسيوم,,2433768
كالميدسين مكمل غذائي 30 اقراص 135,,2568193
كالمير بخاخ للانف 130 مل,CALMARE NASAL SPRAY 130 ML,2533049
كالمير بلس بخاخ للانف 130 مل,CALMARE PLUS NASAL SPARY 130 ML,2498497
كالمينال شراب 120 مل,CALMINAL SYRUP 120 ML,2157280
كالميندرا كبسول,,2466242
كالهيبارين 5000 3 امبول جديد,,2673277
كالهيبارين 5000 3 امبول جديد 198,,2544114
كالوبين قطره 20 مل,KALOBIN ORAL DROPS 20 ML,904570
كالودو 30 اقراص,CALODO 30 TAB,2522467
كالي اي بي ام شراب 120 مل,CALY IBM SYRUP 120 ML,949084
كاليفلورا جل,CALIFLORA GEL,2631211
كاليمابيكس 10 مكجم 30 اقراص,KALEMAPEX 10 MEQ 1080 MG 30 XR TABS,2400821
كاليمابيكس 15 مكجم 30 اقراص,KALEMAPEX 15 MEQ 1620 MG 30 XR TABS,2400822
كامي شاور 1 لتر عود,CAMAY SHOWER GEL 1 LITTRE OUD,1503896
كامي شاور 1 لتر لافندر وفر 10,CAMAY SHOWER GEL 1 LITTRE LAVANDER AND VANILLA,2541071
كامي شاور 1 لتر ياسمين خ س,CAMAY SHOWER GEL 1 LITTRE JASMINE,1677785
كامي شاور جل 1 لتر جوزالهند عرض 10,CAMAY SHOWER GEL 1 LITTRE COCONUT OFFER,2225396
كامي شاور جل 1 لتر لافندر وفانليا,CAMAY SHOWER GEL 1 LITTRE LAVANDER AND VANILLA,2271331
كامي شاور جل 1 لتر ياسمين عرض 10,CAMAY SHOWER GEL 1 LITTRE JASMINE OFFER,2131580
كامي صابون 115,CAMAY VITAL SOAP 115 G,1400218
كامي صابون 165 جم اناقه,CAMAY PARIS ELEGANCE BLACK SOAP 165 G,2603445
كامي صابون 165 م,CAMAY CLASSIC SOAP BAR 165 GM,1399873
كامي صابون باريس اناقه اسود 115 جم,CAMAY PARIS ELEGANCE BLACK SOAP 115 G,2131506
كامي صابون باريس اناقه اسود 165 جم,CAMAY PARIS ELEGANCE BLACK SOAP 165 G,1963604
كامي صابونه حيويه 115 جرام,CAMAY VITAL SOAP 115 G,1778781
كامي صابونه رومانتيك. 115 جم,CAMAY ROMANTIC SOAP BAR 115 GM,1778782
كامي صابونه رومانتيك. 165 جم,CAMAY ROMANTIC SOAP BAR 165 GM,2603446
كامي صابونه كلاسيك 115 جم,CAMAY CLASSIC SOAP BAR 115 GM,1778783
كامي صابونه كلاسيك 165 جم,CAMAY CLASSIC SOAP BAR 165 GM,2131520
كاميكسر شراب 120 مل,CAMIXER SYRUP 120 ML,2006643
كامينا شاور 2 لتر اعشاب,KAMENA SHOWER GEL 2 LITRE HERBAL,2542708
كامينا شاور 2 لتر خوخ 6 % خ,KAMENA SHOWER GEL 2 LITRE PEACH,2625769
كامينا شاور 2 لتر رمان 6 % خ,KAMENA SHOWER GEL 2 LITRE POMEGRANAT,2625759
كامينا شاور 3.3 لتر رمان,KAMENA SHOWER GEL 3.3 LITRE POMEGRANATE,2625760
كامينا شاور 3.3 لتر ورد 8 % خ,KAMENA SHOWER GEL 3 LITRE ROSE,2543632
كامينا شاور 750 مل رمان,KAMENA SHOWER GEL 750 ML POMEGRANATE,2542533
كامينا شاور 750 مل ورد,KAMENA SHOWER GEL 750 ML ROSE,2189804
كامينا شاور جل 2 لتر جوزهند وليمون ابيض,KAMENA SHOWER GEL 2 LITRE COCONUT AND LEMON,2131307
كامينا شاور جل 2 لتر زهور ازرق,KAMENA SHOWER GEL 2 LITRE FLORAL,2311078
كامينا شاور جل 3.3 لتر زهور ازرق,KAMENA SHOWER GEL 3.3 LITRE FLORAL,2131611
كامينا شاور جل 750 مل اعشاب اخضر,KAMENA SHOWER GEL 750 ML HERBAL,2129979
كامينا شاور جل 750 مل جوزالهند والليمون ابيض,KAMENA SHOWER GEL 750 ML COCONUT AND LEMON,2379322
كامينا شاور جل 750 مل زهور ازرق,KAMENA SHOWER GEL 750 ML FLORAL,1778791
كامينا غسول للايد 350 مل الرائحه الاصلبيه,KAMENA HAND CLEAN 350 ML ORIGINAL,2131311
كاميو كريم مرطب,CAMO BABY CREAM 75 GM,2157639
كان بخاخ,CANKER 60 ML SPRAY,2492645
كان بخاخ تفاح 60 مل,CANKER 60 ML SPRAY,2570670
كان غرغره 120 مل نعناع,CAN MOUTH WASH 250 ML MINT,2438994
كان غسول للفم 120 مل بالنعناع,CAN MOUTH WASH 120 ML CLOVE,2362666
كان غسول للفم 120 مل قرنفل,CAN MOUTH WASH 120 ML CLOVE,1397267
كان غسول للفم 250 مل نعناع,CAN MOUTH WASH 250 ML MINT,2093486
كان غسول للفم 60 مل,CAN MOUTH WASH 250 ML MINT,2492619
كان كان معجون اسنان للتبيض,CAN CAN WHITENING TOOTHPASTE,2552916
كان مضمضه نعناع صغير,CAN MOUTH WASH 250 ML MINT,2644333
كانتريزون شراب 120 مل,CANTRIZONE SYRUP 120 ML,2146990
كانتو شامبو للشعر للاطفال خالي من السلفات بزبده الشيا 237 مل,CANTU KIDS SHAMPOO SULFATE FREE SHAMPOO SHEA BUTTER 237 ML,2131321
كانتو كريم ليف ان,CANTU LEAVE IN CONDITIONER ARGAN OIL 453 ML,2638284
كانتي كولين اقراص,FEMOSTON CONTI 1 / 5 MG 28 F.C.TABS,2625304
كانتي كولين شراب 100 مل,CANTI COLIN SYRUP 100 ML,2341828
كانتيسكون اقراص,,2618693
كانتيكسون اقراص,,2625290
كانتينيرا 10 اقراص,CANTINERA 10 CAPS,2618704
كانتينيرا كبسول مسكن 10 اقراص,CANTINERA 10 CAPS,2641090
كاند كيور لبوس مهبلي,CANDISTAN 2 % VAGINAL CREAM 20 GM,2594815
كاندلكان 16 مجم 14 اقراص,CANDALKAN 16 MG 14 F.C. TAB.,904578
كاندلكان 4 مجم 14 اقراص,CANDALKAN 4 MG 14 F.C.TAB.,904577
كاندلكان 8 مجم 14 اقراص,CANDALKAN 8 MG 14 F.C. TAB.,904579
كاندلكان بلس 16 / 12.5 مجم 14 اقراص,CANDALKAN PLUS 16 / 12.5 MG 14 F.C.TAB.,904581
كاندلكان بلس 32 / 12.5 مجم 14 اقراص,CANDALKAN PLUS 32 / 12.5 MG 14 F.C. TAB.,2454887
كاندي استحلاب نعناع 24 ق,CANDY MENTOL 24 LOZENGES,2462905
كاندي بخاخ حريمي 150 مل فانسي جيرل,CANDY BODY SPRAY FOR WOMEN 150 ML FANCY GIRL,2131031
كاندي بخاخ حريمي 150 مل لاف,CANDY BODY SPRAY FOR WOMEN 150 ML LOVE,2131032
كاندي برتقال 12 اقراص استحلاب,CANDY ORANGE 12 LOZENGES,2639087
كاندي برتقال 24 قطعه.ض,CANDY ORANGE 24 LOZENGES,2332660
كاندي عسل و ليمون 12 اقراص استحلاب,CANDY HONEY LEMON 12 LOZENGES,2327891
كاندي كريز 12 اقراص استحلاب,CANDY CHERRY 12 LOZENGES,2326684
كاندي كيورلبوس مهبلي / الاسراء,CANDY CHERRY 12 LOZENGES,2354813
كاندي نعناع 12 اقراص استحلاب,CANDY MENTOL 12 LOZENGES,904576
كانديبلوك دي 16 / 12.5 مجم 20 اقراص,CANDEBLOCK D 16 / 12.5 MG 20 TAB.,1131431
كانديستان 1 % كريم 40 جم,CANDISTAN 1 % TOPICAL CREAM 40 GM,1237341
كانديستان 2 % كريم مهبلي 20 جم,CANDISTAN 2 % VAGINAL CREAM 20 GM,1813087
كانديكيور 1 % كريم 30 جم,CANDICURE 1 % TOPICAL CREAM 30 GM,2530367
كانديكيور 1 600 جم 3 لبوس,CANDICURE 1 600 MG 3 VAG. OVULES,2671340
كانزارتان 150 مجم 30 اقراص,KANSARTAN 150 MG 30 TAB.,2194172
كانزارتان 300 / 12.5 بلس,KANSARTAN PLUS 300 / 12.5 MG 30 F.C. TABS.,2683162
كانزارتان 300 مجم 30 اقراص,KANSARTAN 300 MG 30 TAB.,2140567
كانزارتان بلس 12.5 / 300 مجم 30 اقراص,KANSARTAN PLUS 300 / 12.5 MG 30 F.C. TABS.,2194173
كانكر 60 مل بخاخ,CANKER 60 ML SPRAY,2150512
كانكر غسول للفم 250 مل نعناع,CANKER MOUTH WASH 250 ML MINT,2499940
كانولايف 10 كبسول,CANOLIFE 10 CAPS,2146991
كانيفرون اونو 30 اقراص,CANEPHRON UNO 30 TABS,2622919
كانيولا مقاس 20 احمر,CANNULA INDIAN SIZE 20,1778808
كانيولا مقاس 20 بمبي,CANNULA INDIAN SIZE 20,2603451
كانيولا مقاس 22 ازرق,CANNULA INDIAN SIZE 22,2603452
كانيولا مقاس 24 اصفر,CANNULA INDIAN SIZE 24,2603454
كانيولا هندي مقاس 16 رصاصي,CANNULA INDIAN SIZE 16,1750291
كانيولا هندي مقاس 18 اخضر,CANNULA INDIAN SIZE 18,1400221
كانيولا هندي مقاس 20 بمبي,CANNULA INDIAN SIZE 20,1400220
كانيولا هندي مقاس 22 ازرق,CANNULA INDIAN SIZE 22,1400224
كانيولا هندي مقاس 24 اصفر,CANNULA INDIAN SIZE 24,1400223
كانيولا هندي مقاس 26 موف,CANNULA INDIAN SIZE 26,1778813
كانيولامقاس 18 اخضر,,2603453
كاي فايف شراب 120 مل,KAI VIVE SYRUP 120 ML,1768702
كبراديل 1000 مجم 30 اقراص,KEPRADIL 1000 MG 30 F.C. TABS.,1626882
كبراديل 500 مجم 30 اقراص,KEPRADIL 500 MG 30 F.C. TABS.,1802506
كبراديل اكس ار 500 مجم 30 اقراص,KEPRADIL XR 500 MG 30 EXTENDED F.C. TABS.,2497294
كبراديل اكس ار 750 مجم 30 اقراص,KEPRADIL XR 750 MG 30 EXTENDED F.C. TABS.,2194176
كبري كير صابون كبريت 90 جم,CAPRY CARE SULPHUR SOAP 90 GM,2352846
كبريت صابون روتكس 60 جم,ROTEX SULFUR SOAP 60 GM,2074124
كبريتاج صابون 100 جم,KAPRITAGE SOAP 100 GM,2193817
كبريتاج صابونه 100 جرام ابو الهول 55,KAPRITAGE SOAP 100 GM,2646748
كبريتاك صابون مطهر,NEIPHCOPROTEC 10 SACHET,2421437
كتافاست 50 مجم 9 فوار,CATAFAST 50 MG 9 SACHET,904584
كتافلام 25 مجم 20 اقراص,CATAFLAM 25 MG 20 SUGAR COATED TAB.,1533348
كتافلام 50 مجم 20 اقراص,CATAFLAM 50 MG 20 SUGAR COATED TAB.,904586
كتافلام 75 مجم / 3 مل 6 امبول,CATAFLAM 75 MG / 3 ML 6 AMP.,904587
كتاماكس قطره 15 مل,CATAMAX 15 ML OILY DROPS,1775280
كحول افاق بخاخ 1 لتر,AFAK ALCOHOL SPRAY 1 LITRE,2130733
كحول افاق بخاخ 120 مل,AFAK ALCOHOL SPRAY 120 ML,1399915
كحول افاق بخاخ 200 مل,AFAK ALCOHOL SPRAY 200 ML,1400436
كحول افاق بخاخ 70 مل,AFAK ALCOHOL SPRAY 70 ML,1400456
كحول افاق عادي 1 لتر,AFAK ALCOHOL 1 LITRE,1401218
كحول بخاخ 70 بالدسته,AFAK ALCOHOL SPRAY 70 ML,2603458
كرافتي دي 3 4000 وحده 30 اقراص / روفاكيور,,2625876
كرانبري 20 كبسول,CRANBERRY 20 CAPSULES,2075723
كرانبي 20 كبسول,CRANBY 20 CAPS,2250048
كربابكس 200 عادي كبسول / ابيكس,CARBAPEX 200 MG 30 TAB.,2682847
كربونيس 30 اقراص,CARBONISE 30 CAPS,2623349
كرستوليب بلس 10 / 10 اقراص,CRESTOLIP 10 MG 30 F.C.TABS.,2584060
كرستوليب بلس 10 / 20 اقراص,CRESTOLIP 10 MG 30 F.C.TABS.,2584061
كره اعصاب,PHYTO CARAWAY 12 BAG,1401328
كره اعصاب صغيره,PHYTO CARAWAY 12 BAG,2603459
كره اعصاب كبيره,PHYTO CARAWAY 12 BAG,2603460
كروماجرين 30 كبسول,CHROMAGREEN 30 CAPS,2499170
كرومكس 60 كبسول,CHROMAX 60 CAPSULES,1545501
كروموشيت 30 اقراص,CHROMOCHIT 30 TABS,2129094
كروموفا 30 كبسول,CHROMOVA 30 CAPS,2497745
كروموفا اقراص,CHROMOVA 30 CAPS,2669117
كروميترون 3 شريط 150,CHROMITRON 30 CAPS.,2603463
كروميترون 30 كبسول,CHROMITRON 30 CAPS.,2406968
كروميوم ميباكو 20 كبسول,CHROMIUM MEPACO 20 CAPS,2347046
كريبتوبر 100 مجم / 5 مل شراب 60 مل,CRYPTOPER 100 MG / 5 ML PD. FOR ORAL SUSP. 60 ML,2127693
كريبتوناز 100 مجم / 5 مل شراب 60 مل,CRYPTONAZ 100 MG / 5 ML SUSP. 60 ML,904598
كريبتوناز 500 مجم 12 اقراص,CRYPTONAZ 500 MG 12 F.C.TAB.,904597
كريستاتين 10 مجم 30 اقراص,CRESTATIN 10 MG 30 F.C. TABS.,2671107
كريستاتين 5 مجم 30 اقراص,CRESTATIN 5 MG 30 F.C. TABS,2454902
كريستور 10 مجم 28 اقراص,CRESTOR 10 MG 28 F.C.TABS.,1427411
كريستور 20 مجم 28 اقراص,CRESTOR 20 MG 28 TAB,2313455
كريستور 5 مجم 28 اقراص,CRESTOR 5 MG 28 TAB,1535585
كريستوليب 10 / 10 بلس اقراص,CRESTOLIP 10 MG 30 F.C.TABS.,2623852
كريستوليب 10 / 10 بلس اقراص,CRESTOLIP 10 MG 30 F.C.TABS.,2596014
كريستوليب 10 / 10 مجم,CRESTOLIP 10 MG 30 F.C.TABS.,2644139
كريستوليب 10 / 20 بلس اقراص,CRESTOLIP 10 MG 30 F.C.TABS.,2623853
كريستوليب 10 مجم 30 اقراص,CRESTOLIP 10 MG 30 F.C.TABS.,904602
كريستوليب 20 مجم 30 اقراص,CRESTOLIP 20 MG 30 F.C.TABS.,2099167
كريستوليب بلس 10 / 10 مجم,CRESTOLIP 10 MG 30 F.C.TABS.,2569515
كريستوليب بلس 10 / 10 مجم 30 اقراص 168,CRESTOLIP 10 MG 30 F.C.TABS.,2671670
كريستوليب بلس 10 / 10 مجم اقراص,CRESTOLIP 10 MG 30 F.C.TABS.,2636037
كريستوليب بلس 10 / 20 مجم,CRESTOLIP 10 MG 30 F.C.TABS.,2569514
كريستوليب بلس 10 / 20 مجم 187.5,CRESTOLIP 10 MG 30 F.C.TABS.,2643662
كريم وان للبشره الحساسه 90 جم وسط,ALOSHEA SKIN CREAM 100 GM,2619109
كريمبي غسول نسائي 120 مل,CRIMPY VAG. DOUCH 120 ML,2197877
كساره تقسيم الادويه,MEDICINE BREAKER,1400697
كعب سيلكون L,SILICONE HEELCUP SIZE L,2603477
كعب سيليكون م 37 38,SILICONE HEELCUP SIZE S,1821658
كعب سيليكون م 39 40,SILICONE HEELCUP SIZE S,2131272
كعب سيليكون م 41 42,SILICONE HEELCUP SIZE S,2131378
كعب سيليكون م 43 44,SILICONE HEELCUP SIZE S,2130334
كعب سيليكون م 45 46,SILICONE HEELCUP SIZE S,2625757
كعب سيليكون مقاس L,SILICONE HEELCUP SIZE L,1400686
كعب سيليكون مقاس M,SILICONE HEELCUP SIZE M,1400798
كعب سيليكون مقاس XL,SILICONE HEELCUP SIZE XL,1401446
كف جهاز ضغط,MAS DIGITAL ARM PRESSURE,2619977
كف جهاز ضغط ديجيتال,MAS DIGITAL ARM PRESSURE,1778847
كف جهاز ضغط زئبق,MAS DIGITAL ARM PRESSURE,1821819
كلاتكس 75 مجم 30 اقراص,CLATEX 75 MG 30 F.C.TAB.,1382013
كلاجون 20 مجم 20 كبسول,KELLAGON 20 MG 20 CAPS.,2346407
كلاجون فوار 10 اكياس,KELLAGON 10 EFF. SACHETS,1518673
كلاري بخاخ ضد تساقط الشعر 200 مل,CLARY HAIR FALL CONTROL SPRAY 200 ML,2316855
كلاري بخاخ للشعر للحمايه من الحراره 120 مل,CLARY HEAT PROTECTION SPF 50 + HAIR MIST 120 ML,2185073
كلاري بخاخ معطر للشعر 200 مل,CLARY HAIR MIST 200 ML,2289756
كلاري بلسم للشعر 300 مل,CLARY HAIR CONDITHIONER 300 ML,2454910
كلاري بوستر شوت 30 مل,CLARY BOOSTER SHOT 30 ML,2009436
كلاري حمام كريم للشعر 300 مل,CLARY HAIR MASK 300 ML,2183980
كلاري سيروم للشعر 100 مل,CLARY HAIR SERUM 100 ML,2494958
كلاري شامبو للشعر 300 مل,CLARY HAIR SHAMPOO 300 ML,2316859
كلاري شامبو مضاد للقشره 300 مل,CLARY SAGE ANTI DANDRUFF SHAMPOO 300 ML,2316856
كلاري فريش سكالب سكرب 300 مل,CLARY FRESH SCALP SCRUB 300 ML,2316860
كلاري ليف ان كريم للشعر 300 جم,CLARY LEAVE IN CREAM 300 GM,1937766
كلاري هير ميست 200 مل,CLARY HAIR WATER 200 ML,2316857
كلاري هير ميست 200 مل,CLARY HAIR WATER 200 ML,2475343
كلاري هير ميست 200 مل,CLARY HAIR WATER 200 ML,2673166
كلاري هير واتر 200 مل,CLARY HAIR WATER 200 ML,1518236
كلاريتين 1 مجم / مل شراب 100 مل,CLARITINE 1 MG / ML SYRUP 100 ML,1872973
كلاريتين 10 مجم 20 اقراص,CLARITINE 10 MG 20 TAB.,2198923
كلاريتين 10 مجم كول منت للمضغ 30 اقراص,CLARITIN 10 MG COOL MINT CHEWABLE 30 TAB,2514834
كلاريتين 5 مجم للمضغ للاطفال 30 اقراص,CLARITIN 5 MG CHEWABLE 30 TABLETS,2514835
كلاريثرو 250 مجم 14 اقراص,CLARITHRO 250 MG 14 F.C.TAB.,2500247
كلاريثرو 500 مجم 14 اقراص,CLARITHRO 500 MG 14 F.C. TAB.,1487916
كلاريكان اس ار 500 مجم 14 اقراص,CLARIKAN S.R. 500 MG 14 F.C. TAB.,1804613
كلاريميسين 500 مجم 14 اقراص,CLARIMYCIN 500 MG 14 F.C. TAB.,2674892
كلاريميكس 250 مجم 14 اقراص,KLARIMIX 250 MG 14 TAB.,2541131
كلاريميكس 500 مجم 14 اقراص,KLARIMIX 500 MG 14 TAB.,2140845
كلاريناز اقراص,CLARINASE 14 TAB,2674890
كلاريناز اقراص 118,CLARINASE 14 TAB,2644260
كلاسيد 250 مجم 14 اقراص,KLACID 250 MG 14 F.C.TABS.,2622821
كلاسيد 500 مجم 14 اقراص,KLACID 500 MG 14 F.C.TABS.,2198922
كلاسيد اكس ال 500 مجم 14 اقراص,KLACID XL 500 MG 14 F.C.TABS.,2074120
كلاسينمو 875 / 125 مجم 20 اقراص,CLASYNMO 875 / 125 MG 20 F.C. TABS.,2150052
كلافوران 1 جم امبول,CLAFORAN 1 GM I.M / I.V. VIAL,2216262
كلافوران 500 مجم امبول,CLAFORAN 500 MG I.M / I.V. VIAL,2216260
كلافيبيردون 2 مجم 30 اقراص,CLAVIPERDONE 2 MG 30 ORALLY DISINTEGRATING TABLETS,2617480
كلافيبيردون 3 مجم 30 اقراص,CLAVIPERDONE 3 MG 30 ORALLY DISINTEGRATING TABLETS,2617482
كلافيموكس 1 جم 12 اقراص,CLAVIMOX 1 GM 12 F.C.TABS.,2470733
كلافيموكس 228.5 مجم / 5 مل 70 مل,CLAVIMOX 228.5 MG / 5 ML PD. FOR ORAL SUSP. 70 ML,2470734
كلافيموكس 457 مجم / 5 مل 70 مل,CLAVIMOX 457 MG / 5 ML PD. FOR ORAL 75 ML,904618
كلافيموكس 625 مجم 12 اقراص,CLAVIMOX 625 MG 12 F.C. TAB.,1685401
كلافيموكس 642.9 مجم / 5 مل 75 مل,CLAVIMOX 642.9 MG / 5 ML PD. FOR ORAL SUSP. 75 ML,2475423
كلاوش لوسيون 120 مل 40,CLAWASH LOTION 120 ML,2653639
كلاووش لوشن 120 مل,CLAWASH LOTION 120 ML,1673433
كلاي ليف اند كريم 300 مل,CALY IBM SYRUP 120 ML,2539074
كلنداسين 300 مجم 12 كبسول,CLINDACINE 300 MG 12 CAPS.,904644
كلنسو جل 50 جم,CLINSO LUBRICANT GEL 50 GM,1118506
كلنسو دش 200 مل,CLINSO VAG.DOUCHE 200 ML,2099185
كلنفا غسول سيدات 250 مل,KLENVA VAG.DOUCHE 250 ML,2145458
كلوبا سيرك 75 مجم 30 اقراص,,2674773
كلوباسيرك 75 مجم 30 اقراص,CLOPACIRC 75 MG 30 TABS,1548198
كلوبكس 75 مجم 30 اقراص,CLOPEX AGREL 75 MG 30 F.C.TAB,2313469
كلورودنت غسول فم بطعم القرنفل,CHLORODENT MOUTH WASH,2419192
كلورودنت غسول فم بطعم فراوله 250 مل,CHLORODENT MOUTH WASH,2419191
كلورودنت غسول فم بطعم نعناع,CHLORODENT MOUTH WASH,2419194
كلورودنت غسول للفم,CHLORODENT MOUTH WASH,2219948
كلورودنت قرنفل مضمضه,CHLORODENT MOUTH WASH,2378012
كلورودنت نعناع مضمضه,CHLORODENT MOUTH WASH,2378013
كلوريد كالسيوم 50 امبول,CALCIUM CHLORIDE 100 MG / ML 5 AMP.U.S.P. 30,2646839
كلوز اب معجون اسنان 100 مل احمر,CLOSE UP TOOTHPASTE 100 ML HOT RED,1400504
كلوز اب معجون اسنان 100 مل نعناع اخضر,CLOSE UP TOOTHPASTE 100 ML MENTHOL,1436332
كلوز اب معجون اسنان 25 مل احمر,CLOSE UP TOOTHPASTE 25 ML HOT RED,1424099
كلوز اب معجون اسنان 25 مل نعناع اخضر,CLOSE UP TOOTHPASTE 25 ML MENTHOL,1399911
كلوز اب معجون اسنان 50 مل احمر,CLOSE UP TOOTHPASTE 50 ML HOT RED,1401044
كلوز اب معجون اسنان 50 مل احمر 15 % خصم,CLOSE UP TOOTHPASTE 50 ML HOT RED 15 % OFF,1401146
كلوز اب معجون اسنان 50 مل نعناع اخضر,CLOSE UP TOOTHPASTE 50 ML MENTHOL,1401046
كلوز اب معجون اسنان 50 مل نعناع اخضر 15 % خصم,CLOSE UP TOOTHPASTE 50 ML MENTHOL 15 % OFF,1401141
كلوزابكس 100 مجم 50 اقراص,CLOZAPEX 100 MG 50 TAB.,1563271
كلوزابكس 25 مجم 50 اقراص,CLOZAPEX 25 MG 50 TAB.,904628
كلوزابين 100 مجم 20 اقراص,CLOZAPINE 100 MG 20 SCORED TAB.,2523777
كلوزابين 100 مجم 30 اقراص,CLOZAPINE 100 MG 30 SCORED TAB.,2567735
كلوزابين 25 مجم 30 اقراص,CLOZAPINE 25 MG 30 TAB.,2127706
كلوس اب احمر 50 مل,CLOSEUP TOOTHPASTE RED HOT 50 ML,2672637
كلوس اب احمر صغير 25 مل عرض,CLOSEUP TOOTHPASTE RED HOT 25 ML,2603484
كلوس اب احمر كبير 100 مل عرض,CLOSEUP TOOTHPASTE RED HOT 100 ML,2603485
كلوس اب اخضر صغير 25 مل,CLOSEUP TOOTHPASTE EVER FRESH 25 ML,2603486
كلوس اب تبيض منعش بالتوت 75 مللي,CLOSEUP REFRESHING WHITENING BERRY 75 ML,1821998
كلوس اب تبيض منعش بجوز الهند 75 مللي,CLOSEUP REFRESHING WHITENING COCONUT 75 ML,1778856
كلوس اب معجون اسنان 100 مل احمر,CLOSEUP TOOTHPASTE RED HOT 100 ML,2176761
كلوس اب معجون اسنان 100 مل اخضر,CLOSEUP TOOTHPASTE EVER FRESH 100 ML,2176778
كلوس اب معجون اسنان 25 مل احمر,CLOSEUP TOOTHPASTE RED HOT 25 ML,2129918
كلوس اب معجون اسنان 25 مل اخضر,CLOSEUP TOOTHPASTE EVER FRESH 25 ML,1821730
كلوس اب معجون اسنان 50 مل احمر,CLOSEUP TOOTHPASTE RED HOT 50 ML,2131549
كلوس اب معجون اسنان 50 مل اخضر,CLOSEUP TOOTHPASTE EVER FRESH 50 ML,2131537
كلوسول 10 مجم / مل بخاخ موضعي 50 مل,CLOSOL 10 MG / ML TOPICAL SPRAY 50 ML,2396612
كلوفاتيل 30 اقراص,COLOVATIL 30 F.C. TABS.,904631
كلير اويل بخاخ 60 مل,CLEAR OIL SPRAY 60 ML,2500586
كلير اير 10 مجم 14 اقراص,CLEAR AIR 10 MG 14 TAB.,2454930
كلير اير 4 مجم 14 اقراص,CLEAR AIR 4 MG 14 CHEWABLE TAB.,1624227
كلير اير 4 مجم 2 شريط,CLEAR AIR 4 MG 7 SACHETS,2619958
كلير اير 4 مجم 7 اكياس,CLEAR AIR 4 MG 7 SACHETS,1614698
كلير شامبو 180 م حريمي تساقط / خ س,CLEAR ANTI HAIR FALL DEFENCE SHAMPOO FOR WOMEN 180 ML,2538832
كلير شامبو 180 مل حريمي ابيض تساقط عرض,CLEAR ANTI HAIR FALL DEFENCE SHAMPOO FOR WOMEN 180 ML OFFER,2634215
كلير شامبو 180 مل حريمي ابيض شعر انعم عرض,CLEAR SHAMPOO SOFT SHINY FOR WOMEN 180 ML OFFER,2603491
كلير شامبو 180 مل حريمي انعم,CLEAR WOMAN SHAMPOO 5 ML SACHET,2672636
كلير شامبو 180 مل رجالي ازرق ترطيب عميق,CLEAR MAN SHAMPOO 5 ML SACHET,2603492
كلير شامبو 180 مل رجالي ازرق تساقط عرض,CLEAR ANTI HAIR FALL DEFENCE SHAMPOO FOR MEN 180 ML OFFER,2603493
كلير شامبو 180 مل رجالي ازرق منتول عرض,CLEAR MAN SHAMPOO 5 ML SACHET,2603496
كلير شامبو 180 مل رجالي ازرق هالاند عرض,CLEAR MAN SHAMPOO 5 ML SACHET,2603497
كلير شامبو 180 مل رجالي فحم 3 1 وفر 10,CLEAR MEN 3 IN 1 SHAMPOO SHOWER GEL FACE WASH 180 ML,2225395
كلير شامبو 180 مل رجالي هالاند وفر 10,CLEAR MAN SHAMPOO 5 ML SACHET,2438799
كلير شامبو 180 مل م رجالي حمايه ضد القشره هالاند بالمنثول الرياضي,CLEAR HAALAND ANTI DANDRUFF SHAMPOO WITH MENTHOL 180 ML,2455707
كلير شامبو 360 مل حريمي ابيض تساقط عرض,CLEAR ANTI HAIR FALL DEFENCE SHAMPOO FOR WOMEN 360 ML OFFER,2603498
كلير شامبو 360 مل حريمي ابيض شعر انعم عرض,CLEAR SHAMPOO SOFT SHINY FOR WOMEN 360 ML OFFER,2603499
كلير شامبو 360 مل حريمي انعم,CLEAR WOMAN SHAMPOO 5 ML SACHET,2672669
كلير شامبو 360 مل رجالي ازرق تساقط عرض,CLEAR ANTI HAIR FALL DEFENCE SHAMPOO FOR MEN 360 ML OFFER,2603501
كلير شامبو 360 مل رجالي فحم وفر 15,CLEAR MAN SHAMPOO 5 ML SACHET,2175283
كلير شامبو 360 مل رجالي كريستيانو,CLEAR MAN SHAMPOO 5 ML SACHET,2408062
كلير شامبو 600 حريمي 3 1 لمعان خصم,CLEAR SHAMPOO SOFT SHINY FOR WOMEN 600 ML,2160414
كلير شامبو 600 م حريمي تساقط,CLEAR ANTI HAIR FALL DEFENCE SHAMPOO FOR WOMEN 600 ML,2674487
كلير شامبو 600 مل رجالي ترطيب عميق وفر 25,CLEAR ANTI DANDRUFF DEEP CLEANSE SHAMPOO FOR MEN 600 ML,2541070
كلير شامبو اكياس حريمي حصيره,CLEAR WOMAN SHAMPOO 5 ML SACHET,2634281
كلير شامبو اكياس حريمي حصيره,CLEAR WOMAN SHAMPOO 5 ML SACHET,1778874
كلير شامبو حريمي اكياس 5 مل,CLEAR WOMAN SHAMPOO 5 ML SACHET,1400168
كلير شامبو حريمي اكياس 5 مل 12 قطعه,CLEAR WOMAN SHAMPOO 5 ML SACHET 12 PCS,2601920
كلير شامبو حريمي ضد تساقط الشعر 360 مل بالزنجبيل,CLEAR ANTI HAIR FALL DEFENCE SHAMPOO FOR WOMEN 360 ML,2131629
كلير شامبو رجالي 180 م 3 1 خ س,CLEAR MAN SHAMPOO 5 ML SACHET,2466166
كلير شامبو رجالي اكياس 5 مل,CLEAR MAN SHAMPOO 5 ML SACHET,1400077
كلير شامبو ضد القشره حريمي 180 مل نعومه ولمعان,CLEAR SHAMPOO SOFT SHINY FOR WOMEN 180 ML,1400495
كلير شامبو ضد القشره حريمي 360 مل نعومه ولمعان,CLEAR SHAMPOO SOFT SHINY FOR WOMEN 360 ML,1400042
كلير شامبو ضد القشره حريمي 600 مل نعومه ولمعان,CLEAR SHAMPOO SOFT SHINY FOR WOMEN 600 ML,2130434
كلير شامبو ضد القشره رجالي 180 مل بالنعناع المنعش,CLEAR ANTI DANDRUFF COOL SPORT MENTHOL SHAMPOO FOR MEN 180 ML,1400529
كلير شامبو ضد القشره رجالي 180 مل تنظيف العميق بالفحم,CLEAR ANTI DANDRUFF DEEP CLEANSE SHAMPOO FOR MEN 180 ML,2131498
كلير شامبو ضد القشره رجالي 180 مل تنظيف عميق بالفحم عرض,CLEAR ANTI DANDRUFF DEEP CLEANSE SHAMPOO FOR MEN 180 ML OFFER,2603495
كلير شامبو ضد القشره رجالي 360 مل بالنعناع المنعش,CLEAR ANTI DANDRUFF COOL SPORT MENTHOL SHAMPOO FOR MEN 360 ML,2131666
كلير شامبو ضد القشره رجالي 360 مل بالنعناع المنعش عرض,CLEAR ANTI DANDRUFF COOL SPORT MENTHOL SHAMPOO FOR MEN 360 ML OFFER,1400076
كلير شامبو ضد القشره رجالي 360 مل تنظيف عميق فحم,CLEAR ANTI DANDRUFF DEEP CLEANSE SHAMPOO FOR MEN 360 ML,2082426
كلير شامبو ضد القشره رجالي 600 مل بالنعناع المنعش,CLEAR ANTI DANDRUFF COOL SPORT MENTHOL SHAMPOO FOR MEN 600 ML,2074460
كلير شامبو ضد القشره رجالي 600 مل تنظيف عميق فحم,CLEAR ANTI DANDRUFF DEEP CLEANSE SHAMPOO FOR MEN 600 ML,1881768
كلير شامبو ضد القشره رجالي 600 مل تنظيف عميق فحم عرض,CLEAR ANTI DANDRUFF DEEP CLEANSE SHAMPOO FOR MEN 600 ML OFFER,2176766
كلير شامبو ضد تساقط الشعر حريمي 180 مل بالزنجبيل,CLEAR ANTI HAIR FALL DEFENCE SHAMPOO FOR WOMEN 180 ML,1843559
كلير شامبو ضد تساقط الشعر حريمي 600 مل بالزنجبيل,CLEAR ANTI HAIR FALL DEFENCE SHAMPOO FOR WOMEN 600 ML,2264999
كلير شامبو ضد تساقط الشعر رجالي 180 مل بالقهوه,CLEAR ANTI HAIR FALL DEFENCE SHAMPOO FOR MEN 180 ML,2093082
كلير شامبو ضد تساقط الشعر رجالي 360 مل بالقهوه عرض,CLEAR ANTI HAIR FALL DEFENCE SHAMPOO FOR MEN 360 ML OFFER,1400331
كلير شامبو ضد تساقط الشعر رجالي 600 مل بالقهوه,CLEAR ANTI HAIR FALL DEFENCE SHAMPOO FOR MEN 600 ML,2408073
كلير شامبو وشاور وغسول وجه 3 1 رجالي 180 مل بالفحم النشط,CLEAR MEN 3 IN 1 SHAMPOO SHOWER GEL FACE WASH 180 ML,2073330
كلير عسل نحل شراب,CLARITINE 1 MG / ML SYRUP 100 ML,2252698
كلير كريم شعر رجالي 210 مل للتساقط,CLEAR MEN ANTI HAIR FALL CREAM 210 ML,2130481
كلير كريم شعر رجالي بالنعناع المنتعش 210 مل,CLEAR MEN COOL SPORT MENTHOL CREAM 210 ML,1666976
كليرا ديرم غسول وجه 150 مل,CLEARA CALM FACIAL CLEANSER,2400128
كليراديرم دش 200 مل,CLEARADERM VAG.DOUCHE 200 ML,1360634
كليراديرم منظف ​​البشره 120 مل,CLEARADERM SKIN CLEANSER 120 ML,2470748
كليرتي صابون 80 جم,CLEARTY SOAP 80 GM,2146411
كليرتي صابون س جديد,CLEARTY SOAP 80 GM,2244971
كليرتي كريم 50 جم,CLEARTY CREAM 50 GM,2470751
كليرتي لوسيون 100 مل,CLEARTY TOPICAL LOTION 100 ML,904636
كليرتي لوسيون للاماكن الحساسه,CLEARTY TOPICAL LOTION 100 ML,2681957
كليرفيس صابونه 100 جم,,2638690
كليكسان 100 مجم / مل 2 سرنجه,CLEXANE 100 MG / ML 2 PREFILLED SYRINGES,2635362
كليكسان 20 مجم / 0.2 مل 2 سرنجه,CLEXANE 20 MG / 0.2 ML 2 PREFILLED SYRINGES,904638
كليكسان 40 مجم / 0.4 مل 2 سرنجه,CLEXANE 40 MG / 0.4 ML 2 PREFILLED SYRINGES,2157475
كليكسان 60 مجم / 0.6 مل 2 سرنجه,CLEXANE 60 MG / 0.6 ML 2 PREFILLED SYRINGES,2619695
كليكسان 80 مجم / 0.8 مل 2 سرنجه,CLEXANE 80 MG / 0.8 ML 2 PREFILLED SYRINGES,2470757
كليمادينون 30 اقراص,KLIMADYNON 30 TAB.,2437064
كلين كين كريم 100 جم,KLENKEN 100 GM CREAM,1950170
كليندا سول جل,,2313480
كلينداسول 0.3 جم / 30 مل محلول 30 مل,CLINDASOL 0.3 GM / 30 ML TOP. SOLN. 30 ML,2437066
كلينداسول 1 % جل موضعي 20 جم,CLINDASOL 1 % TOPICAL GEL 20 GM,1678834
كليندام 150 مجم 16 كبسول,CLINDAM 150 MG 16 CAPS.,2159975
كليندام 300 مجم 16 كبسول,CLINDAM 300 MG 16 CAPS.,2603505
كلينفكس بلس لوشن موضعي 60 مل,CLINVEX PLUS TOPICAL LOTION 60 ML,2492591
كلينول صابون 80 جم,CLEANOL SOAP 80 GM,2112862
كلينول منظف وجه 250 مل,CLEANOL FACIAL CLEANSER 250 ML,1903012
كليو جرو شامبو للشعر بالهيالورونيك اسيد ضد التساقط 200 مل,CLEO GROW HYALURONIC ACID SHAMPOO 200 ML,1935437
كليو صن سكرين SPF 50 جل كريم 50 مل,CLEO SUN GEL CREAM + 50 SPF 50 ML,1935440
كليو صن سكرين فلويد للبشره الدهنيه 50 مل,CLEO SUN GEL CREAM + 50 SPF 50 ML,1935441
كليو كلير غسول للبشره المختلطه والدهنيه 150 مل,CLEO CLEAR FACIAL CLEANSER FOR COMBINATION TO OILY SKIN 150 ML,1935436
كليوباترا 0.05 % كريم 25 جم,CLOBUTRA 0.05 % CREAM 25 GM,904626
كليوباترا بلسم للشعر بزبده الشيا 500 مل,CLEOPATRA SHEA BUTTER CONDITIONER BALSAM 500 ML,2131282
كليوباترا جل الصبار للبشره شفاف 125 مل,CLEOPATRA ALOE VERA GEL FOR SKIN 125 ML,1777227
كليوباترا حمام كريم للشعر بزبده الشيا 700 مل,CLEOPATRA SHEA BUTTER HAIR MASK 700 ML,2169520
كليوباترا شامبو للشعر بزبده الشيا 500 مل,CLEOPATRA SHEA BUTTER SHAMPOO 500 ML,2276297
كليوباترا صابون مغربي اسود 250 مل,CLEOPATRA BLACK MOROCCAN SOAP 250 ML,2130614
كمادات اطفال تمبو كول بارد,TEMPO COOL 4 GEL SHEETS FOR CHILDREN,2603506
كمادات دكتور بيبي كول 4 ق,ICY COOL COOLING 4 SHEETS,2333547
كمادات ماكسويل 4 ق,ICY COOL COOLING 4 SHEETS,2266049
كمامه ايفوني كبار اكياس 10 ق,IPHONE COATED MASK FOR ADULT 46 PCS,2320464
كمامه بدون فلتر / مستورد KN 95,IPHONE COATED CHILDREN'S MASK,2296178
كمامه بيرفكت كبار استيك عريض 50 ق,IPHONE COATED MASK FOR ADULT 46 PCS,1778889
كمامه بيرفكت كبار عاديه 50 ق,IPHONE COATED MASK FOR ADULT 46 PCS,2644596
كمامه بيرفكت كبار مغلفه 50 ق,IPHONE COATED MASK FOR ADULT 46 PCS,2476514
كمامه جريس اطفال استيك عريض 50 ق,IPHONE COATED CHILDREN'S MASK,2625752
كمامه جريس بفلتر 10 ق KN 95,IPHONE COATED MASK FOR ADULT 46 PCS,2625754
كمامه جريس كبار استيك عريض اخضر 50 ق,IPHONE COATED MASK FOR ADULT 46 PCS,2625751
كمامه جريس كبار استيك عريض ازرق 50 ق,IPHONE COATED MASK FOR ADULT 46 PCS,2625753
كمامه مغلفه 50 قطعه,IPHONE COATED MASK FOR ADULT 46 PCS,2419413
كنوربل 30 اقراص,KNORPEL 30 TABLETS,2060152
كو ابروفيل 150 / 12.5 مجم 28 اقراص,CO APROVEL 150 / 12.5 MG 28 TAB,2492123
كو ابروفيل 300 / 12.5 مجم 28 اقراص,CO APROVEL 300 / 12.5 MG 28 TAB,2445019
كو ابروفيل 300 / 25 مجم 14 اقراص,CO APROVEL 300 / 25 MG 14 F.C.TAB,2099203
كو افازير قطره 10 مل,CO AVAZIR EYE SUSP. DROPS 10 ML,2194237
كو افازير مرهم للعين 5 جم,CO AVAZIR EYE OINT. 5 GM,2113235
كو انزيم كيو 10 30 مجم 20 كبسول,COENZYME Q 10 30 MG 20 CAPS.,989615
كو تارج 160 / 12.5 مجم 14 اقراص,CO TAREG 160 / 12.5 MG 14 F.C.TABS,904656
كو تارج 160 / 12.5 مجم 28 اقراص,CO TAREG 160 / 12.5 MG 28 F.C. TAB,904658
كو تارج 160 / 25 مجم 15 اقراص,CO TAREG 160 / 25 MG 15 F.C. TABS,2454939
كو تارج 320 / 12.5 مجم 14 اقراص,CO TAREG 320 / 12.5 MG 14 F.C. TABS,2475161
كو تارج 320 / 25 مجم 14 اقراص,CO TAREG 320 / 25 MG 14 F.C. TAB,2161145
كو تارج 80 / 12.5 مجم 14 اقراص,CO TAREG 80 / 12.5 MG 14 F.C.TAB,2099214
كو ترايموكسازول اقراص سبترين,CO TRIMOXAZOLE 20 TAB,2675519
كو ديلاترول 30 اقراص,CO DILATROL 30 TAB,2603521
كو ديوفان 160 / 25 مجم 10 اقراص,CO DIOVAN 160 / 25 MG 10 F.C.TABS,2437068
كو ديوفان 160 / 25 مجم 15 اقراص,CO DIOVAN 160 / 25 MG 15 F.C.TAB,2127719
كو فازوتك 160 / 12.5 مجم 14 اقراص,CO VASOTEC 160 / 12.5 MG 14 F.C.TAB,2200167
كو فازوتك 160 / 25 مجم 14 اقراص,CO VASOTEC 160 / 25 MG 14 F.C.TAB,1740629
كو فازوتك 80 / 12.5 مجم 14 اقراص,CO VASOTEC 80 / 12.5 MG 14 F.C.TAB,2494353
كوادريديرم كريم 15 جم,QUADRIDERM CREAM 15 GM,2454940
كوادريديرم كريم 30 جم,QUADRIDERM CREAM 30 GM,2299598
كواديل 100 مجم 20 اقراص,QUADEL 100 MG 20 F.C. TABS,2553023
كواديل 25 مجم 20 اقراص,QUADEL 25 MG 20 F.C. TABS,2476143
كوب معقم لاخذ العينات,MEDICAL ANALYSIS SAMPLER,1821949
كوباد 10000 وحده دوليه 30 كبسول,COPAD 10.000 I.U. 30 CAPS,2641939
كوباد 4000 وحده 30 اقراص,COPAD 4000 I.U. 30 CAPS,2296207
كوباد تاد 20 مجم 2 اقراص,COPADTADA 20 MG 2 TABS,2627819
كوباد تادا 20 مجم 2 اقراص,COPADTADA 20 MG 2 TABS,2587470
كوباد تراي اوميجا شراب 120 مل,COPAD TRI OMEGA SYRUP 120 ML,2359963
كوبادتادا 20 مجم 2 اقراص,COPADTADA 20 MG 2 TABS,2194240
كوبال 500 مكجم 30 اقراص,COBAL 500 MCG 30 F.C.TAB.,904654
كوبال اف 500 / 200 مكجم 30 اقراص,COBAL F 30 500 / 200 MCG 30 F.C.TAB,904655
كوبالامون 30 اقراص,COBALAMOUN 30 TABS,2575574
كوبالامون ق,COBALAMOUN 30 TABS,2674349
كوبالامين ديبو امبول,COBALAMIN DEPOT 1000 MCG / ML 5 AMP. I.M,2637404
كوبالامين ديبو امبول,COBALAMIN DEPOT 1000 MCG / ML 5 AMP. I.M,2644166
كوبالامين ديبو امبول بديل بيوفيت,COBALAMIN DEPOT 1000 MCG / ML 5 AMP. I.M,2645130
كوبالامين ديبو امبول بديل بيوفيت,COBALAMIN DEPOT 1000 MCG / ML 5 AMP. I.M,2589426
كوبالامين ديبوت 1000 مجم / مل 5 امبول,COBALAMIN DEPOT 1000 MCG / ML 5 AMP. I.M,2640547
كوبيتا برونات مرهم,,2682685
كوترايموكسازول 20 اقراص,CO TRIMOXAZOLE 20 TAB,2320185
كوترايموكسازول شراب 120 مل,CO TRIMOXAZOLE SYRUP 120 ML,2476145
كوتياسو 100 مجم 30 اقراص,QUETIASU 100 MG 30 TABS,2342635
كوجكس 10 كيس,COGEX 10 SACHET,2606573
كوجيسين 30 اقراص,COGICIN 30 TABS,2329178
كوجينتول 2 مجم 20 اقراص,COGINTOL 2 MG 20 TAB.,1483283
كود يلار شراب,KASH KIDS SYRUP,2299066
كودافين ان شراب 120 مل,CODAPHEN N SYRUP 120 ML,1463868
كودريست جل مساج,CODEREST MASSAGE GEL 75 GM,2624322
كودريست مساج جل 75 جم,CODEREST MASSAGE GEL 75 GM,1849269
كودومو 2 لزقه رضع,KODOMO 2 PATCHES ENT,1427460
كودومو 2 لزقه كبار,KODOMO 2 PATCHES ADULT,1740612
كوديلار شراب 120 مل,CODILAR SYRUP 120 ML,904666
كور كب 20 اقراص,CORE CUP 20 TAB,2500456
كوراديك كريم 15 جم,CURADIC CREAM 15 GM,2638699
كوراسور 150 مجم 20 اقراص,CORASORE 150 MG 20 TAB.,1624649
كوراسور ان 150 مجم / مل قطره 15 مل,CORASORE N 150 MG / ML ORAL DROPS 15 ML,2473053
كوربال اتش بي شامبو لتغذيه الشعر ومنع التساقط 300 مل (احمر),CORPAL HP SHAMPOO 300 ML,2498380
كوربال ام سي شامبو لالتهابات الجلد 300 مل (برتقالي),CORPAL MC SHAMPOO 300 ML,989633
كوربال شامبو للشعر ضد القشره 300 مل (ازرق),CORPAL ANTI DANDRUFF HAIR SHAMPOO 300 ML,2194254
كورتوبكت 300 مجم 30 كبسول,CORTOPECT 300 MG 30 CAPS,1209117
كورتوبكت 60 مل شراب قديم,CORTOPECT SYRUP 30 ML,2638700
كورتوبكت ادفانس 20 اقراص,CORTOPECT ADVANCE 20 TAB,2385423
كورتوبكت بلس 20 اقراص,CORTOPECT PLUS 20 CAPS,2454957
كورتيبلكس ب 6 للاطفال 3 امبول,CORTIPLEX B 6 PEDIATRIC 3 AMP.,1535630
كورتيبلكس ب 6 للكبار 3 امبول,CORTIPLEX B 6 ADULT 3 AMP.,1775374
كورتيكسين فيستا 30 اقراص,CORTEXIN VISTA 30 TABS,2473467
كورتيلون 0.1 مجم 20 اقراص,CORTILON 0.1 MG 20 TAB.,1052813
كوردارون 200 مجم 30 اقراص,CORDARONE 200 MG 30 SCORED TABS,2672358
كوردو بلس بخاخ 60 مل,CORDO PLUS SPRAY 60 ML,2559558
كوردو بلس بخاخ 60 مل 70,CORDO PLUS SPRAY 60 ML,2646335
كورسودين غسول للفم 200 مل,CORSODEN MOUTH SOL. 200 ML,2501218
كورسودين غسول للفم 200 مل فراوله 65,CORSODEN MOUTH SOL. 200 ML,2643660
كورسودين غسول للفم 200 مل نعناع 65,CORSODEN MOUTH SOL. 200 ML,2643656
كورسودين غسول للفم بالبرتقال 200 مل,CORSODEN MOUTH WASH ORANGE 200 ML,2643654
كورسودين غسول للفم بالفراوله 200 مل,CORSODEN MOUTH WASH STRWBERRY 200 ML,2194262
كورسودين غسول للفم بالنعناع والقرنفل 200 مل,CORSODEN MOUTH WASH MENTHOL CLOVE 200 ML,2194263
كورسودين معجون اسنان 50 جم,CORSODEN TOOTHPASTE 50 GM,2501217
كورسيبت دي 3 قطره,CORCEPT D 3 DROP,2521785
كورسيبت في 30 اقراص / كورسيبت,CORCEPT D 3 DROP,2521786
كورسيبت في اقراص,CORCEPT D 3 DROP,2253052
كورسيه رجالي,ADHESIVE MICE,1778900
كورفاست 20 مجم 7 اقراص,CORVAST 20 MG 7 TAB,2638158
كورفاست 40 مجم 7 اقراص,CORVAST 40 MG 7 TAB,2199950
كورفيبيك 20 كبسوله,CORVIBEAK 20 CAPS,2552283
كوركيوتاك 30 كبسوله,CURCUTAKE 30 CAPS,2128773
كورنوفريش قطره,,2631223
كورني فريش 1.5 % قطره للعين 5 مل,CORNEFRESH 1.5 % EYE DPS. 5 ML,2625046
كورنيتيرز 1000 وحده قطره جل للعين 10 جم,CORNETEARS 1000 IU / G AQUEOUS EYE GEL 10 GM,2156455
كوروليف كريم 60 جم,COROLIVE CREAM 60 GM,2625628
كوريجا سوبر الترا نعناع 40 جم كريم,COREGA SUPER ULTRA MINT 40 GM CREAM,1848847
كوريجا سوبر بدون طعم 20 جم كريم,COREGA 20 GM CREAM,1406724
كوريجا سوبر بدون طعم 40 جم كريم,COREGA SUPER TASTE FREE 40 GM CREAM,1845711
كوريونتي 20 اقراص,COREUNITY 20 TAB,2500457
كوزامين كريم مساج 50 جم,COSAMINE MASSAGE CREAM 50 GM,2437097
كوزاميين كريم قديم,COSAMINE MASSAGE CREAM 50 GM,2369642
كوزمو اوميجاسيز 30 كبسول,COSMO OMEGASEAS 30 TABS,1740625
كوزموفير 50 مجم / مل 5 امبول,COSMOFER 50 MG / ML 5 AMP. FOR INJECTION,1459763
كوستاريب 100 مجم 30 اقراص,COSTAREB 100 MG 30 TABS.,2380054
كوستو بون 30 اقراص كالسيوم,PICASTO 30 TABS,2680956
كوسمبريل 5 / 10 مجم 15 اقراص,COSIMPREL 5 / 10 MG 15 TAB,2633949
كوسيمبريل 5 / 5 مجم 15 اقراص,COSIMPREL 5 / 5 MG 15 F.C. TABS,1650805
كوشيون 10 اكياس (كوجين),CUSHION 10 SACHETS,2633847
كوفابريندو 10 / 10 مجم 30 اقراص,COVAPRENDO 10 / 10 MG 30 TABS.,2470803
كوفابريندو 10 / 5 مجم 30 اقراص,COVAPRENDO 10 / 5 MG 30 TABS.,2127727
كوفابريندو 5 / 10 مجم 30 اقراص,COVAPRENDO 5 / 10 MG 30 TABS.,2157259
كوفابريندو 5 / 5 مجم 30 اقراص,COVAPRENDO 5 / 5 MG 30 TABS.,1565271
كوفالميت 50 / 1000 مجم 30 اقراص,COVALMET 50 / 1000 MG 30 TAB,2499947
كوفرسيل 10 مجم 30 اقراص,COVERSYL 10 MG 30 F.C. TAB.,2306014
كوفرسيل 10 مجم 30 اقراص قديم,COVERSYL 10 MG 30 F.C. TAB.,2609855
كوفرسيل 5 مجم 30 اقراص,COVERSYL 5 MG 30 F.C. TAB,949194
كوفرسيل بلس 10 / 2.5 مجم 15 اقراص,COVERSYL PLUS 10 / 2.5 MG 15 TABS.,2361267
كوفرسيل بلس 5 / 1.25 مجم 15 اقراص,COVERSYL PLUS 5 / 1.25 MG 15 TABS.,2342390
كوفزيم شراب 120 مل,KOFZYM SYRUP 120 ML,2127458
كوفي 100 مجم 14 اكياس,COVI 100 MG 14 SACHETS,2508654
كوفي زنك شامبو 200 مل,COFFEE ZINC SHAMPOO 200 ML,2470809
كوفي زنك مقوي للشعر 250 مل,COFFEE ZINC HAIR TONIC 250 ML,2296828
كوفيرام 10 / 10 مجم 15 اقراص,COVERAM 10 / 10 MG 15 TAB.,904695
كوفيرام 10 / 10 مجم 30 اقراص,COVERAM 10 / 10 MG 30 TAB,2670864
كوفيرام 10 / 5 مجم 15 اقراص,COVERAM 5 / 10 MG 15 TABS,2522522
كوفيرام 10 / 5 مجم 15 اقراص,COVERAM 10 / 5 MG 15 TABS,2636111
كوفيرام 10 / 5 مجم 30 اقراص,COVERAM 10 / 5 MG 30 TABS,2542523
كوفيرام 10 / 5 مجم 30 اقراص,COVERAM 10 / 5 MG 30 TABS,2622157
كوفيرام 10 / 5 مجم اقراص,COVERAM 10 / 5 MG 15 TABS,2671085
كوفيرام 10 10 مجم جديد,COVERAM 10 / 10 MG 15 TAB.,2675039
كوفيرام 5 / 10 مجم 15 اقراص,COVERAM 5 / 10 MG 15 TABS,2369647
كوفيرام 5 / 10 مجم 30 اقراص 263,COVERAM 10 / 5 MG 30 TABS,2627495
كوفيرام 5 / 10 مجم اقراص 263,COVERAM 5 / 10 MG 15 TABS,2632440
كوفيرام 5 / 5 مجم 15 اقراص,COVERAM 5 / 5 MG 15 TABS.,2603532
كوفيرام 5 / 5 مجم 30 اقراص,COVERAM 5 / 5 MG 30 TABS,1048202
كوكاست 10 مجم 10 اقراص,KOKAST 10 MG 10 F.C. TABS.,904698
كوكاست 4 م قديم,KOKAST 4 MG 7 CHEWABLE TAB.,2559429
كوكاست 4 مجم 7 اقراص,KOKAST 4 MG 7 CHEWABLE TAB.,1566619
كوكستوري 90 مجم 14 اقراص,COXTORI 90 MG 14 TABS,2639360
كوكسريتور 120 مجم 10 اقراص,COXRITOR 120 MG 10 F.C.TABS,2253038
كوكسريتور 60 مجم 30 اقراص,COXRITOR 60 MG 30 F.C.TABS,1768810
كوكسريتور 60 مجم 30 اقراص,COXRITOR 60 MG 30 F.C.TABS,2680999
كوكسريتور 90 مجم 30 اقراص,COXRITOR 90 MG 30 F.C.TABS,904700
كوكسوريزت 60 مجم 20 اقراص,COXORIZET 60 MG 20 TAB,2129401
كوكسوريزت 90 مجم 30 اقراص,COXORIZET 90 MG 30 F.C. TABS,2254289
كوكسوريزيت 60 مجم 20 اقراص,COXORIZET 60 MG 20 TAB,2681857
كوكسوريزيت 90 مجم 30 اقراص,COXORIZET 90 MG 30 F.C. TABS,2675563
كوكسينورين 60 مجم 30 اقراص,COXINORIN 60 MG 30 F.C. TABS.,1800347
كوكسينورين 90 مجم 30 اقراص,COXINORIN 90 MG 30 F.C. TABS.,2074471
كوكو واكس جهاز شمع 3 في 1 جهاز وشمع ومناديل,COCO WAX DEPILATORY HEATER 3 IN 1,2131723
كوكو واكس غيار شمع 100 مل اصفر,COCO WAX YELLOW WAX REFILL 100 ML,2076612
كوكو واكس غيار شمع 100 مل روز,COCO WAX ROSE WAX REFILL 100 ML,1821808
كوكو واكس مناديل ازاله الشمع 100 منديل,COCO WAX PAPER STRIPS 100 PS,2129931
كولا كوجين توت 30 اكياس,ACTI COLLA C 30 SACHETS,2638750
كولا كوند 30 اقراص,COLA CHOND 30 TABS,2583537
كولابيرافين شراب 100 مل,QULAPERAFEN SUYRP 100 ML,2494270
كولاجرا بكيني غسول,KOLAGRA BIKINI WHITENING CLEANSER + CREAM,2670865
كولاجرا بيكيني وايتينج غسول 2 ق,KOLAGRA BIKINI WHITENING CLEANSER + CREAM,2330883
كولاجرا بينك رول اون 3 + 1,KOLAGRA ROLL ON OFFER 1 + 1,2472802
كولاجرا تونر للوجه 3 في 1 للتفيتح 200 مل 1 + 1,TONER FACE BRIGHT 3 IN 1 200 ML 1 + 1 %,2063814
كولاجرا رول اون ايلدر روز 60 مل عرض 1 + 1,KOLAGRA ROLL ON ELDER ROSE 60 ML OFFER 1 + 1,1665629
كولاجرا رول اون برائحه الكاندي 60 مل عرض 1 + 1,KOLAGRA ROLL ON COTTON CANDY 60 ML OFFER 1 + 1,1665638
كولاجرا رول اون توت 3 1 2 قطعه,KOLAGRA ROLL ON OFFER 1 + 1,2330885
كولاجرا رول اون رجالي 60 مل سيلفر سينت,KOLAGRA ROLL ON MEN SILVER SCENT 60 ML,2670866
كولاجرا رول اون روز 60 مل 1 + 1,KOLAGRA ROLL ON OUD 60 ML,2445275
كولاجرا رول اون عود,KOLAGRA ROLL ON OUD 60 ML,2670867
كولاجرا رول اون عود 2 1 2 قطعه,KOLAGRA ROLL ON OUD 60 ML,1665636
كولاجرا رول اون غزل البنات,KOLAGRA ROLL ON OUD 60 ML,2670868
كولاجرا رول اون كوكونت جوز هند 60 مل عرض 1 + 1,KOLAGRA DUO EFFECT WHITENING ROLL ON DEODORANT COCONUT 60 ML OFFER 1 + 1,2445277
كولاجرا ريتينول سيروم 30 مل,KOLAGRA RETINOL SERUM 30 ML,2240839
كولاجرا سيرم فيتامين سي 30 مل عرض 2 ق,KOLAGRA VITAMIN C SERUM 30 ML OFFER 1 + 1,2131424
كولاجرا سيروم حمض الهيالورونيك 30 مل 1 + 1,KOLAGRA HYALURONIC ACID SERUM 30 ML 1 + 1,2131425
كولاجرا صن سكرين جل كريم 50 مل 1 + 1,KOLAGRA 50 + SPF SUN SCREEN GEL CREAM 50 ML 1 + 1,2670869
كولاجرا غسول 200 م + بكيني كريم 50,HYDRENSA CLEANSING GEL 200 ML,2487677
كولاجرا غسول للبشره بفيتامين سي – 200 مل عرض 1 + 1,KOLAGRA VITAMIN C FACE WASH OFFER 1 + 1,1861811
كولاجرا غسول للوجه للبشره الدهنيه 100 مل,KOLAGRA OILY SKIN CLEANSER 100 ML,2330892
كولاجرا غسول للوجه للبشره الدهنيه 200 مل,KOLAGRA OILY SKIN CLEANSER 200 ML,2012308
كولاجرا فيتامين سي سيروم 30 مل,KOLAGRA VITAMIN C SERUM 30 ML,2408564
كولاجرا فيتامين سي سيروم 30 مل عرض 1 + 1,KOLAGRA VITAMIN C SERUM 30 ML OFFER 1 + 1,2472803
كولاجرا كريم تفتتيح للبكيني 50 مل عرض 1 + 1,KOLAGRA VITAMIN C BIKINI WHITENING CREAM 50 ML OFFER 1 + 1,2082725
كولاجرا كريم تفتيح الوجه 50 مل عرض 1 + 1,KOLAGRA WHITENING CREAM 50 ML OFFER 1 + 1,1665639
كولاجرا هيدرنسا كريم مرطب للبشره الجافه 200 مل,KOLAGRA HYDRENSA MOISTURIZING CREAM FOR DRY SKIN 200 ML,2553160
كولاجرا هيدرنسا هاند كريم 50 مل,KOLAGRA HYDRENSA HAND CREAM 50 ML,2539637
كولاجيست 10 اكياس,COLAGIST 10 SACHET,2140441
كولاجيكا فورت 10 امبولات للشرب,COLLAGICA FORTE 10 DRINKABLE AMPOULES,2281969
كولاجيكس 15 اكياس,COLLAGIX 15 SACHETS,2568901
كولاجين بودره 10 اكياس,COLLAGEN ORAL POWDER 10 SACHETS,2161291
كولاجين فريش سي 30 اقراص / مارشملو,COLLAGEN FRESH C 30 TABS,2652684
كولاجين فريش سي اقراص,COLLAGEN FRESH C 30 TABS,2630929
كولاكوجين 10 اكياس بالفانيليا,COLLACOGEN MARINE VIT C WITH VANILLA FLAVOR 10 SACHETS,2639490
كولاكوجين 30 اكياس,COLLACOGEN 30 SACHET,2472706
كولاكوجين 30 اكياس بالاناناس,COLLACOGEN MARINE VIT C WITH PINEAPPLE FLAVOR 30 SACHETS,2267292
كولاكوجين 30 اكياس بالبرتقال,COLLACOGEN MARINE VIT C WITH ORANGE FLAVOR 30 SACHETS,2472703
كولاكوجين 30 اكياس بالتوت,COLLACOGEN MARINE VIT C WITH BERRIES FLAVOR 30 SACHETS,2472705
كولاكوجين توت,COLLACOGEN 30 SACHET,2639491
كولاكوجين فراوله 30 اكياس,COLLACOGEN 30 SACHET,2638511
كولاكوند تريبسين اقراص,COLA CHOND TRYPS 30 TABLETS,2673227
كولاكوند د 3 اقراص,COLA CHOND 30 TABS,2673228
كولانوج الترا كالم غسول للوجه للبشره الحساسيه 200 مل,KOLANOG ULTRA CALMING FACIAL CLEANSER FOR SENSETIVE SKIN 200 ML,2157895
كولانوج غسول فوم للوجه 150 مل,KOLANOG FOAMING CLEANSER 150 ML,2521161
كولانوج غسول للجسم 200 مل,KOLANOG BODY WASH 200 ML,2157547
كولانوج غسول للوجه 200 مل,KOLANOG FACIAL WASH 200 ML,2501040
كولانوج غسول للوجه للبشره الجافه 200 مل,KOLANOG FACIAL WASH FOR DRY SKIN 200 ML,2157894
كولترابنت 4 مجم 20 اقراص,COLTRAPENT 4 MG 20 TAB,2270566
كولجي 10 اكياس,COLGY 10 SACHETS,1768813
كولجيناتيك 10 اكياس,COLGINATIC 10 SACH,1740642
كولد اتريكس ق,COLDATREXY 30 F.C. TABS.,2313504
كولد ستوب ان 30 اقراص,COLD STOP N 30 F.C. TABS,2361158
كولد فري 20 اقراص,COLD FREE 20 TAB.,2497914
كولد كنترول 20 اقراص,COLD CONTROL 20 F.C.TAB.,972378
كولد كونترول شراب 100 مل,COLD CONTROL SYRUP 100 ML,2448953
كولداتريكسي 30 اقراص,COLDATREXY 30 F.C. TABS.,904702
كولشيسين 500 مجم 100 اقراص,COLCHICINE 500 MCG 100 TAB.,1809866
كوللو ماك محلول,CURE AID CORN CUSHIONS 17 PICESES,2345079
كولميديتين 0.5 مجم 100 اقراص,COLMEDITEN 0.5 MG 100 TABS,1659319
كولوسالازين اي سي 500 مجم 20 اقراص,COLOSALAZINE EC 500 MG 20 ENTERIC COATED TAB.,2167559
كولوسباتوراز 135 مجم 30 اقراص,COLOSPATORAZ 135 MG 30 TABS.,2128663
كولوسبازمين فورت 135 مجم 20 اقراص,COLOSPASMIN FORTE 135 MG 20 SUGAR COATED TAB.,2144009
كولوفيرين 135 مجم 30 اقراص,COLOVERIN 135 MG 30 TABLETS,2194283
كولوفيرين اس ار 200 مجم 30 كبسول,COLOVERIN SR 200 MG 30 CAPS,2470830
كولوفيرين ايه 30 اقراص,COLOVERIN A 30 TABLETS,2369310
كولوفيرين دي 30 اقراص,COLOVERIN D 30 TABLETS,2313508
كولوماك محلول 10 مل,COLLOMAK TOP. SOUTION 10 ML,2315063
كولون اكسير 10 اقراص,COLON XIR 10 TAB,1816604
كولونا 30 اقراص,COLONA 30 F.C.TAB.,2437121
كولونا 4 شريط,55555 COLONGE 200 ML,2674942
كولونا 4 شريط / راميدا,55555 COLONGE 200 ML,2672971
كولونا ق جديد,55555 COLONGE 200 ML,2681394
كولي يورينال فوار 60 جم,COLI URINAL EFF. GR. 60 GM,1522025
كوليترا بلس 30 قرص,COLITRA PLUS 30 TAB,2646833
كوليتركس 400 قطره 20 مل,CHOLETRIX D 3 400 IU ORAL DROPS 30 ML,2683037
كوليتريكس د 3 1000 وحده 20 اقراص,CHOLETRIX D 3 1000 IU 20 CHEW. TABS,2160884
كوليتريكس د 3 1000 وحده قطره 30 مل,CHOLETRIX D 3 1000 IU ORAL DROPS 30 ML,904713
كوليتريكس د 3 400 وحده قطره 10 مل,CHOLETRIX D 3 400 IU ORAL DROPS 10 ML,949215
كوليتريكس د 3 400 وحده قطره 30 مل,CHOLETRIX D 3 400 IU ORAL DROPS 30 ML,971072
كوليتريكس د 3 اقراص,CHOLETRIX D 3 1000 IU 20 CHEW. TABS,2644024
كوليتمب 10 مجم 14 اقراص,CHOLETIMB 10 MG 14 TABS.,1529303
كوليروز 10 مجم 21 اقراص,CHOLEROSE 10 MG 21 F.C.TAB.,904717
كوليروز 20 مجم 21 اقراص,CHOLEROSE 20 MG 21 F.C. TABS.,904718
كوليروز 40 مجم 28 اقراص,CHOLEROSE 40 MG 28 F.C. TABS,2099262
كوليروز 5 مجم 14 اقراص,CHOLEROSE 5 MG 14 F.C.TAB.,904720
كوليروز بلس 10 / 10 مجم 28 اقراص,CHOLEROSE PLUS 10 / 10 MG 28 F.C.TABS,904721
كوليروز بلس 10 / 20 مجم 28 اقراص,CHOLEROSE PLUS 10 / 20 MG 28 F.C.TABS,904722
كوليروز بلس 10 / 40 مجم 28 اقراص,CHOLEROSE PLUS 10 / 40 MG 28 F.C.TABS.,1175619
كوليلاج قطره بالفم 30 مل,CHOLELAGE ORAL DROP 30 ML,2470845
كومباتو اس جرانزيا جهاز نابوليزر استنشاق,GRANZIA COMPATTO NEBULIZER,2467337
كومباتو جرانزيا جهاز نابوليزر استنشاق,GRANZIA COMPATTO NEBULIZER,2129956
كومباميج قطره بالفم 30 مل,COMPAMEG ORAL DROPS 30 ML,2651804
كومبلافين 75 / 100 مجم 30 اقراص,COMPLAVIN 75 / 100 MG 30 TABS,2582856
كومبليت زيت شعر 120 مل,COMPLETE HAIR OIL 120 ML,2194296
كومبليت زيت شعر 60 مل,COMPLETE HAIR OIL 60 ML,1623491
كومبليت شامبو للشعر 150 مل,COMPLETE HAIR SHAMPOO 150 ML,2494965
كومبيلو قطره 5 مل,COMBILOW EYE DROPS 5 ML,1659334
كومفورت اصابع جلد – 100 قطعه,COMFORT LEATHER FINGERS 100 PIECES,1776285
كومفورت جل 50 جم,COMFORT GEL 50 GM,1768837
كومفورت مساج جل,COMFORT GEL 50 GM,2603549
كومفيز 30 ك,COMFASE 30 CAPS,2681183
كومفيز 30 كبسول,COMFASE 30 CAPS,2675395
كونا ديون 10 م,LUCKY OWL BABY COLOGNE 100 ML,2559659
كونا ديون اقراص جديد,SANSO GINKONA PLUS 30 TABS,2400141
كوناديون 10 مجم 30 اقراص,CONA ADIONE 10 MG 30 CHEWABLE TAB.,2452837
كوناديون 54,CONA ADIONE 10 MG 30 CHEWABLE TAB.,2603550
كوناز 20 اقراص,CONAZ C 20 F.C.TABS,2672754
كوناز اقراص 20 اقراص,CONAZ C 20 F.C.TABS,2640877
كوناز سي 20 قرص,CONAZ C 20 F.C.TABS,2674350
كونافيوتال 500 / 600 مجم 20 اقراص,CONAFUTAL 500 / 600 MG 20 TAB,2360530
كوناميدزين 1 % كريم 30 جم,CONAMEDIZEN 1 % TOPICAL CREAM 30 GM,2465371
كونتا فلو 20 اقراص,CONTA FLU 20 TAB.,2616772
كونتا فيفر شرب جديد,CONTA FLU 20 TAB.,2313516
كونتافيفر ان 200 مجم / 5 مل شراب 120 مل,CONTAFEVER N 200 MG / 5 ML SUSP. 120 ML,907761
كونترابلان 2 0.75 مجم 4 كبسول,CONTRAPLAN II 0.75 MG 4 CAPS.,1944934
كونتراستروك 75 مجم 30 اقراص,CONTRASTROKE 75 MG 30 TAB,2588094
كونتراكتيوبكس جل 20 جم,CONTRACTUBEX TOP. GEL 20 GM,2552693
كونتراهيستادين 20 مجم 30 اقراص,CONTRAHISTADIN 20 MG 30 TABS,904734
كونترولبسي 100 مجم 30 اقراص,CONTROLEPSY 100 MG 30 TAB.,2486387
كونترولبسي 25 مجم 30 اقراص,CONTROLEPSY 25 MG 30 TAB.,1102931
كونترولبسي 50 مجم 30 اقراص,CONTROLEPSY 50 MG 30 TAB.,2470853
كونترولوك 20 مجم 14 اقراص,CONTROLOC 20 MG 14 GASTRO RESISTANT TABS.,904735
كونترولوك 40 مجم 14 اقراص,CONTROLOC 40 MG 14 GASTRO RESISTANT TABS.,2144035
كونجستال 20 اقراص,CONGESTAL 20 TABS.,2064107
كونجستال شراب 120 مل,CONGESTAL SYRUP 120 ML,2094306
كونجي كلير فورت,,2437135
كونجي كلير فورت احادي الجرعه,,2587894
كونجي كلير فورت قطره قديم,,2160462
كونجي كلير قطره قديم,,2631872
كونجيكلير 0.1 % قطره 5 مل,CONJYCLEAR 0.1 % EYE DROPS 5 ML,2144497
كونجيكلير فورت 0.2 % قطره 5 مل,CONJYCLEAR FORTE 0.2 % EYE DROPS 5 ML,904739
كونداسيوتيك اقراص س 280,CHONDACEUTIK 20 TAB,2680906
كوندروجين 20 اقراص,CHONDROGEN 20 F.C.TAB.,2437139
كونستيبرايد 1 مجم 28 اقراص,CONSTIPRIDE 1 MG 28 F.C. TABS.,2157526
كونستيبرايد 2 مجم 28 اقراص,CONSTIPRIDE 2 MG 28 F.C. TABS.,2171017
كونسيلر بريتي ومان ليكود بي,PRETTY WOMAN STICK CONCEALER + LIQUID CONCEALER NO 3,2562187
كونفاجران 100 مجم 30 كبسول,CONVAGRAN 100 MG 30 CAPS.,2464990
كونفاجران 25 مجم 30 كبسول,CONVAGRAN 25 MG 30 CAPS.,1552901
كونفاجران 50 مجم 30 كبسول,CONVAGRAN 50 MG 30 CAPS.,1670650
كونفارزيوتام 100 مجم 20 اقراص,CONVARSIOTAM 100 MG 20 F.C.TABS,1461964
كونفارزيوتام 50 مجم 20 اقراص,CONVARSIOTAM 50 MG 20 TAB,1461966
كونفارزيوتام 75 مجم 20 اقراص,CONVARSIOTAM 75 MG 20 F.C.TABS,1662678
كونفنتين 100 مجم 30 كبسول,CONVENTIN 100 MG 30 CAP,2455015
كونفنتين 300 مجم 30 كبسول,CONVENTIN 300 MG 30 CAPS.,2455016
كونفنتين 400 مجم 3 شريط 150,CONVENTIN 400 MG 30 CAPS.,2605958
كونفنتين 400 مجم 30 كبسول,CONVENTIN 400 MG 30 CAPS.,2313528
كونفنتين 600 مجم 30 اقراص,CONVENTIN 600 MG 30 TABS,1250192
كونفنتين 800 مجم 30 اقراص,CONVENTIN 800 MG 30 TABS,2455020
كونفنتين اكس ار 300 مجم 30 اقراص,CONVENTIN XR 300 MG 30 TABS.,904749
كونفنتين اكس ار 600 مجم 30 اقراص,CONVENTIN XR 600 MG 30 TABS.,2470865
كونفيبان 100 مجم 20 اقراص,CONVIBAN 100 MG 20 SCORED F.C. TABS.,2076109
كونفيبان 25 مجم 30 اقراص,CONVIBAN 25 MG 30 F.C. TABS,2437146
كونفيبان 50 مجم,CONVIBAN 50 MG 30 F.C. TABS,2680570
كونفيبان 50 مجم 30 اقراص,CONVIBAN 50 MG 30 F.C. TABS,1504009
كونفيبان شراب,CONVIBAN SYRUP,2604578
كونكور 10 مجم 30 اقراص,CONCOR 10 MG 30 F.C. TABLETS,904756
كونكور 5 مجم 30 اقراص,CONCOR 5 MG 30 F.C. TABS,904760
كونكور املو 5 / 5 مجم 30 اقراص,CONCOR AMLO 5 / 5 MG 30 TABS.,2452714
كونكور بلس 10 مجم 30 اقراص,CONCOR PLUS 10 / 25 MG 30 F.C. TABS.,2145999
كونكور بلس 5 مجم 30 اقراص,CONCOR PLUS 5 / 12.5 MG 30 F.C. TABLETS,904761
كونكور كور 2.5 مجم 30 اقراص,CONCOR COR 2.5 MG 30 F.C. TABS,2127758
كونمالا نقط 10 مل,CONMALA DROP 10 ML,2631214
كونيستوفا 2 مجم 28 اقراص,CONISTOVA 2 MG 28 F.C.TABS.,2128477
كونيل 10 اكياس,CONIL 10 SACHET,1740686
كويتابكس 100 مجم 30 اقراص,QUITAPEX 100 MG 30 F.C.TABS.,904807
كويتابكس 200 مجم 30 اقراص,QUITAPEX 200 MG 30 F.C.TABS.,2470922
كويتابكس 25 مجم 30 اقراص,QUITAPEX 25 MG 30 F.C.TABS.,904808
كويتابكس 300 مجم اكس ار 30 اقراص,QUITAPEX 300 MG XR 30 F.C.TABS.,2492389
كويتابكس 400 مجم اكس ار 30 اقراص,QUITAPEX 400 MG XR 30 F.C.TABS.,2386372
كويتابيكس 150 مجم اكس ار 30 اقراص,QUITAPEX 150 MG XR 30 TABS,2409457
كويتكول اكس ار 150 مجم 30 اقراص,QUITCOOL XR 150 MG 30 EXT. REL. F.C. TABS,2497296
كويتكول اكس ار 300 مجم 30 اقراص,QUITCOOL XR 300 MG 30 EXT. REL. F.C. TABS,2289526
كويتكول اكس ار 400 مجم 30 اقراص,QUITCOOL XR 400 MG 30 EXT. REL. F.C. TABS,2606824
كويتكول اكس ار 50 مجم 30 اقراص,QUITCOOL XR 50 MG 30 EXT. REL. F.C. TABS,2282338
كويتيابين 100 مجم 30 اقراص,QUETIAPINE 100 MG 30 F.C. TAB.,904811
كويتيابين 200 مجم 30 اقراص,QUETIAPINE 200 MG 30 F.C. TABS.,1599177
كويتيابين 25 مجم 30 اقراص,QUETIAPINE 25 MG 30 F.C. TAB.,2129309
كويتيابين 300 مجم 30 اقراص,QUETIAPINE 300 MG 30 TABS,2492375
كويتيازك اكس ار 150 مجم 30 اقراص,QUETIAZIC XR 150 MG 30 TABS.,1633453
كويتيازك اكس ار 300 مجم 30 اقراص,QUETIAZIC XR 300 MG 30 TABLETS,1609590
كويتيازك اكس ار 400 مجم 30 اقراص,QUETIAZIC XR 400 MG 30 TABLETS,1626883
كويتيازك اكس ار 50 مجم 30 اقراص,QUETIAZIC XR 50 MG 30 TABLETS,1626884
كويدادو اقراص,,2575732
كويدادود 3 وك 2 / اقراص,,2599621
كويك جو بلس مساج جل 60 جم,QUICK GO PLUS MASSAGE GEL 60 GM,2140639
كويك جو مساج جل 60 جم,QUIK GO MASSAGE GEL 60 GM,2140638
كويك سليم 120 مجم 30 كبسول,QUICK SLIM 120 MG 30 CAPS.,904762
كوين حنه كبيره للرسم علي الجسم 12 قطعه,QUEEN 12 PIECE HENNA JUMBO CONE BLACK L,1401306
كوينزولاميد 2 % قطره للعين 5 مل,QUEENZOLAMIDE 2 % EYE DROP 5 ML,2296829
كوينزولاميد بلس قطره للعين 5 مل,QUEENZOLAMIDE PLUS EYE DROP 5 ML,2329617
كوينستيباول 5 مجم 20 اقراص,QUINSTIPOL 5 MG 20 TAB,2296915
كوينسيبرازول 20 اقراص,QUEENCIPRAZOL 20 TAB,2437141
كي ال واي جل 42 جم,KLY LUBRICATING JELLY 42 GM,904498
كي ال واي جل 82 جم,KLY LUBRICATING JELLY 82 GM,1427546
كي دي ال سرنجات انسولين 1 سم اكياس 10 سرنجات,KD INSULIN SYRINGES 1 CM 10 PCS,2476727
كي دي ال سنون قلم انسولين 5 مل 100 قطعه,KDL INSULIN NEEDLES 5 MM 100 PCS,1777963
كي واي جل,KY GEL,2161051
كيباكو بلس كريم تفتيح 50 جم,KEEPACO PLUS WHITENING CREAM 50 GM,2463376
كيباكو كريم تفتيح 60 جم,KEEPACO WHITENING CREAM 60 GM,1939169
كيبرا 100 مجم / محلول 300 مل,KEPPRA 100 MG / ML ORAL SOLUTION 300 ML,2681783
كيبرا 100 مجم / مل محلول 300 مل,KEPPRA 100 MG / ML ORAL SOLUTION 300 ML,2512073
كيبرا 1000 مجم 30 اقراص,KEPPRA 1000 MG 30 F.C. TAB.,2603571
كيبرا 500 مجم 30 اقراص,KEPPRA 500 MG 30 F.C. TAB.,1005288
كيبرون اس ار 300 مجم 100 اقراص,QUIBRON T / SR 300 MG 100 TAB,2194332
كيبوركس 1 جم 8 اقراص,CEPOREX 1 GM 8 TABLETS,904770
كيبوركس 500 مجم 12 اقراص,CEPOREX 500 MG 12 TABLETS,2141136
كيبيلبسي 500 جم / 5 مل محلول 5 امبول,KEPILEPSY 500 MG / 5 ML CONC. SOL. FOR I.V. 5 AMP.,2635415
كيتادان بخاخ للشعر 120 مل,KITADAN HAIR SPRAY 120 ML,2532992
كيتادان شامبو للشعر 200 مل,KITADAN HAIR SHAMPOO 200 ML,904773
كيتوبريك 1 مجم / مل شراب 125 مل,KETOPREK 1 MG / ML SYRUP 125 ML,2250602
كيتورال بلس شامبو للشعر 125 مل,KETORAL PLUS HAIR SHAMPOO 125 ML,2099301
كيتورولين 30 مجم / 2 مل 5 امبول,KETOROLIN 30 MG / 2 ML 5 AMP.,2675446
كيتوستريل 100 اقراص,KETOSTERIL 100 F.C. TABS.,1456972
كيتوفان 25 مجم 30 اقراص,KETOFAN 25 MG 30 TABS.,2594640
كيتوفان 30 كبسول,KETOFAN 50 MG 30 CAPS,2437175
كيتوفان 50 مجم 20 كبسول,KETOFAN 50 MG 20 CAPS,2455040
كيتوفان 50 مجم 30 كبسول,KETOFAN 50 MG 30 CAPS,904783
كيتوكيد بيبي كريم 60 جرام / ميجاميد,KETOKED BABY CREAM 60 GM,2625700
كيتوكيد كريم اطفال 60 جم,KETOKED BABY CREAM 60 GM,2402855
كيتولاك 10 مجم 20 اقراص,KETOLAC 10 MG 20 TAB.,2156692
كيتولاك 30 مجم / 2 مل 5 امبول,KETOLAC 30 MG / 2 ML 5 AMP. FOR I.M. / I.V. INF.,904786
كيتولجين 50 مجم 30 اقراص,KETOLGIN 50 MG 30 FILM COATED TAB.,1978052
كيتولجين اس ار 200 مجم 10 كبسول,KETOLGIN SR 200 MG 10 CAPS.,906707
كيدز ابيتيت شراب 125 مل,KIDS APPETITE SYRUP 125 ML,2146543
كيدز ترون شراب 120 مل,KIDS TRON SYRUP 120 ML,1986868
كيدز سليب شراب 60 مل,KIDS DAILY VIT SLEEP 60 ML,2317433
كيدزونا اوميجا 30 مل قطره للفم,KIDZONA OMEGA 30 ML ORAL DROP,2128817
كيدمين 250 مل,KIDMIN I.V. INF. 250 ML,2096274
كيدورال قطره بالفم 30 مل,KIDORAL ORAL DROPS 30 ML,2295819
كيدي كال كالسيوم + فيتامين د 3 30 قطعه,KIDDY CAL CHILDREN GUMMY (CA+D 3 ) 30 PIECES,2653366
كيدي ماركال شراب 120 مل,KIDI MARCAL SYRUP 120 ML,2610857
كير اند مور اسيتون 125 مل ازرق خالي من العطور,CARE AND MORE NAIL POLISH REMOVER 125 ML FRAGRANCE FREE,2260110
كير اند مور سوفت كريم 125 مل جوز الهند,CARE AND MORE SOFT CREAM 125 ML COCONUT,1677778
كير اند مور سوفت كريم 125 مل فانيليا,CARE AND MORE SOFT CREAM 125 ML VANILLA,1677780
كير اند مور سوفت كريم 125 مل فراوله,CARE AND MORE SOFT CREAM 125 ML STRAWBERRY,2169993
كير اند مور سوفت كريم 250 مل فانيليا,CARE AND MORE SOFT CREAM 250 ML VANILLA,2131596
كير اند مور سوفت كريم 75 مل تروبيكال,CARE AND MORE SOFT CREAM 75 ML TROPICAL,1437215
كير اند مور سوفت كريم 75 مل جوز هند,CARE AND MORE SOFT CREAM 75 ML COCONUT,1494144
كير اند مور سوفت كريم 75 مل فانيليا,CARE AND MORE SOFT CREAM 75 ML VANILLA,1401307
كير اند مور سوفت كريم 75 مل فراوله,CARE AND MORE SOFT CREAM 75 ML STRAWBERRY,1419843
كير اند مور شاور جل 500 مل فيلفيت تاتش,CARE AND MORE SHOWER GEL 500 ML VELVET TOUCH,1778921
كير اند مور غسول للوجه بالالوفيرا للبشره الدهنيه 150 مل,CARE AND MORE FACIAL WASH WITH ALOE VERA FOR OILY SKIN 150 ML,1778923
كير اند مور غسول للوجه بماء الورد للبشره الجافه 150 مل,CARE AND MORE FACIAL WASH WITH ROSE WATER FOR DRY SKIN 150 ML,2170002
كير اند مور كريم جليسرين بشره جافه 75 مل,CARE MORE CREAM GLYCERIN 75 ML,2513018
كير اند مور كريم جليسرين وفروله 125 مل,CARE AND MORE SOFT CREAM 125 ML STRAWBERRY,2411023
كير اند مور كريم للايد 50 مل دارك اكياس,CARE AND MORE HAND CREAM 50 ML DARK KISS,2169987
كير اند مور كريم للايد 50 مل سول بيوتي,CARE AND MORE HAND CREAM 50 ML SOUL BEAUTY,2170009
كير اند مور كريم مرطب للبشره الجافه بالجلسرين ازرق 125 مل,CARE MORE CREAM GLYCERIN 125 ML,1778930
كير اند مور كريم مرطب للبشره بجوز الهند بني 125 مل,CARE MORE GLYCERIN CREAM COCONUT 125 ML,2131012
كير اند مور كريم مرطب للبشره بجوز الهند بني 75 مل,CARE MORE GLYCERIN CREAM COCONUT 75 ML,1778933
كير اند مور كريم مرطب لليدين سيكرت تاتش 50 مل,CARE MORE HAND CREAM SECRET TOUCH 50 ML,2170003
كير اند مور كريم مرطب لليدين فيري تال 50 مل,CARE MORE HAND CREAM FAIRY TALE 50 ML,2170008
كير اند مور لوسيون للجسم 150 مل تروبيكال,CARE AND MORE BODY LOTION 150 ML TROPICAL,2184034
كير اند مور لوسيون للجسم 150 مل توت,CARE AND MORE BODY LOTION 150 ML BERRY,1672850
كير اند مور لوسيون للجسم 150 مل جوز هند,CARE AND MORE BODY LOTION 150 ML COCONUT,2170005
كير اند مور لوسيون للجسم 150 مل فراوله,CARE AND MORE BODY LOTION 150 ML STRAWBERRY,2170007
كير اند مور لوشن تروبيكال 150 مل,CARE AND MORE BODY LOTION 150 ML TROPICAL,2653419
كير اند مور مرطب شفاه باتر صفيح 20 جم اوريجينال,CARE AND MORE LIP BUTTER 20 GM ORIGINAL,2169982
كير اند مور مرطب شفاه باتر صفيح 20 جم روز,CARE AND MORE LIP BUTTER 20 GM ROSE,2170006
كير اند مور مرطب شفاه باتر صفيح 20 جم فراوله,CARE AND MORE LIP BUTTER 20 GM STRAWBERRY,2439084
كير اند مور هاند ووش 520 مل عود,CARE AND MORE HAND WASH 520 ML OUD,2542976
كير باي كير بلس كريم 100 جم,CARE BY CARE PLUS CREAM 100 GM,2641940
كير باي كير بلس كريم 100 جم قديم .ج,CARE BY CARE PLUS CREAM 100 GM,2515728
كير باي كير بيبي كريم 100 جم,CARE BY CARE BABY CREAM 100 GM,2087891
كير باي كير صابون 100 جم,CARE BY CARE BABY SOAP 100 GM,1872954
كير بروف صابون جلسرين,CARE PROVE GLYCERIN SOAP,2146295
كير بروف صابون سالسليك اسيد,CARE PROVE SALICYLIC ACID SOAP,2352849
كير بروف صابون فحم,CARE PROVE CHARCOAL SOAP,1658976
كير ديبين 10 مجم 30 اقراص,CARE DIPINE 10 MG 30 F.C. TABS,904796
كير ديبين 20 مجم 20 اقراص,CARE DIPINE 20 MG 20 F.C.TABS,2128512
كير ديبين 20 مجم 30 اقراص,CARE DIPINE 20 MG 30 F.C.TABS,2455046
كير ديبين بلس 10 / 10 مجم 30 اقراص,CARE DIPINE PLUS 10 / 10 MG 30 TAB,2562834
كير ديبين بلس 10 / 20 مجم 30 اقراص,CARE DIPINE PLUS 20 / 10 MG 30 TABLETS,1810220
كير سينس جهاز لقياس السكر في الدم,CARE SENSE BLOOD GLUCOSE METER,1963042
كير لايت بودربديل يوراليت يو,BODI CARE CREAM,2642433
كير لايت فوار,FORALITES CREAM 50 GM,1768899
كيرا كوز سيرم 100 مل تساقط / كيمت,KIRA SOAP 100 GM,2635105
كيرا كوز شامبو 250 مل جديد / كيمت,KIARA SOFT FACIAL CLEANSER 250 ML,2420729
كيرا كوز شامبو 250 مل جديد / كيمت,KIARA SOFT FACIAL CLEANSER 250 ML,2425398
كيرا كوز هير تونيك امبول جديد / كيمت,KIRA SOAP 100 GM,2073399
كيراتوهيل 30 كبسول,KERATOHYL 30 CAP,2631217
كيرافيدا شامبو بالكيراتين 250 مل,KERAVEDA SHAMPOO WITH KERATIN 250 ML,2402859
كيراكوز 5 امبول للشعر,KERAQOUZ HAIR SERUM 5 AMP. X 10 ML,2644351
كيراكوز امبول اسود للشعر,KERAQOUZ HAIR SERUM 5 AMP. X 10 ML,2644944
كيراكوز امبول لوشن,KERAQOUS HAIR TONIC 10 AMP,2537171
كيراكوز سيرم 100 مل تساقط,KERAQOUZ HAIR SERUM 5 AMP. X 10 ML,2610478
كيراكوز سيرم جديد 250,KERAQOUZ SHAMPOO CONDITIONER 250 ML,2524325
كيراكوز سيرم للشعر 5 امبول اسود,KERAQOUZ HAIR SERUM 5 AMP. X 10 ML,2128476
كيراكوز شامبو وبلسم 250 مل,KERAQOUZ SHAMPOO CONDITIONER 250 ML,2604572
كيراكوز مقوي شعر 10 امبول ابيض,KERAQOUS HAIR TONIC 10 AMP,2194351
كيراكوز هير سيرم 100 مل لتساقط س 250,KERAQOUZ SHAMPOO CONDITIONER 250 ML,2522187
كيراكوز هير سيرم بالكافيين,KERAQOUZ HAIR SERUM 5 AMP. X 10 ML,2494390
كيراكوزيسيرم 100 مل,,2474510
كيراكوس شامبو س 200,ZINCOREX SHAMPOO 200 ML,2606572
كيراكوس هير سيرم,CAROXA SCAR GEL 30 GM,2606575
كيراكوس هير سيرم 100 مل لتساقط,KIROX ANTS INSECT KILLER 500 ML,2606584
كيراكيت شامبو,KERAKET HAIR SHAMPOO 250 ML,2359809
كيراكيت شامبو للشعر 250 مل,KERAKET HAIR SHAMPOO 250 ML,2288837
كيرانتي بلسم 250 مل,KERANTY CONDITIONER 250 ML,2224679
كيرانتي شامبو 250 مل,KERANTY SHAMPOO 250 ML,2631216
كيردالود اس ار 6 مجم 30 اقراص,CAREDALUD S.R. 6 MG 30 F.C. TAB.,1290383
كيرديبين 20 مجم 147,CARE DIPINE 10 MG 20 F.C. TABS,2621301
كيرديبين 20 مجم 30 اقراص 147,CARE DIPINE 10 MG 30 F.C. TABS,2609691
كيرديبين 20 مجم اقراص 98,CARE DIPINE 20 MG 20 F.C.TABS,2681754
كيرديبين 20 مل ج,CARE DIPINE 20 MG 20 F.C.TABS,2681249
كيرسنس شرايط سكر 50 شريط,CURSENCE BLOOD SUGAR TAPE MEASURE,1401653
كيرفري غسول فوم للمناطق الحساسه بالشاي الاخضر والصبار 150 مل,CAREFREE DUO EFFECT DAILY INTIMATE CLEANSING MOUSSE WITH GREEN TEA AND ALOE VERA 150 ML,2172738
كيرفري غسول للمناطق الحساسه بفيتامين E وخلاصه القطن 200 مل,CAREFREE DUO EFFECT DAILY INTIMATE WASH WITH VITAMIN E AND COTTON EXTRACT 200 ML,2130600
كيرفري فوط يوميه قطن بدون عطر 20 فوطه,CAREFREE COTTON PANTYLINERS UNSCENTED 20 PADS,2333466
كيرفري فوط يوميه قطن بدون عطر 56 فوطه,CAREFREE COTTON PANTYLINERS UNSCENTED 56 PADS,1822403
كيرفري فوط يوميه قطن عطر منعش 20 فوطه,CAREFREE COTTON PANTYLINERS FRESH SCENT 20 PADS,2343400
كيرفري فوط يوميه قطن عطر منعش عبوه 56 فوطه,CAREFREE COTTON FRESH SCENT PANTYLINERS 56 PADS,2319478
كيرلايت حبيبات 280 مجم,CARELYTE 2.4 / 2.5 GM GRANULES 280 MG,2455047
كيروبيون كريم 50 جم,KEROBION CREAM 50 GM,2498191
كيروفيت 15 كبسول,KEROVIT 15 SOFT GELATIN CAPS.,2313550
كيروكس بودره قاتله للحشرات 150 جم,KIROX CROWING INSECT POWDER 150 GM,1778955
كيروكس قاتل للحشرات الزاحفه 300 مل,KIROX CROWING INSECT KILLER 300 ML,2166966
كيروكس قاتل للحشرات الزاحفه 500 مل,KIROX CROWING INSECT KILLER 500 ML,1399882
كيروميكس برو 10 اكياس,KIROMIX PRO 10 SACHETS,2637235
كيريلا لوشن 31,CARLA 30 TABLES,2670762
كيريللا لوسيون 30 مل,KERELLA LOTION 30 ML,1833113
كيريللا مرهم 15 جم,KERELLA OINT. 15 GM,904604
كيش كينج شامبو 200 مل بصل,KESH KING ONION SHAMPOO 200 ML,2560729
كيش كينج شامبو 200 مل تقصف بروتين اللبن,KESH KING ONION SHAMPOO 200 ML,2560738
كيش كينج شامبو 200 مل معالج للتساقط,KESH KING ANTI HAIR LOSS SHAMPOO 200 ML,2169584
كيش كينج شامبو 80 مل معالج للتساقط,KESH KING ANTI HAIR LOSS SHAMPOO 80 ML,2169524
كيش كينج شامبو للشعر بالبصل 300 مل,KESH KING ONION SHAMPOO 300 ML,2169504
كيفاترون 500 مجم 30 اقراص,CEFATRON 500 MG 30 TAB,1740720
كيفاديم 1 جم امبول,KEFADIM 1 GM VIAL,2586438
كيفبان شراب 120 مل,KIFPAN SYRUP 120 ML,1812548
كيفلكس 1 جم 16 اقراص,KEFLEX 1 GM 16 TABS.,2129746
كيفليكس 250 مجم / 5 مل 60 مل شراب,KEFLEX 250 MG / 5 ML PD. FOR ORAL SUSP. 60 ML,2569264
كيفليكس 500 مجم 12 كبسول,KEFLEX 500 MG 12 CAPS.,1705666
كيفورك 500 مجم 10 اقراص,KEVORK 500 MG 10 F.C. TAB,904800
كيفورك 750 مجم 10 اقراص,KEVORK 750 MG 10 F.C. TAB.,971530
كيلاتوب كريم 50 جم,KELATOP CREAM 50 GM,1548341
كيلفامت 1000 مجم 30 اقراص,KELVAMET 1000 MG 30 TABLETS,2353262
كيلفامت 500 مجم 30 اقراص,KELVAMET 500 MG 30 TABLETS,2595833
كيما جل 15 مجم صغير س جديد,AKEMA HAIR OIL 120 ML,2159924
كيماجرا 100 مجم 4 اقراص,KEMAGRA 100 MG 4 F.C. TAB.,2313554
كيماجل جيل معقم 15 جم,KEMAGEL AMORPHOUS STERILE HEALING GEL 15 GM,2564919
كيماجل سيليكون جيل 15 جم,KEMAGEL SILICONE GEL 15 GM,1973091
كيماجل سيليكون جيل 30 جم,KEMAGEL SILICONE GEL 30 GM,1740726
كيمبوبيم 1 جم امبول,KEMPOPIM 1 GM I.M / I.V VIAL,2510814
كيمبوريك 20 مجم 1 اقراص,KEMPORIC 20 MG 1 TABS,2194367
كيمبوكسون 1 جم امبول عضل,KEMPOXONE 1 GM I.M. VIAL,1849309
كيمستيكال شراب 120 مل,KEMSTICAL SYRUP 120 ML,2499384
كيمسيتريزين 5 مجم 20 اقراص,CHEMICETRIZINE 5 MG 20 TABS,2493722
كيمو فورج 10 / 160 بديل اكسفورج 20 اقراص,CAMO GORI SYRUP 120 ML,2675518
كيميفورج 10 / 160 مجم 20 قرص,KEMIFORGE 10 / 160 MG 20 F.C. TAB,2509545
كيناكومب كريم موضعي 15 جم,KENACOMB TOPICAL CREAM 15 GM,1564559
كيناميد لوسيون للشعر 120 مل,KENAMED HAIR LOTION 120 ML,1548344
كينجوزان 30 كبسول,KINGOSAN 30 CAPSULES,1548214
كيندروز جل مرطب,KINDROSE SOOTHING GEL,2500553
كينسورام 0.5 مجم 30 اقراص,KINSORAM 0.5 MG 30 TABS.,1827211
كينوستارماكس 500 مجم 10 اقراص,QUINOSTARMAX 500 MG 10 TABS,2455051
كينوستارماكس 750 مجم 10 اقراص,QUINOSTARMAX 750 MG 10 TABS,2455052
كينوفا 10 كيس,KENOVA 10 SACHET,2522527
كينوموكسي 400 مجم 10 اقراص,KINOMOXI 400 MG 10 F.C.TABS,1636830
كيو افتا غسول للفم 180 مل,Q AFTA MOUTH WASH 180 ML,2496342
كيو ساني هكس مضمضه,Q SANIHEX MOUTHWASH,2641712
كيو ساني هيكس غسول للفم,Q SANIHEX MOUTHWASH,1659385
كيوت هير زيت 120 مل,CUTE HAIR OIL 120 ML,2200840
كيوتاكورت كريم 15 جم,CUTACORT CREAM 15 GM,2499598
كيوتيكا جل 65 جم,CUTECA MASSAGE GEL 65 GM,1740731
كيور ايد بلاستر كاللو 17 قطعه,CURE AID CORN CUSHIONS 17 PICESES,1400764
كيور برو ممتد المفعول 10 ك / نوفيل فارما,KIROMIX PRO 10 SACHETS,2250818
كيورازول كريم 15 جم,CURAZOLE 2 % TOPICAL CREAM 15 GM,2558547
كيورام 1 جم 12 اقراص,CURAM 1 GM 12 F.C. TABS.,2437188
كيورام 312 شراب 82,CURAM 312.5 MG / 5 ML PD. FOR ORAL SUSP. 75 ML,2647099
كيورام 312.5 / 5 مل شراب 75 مل,CURAM 312.5 MG / 5 ML PD. FOR ORAL SUSP. 75 ML,2489239
كيورام 457 / 5 مل شراب 70 مل,CURAM 457 MG / 5 ML PD. FOR ORAL SUSP. 70 ML,2129376
كيورام 625 مجم 12 اقراص,CURAM 625 MG 12 F.C.TAB.,2076547
كيوربرو اكس ار 0.4 مجم 30 كبسول,CUREPRO XR 0.4 MG 30 CAPS,2296830
كيوريسيف 1 جم 8 اقراص,CURISAFE 1 GM 8 F.C. TABS.,2462361
كيوريسيف 100 مجم / مل قطره اطفال 10 مل,CURISAFE PEDIATRIC 100 MG / ML ORAL DROPS 10 ML,2341891
كيوريسيف 500 مجم / 5 مل شراب 60 مل,CURISAFE 500 MG / 5 ML SUSP. 60 ML,2176318
كيوريسيف 500 مجم 8 كبسول,CURISAFE 500 MG 8 CAPS.,2616727
كيوسيبت بخاخ 100 مل,Q.SEPT SPRAY 100 ML,2353753
كيوكسي بخاخ 60 مل,CUXI SOLUTION ORAL CARE SPRAY 60 ML,2501340
لابرين 10 اكياس,LAPRIN 10 SACHETS,2623650
لابل ماء بحر بخاخ 70 مل 120,LAPEL SEA WATER 70 ML,2624440
لابي سبوت كريم 50 جم,LAPPY SPOT CREAM 50 GM,2641730
لابي سبوت كلينسر 250 مل,LAPPY SPOT CLEANSER 250 ML,2499957
لابيبريس 100 مجم 2 شريط,LABIPRESS 100 MG 30 F.C. TAB.,2680590
لابيبريس 100 مجم 30 اقراص,LABIPRESS 100 MG 30 F.C. TAB.,2157250
لابيبريس 100 مجم 30 اقراص,LABIPRESS 100 MG 30 F.C. TAB.,2680924
لابيبريس 5 مجم / مل محلول وريدي 20 مل,LABIPRESS 5 MG / ML I.V. INF. / BOLUS VIAL 20 ML,2631862
لابيلو زبده كاكاو اوريجينال,LABELLO LIP BALM ORIGINAL,1949243
لابيلو زبده كاكاو بطيخ,LABELLO LIP BALM WATERMELON,2389644
لابيلو زبده كاكاو فراوله,LABELLO LIP BALM STRAWBERRY,2181550
لابيلو زبده كاكاو كريز,LABELLO LIP BALM CHERRY,2389647
لابيلو زبده كاكاو ورد,LABELLO LIP BALM ROSE,2389646
لاتريه بيوتيه امبول للشعر,LA TREE BEAUTE HAIR AMPOULE,1687912
لاتريه بيوتيه بيبي لوشن اطفال,LA TREE BEAUTE BABY LOTION,2500536
لاتريه بيوتيه سيرم للشعر,LA TREE BEAUTE SERUM,1687914
لاتريه بيوتيه صابونه,LA TREE BEAUTE SOAP,1687907
لاتريه بيوتيه صن سكرين جل 60 جم,LA TREE BEAUTE SUNSCREEN GEL 60 GM,1687906
لاتريه بيوتيه غسول للجسم 200 مل,LA TREE BEAUTY BODY WASH 200 ML,1687905
لاتريه بيوتيه غسول للوجه,LA TREE BEAUTE FACIAL CLEANSER,1687910
لاتريه بيوتيه كريم تفتيح,LA TREE BEAUTE WHITING CREAM,1687916
لاتريه بيوتيه كريم جيل مساج,LA TREE BEAUTE MASSAGE GEL,1904211
لاتريه بيوتيه كريم حب الشباب,LA TREE BEAUTE ACNE CREAM,1687911
لاتريه بيوتيه كريم مرطب 75 جم,LA TREE BEAUTE EMOLLIENT CREAM 75 GM,2420833
لاتريه بيوتيه لوشن للشعر,LA TREE BEAUTE HAIR LOTION,1687915
لاجور برفان حريمي 17 مل استاند 10 قطع,LE JOUR PERFUME 17 ML FOR WOMEN 10 PCS,2131561
لاجور برفان رجالي 17 مل استاند 10 قطع,LE JOUR PERFUME 17 ML FOR MEN 10 PCS,1841235
لادينيس 20 اقراص,LADENES 20 TABS,2268301
لادينيس 30 اقراص,LADENES 30 TABS,2004274
لارا مناديل جيب 15 منديل / اطفال فواكه,LARA WT WIPES ANTIBACTERIAL 15 PS BLUE,2626240
لارا مناديل مبلله للاطفال 72 منديل,LARA KIDS WET WIPES 72 PS,1800376
لارا مناديل مبلله للاطفال بريميوم 120 منديل,LARA PREMIUM WET TOWEL 120 PS,2462695
لاروجين 100 مجم 30 اقراص,LAROGEN 100 MG 30 TAB.,2397072
لاروجين 25 مجم 30 اقراص,LAROGEN 25 MG 30 TAB.,2144665
لاروسوزت 10 / 10 مجم 30 اقراص,LAROSUZET 10 / 10 MG 30 FC TABS,2320075
لاروسوزت 10 / 20 مجم 30 اقراص,LAROSUZET 10 / 20 MG 30 TAB,2320076
لاروسوزت 10 / 40 مجم 30 اقراص,LAROSUZET 10 / 40 MG 30 TAB,2360341
لاروسينيا 10 مجم 14 كيس,LAROCINIA 10 MG 14 SACH,2474789
لاروش ايفا كلار جل رغوي للبشره الحساسه 200 مل,LA ROCHE EFFECLAR GEL MICROPEELING 200 ML,2562201
لاروش ايفا كلار جل رغوي للبشره الحساسه 400 مل,LA ROCHE EFFACLAR GEL CLEANSINER FOR SKIN 400 ML,2562199
لاروش ايفا كلار لوشن 400 مل,LA ROCHE EFFACLAR LOTION TONER 200 ML,2562154
لاروش ايفاكلار الترا سيرم 30 مل,LA ROCHE POSAY EFFACLAR ULTRA CONCENTRATED SERUM 30 ML,2562140
لاروش ايفاكلار لوشن تونر 200 مل,LA ROCHE EFFACLAR LOTION TONER 200 ML,2194381
لاروش سيرم ريتينول 30 مل,LA ROCHE RETINOL B 3 SERUM 30 ML,2562161
لاروش سيرم هيالو للتجاعيد 30 مل,LA ROCHE POSAY HYALU B 5 FACE SERUM 30 ML,2562142
لاروش ليبيكار سينديت غسول كريم 200 مل,LA ROCHE POSAY LIPIKAR SYNDET AP + CREAMY WASH – 200 ML,2562198
لاري برو 20 اقراص استحلاب,LARYPRO 20 LOZENGES,904826
لاريفكس 500 مجم 5 اقراص,LARIVEX 500 MG 5 TAB.,904828
لاريمار كريم,FLORMAR EYE PENCIL BLACK,2157638
لازاروميب 80 مجم 14 اقراص,LASAROMEP 80 MG 14 F.C. TAB.,2009256
لازيكس 20 مجم / 2 مل 3 امبول,LASIX 20 MG / 2 ML 3 AMP,904831
لازيكس 40 مجم 24 اقراص,LASIX 40 MG 24 TABS,904832
لازيلاكتون 100 / 20 مجم 30 اقراص,LASILACTONE 100 / 20 MG 30 F.C.TAB.,2369261
لازيلاكتون 20 / 50 مجم 30 اقراص,LASILACTONE 50 / 20 MG 30 TABS.,904829
لاستليرج ام ار 10 مجم 14 اقراص,LASTLERGE 10 MG 14 SCORED M.R. F.C. TABS.,1828603
لاسكار جل 60 جم,LASCAR GEL 60 GM,2194386
لاسكار جل 60 جم عرض 1 + 1,LASCAR GEL 60 GM OFFER 1 + 1,1979735
لاسيرو راي كريم,LASERO RAY CREAM,2501041
لاصق فئران كراسه,ADHESIVE MICE,2603600
لافاج كلير فيس صابون 100 جم,LAVAGE CLEAR FACE SOAP 100 GM,2127551
لافاريجي اكياس,LAVAREGY SACHET,2313561
لافاندرزين لوشن شعر 60 مل,LAVANDERZINE HAIR LOTION 60 ML,2608747
لافروتا طقم تنظيف الانف والاذن 22634,LA FRUTTA NOSE AND EAR CLEANER SET 22634,2131324
لافولا كبسول,LAFOLA CAPS,2276590
لافيز بلس غسول مهبلي 300 مل,LEAVES LEAVES ROLL ON ROSE 50 ML,2275092
لافيز دش,LOVAZA 30 PIECES,2207184
لافيز غسول مهبلي 300 مل,LEAVES LEAVES ROLL ON ROSE 50 ML,2275093
لافيلاريكت 20 جم 4 اقراص,LAFILARECT 20 MG 4 TAB,1923695
لاكتو 1 ادفانسيد لبن 400 جم,LACTO 1 ADVANCED MILK 400 GM,2332521
لاكتو 1 لبن 400 جم,LACTO 1 MILK 400 GM,1783739
لاكتو 2 لبن 400 جم,LACTO 2 MILK 400 GM,2402567
لاكتو ابيكس 5 20 كبسول,LACTO APEX 5 20 CAPS,904833
لاكتو بلس 6 اكياس,LACTO PLUS 6 SACH,2499956
لاكتو لبن 1 / لاكتو مصر,LACTO 1 MILK 400 GM,2166035
لاكتو لبن 2 / لاكتو مصر,LACTO 2 MILK 400 GM,2166715
لاكتوجيميكان 30 كبسول,LACTOGEMIKAN 30 CAPS,2637022
لاكتوديل 2.5 مجم 20 اقراص,LACTODEL 2.5 MG 20 TAB.,2437201
لاكتوفرين 30 كبسوله,LACTOFERRIN THREE ONE 30 CAPSULS,2646973
لاكتوفرين دولز 100 جم 30 كبسول,LACTOFERRIN DOLLS 100 MG STRIPS 30 CAPS,2569245
لاكتوفيروز بلس 20 اقراص,LACTOFERROZ PLUS 20 CAPS,2498814
لاكتوفيرين ثري وان 30 كبسول,LACTOFERRIN THREE ONE 30 CAPSULS,2638695
لاكتوفيرين ساجا 100 مجم 30 اقراص,LACTOFERRIN SAJA 100 MG 30 CAPS,2470949
لاكتوماكس 10 اكياس,LACTOMAX 10 SACHETS,2475452
لاكتوماكس 20 قرص,LACTOMAX 20 CAPS,2277999
لاكتوماكس اكياس,LACTOMAX 10 SACHETS,2670870
لاكتوماكس اكياس س قديم,LACTOMAX 10 SACHETS,2645048
لاكتويل بلسم سريع المفعول 60 مل اصفر,LACTUEL INSTANT BALSAM 60 ML,1852940
لاكتويل بلسم سريع المفعول 750 مل اصفر,LACTUEL INSTANT BALSAM 750 ML,1802514
لاكتويل بلسم لاكتوبروتين 120 مل اخضر,LACTUEL LACTOPROTEIN BALSAM 120 ML,1778987
لاكتويل بلسم لاكتوبروتين 250 مل اخضر,LACTUEL LACTOPROTEIN BALSAM 250 ML,1802077
لاكتويل بلسم لاكتوبروتين 60 مل اخضر,LACTUEL LACTOPROTEIN BALSAM 60 ML,2276380
لاكتويل بلسم لاكتوبروتين 750 مل اخضر,LACTUEL LACTOPROTEIN BALSAM 750 ML,1400623
لاكتويل صبغه بني غامق رقم 13,LACTUEL HAIR DYE DARK BROWN 13,2603593
لاكتويل صبغه بني نحاسي 12 / 14,LACTUEL HAIR DYE BROWN 14,2329399
لاكتويل صبغه شعر لون اسود مزرق درجه 10,LACTUEL HAIR DYE BLUE BLACK 10,1945512
لاكتويل صبغه شعر لون برغندي درجه 4 70,LACTUEL HAIR DYE BURGUNDY 4 70,1778999
لاكتويل صبغه شعر لون تيتان درجه 29,LACTUEL HAIR DYE TITAN 29,1462030
لاكتويل صبغه شعر لون ماهجوني درجه 28,LACTUEL HAIR DYE MAHAGONY 28,1779004
لاكتويل صبغه شعر لون ماهجوني غامق درجه 27,LACTUEL HAIR DYE DARK MAHAGONY 27,2130664
لاكتويل صبغه كستنائي فاتح 18,LACTUEL HAIR DYE LIGHT BROWN 15,2521743
لاكتويل صبغه للشعر اشقر 53,LACTOYL HAIR DYE BLOND 53,2275845
لاكتويل صبغه للشعر اشقر دهبي 25,LACTOYL HAIR DYE GOLDEN BLOND 25,1778997
لاكتويل صبغه للشعر اشقر رمادي 57,LACTUEL CLASSIC HAIR DYE ASH BLOND 57 110 ML,1401459
لاكتيز 1000 مجم قطره بالفم 15 مل,LACTASE ORAL DROPS 15 ML,1927376
لاكتيز 3000 قطره بالفم 15 مل,LACTASE 3000 ORAL DROPS 15 ML,2470952
لاكتيز 750 مجم قطره بالفم 15 مل,LACTASE 750 ORAL DROPS 15 ML,1790178
لاكتيز انزيم قطره بالفم 15 مل,LACTASE ENZYME ORAL DROPS 15 ML,2557938
لاكتيز قطره,LACTASE 3000 ORAL DROPS 15 ML,2364055
لاكتيز قطره,LACTASE 3000 ORAL DROPS 15 ML,2644096
لاكتيز قطره,LACTASE 3000 ORAL DROPS 15 ML,2332526
لاكتيز قطره / ايزي كول,EASYCOL BABY LACTASE ENZYME ORAL DROPS 15 ML,2575706
لاكتيز قطره بالفم 15 مل بي اند سي 160,LACTASE ENZYME ORAL DROPS 15 ML,2499959
لاكتيفينور 0.03 مجم 35 اقراص,LACTEVENOR 0.03 MG 35 COATED TAB.,904838
لاكتيول فورت 12 كبسول,LACTEOL FORTE 5 BILLION 12 CAPS.,2470955
لاكتيول فورت 6 اكياس,LACTEOL FORTE 10 BILLION 6 SACHET,1535745
لاكريتيرز فورت قطره 15 مل,LACRITEARS FORTE EYE DROPS 15 ML,2637020
لاكريتيرز قطره 15 مل,LACRITEARS EYE DROPS 15 ML,904841
لاكسوتوبيا 7 اكياس,LAXOTOPIA 7 SACHET,2336500
لاكسيل 12 اكياس فوار,LAXEL 12 EFF. SACHET,2113572
لاكسيول بي 5 مجم 20 اقراص,LAXEOL PI 5 MG 20 TABS.,970892
لاكوزافيل 100 مجم 30 اقراص,LACOSAVIL 100 MG 30 F.C. TABS,2296831
لاكوزافيل 200 مجم 10 اقراص,LACOSAVIL 200 MG 10 F.C. TABS,1811339
لاكوزافيل 50 مجم 30 اقراص,LACOSAVIL 50 MG 30 F.C. TABS,1920142
لاكوزاميت 100 مجم 30 اقراص,LACOSAMET 100 MG 30 F.C. TABS,1651634
لاكوزاميت 200 مجم 30 اقراص,LACOSAMET 200 MG 30 F.C. TABS,2455068
لاكوزاميت 50 مجم / 5 مل شراب 200 مل,LACOSAMET 50 MG / 5 ML SYRUP 200 ML,2621569
لاكوزاميت 50 مجم 30 اقراص,LACOSAMET 50 MG 30 F.C. TABS,2645513
لاكوزميت 0 10 مجم,LACOSAMET 100 MG 30 F.C. TABS,2673054
لاكوفيمب 100 مجم 30 اقراص,LACOVIMP 100 MG 30 F.C.TABS.,904843
لاكوفيمب 100 مجم اقراص,LACOVIMP 100 MG 30 F.C.TABS.,2680725
لاكوفيمب 50 مجم 30 اقراص,LACOVIMP 50 MG 30 F.C.TABS.,2629360
لامازي كولاجين 10 اكياس,LAMAZI COLLAGEN 10 SACHETS,2535379
لاموترين 100 مجم 30 اقراص,LAMOTRINE 100 MG 30 TAB.,904844
لاموترين 25 مجم 30 اقراص,LAMOTRINE 25 MG 30 TAB.,2455071
لاموترين 50 مجم 30 اقراص,LAMOTRINE 50 MG 30 TAB.,2623499
لامور نخاع انثي الجمل 150 مل,LAMOUR MARROW FEMALE CAMEL 150 ML,1401610
لامورتاج كريم 60 جم,LAMORTAG CREAM 60 GM,1228129
لاميدين 100 مجم 30 اقراص,LAMIDINE 100 MG 30 F.C. TAB.,904847
لاميدين 100 مجم 30 اقراص,LAMIDINE 100 MG 30 F.C. TAB.,2680483
لاميدين 150 مجم 10 اقراص,LAMIDINE 150 MG 10 F.C.TAB,2552443
لاميفكس جل حب الشباب 50 جم,LAMIVEX ACNE GEL 50 GM,1740758
لاميفكس غسول للوجه,LAMIVEX FACIAL CLEANSER,2631207
لاميفين 1 % كريم 15 جم,LAMIFEN 1 % CREAM 15 GM,2127791
لاميفين 125 مجم 14 اقراص,LAMIFEN 125 MG 14 TAB.,2562790
لاميفين 250 مجم 14 اقراص,LAMIFEN 250 MG 14 TAB.,2313571
لاميكتال 100 مجم 30 ق س جديد 224,LAMICTAL 100 MG 30 TAB.,2680850
لاميكتال 25 مجم 30 اقراص,LAMICTAL 25 MG 30 TAB.,2206024
لاميكتال 50 مجم 30 اقراص,LAMICTAL 50 MG 30 TAB.,2607280
لاناكلور 250 مجم شراب 60 مل,LANACLOR 250 MG SUSP 60 ML,1738276
لانتانون 30 مجم 10 كبسول,LANTANON 30 MG 10 CAPS.,2437216
لانتوبيب 30 مجم 14 كبسول,LANTOPEP 30 MG 14 CAPS,2646170
لانتوبيب 60 مجم 14 كبسول,LANTOPEP 60 MG 14 CAPS.,2470972
لانتوس 100 وحده / مل 5 خراطيش,LANTUS 100 I.U. / ML 5 CARTRIDGES,1768976
لانتوس سولوستار 100 وحده / مل 1 قلم,LANTUS SOLOSTAR 100 I.U. / ML 1 PEN,2557783
لانجوتروبيوم 500 مكجم / 2 مل 20 امبول استنشاق,LUNGOTROPIUM 500 MCG / 2 ML 20 UNIT DOSE VIAL NEBULIZER SOLN,2558599
لاندو 10 اكياس,LANDO 10 SACHETS,949332
لانديمو شراب 120 مل,LANDYMO SYRUP 120 ML,2332290
لانزابين 10 مجم 21 اقراص,LANZAPINE 10 MG 21 F.C. TAB.,2487433
لانزابين 10 مجم اقرص,LANZAPINE 10 MG 7 F.C. TAB.,2683002
لانزوفيوتال 15 مجم 10 كبسول,LANZOFUTAL 15 MG 10 CAPS.,2622454
لانزوفيوتال 30 مجم 14 كبسول,LANZOFUTAL 30 MG 14 CAPS.,1817331
لانزيبليكس 15 مجم 10 كبسول,LANZYPLEX 15 MG 10 CAPS.,1654922
لانزيبليكس 30 مجم 10 كبسول,LANZYPLEX 30 MG 10 CAPS.,1740771
لانودو 20 اكياس,LANODO 20 SACHETS,1845191
لانودو كومب 20 اكياس,LANODO COMP 20 SACHETS,2499180
لايت اب سيرم 50 مل,LIT UP SERUM 50 ML,2336549
لايت اب صابون 100 جم,LIT UP SOAP 100 GM,949376
لايت اب كريم تفتيح 50 جم,LIT UP WHITENING CREAM 50 GM,2530618
لايت اب منظف للوجه 200 مل,LIT UP FACIAL FOAMING CLEANSER 200 ML,2616745
لايت اوف بلس زيت,MOON LIGHT OIL,2456446
لايت اوف زيت,MOON LIGHT OIL,2456447
لايت فيل كريم 50 جم,LIGHT VEL CREAM 50 GM,2631205
لايس 0.65 % قطره انف 15 مل,LYSE 0.65 % NASAL DROPS 15 ML,904861
لايف بوي صابون 115 جم انتعاش البروده نعناع لبني,LIFEBUOY SOAP 115 GM COOL FRESH,2131540
لايف بوي صابون 115 جم انتعاش الليمون اصفر,LIFEBUOY SOAP 115 GM LEMON FRESH,2130713
لايف بوي صابون 115 جم عنايه متكامله احمر,LIFEBUOY SOAP 115 GM TOTAL CARE,2176847
لايف بوي صابون 125 جم انتعاش البروده بالنعناع لبني,LIFEBUOY COOL FRESH ANTIBACTERIAL SOAP 125 G,1949864
لايف بوي صابون 165 جم انتعاش البروده بالنعناع لبني,LIFEBUOY COOL FRESH ANTIBACTERIAL SOAP 165 G,2313929
لايف بوي صابون 165 جم انتعاش الليمون اصفر,LIFEBUOY SOAP 165 GM LEMON FRESH,2313924
لايف بوي صابون 165 جم عنايه ناعمه ازرق,LIFEBUOY SOAP 165 GM MILD CARE,2306211
لايف بوي صابون 75 جم انتعاش البروده نعناع لبني,LIFEBUOY SOAP 75 GM COOL FRESH,2130351
لايف بوي صابون 75 جم انتعاش الليمون اصفر,LIFEBUOY SOAP 75 GM LEMON FRESH,2130519
لايف بوي صابون 75 جم عنايه متكامله احمر,LIFEBUOY SOAP 75 GM TOTAL CARE,1779011
لايف بوي صابون 75 جم عنايه ناعمه ازرق,LIFEBUOY SOAP 75 GM MILD CARE,2130803
لايف بوي صابون عنايه ناعمه 115 جم ازرق,LIFEBUOY MILD CARE SOAP 115 G BLUE,1779007
لايف بوي هاند ووش 450 مل عنايه متكامله احمر,LIFEBUOY HAND WASH 450 ML TOTAL CARE,2420745
لايف بوي هاند ووش 450 مل عنايه متكامله احمرخصم 15 %,LIFEBUOY HAND WASH 450 ML TOTAL CARE 15 % OFF,2176779
لايف بوي هاند ووش 450 مل عنايه ناعمه ازرق خصم 15 %,LIFEBUOY HAND WASH 450 ML MILD CARE 15 % OFF,2467522
لايف بوي هاند ووش 500 م انتعاش البروده / لبني خ س,LIFEBUOY HAND WASH 450 ML COOL FRESH,2466497
لايف بوي هاندوش 450 مل لبني 15 % خ,LIFEBUOY HAND WASH 450 ML COOL FRESH,2682042
لايف بوي هاندووش 500 مل ازرق خ س,B FRESH 0.05 % MOUTHWASH 500 ML BLUE,2466496
لايف فريز مساج كريم 100 جم,LIVE FREEZ MASSAGE CREAM 100 GM,2634644
لايف في غسول للسيدات 120 مل,LIFE.V VAG.DOUCHE 120 ML,2127792
لايفوترايبوكس 10 اقراص,LIFOTRIBOX 10 TABS,1992786
لايفوليز الفا اميليز شراب 100 مل,LIFOLASE ALPHA AMYLASE SYRUP 100 ML,2566773
لايك كريم مساج 50 جم,LIKE MASSAGE CREAM 50 GM,1659420
لايكدام 30 اقراص,LIKDAM 30 CHEW.TAB,2157935
لب بالم مرطب شفاه,OPAL LIP BALM COCONUT,1659422
لبخه كاولين الاهرام بالدسته,KAOLIN POULTICE AHRAM PACKET,1400333
لبخه كوالينا 12 ق,LIFE CHEMICAL KAOLIN POULTICE 70 GM 12 PCS,2174625
لبن اس 26 ايه ار جولد مضاد للارتجاع,S 26 GOLD AR MILK 400 GM,2683178
لبن اس 26 برو كبير,S 26 PRO GOLD 1 MILK 900 GM,2652232
لبن اس 26 بروجرس جولد 3 400 مل,S 26 GOLD 3 MILK 400 GM,2673448
لبن اس 26 بروجولد 900 جرام كبير رقم 2,S 26 GOLD 2 MILK 900 GM,2651666
لبن اس 26 بروميل 2 كبير 800,S 26 GOLD 2 MILK 400 GM,2652231
لبن بيبلاك بريماتيور,BEBELAC 2 MILK 400 GM,2675492
لبن بيديا ميل ايه سي,PEDIAMIL AC MILK 400 GM,2646840
لبن بيدياميل [ 2 ] 400 جم 375,PEDIAMIL 2 MILK 400 GM,2635876
لبن سولا برو اطفال شيكولاته,PEDIA GROW 3 MILK 400 GM,2207954
لبن سولا برو اطفال فانيليا,PEDIA GROW 3 MILK 400 GM,2207955
لبن نان 1,NAN OPTIPRO 1 MILK 800 GM,2682068
لبن نان اوبتي برو [ 1 ] اتش ام او 400 جم 370,NAN OPTIPRO 1 MILK 400 GM,2680292
لبن نيدو 1 بلس 288 جم,NIDO 1 PLUS MILK 288 GM,2099398
لبن نيدو 1 بلس 576 جم,NIDO 1 PLUS MILK 576 GM,2156989
لبن هيرو بيبي نيوترا ديفنس 3 369,HERO BABY NUTRADEFENSE 3 MILK 400 GM,2652461
لبن وينيلاك رقم 1,WINILAC 1 MILK,2683003
لجنوكايين 5 % جل,LIGNOCAINE 5 % EMULGEL 20 GM,2681898
لجنوكايين 5 % جيل 20 جم,LIGNOCAINE 5 % EMULGEL 20 GM,2150075
لجنوكايين كريم س جديد,LIGNOCAINE 5 % CREAM 20 GM,2643734
لزق فئران انبوبه / تيمو,ALICE EYELASHES GLUE,1449224
لزقه النمر,HOT PATCH 1 PATCH,2206312
لزقه النمر اسكندريه,HOT PATCH 1 PATCH,2492351
لزقه رياضي ماكسويل صيني,MAXWELL ADHESIVE PLASTER,2189367
لزقه ظهر النمر الاصلي جديد,MAXWELL ADHESIVE PLASTER,2131653
لزقه ظهر قوه النمر,MAXWELL ADHESIVE PLASTER 50 PCS,2130459
لفلي قطن اذن 100 عود,LOVELY COTTON BUDS 100 STICKS,1778739
لفلي قطن اذن 200 عود,LOVELY COTTON BUDS 200 STICKS,1778740
لنتوجيستون 250 مجم / مل امبول,LENTOJESTON 250 MG / ML I.M. AMP.,2174181
لنجوركورت 1 جم,,2672486
لنجوكورت 0.25 مجم / 2 مل 20 امبول,LUNGOCORT 0.25 MG / 2 ML 20 AMP,2537545
لنجوكورت 0.5 مجم / 2 مل 20 امبول,LUNGOCORT 0.5 MG / 2 ML 20 AMP,2620608
لنجوكورت 1 مجم / 2 مل 20 امبول,LUNGOCORT 1 MG / 2 ML 20 AMP,2551028
لنجوكورت 1 مجم / 2 مل 20 امبول 408,LUNGOCORT 1 MG / 2 ML 20 AMP,2680391
لنجونيرف 30 اقراص,LINGONERV 30 TABS,2180471
لوبرانست 2 مجم 20 فيلم,LOPRANEST 2 MG 20 ORODISPERSIBLE FILMS,1839990
لوبرو حديد للكبار 14 اكياس,LOPRO IRON ADULT 14 SACHETS,2150295
لوبريستيرا قطره عين 15 مل,LUBRISTIRA 15 ML EYE DROPS,2161263
لوبريفيسك 0.1 % قطره للجفاف,LUBRIVISC 0.1 % EYE DROPS 10 ML,904904
لوبريكف شراب 100 مل,LOPRECOUGH SYRUP 100 ML,1427615
لوبيكونت 24 مكجم 28 كبسول,LUBICONT 24 MCG 28 CAPS,2618967
لوبيكونت 8 مكجم 10 كبسول,LUBICONT 8 MCG 10 CAPS.,1686714
لوتشي شامبو ضد القشره 200 مل,LUTCHI HAIR SHAMPOO 200 ML,2499195
لوتوفولون 2 امبول امبول,LUTOFOLONE 2 AMP.,2188327
لوتون 25 مجم / مل 3 امبول,LUTONE 25 MG / ML I.M. 3 AMP,2628705
لوتيرافول مرهم,,2627648
لوتيرانول 0.5 % جل للعين 5 جم,LOTERANOL 0.5 % EYE GEL 5 GM,2400826
لوتيرانول 0.5 % مرهم للعين 5 جم,LOTERANOL 0.5 % OPHTALMIC OINTMENT 5 GM,2400827
لوتيرانول 1 % قطره للعين 2.8 مل,LOTERANOL 1 % OPHALMIC SUSPENTION 2.8 ML,2603604
لوجس جين 10 بويضات مهبلي,LOGUS GYN 10 VAG OVULES,2306156
لوراتادين 10 مجم 10 اقراص,LORATADINE 10 MG 10 TAB.,2511204
لوراتان 10 مجم 10 اقراص,LORATAN 10 MG M.R. 10 TAB.,2194444
لوراز 50 / 12.5 مجم 14 اقراص,LORAZ 50 / 12.5 MG 14 TAB.,2492350
لوراز فورت 100 / 25 مجم 28 اقراص,LORAZ FORTE 100 / 25 MG 28 TAB.,2497518
لورافاست 2.5 مجم / 5 مل شراب 100 مل,LORAFAST 2.5 MG / 5 ML SYP. 100 ML,942929
لورانوفيل 8 مجم 20 اقراص,LORANOVIL 8 MG 20 F.C. TABS.,1740784
لورد امواس بلاتنيوم نص موس علبه 100 موس 10 قطع,LORD'S SET OF 100 PLATINUM BLADES IN A BOX SILVER 10 PCS,1934842
لورد صابون كبريت,LORD SULFUR SOAP,2129992
لورد كريم حلاقه 55 جم,LORD SHAVING CREAM 55 GM,2168541
لورد كريم حلاقه 55 جم نعناع,LORD SHAVING CREAM 55 GM MINT,2311466
لورنوكس 8 مجم 30 اقراص,LORNOX 8 MG 30 F.C. TABS.,2142851
لورنوكسيكام 4 مجم 20 اقراص,LORNOXICAM 4 MG 20 F.C.TAB,1432462
لورنوكسيكام 8 مجم / 2 مل امبول,LORNOXICAM 8 MG / 2 ML VIAL FOR I.M. / I.V. INJ.,2511325
لورنوكسيكام 8 مجم 20 اقراص,LORNOXICAM 8 MG 20 F.C.TAB,2455104
لورنوكسيكام 8 مجم 30 اقراص,LORNOXICAM 8 MG 30 F.C.TAB,904912
لورنيكام رابيد 8 مجم 10 اقراص فواره,LORNICAM 8 MG RAPID 10 DISINTEGRATING TAB,2144677
لورنيكام رابيد 8 مجم 30 اقراص فواره,LORNICAM 8 MG RAPID 30 DISINTEGRATING TAB,2332891
لوريال اكسلانس اشقر رمادي 7.17,L'OREAL PARIS EXCELLENCE ASH SUPREME PERMANENT HAIR COLOR 7.17 BLOND CENDRE,2428729
لوريال الفيف اكسترا اوردناري زيت سيرم لجميع انواع الشعر 100 مل,L'OREAL ELVIVE EXTRAORDINARY OIL SERUM FOR ALL HAIR TYPE 100 ML,1779047
لوريال الفيف بلسم انسيابيه كيراتين 200 مل,L'OREAL ELVIVE CONDITIONER KERATIN 200 ML,2240835
لوريال الفيف بلسم بالزيوت الثمينه للشعر الجفاف 360 مل ذهبي,L'OREAL ELVIVE EXTRAORDINARY OIL CONDITIONER 360 ML,2601950
لوريال الفيف بلسم بالزيوت الثمينه للشعر الجفاف 360 مل ذهبي عرض,L'OREAL ELVIVE EXTRAORDINARY OIL CONDITIONER 360 ML OFFER,2601951
لوريال الفيف بلسم جليكوليك جلوس 200 مل,L'OREAL ELVIVE GLYCOLIC GLOSS SEALING CONDITIONER 200 ML,2131645
لوريال الفيف بلسم طول الاحلام للشعر الطويل 200 مل,L'OREAL ELVIVE DREAM LONG REINFORCING CONDITIONER 200 ML,2601947
لوريال الفيف بلسم معالج 5 مشاكل 200 مل ابيض,L'OREAL ELVIVE TOTAL REPAIR 5 CONDITIONER 200 ML,1779027
لوريال الفيف بلسم معالج 5 مشاكل 360 مل ابيض,L'OREAL ELVIVE TOTAL REPAIR 5 CONDITIONER 360 ML,2261812
لوريال الفيف بلسم مقاوم للتكسر للتساقط 200 مل اسود,L'OREAL ELVIVE BREAKAGE FIGHTER CONDITIONER 200 ML,2176991
لوريال الفيف بلسم مقاوم للتكسر للتساقط 360 مل اسود عرض,L'OREAL ELVIVE FALL RESIST BREAKAGE FIGHTER CONDITIONER 360 ML OFFEE,2261802
لوريال الفيف بلسم هيالورون بيور 200 مل لافندر,L'OREAL ELVIVE CONDETIONER HYALURON PURE 200 ML,1779029
لوريال الفيف بلسم هيالورون شعر جاف فاقد الترطيب 200 مل موف,L'OREAL ELVIVE HYALURON MOISTURE CONDITIONER 200 ML,2043140
لوريال الفيف حمام كريم للشعر الضعيف المتساقط 300 مل مصري اسود,L'OREAL ELVIVE FULL RESIST – POWER MASK 300 ML,1779040
لوريال الفيف شامبو 200 مل انسيابيه الكيراتين للشعر المجعد والمتشابك موف,L'OREAL PARIS ELVIVE KERATIN STRAIGHT SHAMPOO 200 ML,1612896
لوريال الفيف شامبو 200 مل بال 6 زيوت لشعر شديد الجفاف ذهبي,L'OREAL ELVIVE EXTRAORDINARY OIL SHAMPOO FOR DRY TO VERY DRY HAIR 400 ML,2601955
لوريال الفيف شامبو 200 مل بال 6 زيوت للشعر المائل للجفاف,L'ORÉAL ELVIVE SHAMPOO EXTRAORDINARY OIL NOURISHING NORMAL 200 ML,2261813
لوريال الفيف شامبو 200 مل جليكوليك جلوس بمبي,L'OREAL ELVIVE [GLYCOLIC] GLOSS SHAMPOO 200 ML,2382649
لوريال الفيف شامبو 200 مل للتساقط اسود,L’OREAL PARIS ELVIVE ARGININE RESIST SHAMPOO 200 ML,2601952
لوريال الفيف شامبو 200 مل للشعر طويل الاحلام ذهبي,L'OREAL ELVIVE DREAM LONG REINFORCING SHAMPOO 200 ML,2601953
لوريال الفيف شامبو 200 مل معالج للشعر التالف ابيض,L'OREAL ELVIVE TOTAL REPAIR 5 REPAIRING SHAMPOO 200 ML,1779056
لوريال الفيف شامبو 200 مل هيالورون بيور لافندر,L'OREAL ELVIVE [HYALURON] PURE REHYDRATING SHAMPOO 200 ML,2050733
لوريال الفيف شامبو 600 مل جليكوليك جلوس بمبي,L'OREAL ELVIVE [GLYCOLIC] GLOSS SHAMPOO 400 ML,2261814
لوريال الفيف شامبو 600 مل للشعر الطويل والمجعد ذهبي في بمبي,L'OREAL ELVIVE DREAM LONG STRAIGHT 72 H STRAIGHTENING KERATIN SHAMPOO 600 ML,2176994
لوريال باريس برودجي صبغه 7.1 اشقر رمادي,L'ORÉAL PRODIGY PERMANENT HAIR COLOR FOR OILY HAIR 7.1 LIGHT ASH SILVER BLON,2176846
لوريال باريس برودجي صبغه للشعر 0 / 1 اسود,L'OREAL PARIS PRODIGY HAIR COLOR 1 / 0 BLACK,1779106
لوريال باريس برودجي صبغه للشعر 0 / 3 بني غامق,L'OREAL PARIS PRODIGY HAIR COLOR 3 / 0 DARK BROWN,2131558
لوريال باريس برودجي صبغه للشعر 0 / 4 بني,L'OREAL PARIS PRODIGY HAIR COLOR 4 / 0 BROWN,1779113
لوريال باريس برودجي صبغه للشعر 0 / 5 بني فاتح,L'OREAL PARIS PRODIGY HAIR COLOR 5 / 0 LIGHT BROWN,2130574
لوريال باريس برودجي صبغه للشعر 0 / 8 اشقر فاتح,L'OREAL PARIS PRODIGY HAIR COLOR 0 / 8 LIGHT BLOND,2130576
لوريال باريس برودجي صبغه للشعر 1 / 10 اشقر رمادي فاتح جدا,L'OREAL PARIS PRODIGY HAIR COLOR 1 / 10 SUPER LIGHT ASH BLOND,2131550
لوريال باريس برودجي صبغه للشعر 1 / 8 اشقر رمادي فاتح,L'OREAL PARIS PRODIGY HAIR COLOR 1 / 8 LIGHT ASH BLOND,1779110
لوريال باريس برودجي صبغه للشعر 15 / 4 بني بارد,L'OREAL PARIS PRODIGY HAIR COLOR 4 / 15 FROSTED BROWN,2130387
لوريال باريس برودجي صبغه للشعر 2 / 1 اسود رمادي,L'OREAL PARIS PRODIGY HAIR COLOR 2 / 1 ASH BLACK,1779107
لوريال باريس برودجي صبغه للشعر 30 / 5 بني ذهبي فاتح,L'OREAL PARIS PRODIGY HAIR COLOR 5 / 30 LIGHT GOLDEN BROWN,1779115
لوريال باريس برودجي صبغه للشعر 32 / 6 اشقر ذهبي غامق,L'OREAL PARIS PRODIGY HAIR COLOR 6 / 32 DARK GOLDEN BLONDED,2130575
لوريال باريس برودجي صبغه للشعر 60 / 6 احمر غامق,L'OREAL PARIS PRODIGY HAIR COLOR 6 / 60 INTENSE RED,2131585
لوريال باريس هيالورون جل غسول للبشره الدهنيه 200 مل,L'ORÉAL PARIS HYALURON GEL CLEANSER FOR OILY SKIN 200 ML,2261807
لوريال بديل الزيت 300 م كرياتين خ س,L'OREAL ELVIVE EXTRAORDINARY OIL REPLACEMENT 300 ML,2513015
لوريال بديل الزيت 300 مل تساقط اسود 15 % خ,L'OREAL ELVIVE FALL RESIST REINFORCING OIL REPLACEMENT 300 ML,2562151
لوريال بديل الزيت 300 مل كيرياتين موف 15 % خ,L'OREAL ELVIVE EXTRAORDINARY OIL REPLACEMENT 300 ML,2625747
لوريال بديل زيت 300 م / دهبي خصم,LOREAL PARIS ELEVIVE OIL REPLACEMENT 300 ML FOR VERY DRY HAIR,2492463
لوريال بديل زيت 300 م تساقط خصم س / اسود,L'OREAL ELVIVE FALL RESIST REINFORCING OIL REPLACEMENT 300 ML,2492462
لوريال بديل زيت 300 م طول الاحلام كرياتين خصم,L'OREAL ELVIVE DREAM LONG REINFORCING OIL REPLACEMENT 300 ML,2638246
لوريال بلسم 360 مل هيالورون بيور 15 % خ,L'OREAL ELVIVE CONDETIONER HYALURON PURE 360 ML,2431560
لوريال بلسم 360 مل هيالورون مرطب 15 % خ,L'OREAL ELVIVE CONDETIONER HYALURON PURE 360 ML,2328392
لوريال بلسم 400 م اسود / تساقط خ س,L’ORÉAL PARIS L'OREAL ELVIVE FULL RESIST BREAKAGE FIGHTER CONDITIONER 400 ML OFFER,2638241
لوريال بلسم 400 م دهبي / مائل للجفاف خصم,ELVIVE CONDITIONER TOTAL REPAIR 5 400 ML,2638238
لوريال بلسم 400 هيالورون بيور خ س,L'OREAL ELVIVE CONDETIONER HYALURON PURE 400 ML,2270777
لوريال بلسم 400 هيالورون خ س,L'OREAL ELVIVE HYALURON MOISTURE CONDITIONER 400 ML,2558617
لوريال بلسم هيالورون بيور 200 مجم / ترطيب,L'OREAL ELVIVE CONDETIONER HYALURON PURE 200 ML,2548763
لوريال حمام كريم مغذي الزيت دهبي,L'OREAL ELVIVE DREAM LONG SAVIOR MASK 300 ML,2176992
لوريال سيرم جليكوليك 30 م,L'OREAL ELVIVE GLYCOLIC GLOSS SEALING SERUM 150 ML,2638274
لوريال سيرم جليكوليك 30 مل,L'OREAL ELVIVE GLYCOLIC GLOSS SEALING SERUM 150 ML,2562162
لوريال سيرم دريم لونج,L'OREAL PARIS HYALURON EXPERT SERUM 15 ML,2428644
لوريال شامبو 200 م للشعر الجاف / بني,L'OREAL ELVIVE TOTAL REPAIR 5 REPAIRING SHAMPOO 200 ML,2289194
لوريال شامبو 400 م بني خ س,L'OREAL ELVIVE [GLYCOLIC] GLOSS SHAMPOO 400 ML,2389648
لوريال شامبو 400 مل كيراتين موف 20 % خ,L'OREAL PARIS ELVIVE KERATIN STRAIGHT SHAMPOO 200 ML,2510073
لوريال صبغه اكسلانس اسود 01,L’ORÉAL PARIS L'ORÉAL PARIS EXCELLENCE CREME 1 BLACK HAIRCOLOR,2131490
لوريال صبغه اكسلانس اشقر رمادي 7 / 1,L’ORÉAL PARIS EXCELLENCE CREME 7.1 ASH BLONDE,1779080
لوريال صبغه اكسلانس اشقر غامق 06,L'OREAL PARIS EXCELLENCE CREME 6 DARK BLONDE,2130311
لوريال صبغه اكسلانس اشقر فاتح 08,L'OREAL PARIS EXCELLENCE CREME 8 LIGHT BLONDE,1779084
لوريال صبغه اكسلانس اشقر لؤلؤي رمادي فاتح 8 / 12,L'OREAL PARIS EXCELLENCE HAIR DYE 8.12 LIGHT COOL PEARL BLOND,2240833
لوريال صبغه اكسلانس بني شيكولاته 6 / 7,L’OREAL PARIS EXCELLENCE CREME 6.7 MARRON CHOCOLAT HAIRCOLOR,2240844
لوريال صبغه اكسلانس بني عسلي 7 / 7,L'OREAL PARIS EXCELLENCE CREME HAIR COLOR 7 7 HONEY BROWN,2129869
لوريال صبغه كاستينج اسود كرزي 360,L'OREAL PARIS PRODIGY HAIR COLOR 1 / 0 BLACK,2625729
لوريال صبغه كاستينج بني فاتح ارجواني 550,L'OREAL EXCELLENCE HAIR DYE LIGHT BROWN 05,2510067
لوريال غسول جلايكوليك 100 مل,L'OREAL ELVIVE GLYCOLIC GLOSS SEALING SERUM 150 ML,2562213
لوريال كريم جليكوليك 200 مل فك تشابك,L'OREAL ELVIVE [GLYCOLIC] GLOSS CREAM 200 ML,2566493
لوريال كريم دهبي 200 مل,L'OREAL ELVIVE FULL RESIST CREME 200 ML,2431554
لوريال كريم شعر هيالورون 200 مل,L'OREAL ELVIVE FULL RESIST CREME 200 ML,2431550
لوريال هيالورون سيرم للشعر 150 مل موف,L'ORÉAL HYALURON EXPERT SERUM WITH HYALURONIC ACID 30 ML,2240831
لوزارتان 100 مجم 14 اقراص,LOSARTAN 100 MG 14 SCORED F.C.TAB.,2437257
لوزازيد 100 / 25 مجم 10 اقراص,LOSAZIDE 100 / 250 MG 10 TABS,1740790
لوزازيد 50 / 12.5 مجم 30 اقراص,LOSAZIDE 50 / 12.5 MG 30 F.C.TABS,2328589
لوسار 50 مجم 28 اقراص,LOSAR 50 MG 28 F.C. TAB.,2274245
لوسار بلس 8 اقراص,LOSAR PLUS 8 F.C. TAB,2544588
لوسترال 50 مجم 10 اقراص,LUSTRAL 50 MG 10 F.C. TAB,2295974
لوسترال 50 مجم 20 اقراص,LUSTRAL 50 MG 20 F.C. TAB.,2254112
لوستي مساج جل 50 جم,LUSTY MASSAGE GEL 50 GM,904919
لوستي مساج جل 75 جم,LUSTY MASSAGE GEL 75 GM,2492129
لوسيدريل 250 مجم 20 اقراص,LUCIDRIL 250 MG 20 F.C.TABS.,2043175
لوسيدريل 500 مجم 20 اقراص,LUCIDRIL 500 MG 20 F.C.TABS.,904920
لوف بيضاوي / لوفي,BEBETO BABY LOOFA OVAL,2250360
لوف شاور 3 ق / لوفي,BEAUTY LOVE SHOWER GE,2559686
لوف ظهر / زمزم,LOOFAH BACK MASSAGE FRO,2559688
لوف ظهر طويل جدا 80 سم,TRUST LOFE LONG PADS T 5,2559689
لوف كف بدون لسان / لوفي,LOVELA LOFE CUFF VIP SURI,2559684
لوف كف بلسان / لوفي,LOVELA LOFE CUFF VIP SURI,2250362
لوف مساج طويل 2 حبل,TRUST LOFE LONG MASSAGE T 5,2130175
لوف مساج طويل حبل,TRUST LOFE LONG MASSAGE T 5,1779134
لوف مساج طويل سوبر,TRUST LOFE LONG MASSAGE T 5,1779135
لوف مساج كف وجه واحد,BRIGHT LOAF MASSAGER LARGE PALM SINGLE FACE,2130113
لوف مساج كف وجهين,BRIGHT LOAF MASSAGER LARGE PALM TWO FACE,2130304
لوف مغربي شهرذاد,OLIA SOFT MOROCCAN LOAF,2131037
لوف مغربي شهرزاد,OLIA SOFT MOROCCAN LOAF,2538833
لوفازا 30 قطعه,LOVAZA 30 PIECES,1940837
لوفيترود قطره بالفم,LOVITROD ORAL DROPS,2146983
لوفير 400 مجم 10 اقراص,LOVIR 400 MG 10 DISP. TAB.,904921
لوفير 800 مجم 35 اقراص,LOVIR 800 MG 35 ORAL DISP. TABS,904922
لوك ماتش بخاخ للشعر,LOOK MATCH HAIR SPRAY,2353945
لوكازندا بخاخ للفم,LOKAZANDA MOUTH SPRAY,2382222
لوكاستن 1 % كريم موضعي 20 جم,LOCASTEN 1 % CREAM 20 GM,1980234
لوكاستين 2 % كريم مهبلي 20 جم,LOCASTEN 2 % CREAM 20 GM,2129698
لوكس شاور 250 مل الغاردينيا الحريريه خصم,LUX SHOWER GEL SILK SENSATION 250 ML,2646165
لوكس شاور 250 مل الغردينيا الحريريه 15 % خ,LUX SHOWER GEL SILK SENSATION 250 ML,2625768
لوكس شاور 250 مل الورد الناعم خصم,LUX SHOWER GEL SOFT ROSE 250 ML,2646166
لوكس شاور 250 مل رومانسيه الكركديه خصم,LUX SHOWER GEL ROMANTIC HIBISCUS 250 ML,2646167
لوكس شاور 250 مل زهره الاوركيد خصم,LUX MAGICAL BEAUTY BODY WASH 250 ML,2646168
لوكس شاور 500 م جاردينيا خ س,LUX SHOWER GEL 500 ML GRAPEFRUIT,1424101
لوكس شاور 500 مل الغاردينيا الحريريه خصم,LUX SHOWER GEL SILK SENSATION 500 ML 15 % OFF,2646218
لوكس شاور 500 مل الورد الناعم خصم,LUX SHOWER GEL SOFT ROSE 500 ML,2646217
لوكس شاور 500 مل جريب فروت,LUX SHOWER GEL 500 ML GRAPEFRUIT,2271334
لوكس شاور 500 مل جريب فروت خصم,LUX SHOWER GEL 500 ML GRAPEFRUIT,2646219
لوكس شاور 500 مل رومانسيه الكركديه خصم,LUX SHOWER GEL ROMANTIC HIBISCUS 500 ML 15 % OFF,2646220
لوكس شاور 500 مل زهره الاوركيد خصم,LUX MAGICAL BEAUTY BODY WASH 500 ML,2646221
لوكس شاور الغاردينبا الحريريه 250 مل اخضر,LUX SHOWER GEL SILK SENSATION 250 ML,2246485
لوكس شاور الغاردينيا الحريريه 500 مل اخضر,LUX SHOWER GEL SILK SENSATION 500 ML,2130652
لوكس شاور الورد الناعم 250 مل بمبي,LUX SHOWER GEL SOFT ROSE 250 ML,1802619
لوكس شاور الورد الناعم 500 مل بمبي,LUX SHOWER GEL SOFT ROSE 500 ML,2012879
لوكس شاور رومانسيه الكركديه 250 مل احمر,LUX SHOWER GEL ROMANTIC HIBISCUS 250 ML,1802620
لوكس شاور رومانسيه الكركديه 500 مل احمر,LUX SHOWER GEL ROMANTIC HIBISCUS 500 ML,2082429
لوكس شاور سحر زهره الاوركيد 250 مل موف,LUX MAGICAL BEAUTY BODY WASH 250 ML,1844912
لوكس شاور سحر زهره الاوركيد 500 مل موف,LUX MAGICAL BEAUTY BODY WASH 500 ML,2130292
لوكس صابون 115 جم,LUX SOAP 115 ML SOFT TOUCH,1400079
لوكس صابون 115 جم بشره مثاليه,LUX SOAP 115 ML FLOW LESS SKIN,2603610
لوكس صابون 115 جم بشره نضره,LUX SOAP 115 ML GLOWING SKIN,1779149
لوكس صابون 115 جم حلم السعاده,LUX SOAP 115 ML DREAM DELIGHT,2130475
لوكس صابون 165 جم بشره مثاليه,LUX SOAP 165 ML FLOW LESS SKIN,1400328
لوكس صابون 75 جم بشره نضره الروز,LUX SOAP 165 ML GLOWING SKIN,2603615
لوكس صابون 75 جم حلم السعاده,LUX SOAP 75 ML DREAM DELIGHT,2603616
لوكس صابون 85 جم,LUX SOAP 75 ML SOFT TOUCH,1400081
لوكس صابونه 115 جم سحر الجمال مووف,LUX BAR SOAP MAGICAL ORCHID 115 G,2130709
لوكس صابونه 75 جم لبشره مثاليه ابيض,LUX SOFT CARESS CLEANSING BAR SOAP 75 G,2130091
لوكس صابونه 75 جم لبشره نضره روز,75 LUX BAR SOAP GLOWING SKIN WITH ROSE FOR PERFUMED AND GLOWING SKIN,2130854
لوكس هاند وش زهره الاوركيد موف 500 مل 10 % خ,LUX HAND WASH 500 ML MAGICAL ORCHID,2439080
لوكس هاند وش نقاء النعناع اخضر 500 مل 10 % خ,LUX HAND WASH 500 ML PURIFYING WATERMINT,2631155
لوكس هاند ووش 500 م نعناع خ س,LUX HAND WASH 500 ML PURIFYING WATERMINT,2182471
لوكس هاند ووش 500 مل الورد الناعم,LUX HAND WASH 500 ML SOFT ROSE,2408065
لوكساراف 20 اقراص,LOXARAF 20 TABS,2475888
لوكسوفيرول 20 اقراص,LUXOFEROL 20 SOFT GELATIN CAP,1740798
لوكيلما 5 جم 30 اكياس,LOKELMA 5 GM 30 SACHETS,2605284
لولاويست 3 جم 6 اكياس,LOLAWEST 3 GM 6 SACHETS,904923
لوليبا كريم للحفاضه 50 جم,LOLYBA DIAPER CREAM 50 GM,1740800
لونا استنشاق للانف بالنعناع,LUNA INHALER WITH MENTHOL,2130064
لونا ايمولينت كريم مرطب بزبده الشيا 50 مل,LUNA EMOLLIENT SHEA BUTTER CREAM 50 ML,2131144
لونا ايمولينت كريم مرطب لليد والجسم بزبده الكاكاو 75 جم,LUNA EMOLLIENT HAND AND BODY COCOA BUTTER 75 GM,2130845
لونا باستيليا 300 ق مشكل,LUNA STREPS 300 DIFFERENT PCS,1401202
لونا باستيليا بالبرتقال 100 قطعه,LUNA STREPS WITH ORANGE,1400581
لونا باستيليا بالعسل والليمون 100 قطعه,LUNA STREPS WITH LEMON AND HONEY 100 PCS,1400219
لونا باستيليا بالفراوله 100 قطعه,LUNA STREPS WITH STRAWBERRY 100 PCS,1779159
لونا باستيليا بالكريز 100 قطعه,LUNA STREPS WITH CRIS 100 PCS,2464834
لونا باستيليا بالنعناع 100 قطعه,LUNA STREPS WITH MENTHOL 100 PCS,1400496
لونا تانينج اويل SPF 15 بخاخ 200 مل,LUNA TANNING OIL SPF 15 200 ML,1861810
لونا تانينج جل 130 مل,LUNA TANNING GEL 130 ML,1401357
لونا زبده كاكاو توت 24 ق,LUNA LIP BUTTER PEACH 1 PIECES,2489512
لونا زبده كاكاو شيكولاته 24 قطعه,LUNA LIP BUTTER CHOCOLATE 24 PIECES,2489513
لونا زبده كاكاو فراوله 1 ق,LUNA LIP BUTTER STRAWBERRY 1 PIECES,1779163
لونا زبده كاكاو فراوله 36 ق,LUNA LIP BUTTER STRAWBERRY 36 PIECES,1401203
لونا زبده كاكاو ورد 36 ق,LUNA LIP BUTTER ROSE 36 PIECES,2563322
لونا سوفت كريم مرطب 160 جم بالجلسرين والجوجوبا,LUNA SOFT CREAM 160 GM GLYCERIN AND JOJOBA,1846733
لونا سوفت كريم مرطب 160 جم بالكولاجين وفيتامين اي,LUNA SOFT CREAM 160 GM COLLAGEN AND VIT E,2131112
لونا سوفت كريم مرطب 20 جم بالكولاجين وفيتامين اي,LUNA SOFT CREAM 20 GM COLLAGEN AND VIT E,1821762
لونا شاور جل بحليب جوز الهند 500 مل ابيض,LUNA SHOWER GEL COCONUT MILK 500 ML,2627517
لونا شاور جل بزبده الشيا 500 مل بني,LUNA SHOWER GEL SHEA BUTTER 500 ML,2087449
لونا شاور جل تويست بيريز 500 مل احمر,LUNA SHOWER GEL TWIST BERRIES 500 ML,2087452
لونا شاور جل جلسرين وزيتون 500 مل اخضر,LUNA SHOWER GEL GLYCERIN AND OLIVE OIL 500 ML,2131637
لونا شاور جل نسيم القطن 500 مل ازرق,LUNA SHOWER GEL COTTON FLOWERS 500 ML,2130959
لونا صابون بالجلسرين 115 مل,LUNA GLYCERIN SOAP 115 ML,1421034
لونا صابون بالجلسرين 72 مل,LUNA GLYCERIN SOAP 72 ML,2092458
لونا صابون جلسرين 72 جم نسيم القطن 1 + 1,LUNA SOAP 72 G GLYCERIN COTTON BREEZE 1 + 1,1916702
لونا صابون جلسرين بالشيا 100 جم,LUNA GLYCERIN SOAP 100 GM SHEA,2482943
لونا صابون جلسرين بالشيا 72 جم 1 + 1,LUNA GLYCERIN SOAP 72 GM SHEA 1 + 1,2131634
لونا صابون جلسرين بزيت الزيتون 100 جم,LUNA SOAP OLIVE OIL 100 GM,1844049
لونا صابون جلسرين تويست توت 100 جم,LUNA SOAP TWIST BARIES 100 GM,2482941
لونا صابون جلسرين تويست توت 72 جم 1 + 1,LUNA SOAP TWIST BARIES 72 GM 1 + 1,1778131
لونا صابون جلسرين ورد وحليب 100 جم,LUNA GLYCERIN SOAP 100 GM ROSE AND MILK,2332095
لونا صن بلوك كريم اس بي اف 50 + 130 مل 1 + 1 عرض,LUNA SUN CREAM SPORT PERFORMANCE SPF 50 + 130 ML 1 + 1,2130378
لونا صن بلوك للاطفال SPF + 50 كريم 130 مل,LUNA SUNBLOCK FOR KIDS SPF + 50 130 ML,1922090
لونا صن سكرين شفاف غير مرئي بمعمامل حمايه 45 + 200 مل,LUNA SUN SCREEN INVISIBLE SPF 45 200 ML,2130021
لونا كريم اكسجين 20 جم,LUNA OXYGEN CREAM 20 GM,1421035
لونا كريم اكسجين 30 جم,LUNA OXYGEN CREAM 30 GM,1776363
لونا كريم مرطب للتشققات 20 جم,LUNA HAND HEEL CREAM 20 GM,1400273
لونا كريم مرطب للتشققات 40 جم,LUNA HAND HEEL CREAM 40 GM,1400405
لونا كريم مرطب للشفاه 10 م,LUNA LIP THERAPY SHEA BUTTER 10 GM,2355194
لونا ليب ثيرابي مرطب و معالج للشفاه 10 جم,LUNA LIP THERAPY SHEA BUTTER 10 GM,2130141
لونا ماء اكسجين 10 % 80 مل,LUNA OXYGEN WATER 10 % 80 ML,1779195
لونا ماء اكسجين 20 % 80 مل,LUNA OXYGEN WATER 20 % 80 ML,1400407
لونا ماء اكسجين 30 % 80 مل,LUNA OXYGEN WATER 30 % 80 ML,1779197
لونا مجموعه ايمولينت 4 1 10 % خ,LUNA OXYGEN WATER 10 % 80 ML,2087453
لونا مرطب لليدين والجسم 300 مل بامب,LUNA BODY AND HAND CREAM 300 ML,1779174
لونا مستنشق عبوه 24 قطعه,LUNA INHALER 24 PIECE,1400406
لونابيكس 30 اقراص,LONAPEX 30 TAB.,1740801
لونازيم 30 اقراص,LUNAZYM 30 FILM COATED TABLETS,2179479
لونجاسيف 1 جم امبول عضل,LONGACEF 1 GM VIAL I.M.,2651108
لونر كريم 50 جم,LUNNER CREAM 50 GM,2492874
لونش بيبي 60 مجم كريم,BUBBLES LUNCH BOX MAGIC,2419273
لوهيدران 10 اكياس,LOHYDRAN 10 PACKETS (PD. FOR ORAL SOLUTION),2437264
لي فلوكس 250 مجم 5 اقراص,LEE FLOX 250 MG 5 TAB.,2271512
لي فلوكس 500 مجم 5 اقراص,LEE FLOX 500 MG 5 F.C.TAB.,949353
لي فلوكس 750 مجم 7 اقراص,LEE FLOX 750 MG 7 F.C.TAB.,2475470
لي لي غسول مهبلي 250 مل,LI.LI VAGINAL WASH 250 ML,904997
ليانيور 20 كبسول,LIANEUR 20 CAPS,2670882
ليباكتوفو 500 مجم 5 اقراص,LEPACTOVO 500 MG 5 TAB,2498852
ليبانتيل 145 مجم 20 كبسول,LIPANTHYL 145 MG 20 F.C.TABS.,2159023
ليبانتيل 300 مجم 30 كبسول,LIPANTHYL 300 MG 30 CAPS.,904931
ليبانتيل سوبرا 160 مجم 30 اقراص,LIPANTHYL SUPRA 160 MG 30 F.C. TABS.,1481703
ليبتروجين 25 مجم 30 اقراص,LEPTROGINE 25 MG 30 CHEWABLE TAB.,2625710
ليبترين 10 / 10 مجم 14 اقراص,LIPITRIN 10 / 10 MG 14 TAB.,2379830
ليبترين 20 / 10 مجم 14 اقراص,LIPITRIN 10 / 20 MG 14 TAB.,2603627
ليبترين 40 / 10 مجم 7 اقراص,LIPITRIN 10 / 40 MG 7 TAB.,2437278
ليبتيتام اكس ار 500 مجم 20 اقراص,LIPTITAM XR 500 MG 20 F.C.TABS.,2609034
ليبتيكيور 400 مجم 30 كبسول,LEPTICURE 400 MG 30 CAPS.,1740814
ليبراكس 30 اقراص,LIBRAX 30 SUGAR C.TABS.,2396548
ليبرامو 10 اكياس,LIPRAMO 10 SACHET,1548432
ليبرامو كولاجين 10 اكياس,LIPRAMO 10 SACHET,2642573
ليبسيرامب 4 مجم 14 اقراص,LEPSIRAMP 4 MG 14 F.C.TABS.,1443878
ليبسيرامب 4 مجم اقراص,LEPSIRAMP 4 MG 14 F.C.TABS.,2680245
ليبسيرامب 6 مجم 14 اقراص,LEPSIRAMP 6 MG 14 F.C.TABS.,2624817
ليبل كلامين لوشن مرطب للجلد 125 مل 60,IVY LEPLAP SYRUP 120 ML,2497361
ليبلي ليب بالم 10 جم زبده كاكاو,LIPLY LIP CARE 10 GM COCOA BUTTER,2454625
ليبورون قطره 30 مل,LIPORON DROPS 30 ML,2296666
ليبوزوم ب كومب 30 كبسول,LIPOSOM B COMP 30 CAP,2194471
ليبوزوم بي 12 1000 مجم 20 اقراص,LIPOSOM B 12 1000 MCG 20 TABLETS,2076439
ليبوزوم د 3 30 كبسوله,LIPOSOM B COMP 30 CAP,2670872
ليبوزوم دي 3 10000 وحده 30 كبسول,LIPOSOM D 3 10.000 I.U. 30 CAPS,2157573
ليبوسينس بخاخ جل 60 مل,LIBOSENSE GEL SPRAY 60 ML,2411426
ليبوسينس جل 30 جم,LIBOSENSE GEL 30 GM,2143433
ليبوفريك فوليك 30 اقراص,LIPOFERIC FOLIC 30 TAB,2129056
ليبوفريك فوليك 30 كيس,LIPOFERIC FOLIC 30 SACHETES,1548440
ليبوكومب 10 / 10 مجم 30 كبسول,LIPOCOMB 10 / 10 MG 30 CAPS,2437274
ليبوكومب 10 / 20 مجم 30 كبسول,LIPOCOMB 10 / 20 MG 30 CAPS,2313590
ليبونا 20 مجم 10 اقراص,LIPONA 20 MG 10 F.C.TAB,2184372
ليبونا 40 مجم 10 اقراص,LIPONA 40 MG 10 F.C.TAB,2295567
ليبونكس 100 مجم 50 اقراص,LEPONEX 100 MG 50 TAB.,2359095
ليبونكس 25 مجم 50 اقراص,LEPONEX 25 MG 50 TAB.,1950171
ليبيتور 10 مجم 28 اقراص,LIPITOR 10 MG 28 TABS.,2640406
ليبيتور 10 مجم 7 اقراص,LIPITOR 10 MG 7 TABS.,2515388
ليبيتور 20 مجم 28 اقراص,LIPITOR 20 MG 28 TABS.,2603628
ليبيتور 40 مجم 14 اقراص,LIPITOR 40 MG 14 TABS.,1659478
ليبيتور 40 مجم 7 اقراص,LIPITOR 40 MG 7 TABS.,2368555
ليبيتور 80 مجم 14 اقراص,LIPITOR 80 MG 14 TABS.,2194479
ليبيدنورم 10 مجم 10 اقراص,LIPIDNORM 10 MG 10 TAB.,2603630
ليبيفيبرات 105 مجم 30 اقراص,LIPIFIBRATE 105 MG 30 TABS.,2437283
ليبيكول 20 مجم 10 اقراص,LIPICOLE 20 MG 10 F.C.TAB.,904956
ليبيكول 40 مجم 10 اقراص,LIPICOLE 40 MG 10 F.C.TAB.,2127422
ليبيكونترول 10 / 10 مجم 20 اقراص,LIPICONTROL 10 / 10 MG 20 TAB,2316661
ليبيكونترول 10 / 20 مجم 20 اقراص,LIPICONTROL 10 / 20 MG 20 TAB,2318649
ليبينورم 10 مجم 7 اقراص,LIPINORM 10 MG 7 F.C.TAB.,2129406
ليبينورم 20 مجم 7 اقراص,LIPINORM 20 MG 7 F.C.TAB.,2128330
ليت اب غسول جديد,LIT UP SOAP 100 GM,2466413
ليت اب غسول جديد / ماكرو,LIT UP SOAP 100 GM,2532579
ليتراسيتولين 500 مجم 20 اقراص,LETRACITOLIN 500 MG 20 TAB,1734001
ليتراسيتولين شراب 120 مل,LETRACITOLIN 120 ML SYRUP,2173812
ليتروزول 2.5 مجم 30 اقراص,LETROZOL 2.5 MG 30 F.C.TABS.,1994221
ليثومود 400 مجم 30 اقراص,LITHIOMOD 400 MG 30 TAB,2274005
ليجاتونكس بخاخ,LEGATONEXX SPRAY 30 ML,2680806
ليجاتونكس بخاخ 30 مل,LEGATONEXX SPRAY 30 ML,1775652
ليجانزا جهاز قياس ضغط الدم جرانزيا,GRANZIA LEGANZA DIGITAL BLOOD PRESSURE MONITOR,1868704
ليد جي 30 اقراص,LED.G 30 TABS,1811342
ليدسوفت بانثينول كريم 50 جم,LIDSOFT PANTHENOL CREAM 50 GM,1657865
ليدسوفت كير كريم 30 جم,LIDSOFT CARE CREAM 30 GM,1659486
ليدهيلسي 30 اقراص,LEDHELSE 30 TAB,1849268
ليدو حفاضات كبار السن 36 قطعه,FINE LIDO SENIOR DIAPERS 36 PCS,2260029
ليدوكايين 10 % بخاخ 15 جم العربيه,LIDOCAINE 10 % TOPICAL SPRAY 15 G,2369253
ليدوكايين 2 % 20 مجم امبول 50 مل الاسكندريه,LIDOCAINE 20 MG / ML VIAL 50 ML,2523780
ليدوكايين امبول,LIDOCAINE 50 MG / 5 ML 50 AMPOULES,2437289
ليدي سبيد ستيك 40 جم باودر فريش,LADY SPEED STICK 40 GM POWDER FRESH,2562126
ليديمتزيل 5 مجم 30 اقراص,LIDEMTZIL 5 MG 30 ORALLY DISP. TABS.,2255554
ليرجيكير 2.5 مجم / 5 مل شراب 120 مل,LERGICARE 2.5 MG / 5 ML SYRUP 120 ML,904902
ليرجيكير 5 مجم 30 اقراص,LERGICARE 5 MG 30 F.C.TABS.,2319758
ليرجيكير توت شراب 2.5 مجم / 5 مل 120 جديد / الاسراء,LERGICARE 2.5 MG / 5 ML SYRUP 120 ML,2639070
ليزا صابون بالكركم 70 جم لعلاج حب الشباب,LIZA TURMERIC SOAP 80 GM,2170520
ليزا صابون كبريت 80 جم,LISA SULFUR SOAP 80 G,2377967
ليزا كريم للشعر بجوز الهند 150 جم,LIZA HAIR CREAM COCONUT 150 GM,2353791
ليزا كريم للشعر بزيت الزيتون 150 جم,LIZA HAIR CREAM OLIVE OIL 150 GM,2353789
ليزبيرج 20 مجم 30 اقراص,LEZBERG 20 MG 30 F.C.TABS.,2537429
ليزبيرج 40 مجم 30 اقراص,LEZBERG 40 MG 30 F.C.TABS.,2437294
ليزبيرج املو 40 / 5 مجم 30 اقراص,LEZBERG AMLO 5 / 40 MG 30 F.C.TABS.,904965
ليزبيرج املو 5 / 20 مجم 30 اقراص,LEZBERG AMLO 5 / 20 MG 30 F.C.TABS.,904963
ليزبيرج بلس 12.5 / 20 مجم 30 اقراص,LEZBERG PLUS 20 / 12.5 MG 30 F.C.TABS.,2337119
ليزبيرج بلس 12.5 / 40 مجم 30 اقراص,LEZBERG PLUS 40 / 12.5 MG 30 F.C.TABS.,2535803
ليزبيرج بلس 25 / 40 مجم 30 اقراص,LEZBERG PLUS 40 / 25 MG 30 F.C.TABS.,1503247
ليزبيرج تريو 20 / 5 / 12.5 مجم 30 اقراص,LEZBERG TRIO 20 / 5 / 12.5 MG 30 TAB,1092431
ليزبيرج تريو 40 / 10 / 12.5 مجم 30 اقراص,LEZBERG TRIO 40 / 10 / 12.5 MG 30 TAB,2537849
ليزبيرج تريو 40 / 10 / 25 مجم 30 اقراص,LEZBERG TRIO 40 / 10 / 25 MG 30 TABS,1261258
ليزبيرج تريو 40 / 5 / 12.5 مجم 30 اقراص,LEZBERG TRIO 40 / 5 / 12.5 MG 30 TABS,1775660
ليزبيرج تريو 40 / 5 / 25 مجم 30 اقراص,LEZBERG TRIO 40 / 5 / 25 MG 30 TABS,2538848
ليسترماز غسول للفم 250 مل,LISTERMAZ MOUTH WASH 250 ML,1738310
ليسترين ادفانس وايت 250 مل,LISTERINE ADVANCED WHITE 250 ML,2157186
ليسترين ادفانس وايت 500 مل,LISTERINE ADVANCE WHITE 500 ML,2433356
ليسترين تارتر مضمضه جديد,LISTERINE TOTAL CARE TARTAR PROTECT 250 ML,2523305
ليسترين توتال 250 مل,LISTERINE TOTAL CARE TARTAR PROTECT 250 ML,2452061
ليسترين توتال كير اخضر 250 مل / سوفيكو,LISTERINE GREEN TEA MOUTHWASH 250 ML,2535727
ليسترين توتال كير تارتر بروتكت 250 مل,LISTERINE TOTAL CARE TARTAR PROTECT 250 ML,1737184
ليسترين توتال كير تارتر كونترول 250 مل,LISTERINE TOTAL CARE TARTAR PROTECT 250 ML,2333972
ليسترين توتال كير جديد,LISTERINE TOTAL CARE TARTAR PROTECT 250 ML,2522929
ليسترين توتال كير زيرو,LISTERINE TOTAL CARE TARTAR PROTECT 250 ML,2604097
ليسترين توتال كير غسول للفم 250 مل بنفسجي,LISTERINE TOTAL CARE MOUTH WASH 250 ML,2400164
ليسترين توتال كير لبني 250 مل / سوفيكو,LISTERINE TOTAL CARE TARTAR PROTECT 250 ML,2625802
ليسترين جرين تي 250 مل اخضر,LISTERINE GREEN TEA MOUTHWASH 250 ML,2451942
ليسترين غرغره توتال كير,LISTERINE TOTAL CARE MOUTH WASH 250 ML,2446364
ليسترين فريش بريست 250 مل اخضر,LISTERINE FRESH BREST MOUTH WASH 250 ML,2463293
ليسترين للثه سليمه واسنان قويه 250 مل / سوفيكو,LISTERINE TEETH GUM DEFENCE MOUTH.WASH 250 ML,2638473
ليسترين مضمضه ازرق,LISTERINE COOL MINT 500 ML,2671817
ليسترين مضمضه للاسنان و اللثه 250 مل اخضر,LISTERINE TEETH GUM DEFENCE MOUTH.WASH 250 ML,2437295
ليسترين نعناع كول منت 250 مل ازرق,LISTERINE COOL MINT 250 ML,2521568
ليسوبريل 10 مجم 30 اقراص,LISOPRIL 10 MG 30 TABS.,2501259
ليسيتال 40 مجم 30 اقراص,LECITAL 40 MG 30 F.C.TAB.,2199209
ليسيتنس 12.5 / 20 مجم 30 اقراص,LISITENS 12.5 / 20 MG 30 TAB.,1862320
ليسيد لوسيون 30 مل,LICID LOTION 30 ML,1390455
ليفابيون 6 امبول 2 مل,LIVABION 6 I.M. AMP. 2 ML,1477126
ليفاجول 450 مجم 20 كبسول,LIVAGOAL 450 MG 20 CAPS.,1407185
ليفاجول 450 مجم 20 كبسوله قديم,LIVAGOAL 450 MG 20 CAPS.,2640410
ليفاجوينت 30 اقراص,LEVAJOINT 30 TAB,2499967
ليفانوكس ان 20 كبسول,LEVANOX N 20 CAPS,1659495
ليفانيك 500 مجم 7 اقراص,LEVANIC 500 MG 7 F.C. TAB,1397558
ليفانيك 750 مجم 5 اقراص,LEVANIC 750 MG 5 F.C. TAB.,2313601
ليفر البيومين بلس 20 كبسول,LIVER ALBUMIN PLUS 20 CAPS,2342785
ليفرين 20 كبسول,LIVERIN 20 CAPS,2603635
ليفسيت 2.5 مجم / 5 مل شراب 120 مل,LEVCET 2.5 MG / 5 ML SYRUP 120 ML,2144722
ليفسيت 5 مجم / مل قطره للفم 20 مل,LEVCET 5 MG / ML ORAL DROPS 20 ML,2471100
ليفسيت 5 مجم 20 اقراص سريع الذوبان,LEVCET 5 MG FAST MELT 20 TABS.,2315076
ليفنوسيز 500 مجم 30 اقراص,LEVNOSEIZ 500 MG 30 TABS,2143657
ليفوتافين 500 مجم 7 اقراص,LEVOTAVIN 500 MG 7 F.C. TABS.,1258217
ليفوتافين 750 مجم 7 اقراص,LEVOTAVIN 750 MG 7 F.C. TABS.,904981
ليفودل 500 مجم 5 اقراص,LEVODEL 500 MG 5 F.C. TABS.,2473524
ليفودل 750 مجم 5 اقراص,LEVODEL 750 MG 5 F.C. TABS.,904983
ليفوفرين 4 مجم / 4 مل في 5 امبول,LEVOPHRINE 4 MG / 4 ML I.V 5 AMP.,2146539
ليفوفرين 8 مجم / 4 مل في 5 امبول,LEVOPHRINE 8 MG / 4 ML I.V 5 AMP,2145205
ليفوفلوتانيت 750 مجم / 30 مل امبول,LEVOFLOTANET 750 MG / 30 ML CONCENTRATE VIAL FOR I.V. INF,2541235
ليفوفلوتانيت 750 مجم 5 اقراص,LEVOFLOTANET 750 MG 5 FILM COATED TABLETS,2521530
ليفوفلوكساسين 500,LEVOFLOXACIN 500 MG 10 TAB,2553886
ليفوفلوكساسين 500,LEVOFLOXACIN 500 MG 10 TAB,2448492
ليفوفلوكساسين 500 مجم 10 اقراص 104,LEVOFLOXACIN 500 MG 10 TAB,2500733
ليفوفلوكساسين 500 مجم 10 اقراص 96,LEVOFLOXACIN 500 MG 10 TAB,2624015
ليفوفلوكساسين 500 مجم 10 اقراص ايفا,LEVOFLOXACIN EVA 500 MG 10 F.C.TABS,1684021
ليفوفلوكساسين 500 مجم 10 اقراص ماركريل,LEVOFLOXACIN 500 MG 10 TAB,2471087
ليفوفلوكساسين 500 مجم 5 اقراص,LEVOFLOXACIN 500 MG 10 TAB,2437310
ليفوفلوكساسين 750 مجم 5 اقراص ماركريل,LEVOFLOXACIN 750 MG 5 F.C. TABS,939301
ليفوفوكسات 500 مجم 5 اقراص,LEVOFOXAT 500 MG 5 TABS,2498383
ليفوكار 250 / 25 مجم 30 اقراص,LEVOCAR 250 / 25 MG 30 TAB.,973981
ليفوكارنين 500 مجم 20 اقراص,LEVOCARNINE 500 MG 20 TAB.,1427679
ليفوكتيفان 0.5 مجم / مل شراب 120 مل,LEVOCTIVAN 0.5 MG / ML SYRUP 120 ML,2668295
ليفوكتيفان 5 مجم 30 اقراص,LEVOCTIVAN 5 MG 30 F.C. TAB.,904986
ليفوكسين 250 مجم 5 اقراص,LEVOXIN 250 MG 5 F.C. TABS.,2643192
ليفوكسين 500 مجم 5 اقراص,LEVOXIN 500 MG 5 F.C. TAB.,2603639
ليفوكيناسين 500 مجم 5 اقراص,LEVOKENACIN 500 MG 5 TAB,2553025
ليفوهيستام 5 مجم / 10 مل شراب 120 مل,LEVOHISTAM 5 MG / 10 ML SYRUP 120 ML,904991
ليفوهيستام 5 مجم / مل قطره فمويه 20 مل,LEVOHISTAM 5 MG / ML ORAL DROPS 20 ML,2313608
ليفوهيستام 5 مجم 30 اقراص,LEVOHISTAM 5 MG 30 F.C.TABS.,2471093
ليفيا بلس 10 اكياس,LIVIA PLUS 10 SACHETS,2141094
ليفياكول جل 59 جم جديد,LIVIACOOL MASSAGE GEL 59 GM,2680127
ليفياكول مساج جل 59 جم,LIVIACOOL MASSAGE GEL 59 GM,1873841
ليفيال 2.5 مجم 28 اقراص,LIVIAL 2.5 MG 28 TAB.,2670114
ليفيبسي 500 مجم 10 اقراص,LEVEPSY 500 MG 10 SCORED F.C.TABS.,2618341
ليفيبيكس 1000 مجم 30 اقراص,LEVEPEX 1000 MG 30 F.C. TAB.,2099476
ليفيبيكس 750 مجم 30 اقراص,LEVEPEX 750 MG 30 F.C. TAB,2510785
ليفيدميا 2 مجم 30 اقراص,LIVIDEMIA 2 MG 30 F.C. TABS,1922578
ليفيدميا 4 مجم 30 اقراص,LIVIDEMIA 4 MG 30 F.C. TABS,1922579
ليفيكتام 100 مجم / مل شراب 120 مل,LEVECTAM 100 MG / ML SYRUP 120 ML,2603641
ليفيكتام 1000 مجم 20 قرص,LEVECTAM 1000 MG 20 F.C.TABS,2304399
ليكا 20 قطعه,LECA 20 PIECES,1548489
ليكسورا اس كي امبولات ضد تساقط الشعر 8 امبول,LIXORA SK ANTI HAIR FALL 8 AMPOULES,2627408
ليكسورا اس كي بادي ميلك 200 مل,LIXORA SK BODY MILK 200 ML,2627411
ليكسورا اس كي تونر للوجه 200 مل,LIXORA SK FACIAL TONER 200 ML,2627394
ليكسورا اس كي جل لعلاج حب الشباب 50 مل,LIXORA SK ACNE TREATMENT GEL 50 ML,2627417
ليكسورا اس كي شامبو للاطاله 250 مل,LIXORA SK STRONGER LONGER SH 250 ML,2627406
ليكسورا اس كي صن سكرين جل 75 مل,LIXORA SK SUNSCREEN GEL SPF 50 75 ML,2627395
ليكسورا اس كي غسول تفتيح للوجه 200 مل 299,LIXORA SK FACIAL TONER 200 ML,2627420
ليكسورا اس كي غسول فوم للبشره الدهنيه 200 مل,LIXORA SK FOAM CLEANSER OILY 200 ML,2627415
ليكسورا اس كي لوسيون ضد القشره وضد تساقط الشعر 150 مل,LIXORA SK ANTI DANDRUFF ANTI HAIR LOSS LOTION 150 ML,2627389
ليكسورا اس كي لوسيون ضد تساقط الشعر 150 مل,LIXORA SK ANTI HAIR LOSS LOTION 150 ML,2627410
ليكسورا اس كي لوسيون للجسم 200 مل,LIXORA SK AROMAL BODY LOTION 200 ML,2627412
ليكوسيد ار 3 % مرهم 30 جم,LUCOCID R 3 % OINT. 30 GM,2437321
ليكوسيد ر 3 % مرهم 30 جرام,LUCOCID R 3 % OINT. 30 GM,2640980
ليكوفن ار كريم 30 جم,LUCOFUN R CREAM 30 GM,2185407
ليكوفيت صابون 100 جم,LIQUOVIT SOAP 100 GM,2499969
ليكوفيت كريم 50 جم,LIQUOVIT CREAM 50 GM,1659516
ليكوكارتي شراب,LECOCARTI SYRUP,2499970
ليكي بانثينول كريم 30 جم,LIKI PANTHENOL CREAM 30 GM,2194520
ليكيستين شراب 100 مل,LIQISTEIN SYRUP 100 ML,2463468
ليكيفيم شراب 120 مل,LIQIVEEM SYRUP 120 ML,1667358
ليلافري 10 مجم 30 اقراص,LELAFREE 10 MG 30 TAB.,2437322
ليلافري 20 مجم 30 اقراص,LELAFREE 20 MG 30 TAB.,2099482
ليلاك جل مرطب 100 مل,LEYLAK MOISTURIZING GEL 100 ML,2366539
ليلاك زيت للجسم للترطيب 150 مل,LEYLAK BODY OIL 10 ML,1846689
ليلي بل 10 مل اقراص 120,ENDRA SPRAY 125 ML LAYALY,2603642
ليلي دش 69.9,BRILLY ORAL SPRAY 60 ML,2606570
ليليبيل 10 مجم 20 اقراص,LELIPEL 10 MG 20 F.C. TABS.,2492292
ليليبيل 4 مجم 14 اكياس,LELIPEL 4 MG 14 ORAL GRANULES IN SACHETS,2473596
ليليبيل 5 مجم 20 اقراص مضغ,LELIPEL 5 MG 20 CHEW. TABS.,2471105
ليماتليس كافايين اكياس جديد,LIMITLESS CHROMAX CUT 30 SACHETS,2626480
ليمتلس احمر سيدات كبير,LIMITLESS WOMAN MAX 30 TABS,2673055
ليمتلس الزايم ماكس 20 اقراص,LIMITLESS ALLZYME MAX 20 E.C. TAB,905001
ليمتلس الفا كرياتين 300 مل,LIMITLESS ALPHA CREATINE MONO 60 SCOPE 300 ML,2051405
ليمتلس ام اس ام يو سي تي 2 30 اقراص,LIMITLESS MSM UCT 2 30 TAB,2288838
ليمتلس ان استيل سيستايين بلس 10 اكياس,LIMITLESS N ACETYL CYSTEINE PLUS 10 STICK PACKS,2628307
ليمتلس اوستيودنس 30 اقراص,LIMITLESS OSTEODENSE 30 TABS,2471108
ليمتلس اوسوفورتين 5000 / ايفا,LIMITLESS OSSOFORTIN D 3 5000 I.U. 30 TABS,2680818
ليمتلس اوسوفورتين 5000 30 اقراص جديد,LIMITLESS OSSOFORTIN D 3 5000 I.U. 30 TABS,2680926
ليمتلس اوسوفورتين 5000 د 3 قديم,LIMITLESS OSSOFORTIN D 3 5000 I.U. 30 TABS,2636825
ليمتلس اوسوفورتين دي 3 2000 م 20 ق,LIMITLESS OSSOFORTIN D 3 2000 I.U. 30 TABS,2645252
ليمتلس اوسوفورتين دي 3 2000 وحده 30 اقراص,LIMITLESS OSSOFORTIN D 3 2000 I.U. 30 TABS,2541202
ليمتلس اوسوفورتين دي 3 5000 وحده 30 قرص,LIMITLESS OSSOFORTIN D 3 5000 I.U. 30 TABS,2455157
ليمتلس اوميجا 3 2000 مجم 30 اقراص,LIMITLESS OMEGA 3 2000 MG 30 CAPS,2328360
ليمتلس اوميجا 3 2000 مجم 60 اقراص,LIMITLESS OMEGA 3 2000 MG 60 CAPS,1880738
ليمتلس بالانس سينبيوتك 20 اقراص,LIMITLESS BALANCE SYNBIOTIC 20 TAB,2472003
ليمتلس باور ماكس 30 اقراص,LIMITLESS POWER MAX 30 TABS,2369298
ليمتلس بروستانورم ماكس 30 اقراص,LIMITLESS PROSTANORM MAX 30 F.C. TABS,2628438
ليمتلس بريناتال اوريجنال 30 اقراص,LIMITLESS PRENATAL MAX 30 TABS,2366987
ليمتلس برينتال اوريجينال 30 كبسول,LIMITLESS PRENATAL ORIGINAL 30 TABS,2622211
ليمتلس برينتال ماكس 30 اقراص,LIMITLESS PRENATAL MAX 30 TABS,905002
ليمتلس بي 12 كومبلكس او دي اف 30 فيلم,LIMITLESS VITAMIN B 12 30 ODF,2376229
ليمتلس بي اي ايه اقراص جديد,LIMITLESS POWER MAX 30 TABS,2683109
ليمتلس بي اي ايه بلس 20 كبسول,LIMITLESS PEA PLUS 20 FILM COATED TABLETS,2296208
ليمتلس بيبي دي نقط 15 مل,LIMITLESS BABY D DROPS 1600 I.U. / ML 15 ML,905007
ليمتلس تورميرك 500 مجم 60 كبسول,LIMITLESS TURMERIC 500 MG 60 CAPS.,2437336
ليمتلس جلو هير 30 اقراص,LIMITLESS GLOW HAIR 30 F.C. TABS.,905008
ليمتلس جلوهير 30 اقراص,LIMITLESS GLOW HAIR 30 F.C. TABS.,2639469
ليمتلس جوينت افوبلس 30 اقراص,LIMITLESS JOINT AVOPLUS 30 TABS,1535853
ليمتلس دايجست ناو 30 اقراص,LIMITLESS DIGEST NOW 30 FILM COATED TABLETS,2320867
ليمتلس ديوزمين كومبلكس 30 اقراص,LIMITLESS DIOSMIN COMPLEX 30 FILM COATED TABLETS,2500600
ليمتلس رجال 120 اقراص عرض كبير,LIMITLESS MAN MAX 100 TABS,2562808
ليمتلس ستيفيا اوريجنال 50 كيس,LIMITLESS STEVIA ORIGINAL 50 STICKS,2642809
ليمتلس سليب ايد اوريجينال 30 باتش,LIMITLESS SLEEP AID ORIGINAL 30 ORAL DISPERSIBLE FILMS,2346986
ليمتلس سليب ايد ديوال 30 اقراص,LIMITLESS SLEEP AID DUAL 30 TABS,1858410
ليمتلس سي زنك اوريجنال 30 اقراص,LIMITLESS C ZINC ORIGINAL 30 LOZENGES,905011
ليمتلس سي زنك بلس 20 اقراص,LIMITLESS C ZINC PLUS 20 F.C. TABS.,2222939
ليمتلس شاركول بلاس 30 اقراص,LIMITLESS CHARCOAL PLUS 30 CAPS,2455164
ليمتلس فورتاليز اوريجينال شراب 80 مل,LIMITLESS FORTALASE ORIGINAL SYRUP 80 ML,970893
ليمتلس فيمبوست اوريجينال 30 اقراص,LIMITLESS FEMBOOST ORIGINAL 30 TAB,2670113
ليمتلس فيمبووست للسيدات 30 ق,LIMITLESS FEMBOOST ORIGINAL 30 TAB,2535891
ليمتلس كافيين 80 مجم 20 لزقه,LIMITLESS CAFFEINE 80 MG 20 DISPERSIBLE FILMS,2561527
ليمتلس كرانبيري ماكس 20 اكياس,LIMITLESS CRANBERRY MAX 20 SACHET,2636809
ليمتلس كروماكس 30 اكياس,LIMITLESS CHROMAX CUT 30 SACHETS,2140353
ليمتلس كو كيو 10 100 مجم 30 اقراص,LIMITLESS COQ 10 100 MG 30 TAB,2466754
ليمتلس كو كيو 10 مجم 30 كبسوله,LIMITLESS COQ 10 100 MG 30 TAB,2681056
ليمتلس كونسيف كيو اوريجينال 30 اقراص,LIMITLESS CONCEIVE Q ORIGINAL 30 TAB,905015
ليمتلس كيدز شراب ملتي فيتامين 140 مل,LIMITLESS KIDS MULTIVITAMINS SYRUP 140 ML,905005
ليمتلس كيدز شراب ملتي فيتامين 250 مل,LIMITLESS KIDS MULTIVITAMINS SYRUP 250 ML,1661613
ليمتلس كيدز مالتي فيتامين 90 قطعه,LIMITLESS KIDS MULTIGUMMIES 90 PIECES,1869035
ليمتلس لاكتوفيرين 100 مجم 14 اكياس,LIMITLESS LACTOFERRIN 100 MG 14 SACHETS,2335712
ليمتلس لاكتوفيرين 100 مجم 30 اكياس,LIMITLESS LACTOFERRIN 100 MG 30 SACHETS,2637032
ليمتلس لاكتيز 12000 وحده 30 اقراص,LIMITLESS LACTASE 12000 IU 30 TAB,2399771
ليمتلس ليبوفيركس 40 مجم 30 اقراص,LIMITLESS LIPOFERREX 40 MG 30 TABS,2038524
ليمتلس ماغنسيوم 150 مجم 30 اقراص,LIMITLESS MAGNESIUM 150 MG 30 TABS,2174179
ليمتلس مان رجال ماكس 100 اقراص,LIMITLESS MAN MAX 100 TABS,1166029
ليمتلس مان رجال ماكس 30 اقراص,LIMITLESS MAN MAX 30 TABS,2145610
ليمتلس مان رجال مالتي جاميز 90 قطعه,LIMITLESS MAN MULTIGUMMIES 90 PIECES,2150105
ليمتلس مان ماكس 100 اقراص + 20 عرض,LIMITLESS MAN MAX 100 TABS,1869617
ليمتلس ميثيل فولات 1000 مكجم 30 اقراص,LIMITLESS METHYL FOLATE 1000 MCG 30 MINI FILM COATED TAB,2437346
ليمتلس ميلجا ماكس 30 اقراص,LIMITLESS MILGA MAX 30 TABS,2455168
ليمتلس هيدرات اكياس بالبطيخ,LIMITLESS HYDRATE KIDS 6 SACHETS WATERMELON,2616977
ليمتلس هيدرات اميونتي 6 اكياس بالفواكه,LIMITLESS HYDRATE IMMUNITY 6 STICKS,2538260
ليمتلس هيدرات اوريجينال 6 اكياس بالتوت الازرق,LIMITLESS HYDRATE ORIGINAL 6 SACHETS BLUE BERRY,2487110
ليمتلس هيدرات اوريجينال 6 اكياس قمر الدين,LIMITLESS HYDRATE ORIGINAL WITH AMAR AL DIN 6 STICKS,2636196
ليمتلس هيدرات تشارج 6 اكياس كوفي,LIMITLESS HYDRATE CHARGE 6 STICKS,2127940
ليمتلس هيدرات جلو 6 اكياس بخليط التوت,LIMITLESS HYDRATE GLOW 6 SACHETS MIXED BERRY,2616753
ليمتلس هيدرات كيتو 6 اكياس تفاح,LIMITLESS HYDRATE KETO 6 STICKS,2431011
ليمتلس هيدرات كيدز 6 اكياس بالبطيخ,LIMITLESS HYDRATE KIDS 6 SACHETS WATERMELON,2511539
ليمتلس هيدريت اكياس بالبطيخ,LIMITLESS HYDRATE KIDS 6 SACHETS WATERMELON,2642181
ليمتلس هيدريت كيدز اكياس,LIMITLESS HYDRATE KIDS 6 SACHETS WATERMELON,2668912
ليمتلس ومان سيدات ماكس 100 اقراص,LIMITLESS WOMAN MAX 100 TABS,2361146
ليمتلس ومان سيدات ماكس 30 اقراص,LIMITLESS WOMAN MAX 30 TABS,969816
ليمتلس ومان سيدات مالتي جاميز 90 قطعه,LIMITLESS WOMAN MULTIGUMMIES 90 PIECES,2067910
ليمتليس اوستيودنس اوريجينال 30 اقراص,LIMITLESS OSTEODENSE 30 TABS,2628805
ليمتليس اوسوفورتين 2000,LIMITLESS OSSOFORTIN D 3 2000 I.U. 30 TABS,2668101
ليمتليس اوسوفورتين 2000 2000,LIMITLESS OSSOFORTIN D 3 2000 I.U. 30 TABS,2621702
ليمتليس بيا بلس اقراص,LIMITLESS CHARCOAL PLUS 30 CAPS,2642812
ليمتليس سي زنك بلس,LIMITLESS C ZINC PLUS 20 F.C. TABS.,2548746
ليمتليس كافيين 80 مجم 20 فيلم,LIMITLESS CAFFEINE 80 MG 20 DISPERSIBLE FILMS,2680727
ليمتليس كرانتيري اكياس,LIMITLESS CRANBERRY MAX 20 SACHET,2670493
ليمتليس هيدريت,LIMITLESS HYDRATE KETO 6 STICKS,2267034
ليناتراج 5 مجم 21 قرص,LINATRAJE 5 MG 21 TAB,1806292
ليناتراج 5 مجم 28 اقراص,LINATRAJE 5 MG 28 TAB,2618725
ليناجليفلوزين 10 / 5 مجم 30 اقراص,LINAGLIFLOZIN 10 / 5 MG 30 TABS,2471137
ليناجليفلوزين 25 / 5 مجم 30 اقراص,LINAGLIFLOZIN 25 / 5 MG 30 TAB,2540563
ليناجينتا بلس 5 / 10 مجم 30 اقراص,LINAJENTA PLUS 5 / 10 MG 30 TABS,2568402
ليناجينتا بلس 5 / 25 مجم 30 اقراص,LINAJENTA PLUS 5 / 25 MG 30 TABS,1740866
لينترا 10 اكياس,LENTRA 10 SACHETS,2169072
لينترا 14 اكياس,LENTRA 14 SACHETS,2335776
لينترا اكياس جديد,LENTRA 14 SACHETS,2635721
لينترا بلس 10 اقراص,LENTRA PLUS 10 CAP,2331027
لينجازيم فيتامين د 3 قطره,LINGAZYM D 3 DROPS,2568433
لينجالابس بلس 10 / 5 / 1000 مجم 30 اقراص,LINGALABS PLUS 10 / 5 / 1000 MG 30 TABS,2462236
لينجالابس بلس 12.5 / 2.5 / 1000 مجم 30 اقراص,LINGALABS PLUS 12.5 / 2.5 / 1000 MG 30 F.C. TABS,2669140
لينجالابس بلس 25 / 5 / 1000 مجم 30 اقراص,LINGALABS PLUS 25 / 5 / 1000 MG 30 TAB,2183985
ليندنيت 21 اقراص,LINDYNETTE 0.03 / 0.075 MG 21 TAB,2113338
ليندو زيت شعر بخاخ 250 مل,LINDO HAIR OIL SPRAY 250 ML,2603660
لينكس 10 كيس,LINEX 10 SACH,2355174
لينكس 50 جم كريم,LENEX FOOT CREAM 50 GM,2451575
لينكس اكياس,LINEX 10 SACH,2681242
لينكس بخاخ 120 مل,LINEX SPRAY 120 ML,2194544
لينكس فوت كريم 50 جم,LENEX FOOT CREAM 50 GM,2545038
لينكس كبار 14 اقراص,LINEX ADULT 14 CAPS,2606270
لينكس كريم مساج 50 جم,LINEX MASSAGE CREAM 50 GM,905024
لينكس كومبلكس 14 كبسول,LINEX COMPLEX 14 CAP,2621969
لينوروز 1000 مجم 30 كبسول,LINOROSE 1000 MG 30 CAPS,1874308
ليوباث كومب 30 اقراص,LIOPATH COMB 30 TAB,2224733
ليوكيران 2 مجم 25 اقراص,LEUKERAN 2 MG 25 F.C. TABS.,2537219
ليومين شامبو,LUMIN ADVANCED HAIR SHAMPOO 200 ML,2566726
ماء اكسجين 10 % الاهرام بالدسته,OYGEN WATER 10 % AHRAM PACKET,1821880
ماء اكسجين 10 % ايه ام واي دسته,OYGEN WATER 10 % LORD PACKET,2130371
ماء اكسجين 20 % الاهرام بالدسته,OXYGEN WATER 20 % AHRAM PACKET,2130541
ماء اكسجين 20 % ايه ام واي دسته,OYGEN WATER 20 % LORD PACKET,2131113
ماء اكسجين 30 % الاهرام بالدسته,OYGEN WATER 30 % AHRAM PACKET,1779192
ماء اكسجين 30 % ايه ام واي دسته,OYGEN WATER 30 % LORD PACKET,2131114
ماء اكسجين برنتا % 20 بالدسته,OYGEN WATER 20 % LORD PACKET,2603662
ماء اكسجين برنتا % 30 بالدسته,PERFECT OYGEN WATER 30 % PACKET,2603663
ماء اكسجين لورد % 10 بالدسته,OYGEN WATER 10 % LORD PACKET,2603664
ماء اكسجين لورد % 20 بالدسته,OYGEN WATER 20 % LORD PACKET,2603665
ماء اكسجين لورد % 30 بالدسته,OYGEN WATER 30 % LORD PACKET,2603666
ماء اكسجين لونا 0 % 20 بالقطعه 80 مل,LUNA OXYGEN WATER 20 % 80 ML,2603667
ماء امبول 5 سم الفتح,WATER FOR INJECTION 5 CM 1 AMP,2669092
ماء غريب بامبينو شراب 120 مل,GRIPE WATER BAMBINO SYRUP 120 ML,2127389
ماء غريب سمايل شراب 120 مل نابكو,GRIPE WATER SMILE SYRUP 120 ML,2521360
ماء مذيب للحقن 5 سم 120 وحده,WATER FOR INJECTION 5 CM 120,1659529
ماء مذيب للحقن 5 سم 480 وحده,WATER FOR INJECTION 5 CM 480,2551026
ماء مذيب للشرب 300 كيس (كرتونه),WATER FOR SOLVENT 300,2437358
ماء نونو شراب 120 مل,NONO WATER SYRUP 120 ML,2497309
ماء ورد ايفا,AVONA ROSE WATER 300 ML,2603670
مابوترون 20 اقراص,MAPOTRON 20 TAB,1163067
مابودوز 10000 وحده دوليه 20 كبسوله,MAPODOSE 10000 IU 20 CAPSULES,1215327
مابوساج جل مساج 75 جم,MAPOSSAGE GEL 75 GM,1927308
مابوفينيكس شراب 120 مل,MAPOVYNEX SYRUP 120 ML,1927310
مابي بلس 20 كبسول,MAPI PLUS 20 CAP,2511847
ماتريكس 30 كبسول,MATRIX 30 CAPS,2367075
ماتريكس كريم 75 جم,MATRIX CREAM 75 GM,1659535
ماتريكوجا 20 قراص ميدترونيك فارماسيوتيكال 200,MATRICOGA 30 TAB,2633918
ماتيو دي 3 30 اقراص,MATIO D 3 30 TAB,2200615
ماتيو كوجنيبرون شراب 100 مل,MATIO COGNIPRON SYRUP 100 ML,2499974
ماتيوجاك 60 مجم 3 اقراص,MATUJAC 60 MG 3 F.C. TABS.,2145354
ماج وايتس 30 اقراص,MAG WHITE 30 TAB,1963394
ماج وايتس 60 اقراص,MAG WHITES 60 TAB,2511797
ماج وايتس بلو برطمان,MAG WHITE 30 TAB,2669172
ماجديكا 30 اقراص,MAGDICA 30 TABS,2641727
ماجليفان ماغنسيوم 30 اقراص,MAGLIVAN 1000 MG 30 TAB,2359154
ماجنا توب 20 اقراص قديم,MEGANA OIL,2399488
ماجنا توب اقراص,MEGANA OIL,2645880
ماجناتوب 24 اقراص,MAGNATOB 24 TABS.,1471022
ماجنيسول 0.5 جم / 5 مل 6 امبول امبول,MAGNISOL 0.5 GM / 5 ML 6 AMPS,2500933
ماجيك اويل كبير,PRETTY WOMAN MAGICA LIP OIL LEMON NO 1,2632013
ماجيك زيت شعر 120 مل,MAGIC HAIR OIL 120 ML,2471775
ماجيك زيت شعر 60 مل,MAGIC HAIR OIL 60 ML,905035
ماجيك شامبو للشعر 250 مل,MAGIC HAIR SHAMPOO 250 ML,2142865
ماجيك كريم شعر 100 جم,MAGIC HAIR CREAM 100 GM,2508840
ماجيك لوك كريم 40 جم,MAGIC LOOK CREAM 40 GM,2510869
ماجيكو كلير سيروم للبشره 30 مل 250,MAGKO CALMING MASSAGE CREAM 60 GM,2627409
ماديرا 8 كيس,MADERA 8 SACHTS,2499351
ماربالين 0.1 % كريم 30 جم,MARPALENE 0.1 % TOPICAL CREAM 30 GM,1301086
مارتافيفا 2 / 0.03 مجم 21 اقراص,MARTAVIVA 2 / 0.03 MG 21 TABS.,2561528
مارسالاز 500 مجم 30 اقراص,MARSALAZ 500 MG 30 ENTERIC COATED TAB.,1566770
مارشوماب قطره بالفم 30 مل,MARSHO MAB ORAL DROPS 30 ML,2499975
مارفي دي قطره بالفم 15 مل,MARVY D ORAL DROPS 15 ML,2197966
مارفيتنس 20 / 5 / 12.5 مجم 30 اقراص,MARVITENSE 20 / 5 / 12.5 MG 30 F.C. TABS.,2159836
مارفيتنس 40 / 10 / 25 مجم 30 اقراص,MARVITENSE 40 / 10 / 25 MG 30 F.C. TABS.,2099516
مارفيتنس 40 / 5 / 12.5 مجم 30 اقراص,MARVITENSE 40 / 5 / 12.5 MG 30 F.C. TABS.,2342313
مارفيل كريم 100 جم,MARVEL HAIR CREAM 100 GM,2530623
مارك فاست 30 كبسول,MARK FAST 30 CAPS.,905049
ماركال 30 اقراص,MARCAL 30 TABS,2127381
ماركال بلس 30 اقراص,MARCAL PLUS 30 TABS,2347023
ماركريزا مرهم 30 جم,MARCRISA OINT 30 GM,2330865
مارليوس شامبو 150 مل,MARLEOCE SHAMPOO 150 ML,2093143
مارنيز ارتروهيلب 60 كبسول,MARNYS ARTROHELP 60 CAPS,2446310
مارنيز ال كارنتين 2000 مجم 10 زجاجات بالفم 11 مل,MARNYS L CARNITINE 2000 MG 10 ORAL BOTTLES 11 ML,2641509
مارنيز اوميجا 3 60 كبسول,MARYNS OMEGA 3 60 CAPS,2514898
مارنيز اوميجا 3 شراب 125 مل,MARNYS OMEGA 3 FISH OIL SYRUP 125 ML,2370733
مارنيز اوميجا 3 شراب 50 مل,MARNYS OMEGA 3 FISH OIL SYRUP 50 ML,2641587
مارنيز بروتيكت شراب 125 مل,MARNYS PROTECT SYRUP 125 ML,2561195
مارنيز جينسينج 1000 مجم و ليسيثين 30 كبسول,MARNYS GINSENG 1000 MG WITH LECITHIN 30 CAPS.,2448337
مارنيز نيوكاربون 30 كبسول,MARNYS NEOCARBON 30 CAPS,1659776
ماري مير هيجين بخاخه,FIVE FIVES COLONGE 200 ML SPRAY MARIE ROUGE,2270567
مارياجون 140 مجم 30 كبسول,MARIAGON 140 MG 30 CAPS,2497394
ماريفو مساج جل 50 جم,MARIVO MASSAGE GEL 50 GM,2530621
ماريمير بخاخ للانف ايزوتونيك 100 مل,MARIMER ISOTONIC N. SPRAY 100 ML,2363164
ماريمير بخاخ للانف هايبرتونيك 100 مل,MARIMER HYPERTONIC NASAL SPRAY 100 ML,1733810
ماريمير هيبر تونيك,MARIMER HYPERTONIC NASAL SPRAY 100 ML,2603675
مارينو كولد اسبري,MERONO 10 SACHETS,2344023
مارينوكوند بخاخ,MARINOCOND SPRAY,2397597
مازنجر شراب 120 مل,MAZENGER SYRUP 120 ML,2219852
مازيمال 200 مجم 20 اقراص,MAZEMAL 200 MG 20 F.C. TABS,1995189
ماس سنون انسولين 5 مل 100 قطعه,INSULIN NIB 5 M MASS 100 PCS,2207504
ماسا كريم 50 جم,MASA CREAM 50 GM,1740885
ماساتونيك غسول تفتيح 200 مل,MASSATONIC WHITENING CLEANSER 200 ML,1181900
ماساتونيك غسول للبشره 200 مل,MASSATONIC FACIAL CLEANSER 200 ML,2383006
ماستر بانثينول كريم 50 جم,MASTER PANTHENOL CREAM 50 GM,2274933
ماسك ان 95 العلبه 10 قطع,MASCOO INSULIN SYRINGES CM ML 10 PCS 3,2603676
ماسك صنفره ستاركي تشيز كيك,STARKY NATURAL SCRUB CREAM 300 ML WITH GOLD,2494649
ماسك صنفره ستاركي توت احمر,STARKY NATURAL SCRUB CREAM 300 ML WITH GOLD,2329398
ماسك صنفره ستاركي لبان دكر,STARKY NATURAL SCRUB CREAM 300 ML WITH GOLD,2626363
ماسك صنفره ستاركي لبن,STARKY NATURAL SCRUB CREAM 300 ML WITH GOLD,2559092
ماسك صنفره ستاركي مانجو,STARKY NATURAL SCRUB CREAM 300 ML WITH GOLD,2626362
ماسك صنفره ستاركي مشمش,STARKY NATURAL SCRUB CREAM 300 ML WITH GOLD,2626361
ماسك صنفره ستاركي نعناع,STARKY NATURAL SCRUB CREAM 300 ML WITH GOLD,2626364
ماسك نوبليزر اطفال رينوميد,NEBULIZER MASK FOR PEDIATRICS,2331111
ماسك نوبليزر اطفال ميدي كير,NEBULIZER MASK FOR PEDIATRICS,2130098
ماسك نوبليزر كبار رينوميد,NEBULIZER MASK FOR ADULT,2331110
ماسك نوبليزر كبار ميدي ماكس,NEBULIZER MASK FOR ADULT,2252048
ماسك نيبولايزر اطفال,NEBULIZER MASK FOR PEDIATRICS,2603677
ماسك نيبولايزر كبار,NEBULIZER MASK FOR ADULT,2603679
ماسك نيوبلايزر اطفال,NEBULIZER MASK FOR PEDIATRICS,2130188
ماسك نيوبلايزر كبار,NEBULIZER MASK FOR ADULT,1400474
ماسكو اكياس جمع بول كبار,MASCO ADULT URINE COLLECTION BAG,2633882
ماسكو سرنجات 3 سم اطفال علبه,MASCO 3 CM CHILDREN SYRINGE BOX,1399889
ماسكو سرنجات 3 سم كبار علبه,MASCO 3 CM ADULT SYRINGE BOX,1399859
ماسكو سرنجات 5 سم علبه,MASCO 5 CM SYRINGE BOX,1399952
ماسكو سرنجات ادويه 75 قطعه,MASCOO BUBBLES ORAL SYRINGE FOR KIDS 75 PIECES,1454439
ماسيرا مساج جل 50 جم,MASSERA MASSAGE GEL 50 GM,1675630
ماسين كريم,MOISNIP 50 G CREAM,2603678
ماش صن بلوك 45 / 60 مل,MASH SUN BLOCK 45 SPF LOTION 60 ML,2621782
ماش صن بلوك 45 125 مل,MASH SUN BLOCK 45 SPF LOTION 125 ML,1535873
ماش صن بلوك 45 60 مل,MASH SUN BLOCK 45 SPF LOTION 60 ML,2437375
ماش صن بلوك 95 125 مل,MASH SUN BLOCK 95 SPF LOTION 125 ML,2194568
ماش صن بلوك 95 60 مل,MASH SUN BLOCK 95 SPF LOTION 60 ML,904191
ماش صن سكرين كريم 125 جم,MASH SUNSCREEN SPF 50 + CREAM 125 GM,1977342
ماغنسيوم 10 % 5 امبول شركه ايبيكو,MAGNESIUM SULFATE 10 % EIPICO 5 I.V. AMPS. 10 ML,2247320
ماغنيسيوم بلس 30 اقراص,MAGNESIUM PLUS 30 TAB.,2437376
مافو 100 مجم / مل شراب 100 مل,MAFO 100 MG / 5 ML SYRUP 100 ML,2498163
مافو 400 مجم 30 اقراص,MAFO 400 MG 30 F.C.TABS,2421576
مافي 30 كبسول,MAVEY 30 CAPS,1740888
مافيكسا جل 20 اكياس,MAVIXA GEL 20 SACH,1740889
مافيلور 10 مجم 30 اقراص,MAVILOR 10 MG 30 TAB,1033010
مافيلور 2.5 مجم 30 اقراص,MAVILOR 2.5 MG 30 TAB,905059
مافيلور 5 مجم 30 اقراص,MAVILOR 5 MG 30 TAB.,905061
مافيلور بلس 5 / 12.5 مجم 30 قرص,MAVILOR PLUS 5 / 12.5 MG 30 TABS,2455188
مافيلور بلس 5 / 25 مجم 30 قرص,MAVILOR PLUS 5 / 25 MG 30 TABS,2221970
ماكرو بانثينول كريم 50 جم,MACRO PANTHENOL CREAM 50 GM,2507567
ماكرو بانثينول لوشن 100 مل,MACRO PANTHENOL LOTION 100 ML,2468831
ماكروفيوران 100 جم 30 كبسول,MACROFURAN 100 MG 30 CAPS.,2396496
ماكروفيوران 50 مجم 30 كبسول,MACROFURAN 50 MG 30 CAPS.,2143996
ماكروليز شرب,,2463469
ماكس افينو كريم 50 جم,MAX AVENO 50 GM CREAM,2499977
ماكس تاتش مناديل مبلله 120 منديل,MAX TOUCH WET WIPES 120 WIPES,2166658
ماكس تاتش مناديل مبلله 20 منديل,MAX TOUCH WET WIPES 20 WIPES,2224213
ماكس تاتش مناديل مبلله 40 منديل,MAXTOUCH WIPES 40 PS,2130594
ماكس تاتش مناديل مبلله 80 منديل,MAXTOUCH WIPES 80 PS,1779354
ماكس تاتش مناديل مبلله اطفال 120 منديل,MAX TOUCH BABY WET WIPES 120 WIPES,1779353
ماكس تاتش مناديل مبلله اطفال 40 منديل,MAX TOUCH BABY WET WIPES 40 WIPES,1779352
ماكس تاتش مناديل مبلله جيب 15 منديل,MAX TOUCH WET WIPES 15 WIPES,2346974
ماكس كير مناديل مبلله 20 منديل بالخيار,MAX CARE WET WIPES 20 WIPES WITH CUCUMBER,2224215
ماكس كير مناديل مبلله 20 منديل بالورد,MAX CARE WET WIPES 20 WIPES WITH FLOWER,2224216
ماكس ماسل زد ام ايه سبورت 60 اقراص,HI MAX 20 TAB,2588377
ماكس ماسيل ميجا مالتي سبورت للرجال 60 قطعه,MAX MUSCLE MEGA MULTI SPORT FOR MRN 60 TAB,2588371
ماكس هيلوكير كريم 50 جم,MAX HYLOCARE CREAM 50 GM,2146023
ماكس ويل مساج جل 100 جم,MAXWELL MASSAGE GEL 100 GM,2603686
ماكسرداكس جل 100 جم,MAXRDAX GEL 100 GM,1870902
ماكسرون جل مساج 50 جم,MAXRONE MASSAGE GEL 50 GM,2112908
ماكسن كريم 75 جم,MACSEN CREAM 75 GM,905073
ماكسوفاج اكس ار 1000 مجم 30 اقراص,MAXOPHAGE XR 1000 MG 30 EXT. REL. TABS.,905064
ماكسي كير كريم 75 مجم,MAXI CARE CREAM 75 GM,2603684
ماكسيبيم 1 جم امبول,MAXIPIME 1 GM VIAL,1504948
ماكسيبيم 500 مجم امبول امبول,MAXIPIME 500 MG VIAL,2672386
ماكسيدينير 125 مجم / مل شراب 60 مل,MAXDINIR 125 MG / 5 ML 60 ML SUSP,2157050
ماكسيدينير 250 / 5 مجم / مل شراب 60 مل,MAXDINIR 250 MG / 5 ML 60 ML SUSP,1172429
ماكسيدينير 300 مجم 10 كبسول,MAXDINIR 300 MG 10 CAPS.,1804679
ماكسيكال 30 اقراص,MAXICAL 30 TABS,2194580
ماكسيكال 600 3 شريط,MAXICAL 30 TABS,2437389
ماكسيكال بلس 30 اقراص,MAXICAL PLUS 30 TAB,1741982
ماكسيكال دي شراب 120 مل,MAXICAL D SUSPENSION 120 ML,2363910
ماكسيلاز 200 وحده / مل شراب 100 مل,MAXILASE 200 CEIP UNIT / ML SYRUP 100 ML,905072
ماكسيلاز 200 وحده / مل شراب 200 مل,MAXILASE 200 CEIP UNIT / ML SYRUP 200 ML,2072645
ماكسيلاز شراب كبير 200 مل,MAXILASE 200 CEIP UNIT / ML SYRUP 200 ML,2681384
ماكسيلايت محلول للشرب بالتفاح 240 مل,MAXILYTE DRINK SOLUTION APPLE 240 ML,1862757
ماكينه باديكير + امواس,ASHLEY PEDICURE MACHINE + RAZOR BOX,2382623
ماكينه باديكير + امواس,ASHLEY PEDICURE MACHINE + RAZOR BOX,2130464
ماكينه حلاقه بيج بن حصيره 24 ق,BIG BEN TWIN BLADE DISPOSABLE RAZORS SET OF 24 PIECES,2566875
ماكينه حلاقه حريمي 3 + 1 / جاتلي,DORCO EVE 3 BLADES 4 RAZORS 3 + 1,2638242
ماكينه حلاقه سيدات اليس 1 قطعه / بنك بشره حساسه,ALICE FOR WOMEN 5 PCS,2638261
ماكينه حلاقه سيدات اليس 1 قطعه / مووف بشره عاديه,DORCO PLUS SHAVER BLACK 1 PIECE,2638269
ماكينه حلاقه فينوس 4 قطع,NASET RAZOR BLADES 48 PIECES,1545381
ماكينه حلاقه لورد معدن,ALICE ALICE MINT 2 PCS,2130218
مالتي جرينتو شراب 100 مل,MULTIGRINTO SYRUP 100 ML,2181532
مالتي ريلاكس 10 مجم 20 اقراص,MULTI RELAX 10 MG 20 F.C.TAB,1740899
مالتي ريلاكس 5 مجم 20 اقراص,MULTI RELAX 5 MG 20 F.C. TAB.,905074
مالفا غسول مهبلي 120 مل,MALVA VAG DOUCHE 120 ML,2355645
مالفا غسول مهبلي 240 مل,MALVA VAG DOUCHE 240 ML,1659563
مالكون مساج كريم 50 جم,MALCON 50 GM MASSAGE CREAM,1740901
ماليندا غسول للبشره جل 250 مل,MALINDA SKIN CLEANSER GEL 250 ML,2129542
ماليندا كريم مرطب 120 جم,MALINDA CREAM 120 GM,2126851
ماليندا مرطب شفاه 15 جم,MALINDA LIP BALM 15 GM,2421450
ماما تشيك اختبار حمل المنزلي,MAMA CHECK PREGNANCY TEST,2438787
مامانور 20 كبسول,MAMANOR 20 CAPS,2146088
مامي فيتال 20 كبسول,MAMY VITAL 20 CAPS,2471779
مامي فيتال بلس 20 اقراص,MAMYVITAL PLUS 20 CAPS,1937969
مامي فيتال بلس كبسول,MAMY VITAL 20 CAPS,2640552
مامي كير كريم 50 جم,MAMY CARE CREAM 50 GM,2127373
مامي ميلك 20 كبسول,MAMI MILK 20 CAP,1659567
مان ايدج 30 كبسول,MAN EDGE 30 CAP,1865931
مان برافا 20 اقراص,MAN BRAVA 20 TABS,2522473
مان زون واكس 125 مل برطمان برتقالي اكسترا شاين,CLAY WAX 125 ML EXTRA SHINE ORANGE,2367095
مان لوك بلسم بعد الحلاقه 125 مل بالصبار اخضر وفر 3,MAN LOOK AFTER SHAVING BALSAM 125 ML ALEOVERA,2168734
مان لوك جل اكياس لمظهر سبايكي 250 مل ابيض,MAN GEL LOOK SPIKY 250 ML,1400621
مان لوك جل اكياس لمظهر كيرلي 250 مل اخضر,MAN GEL LOOK CURLY 250 ML,1641821
مان لوك جل للشعر انبوبه 250 مل ازرق,MAN LOOK HAIR GEL WET LOOK 250 ML,1400539
مانتين 10 مجم 30 اقراص,MANTINE 10 MG 30 F.C. TAB.,2127372
مانزافيدا 30 كبسول,MANZAVIDA 30 CAP,2475957
مانوفيبركين 10 % بخاخ 15 مل,MANOVIPERCAINE 10 % SPRAY 15 ML,1615216
مانوفيبركين بلس بخاخ 15 مل,MANOVIPERCAINE PLUS TOPICAL SPRAY 15 ML,2128049
مانيبيوليبسي 400 مجم 30 اقراص,MANIPULEPSY 400 MG 30 CAPS,1489631
مانيتول 10 % وريد 500 مل,MANNITOL 10 % I.V. INF. 500 ML,2287026
ماونجيلي حديد وفيتامين سي 60 قطعه,MOUNJELLY IRON VITAMIN C 60 GUMMIES,1624933
ماونجيلي كالسيوم + فيتامين د 3,MOUNJELLY IRON VITAMIN C 60 GUMMIES,2223543
ماونجيلي مالتي فيتامين,MOUNJELLY MELATONIN 60 GUMMIES,2223544
ماونجيلي ميلاتونين 60 قطعه,MOUNJELLY MELATONIN 60 GUMMIES,1624934
ماي بيبي اختبار حمل قلم,MY BABY PREGNANCY TEST,2320158
ماي جواشا سيرم 30 مل,MY GWAASHA SERUM 30 ML,2353944
ماي سمايل رول اون وايتنج بلوبيري,MY SMELL DEODRANT ROLL 50 ML FOR RED,2143678
ماي سميل بلو بيري,COLOUR ME PERFUME FOR MEN 90 ML BLUE,2099547
ماي سميل ديودرنت 50 مل,SOME BY MI SERUM 50 ML,2618692
ماي سميل رول اون مزيل عرق 50 مل للسيدات بمبي,MY SMELL DEODRANT ROLL 50 ML FOR WOMEN PINK,2099548
ماي سميل رول مزيل,MY SMELL DEODRANT ROLL 50 ML FOR RED,1740905
ماي سويت بيبي ان شراب 125 مل,MY SWEET BABY N SYRUP 125 ML,2515479
ماي سويت بيبي شراب,MY SWEET BABY N SYRUP 125 ML,2625775
ماي فيتوس 30 اقراص,MY VITOS 30 CAPS,2140403
ماي فيرو 30 اقراص,MY FERRO 30 PIECES,2499548
ماي فيرو شراب 120 مل,MY FERRO SYRUP 120 ML,2499549
ماي كيدز بيبي لوسيون 110 مل,MI KIDS BABY LOTION 110 ML,2618698
ماي كيدز شامبو 90 مل,MI KIDS SHAMPOO 90 ML,1738328
ماي كيدز لوسيون للشعر 110 مل,MI KIDS LOTION 110 ML,2146213
ماي لورا بادي سبلاش 200 مل جوز هند,MY LORA BODY SPLASH FOR WOMEN 200 ML COCONUT,2006723
ماي لورا بادي سبلاش 200 مل خمره,MY LORA BODY SPLASH FOR WOMEN 200 ML KHOMRA,2006724
ماي لورا بادي سبلاش 200 مل رومان مسك,MY LORA BODY SPLASH FOR WOMEN 200 ML ROMA MUSK,2131724
ماي لورا بادي سبلاش 200 مل سلطانه,MY LORA BODY SPLASH FOR WOMEN 200 ML SOLTANA,2131725
ماي لورا بادي سبلاش 200 مل فاروله بوند,MY LORA BODY SPLASH FOR WOMEN 200 ML STRAWBERRY BOND,2006727
ماي لورا بادي سبلاش 200 مل فانيليا,MY LORA BODY SPLASH FOR WOMEN 200 ML VANILLA,2006728
ماي لورا بادي سبلاش 200 مل يارا,MY LORA BODY SPLASH FOR WOMEN 200 ML YARA,2006729
مايتونكس 30 اقراص,MYTONEX 30 TAB,2533085
مايكا 20 اقراص,MICA 20 TABS,2140277
مايكا 30 اقراص,MICA 30 TAB,2143509
مايليزيكس شراب 100 مل,MYLAIZEX SYRUP 100 ML,2128832
مايوديورا 10 مجم 30 اقراص,MYODURA 10 MG 30 TAB.,2675805
مايوكول كريم 100 جم,MYOCOOL CREAM 100 GM,2604332
مايوكول كريم 60 جم,MYOCOOL CREAM 60 GM,2570919
مبرد اظافر استانلس,NAIL FILE,1400638
مبرد قدم,FOOT FILE LASER,2100058
مبوله حريمي,URINE COLLECTOR FOR WOMEN,2603690
مبوله حريمي,URINE COLLECTOR FOR WOMEN,2129815
مبوله رجالي,URINE COLLECTOR FOR MEN,2603691
مبوله رجالي,URINE COLLECTOR FOR MEN,2130617
مترو هيلر بخاخ,EMOTRO 120 PIECES,2099553
متروهيلر 12 مكجم 30 كبسول + بخاخ,METROHALER 12 MCG 30 CAP + INHALER,905090
مجليفان ماغنسيوم,MAGLIVAN 1000 MG 30 TAB,2472545
مجليفان ماغنسيوم 30 اقراص,MAGLIVAN 1000 MG 30 TAB,2489718
مجليفان ماغنسيوم 30 اقراص / ليفان كير,MAGLIVAN 1000 MG 30 TAB,2531130
محلول جلوكوز 10 % انترا بكاب,GLUCOSE 5 % 500 ML INTRA PHARM,2378181
محلول جلوكوز 5 % الفتح,GLUCOSE 5 % 500 ML ATCO,1769183
محلول جلوكوز 5 المتحدون,GLUCOSE 5 % 500 ML ATCO,2675396
محلول جلوكوز الفتح,GLUCOSE 5 % 500 ML ATCO,2619702
محلول جلوكوز المتحدون + 3,GLUCOSE 5 % 500 ML ATCO,2287999
محلول جلوكوز كاب 10 % انترا,GLUCOSE 5 % 500 ML INTRA PHARM RUBBER,2233297
محلول جلوكوز ملحي خليط انترا بكاب,GLUCOSE 5 % 500 ML INTRA PHARM,1769182
محلول جليسين 1.5,GLUCOSE 5 % 500 ML GIPCCO,1989966
محلول خليط ملح + جلوكوز,GLUCOSE 5 % 500 ML GIPCCO,2075725
محلول رينجر 500 سم بالعلبه,GLUCOSE 5 % 500 ML GIPCCO,1535897
محلول رينجر الفتح س 24,NORMAL SALINE 9 % ELFATAH PACKAGE,2619703
محلول رينجر المتحدون,NORMAL SALINE 9 % MOTTAHEDOON PACKAGE,2675397
محلول رينجر جيبكو,GLUCOSE 5 % 500 ML GIPCCO,2384346
محلول رينجر عادي المتحدون,RINGER SOLUTION NORMAL PACKAGE,2160566
محلول عدسات كليويل 250 مل,CLIWELL CONTACT LENS SOLUTION 250 ML,2636047
محلول عدسات ليندا 100 مل,DESIO LENSES SOLUTION 100 ML,2636048
محلول كلوريد الصوديوم 0.9 % المتحدون 500 مل,SODIUM CHLORIDE 0.9 % MOTTAHEDOON I.V. INF. 500 ML,2452798
محلول كلوريد الصوديوم 0.9 % انترا فارم 500 مل بكاب,SODIUM CHLORIDE 0.9 % INTRA PHARM I.V. INF. 500 ML RUPPER CAP,1769186
محلول ملح / 20 زجاجه,NORMAL SALINE 9 % EL NILE,2291169
محلول ملح 0.9 % الفتح فيبكو 500 مل,SODIUM CHLORIDE 0.9 % FIPCO I.V. INF. 500 ML,1884290
محلول ملح 0.9 % المتحدون بدون كاب,NORMAL SALINE 9 % MOTTAHEDOON PACKAGE,2491943
محلول ملح 0.9 % النصر,SODIUM CHLORIDE 0.9 % EL NASR 500 ML,2356287
محلول ملح 0.9 % بالكاب انتر فارم,SODIUM CHLORIDE 0.9 % ATCO 500 ML RUPPER,2515567
محلول ملح 0.9 % بكاب انترفارما,SODIUM CHLORIDE 0.9 % MUP 500 ML RUPPER,2680900
محلول ملح 9 % المتحدون كرتونه,NORMAL SALINE 9 % MOTTAHEDOON PACKAGE,919544
محلول ملح 9 % فيبكو جديد,SODIUM CHLORIDE 0.9 % GIPCCO 500 ML,2636856
محلول ملح بالعلبه,NORMAL SALINE 9 % EL NILE,1535898
محلول ملح كلوريد صوديوم 9 % المهن كرتونه 16 زجاجه 432,SODIUM CHLORIDE 0.9 % MUP 500 ML RUPPER PACKET,2671751
محلول منتول 10 % كرتونه,GLUCOSE 5 % 500 ML PACKET,2218902
مخده حراريه ماس,MAS THERMAL PILLOWCASE,2603692
مخده منحدر كبار + شنطه ميكس,ROSSMAX HEATING PAD,2131354
مخمريه العود الملكي,CLEOPATRA PEFRUME ELOUD EL MALAKY,2382639
مديكسافلام 15 مجم 12 لبوس,MEDEXAFLAM 15 MG 12 SUPP.,2535618
مديكسافلام 15 مجم 20 اقراص,MEDEXAFLAM 15 MG 20 TABS.,2474177
مديكسافلام 7.5 مجم 20 اقراص,MEDEXAFLAM 7.5 MG 20 TABS.,2144503
مديكورفال بخاخ 100 مكجم / 6 مكجم 120 جرعه,MDICORVAL 100 MCG / 6 MCG 120 METERED ACTUATIONS,2500754
مديكورفال بخاخ 200 مكجم / 6 مكجم 120 جرعه,MDICORVAL 200 MCG / 6 MCG 120 METERED ACTUATIONS,2455199
مديكورفال بخاخه,MDICORVAL 100 MCG / 6 MCG 120 METERED ACTUATIONS,2651316
مرامكو اكياس جمع بول للكبار,MARAMCOADULT URINE COLLECTION BAG,2625750
مرتبه هوائيه ستار,PRIMA AIR MATTRESS,2603693
مرتبه هوائيه صيني,PRIMA AIR MATTRESS,1779289
مرهم اكتيول الاهرام بالدسته,ICHTHYOL OINTMENT PACKET ALAHRAM,1868576
مرهم اكتيول باكت 12 ق اسود,PERFECT ICHTHYOL OINTMENT 12 PCS,2603694
مرهم راسب ابيض 12 ق,PERFECT WHITE PPT OINTMENT 12 PCS,1779291
مرهم راسب ابيض الاهرام بالدسته,WHITE PPT OINTMENT PACKET ALAHRAM,2131192
مرهم راسب ابيض باكت 12 قطعه,PERFECT WHITE PPT OINTMENT 12 PCS,2603695
مرهم زنك الاهرام بالدسته,ZINC OINTMENT PACKET ALAHRAM,2130107
مرهم سالسيلك 12 ق,DIPROSALIC OINT. 15 GM,2130274
مرهم سالسيليك الاهرام بالدسته,SALICYLIC OINTMENT PACKET ALAHRAM,1399823
مرهم كبريت 12 ق,LIFE CHEMICAL SULPHUR OINTMENT PACKET,1779295
مرهم كبريت الاهرام بالدسته,SULPHUR OINTMENT PACKET ALAHRAM,1399947
مس ازرق 12 ق,GENTIAN VIOLET SPRAY,1779298
مس ازرق بالدسته,GENTIAN VIOLET PACKET,2603696
مس ازرق جنتيانا بالدسته,GENTIAN VIOLET PACKET,2131131
مس كستلائي 12 ق,CASTELLANIS PAINT EMA PACKET 12 PCS,2174624
مس كستلاني الاهرام بالدسته 12 قطعه,CASTELLANIS PAINT AHRAM PACKET 12 PCS,2131305
مستال 80 جم جل,MESTAL MASSAGE GEL 80 GM,2511148
مستال جل مساج 80 جم,MESTAL MASSAGE GEL 80 GM,1659576
مستر بيبي ديابرا ريش كريم 50 جم,MASTER 50 GM CREAM,2551646
مستر بير بلس برتقال شراب 160 مل,MR. BEAR PLUS ORANGE SYRUP 160 ML,1362281
مستر بير بلس برتقال شراب 400 مل,MR. BEAR PLUS ORANGE SYRUP 400 ML,1783174
مستر بير فروتا عصير مانجو 160 مل,MR. BEAR FRUTA JUICE MANGO 160 ML,2589058
مستر بير فروتا عصير مانجو 400 مل,MR. BEAR FRUTA JUICE MANGO 400 ML,1925950
مستر جامي اوميجا 3 + فيتامين دي 3 60 قطعه,MR GUMMY OMEGA 3 + D 3 60 GUMMIES,2174264
مستر جامي كولاجين 60 جامي,MR GUMMY COLLAGEN 100 TAB,2551641
مستر جومي اوميجا 3 60 قطعه,MR.GUMMY OMEGA 3 60 GUMMIES,2292572
مستر جومي حديد 60 قطعه,MR GUMMY IRON 60 PIECES,1600668
مستر جومي فيتامين سي 60 قطعه,MR.GUMMY VITAMIN C 60 GUMMIES,1750650
مستر جومي كولاجين 100 اقراص,MR GUMMY COLLAGEN 100 TAB,2174268
مستر جومي لاديفا 100 قطعه,MR.GUMMY LA DIVA 100 GUMMIES,1131274
مستر جومي مالتي فيتامين + زنك 60 قطعه,MR.GUMMY MULTI VITAMIN ZINC 60 GUMMIES TABS,2551642
مستر جومي مالتي فيتامين 60 قطعه,MR.GUMMY MULTI VITAMIN 60 GUMMIES TABS,1131275
مستر كاربونيو 24 ك,MASTER 24 CAP,1965277
مستينا شامبو 200 مل,MISTINA SHAMPOO 200 ML,2498638
مستينون 60 مجم 150 اقراص,MESTINON 60 MG 150 TAB.,2331902
مسحه كحوليه,ALCOHOL PAD,2603697
مسحه كحوليه,ALCOHOL PAD,1779303
مسحه كحوليه / ماسكو,ALCOHOL PAD,2513656
مسك الطهاره,MUSK ALTAHARA YARA,1462018
مسك الطهاره نسائم ابيض,MUSK ALTAHARA NASAEM WHITE,1779302
مسك الطهاره نسائم رجالي عود,MUSK ALTAHARA NASAEM FOR MEN OUD,2131197
مسك الطهاره نسائم زهور,MUSK ALTAHARA NASAEM FLOWERS,2276364
مسك الطهاره نسائم فراوله,MUSK ALTAHARA NASAEM STRAWBERRY,2276365
مسلجيكس 20 كبسول,MUSLGIX 20 CAPS.,1799730
مسواك معجون كبير قرنفل,NEBULIZER MASK FOR ADULT,2456466
مشايه متحركه مستورد 2 بار,FRIDA FABRIC SOFTENER GARDENIA 2 LITTER,2131656
مشبك صره,BABI PACIFIER WITH CHAIN AND CLIP,2331108
مشط بلاستك كبير,PLASTIC COMB SET 8 PS,2327490
معجون اسنان فلورو للاطفال بالكولا,FLUORO TOOTHPASTE 50 G WITH COLA,2603698
مفرش سرير دراي بلس 180 90 عبوه 30 ق,DRY PLUS UNDERPADS 180 90 CM 30 PS,2175155
مفرش سرير دراي بلس 60 90 سم 30 قطعه,DRY PLUS UNDERPADS 60 90 CM 30 PS,2207466
مفرش سرير ساني 30 ق,SANI BEDPODS 60 90 CM 30 PS,2361989
مفرش سرير ساني 60 90 سم 15 قطعه,SANI BEDPODS 60 90 CM 15 PS,2626250
مقص ستانلس اشلي,FE STAINLESS MANICURE SCISSORS 042,1779324
مكستارد انسولين 30 اتش ام 100 وحده / مل 10 مل امبول,MIXTARD 30 HM 100 I.U. / ML 10 ML VIAL,2453481
مكستارد انسولين 30 اتش ام 100 وحده / مل 5 بينفل,MIXTARD 30 HM 100 I.U. / ML 5 3 ML PENFILLS,1562580
ملاتوكالم 30 قرص تحت اللسان,MELATOCALM 30 SUBLINGUAL TABLETS,2562799
ملايه سرير,MYLOHANCE 20 CAPS,2224371
ملح انجليزي,EPSOM SALT ALAHRAM,1436334
ملح انجليزي 20 ق,EPSOM SALT EMA 12 PCS,2129866
ملح لبن لارا جوزهند,LARA MILK SPA WITH COCONUT 300 GM,2559077
ملح لبن لارا زبادي,LARA MILK SPA WITH YOGURT 300 GM,2329487
ملقاط بصمه,TWEEZER FINGERPRINT ON CARD,2270328
ملقاط بصمه اشلي,ASHLEY FINGERPRINT TWEEZERS CODE 839,1779334
ممفيس بانثينول كريم 30 جم,MEMPHIS PANTHENOL CREAM 30 GM,2377182
مناديل ايزي باك هاندي 60 منديل,HANDY EASY PACK 120 TISSUE,2445739
مناديل شمع 100 منديل / فيونا,VIONA WAXING WIPES – 100 PCS,2638239
مناديل فيونا 20 منديل اطفال,VIONA WET WIPES 120 PIECES FOR KIDZ ROSE,2560734
مناديل قطونيل 500 منديل,JOY TISSUES 500 TISSUES,1779350
مناديل مبلله بيمبو جيب 10 ق,RONZA POCKET WIPES 15 WIPES,2169776
مناديل مبلله ماكس كير اطفال 20 منديل,MAX TOUCH BABY WET WIPES 24 WIPES,2669836
مناديل مبلله هايت فريش مزيل مكياج 25 منديل,HIET FRESH HIET FRESH WET WIPES FRESH ROSE 40 WIPES,2131699
منتالوسيتين 20 كبسوله,MENTALOCITIN 20 CAP,2397595
منتو كاربون 30 كبسول,MINTO CARBON 30 CAPS,2492921
منتوبلكس 20 كبسول,MENTOPLEX 20 CAPS.,905101
منر اوميجا 30 كبسول,MNR OMEGA 30 CAPS,2562506
منر سكين بون 30 اقراص,MNR SKIN BONE 30 TAB,2346992
منسبرم 30 اكياس,MINSPERM 30 SACHET,2568173
منظم ادويه اسبوعي,WEEKLY PILL ORGANIZER 4 DOSES,1401054
منظم جرعات اسبوعي 1 7,WEEKLY PILL ORGANIZER 4 DOSES,1779370
منظم جرعات دواء اسبوعي 2 جرعه,WEEKLY PILL ORGANIZER 2 DOSES,2131093
منظم جرعات دواء اسبوعي 3 جرعه,WEEKLY PILL ORGANIZER 3 DOSES,1779372
منظم جرعات دواء اسبوعي 4 جرعه,WEEKLY PILL ORGANIZER 4 DOSES,1779373
منك حمام كريم 400 مل ثوم,MINK CONDITIONING CREAM GARLIC 400 ML,2625603
منك هير واكس 150 مل اصفر 15 % خ,MINK CREAM HAIR WAX HONEY 150 ML,1935447
مو اجار 8 كيس,MOO AGAR 8 SACHET,2127368
موبي ايز جل 120 جم,MOBIEASE GEL 120 GM,1924303
موبي ايز جل 60 جم,MOBIEASE GEL 60 GM,1854208
موبيتيل 15 مجم 10 اقراص,MOBITIL 15 MG 10 TAB.,2156829
موبيتيل 15 مجم 6 لبوس,MOBITIL 15 MG 6 SUPP.,1301275
موبيتيل 7.5 مجم 10 اقراص,MOBITIL 7.5 MG 10 TAB.,2603701
موبيراكس 2 % مرهم 10 جم,MUPIRAX 2 % OINT. 10 GM,905108
موبيراكس 2 % مرهم 30 جم,MUPIRAX 2 % OINT. 30 GM N / A,2535437
موبيروسين ساجا 2 % مرهم 20 جم,MUPIROCIN SAJA 2 % TOP. OINT. 20 GM,2456972
موبيلكس 10 اكياس,MOBILEX 10 SACHETS,2253041
موبينورم بخاخ 120 مل,MOBINORM SPRAY 120 ML,2194607
موبينورم كريم 60 جم,MOBINORM CREAM 60 GM,1724432
موتيليم 10 مجم 40 اقراص,MOTILIUM 10 MG 40 F.C.TAB.,2156739
موتينورم 5 مجم / 5 مل شراب 125 مل,MOTINORM 5 MG / 5 ML SUSP. 125 ML,1622458
مود بادي سبلاش 175 مل موف سانتوريتي,MOOD BODY SPLASH 175 ML TAHITI,2559076
مود بادي لوشن 150 مل بني,MOOD KHALJI BODY LOTION 150 ML,2672670
مود بادي لوشن 150 مل بينك,MOOD KHALJI BODY LOTION 150 ML,2630364
مود بادي لوشن 150 مل لبني,MOOD KHALJI BODY LOTION 150 ML,2672671
مود شاور جل 750 مل تاهيتي اخضر,MOOD SHOWER GEL TAHITI 750 ML,2646215
مود شاور جل 750 مل سانتوريني موف,MOOD SANTORINI SHOWER GEL 750 GM,2646222
مود شاور جل 750 مل فيينا برتقالي 819,MOOD SHOWER GEL VIENNA 750 ML,2646284
مود مخمريه اخضر 200 مل,MOOD TAHITI BODY MILK 200 ML,2562653
مود مخمريه لبني 200 مل,MOOD KHALJI BODY MILK 200 ML,2562652
مود هاند ووش احمر فاتح 500 مل,MOOD HAND WASH LATINO 500 ML,2673058
مودابكس 100 مجم 30 اقراص,MOODAPEX 100 MG 30 TABS,1922079
مودابكس 50 مجم 30 اقراص,MOODAPEX 50 MG 30 F.C.TAB.,2144784
مودازار 25 / 100 مجم 8 اقراص,MODAZAR 25 / 100 MG 8 F.C. TABS.,1427768
موداسوميل 200 مجم 30 اقراص,MODASOMIL 200 MG 30 TABS.,2157614
موداماش 10 مجم اقراص,MOODAMASH 10 MG 14 TABS,2681059
مودرن كرانبري 30 كبسوله,MODERN CRANBERRY 30 CAPS,2680914
مودريكال اقراص,,2672387
موديش كريم لتصفيف شعر 250 مل,MODISH HAIR CREAM 250 ML,2431548
موديل كريم 150 جم,MODEL CREAM 150 GM,2569355
موديوريتك 45,MODURETIC 5 / 50 MG 30 TAB.,2672780
موديوريتك 5 / 50 مجم 30 اقراص,MODURETIC 5 / 50 MG 30 TAB.,2439439
موراكران 20 كبسول,MORACRAN 20 CAPS,2561861
مورالاكت 20 كبسول,MORALACT 20 CAPS,2146984
مورالين 10 اكياس,MORALIN 10 SACHETS,2566728
مورانسيوم 10 اقراص,MORANESIUM TAB,2321298
مورلا 10 اكياس,MORLA 10 SACHET,1566723
مورنيجاج 10 / 10 مجم 30 اقراص,MORNIGAG 10 / 10 MG 30 DELAYED REL.TABS.,2471223
موريتا 24 اقراص,MORITA 24 TABLET,1775805
موزابريد 2.5 مجم 10 اقراص,MOSAPRIDE 2.5 MG 10 F.C. TAB.,905122
موزابريد 5 مجم 30 اقراص,MOSAPRIDE 5 MG 30 F.C.TAB.,2603706
موزانجليك 0.03 / 3 مجم 21 اقراص,MOZANGLIC 0.03 / 3 MG 21 TABLETS,2073087
موسكو كريم مساج,MOSCOW 50 GM CREAM,2681487
موسكو مساج كريم 100 جم,MOSCOW MASSAGE CREAM 100 GM,1548595
موسكو مساج كريم 50 جم,MOSCOW 50 GM CREAM,2384622
موسيدين 10 مجم 20 اقراص,MOSEDIN 10 MG 20 TAB.,1121716
موسيدين 5 مجم / 5 مل شراب 60 مل,MOSEDIN 5 MG / 5 ML SYRUP 60 ML,2220026
موشو فيت 20 اقراص,MOSHO VIT 20 TABS,2141116
موف ايزي 10 مجم 20 اقراص,MOVEASY 10 MG 20 F.C. TAB,905132
موف ايزي 5 مجم 20 اقراص,MOVEASY 5 MG 20 F.C. TAB,2471237
موف ليكس مساج كريم,FLEXY MOVE MASSAGE CREAM 75 GM,2637019
موفاريست جل 120 جم,MOVAREST GEL 120 GM,2630246
موفاريست ​​جل 60 جم,MOVAREST GEL 60 GM,2630245
موفاكارتين 30 كبسول,MOVACARTIN 30 CAPS,2173813
موفكسير 20 اقراص,MOVXIR 20 TAB,1666457
موفكسير 50 / 500,MOVXIR 20 TAB,2652949
موفلوكس 400 مجم 10 اقراص,MOFLOX 400 MG 10 F.C. TABS.,2313651
موفليكس ادفانس 30 كبسول,MOVELEX ADVANCE 30 CAPS,1865538
موفليكس اكتيف رول اون 80 مل 175,MOVELEX ROLL ON MASSAGE 80 ML,2671110
موفليكس اكتيف مساج فوم 200 مل,MOVELEX ACTIVE MASSAGE FOAM 200 ML,1945366
موفليكس بلس جل مساج 100 جم,MOVELEX PLUS MASSAGE GEL 100 GM,2521271
موفليكس كريم مساج 120 جم,MOVELEX MASSAGE CREAM 120 GM,905127
موفليكس كريم مساج 50 جم,MOVELEX MASSAGE CREAM 50 GM,2535504
موفليكس نانو بخاخ 200 مل,MOVELEX NANO SPRAY 200 ML,1959145
موفي اب مساج كريم 50 جم جديد / روز فارم,MOVY UP MASSAGE CREAM,2651234
موفي ماسا مساج كريم,MOVY MASA MASSAGE CREAM,2603707
موفي نيرف,MAVEY 30 CAPS,2628366
موفيجيت 50 مجم 30 اقراص,MOVIGIT 50 MG 30 F.C.TABS.,905131
موفيستا جل 50 جم,MUVISTA GEL 50 GM,1775815
موفيستا جل مساج 50 اكياس,MUVISTA MASSAGE GEL 50 SACHET,2471238
موفيكان 30 قرص,MOVICAN 30 TAB,2471239
موفيكسير 50 / 500 20 اقراص 78,MOVXIR 20 TAB,2645437
موفيكول 20 اكياس,MOVICOL LEMON LIME 20 SACHETS FOR ADULT,2681901
موفيكول 20 اكياس للكبار,MOVICOL LEMON LIME 20 SACHETS FOR ADULT,1455154
موفيلكس الترا 30 كبسول,MOVELEX ULTRA 30 CAP,2635465
موفيلكس رول اون مساج 80 مل,MOVELEX ROLL ON MASSAGE 80 ML,2646811
موفينتور 20 اقراص,MOVENTOR 20 TABS,2339088
موفينتور ادفانس 20 كبسول,MOVENTOR ADVANCE 20 HARD GELATIN CAPSULES,2671422
موفينيرف 30 اقراص,MOVINERVE 30 TABS,2143601
موكافي شراب 120 مل,MOCAVY SYRUP 120 ML,2384921
موكساسين 400 مجم 5 اقراص,MOXACIN 400 MG 5 F.C. TAB.,905137
موكسافيدكس 400 مجم 10 اقراص,MOXAVIDEX 400 MG 10 F.C.TAB.,2129539
موكسن 15 مجم 20 اقراص,MOXEN 15 MG 20 TABS.,2166537
موكسن 7.5 مجم 20 اقراص,MOXEN 7.5 MG 20 TABS.,2144169
موكسيدجرين 0.5 % قطره للعين 5 مل,MOXIDEGRIN 0.5 % EYE DROPS 5 ML,2631873
موكسيسيارو 0.5 % قطره للعين 10 مل,MOXYSEYARO 0.5 % EYE DROPS 10 ML,1532979
موكسيسيارو بلس 0.5 % قطره للعين 5 مل,MOXYSEYARO PLUS EYE DROPS 5 ML,1637418
موكسيفلوكس 0.5 % قطره للعين 5 مل,MOXIFLOX 0.5 % EYE DROPS 5 ML,1325470
موكسيفلوكس 400 مجم 10 اقراص,MOXIFLOX 400 MG 10 F.C. TABS.,905141
موكسيفلوكساسين 400 مجم 5 اقراص,MOXIFLOXACIN 400 MG 5 F.C. TAB.,2141666
مول صن كريم 75 جم,MOL SUN 50 SPF CREAM 75 GM,2379284
مول صن كيدز 50 لوشن 70 مل,MOL SUN KIDS 50 LOTION 70 ML,1769240
مولبيد الترا 36 فوطه,MOLBED ANTI BACTERIAL LONG 16 PICESES,2537239
مولبيد الترا راحه وانتعاش 14 قطعه طويل جدا,MOLPED PADS ULTRA FRESH AND COMFORT 14 PIECES EXTRA LONG,2509426
مولبيد الترا راحه وانتعاش 36 قطعه طويل جدا,MOLPED PADS ULTRA FRESH AND COMFORT 36 PIECES EXTRA LONG,2131269
مولبيد الترا راحه وانتعاش 40 قطعه طويل,MOLPED PADS ULTRA FRESH AND COMFORT 40 PIECES LONG,2131270
مولبيد الترا راحه وانتعاش 6 قطعه طويل جدا,MOLPED PADS ULTRA FRESH AND COMFORT 6 PIECES EXTRA LONG,2509425
مولبيد الترا طويل تريبل 8 24 فوطه,MOLBED ANTI BACTERIAL LONG 16 PICESES,2668965
مولبيد حمايه ضد البكتريا طويل 16 فوطه,MOLBED ANTI BACTERIAL LONG 16 PICESES,1401520
مولبيد حمايه ضد البكتيريا طويل جدا 14 فوطه,MOLBED ANTI BACTERIAL EXTRA LONG 14 PICESES,1476356
مولبيد ماكس باكتريا طويل 6 44 فوطه,MOLBED ANTI BACTERIAL LONG 16 PICESES,2668964
مولبيد ماكس بكتريا طويل 12 26 فوطه,MOLBED ANTI BACTERIAL LONG 16 PICESES,2668961
مولبيد ماكس بكتريا طويل 16 18 فوطه,MOLBED ANTI BACTERIAL LONG 16 PICESES,2668960
مولبيد ماكس بكتريا طويل جدا 6 40 فوطه,MOLBED ANTI BACTERIAL EXTRA LONG 14 PICESES,2393216
مولبيد ماكس حساس طويل 16 16 فوطه,MOLPED SOFT DREAM SOFTNESS SANITARYVERY LONG PADS 16 PAD,2668967
مولبيد ماكس حساس طويل 16 7 فوطه,MOLPED SOFT DREAM SOFTNESS SANITARYVERY LONG PADS 16 PAD,2668968
مولبيد ماكس حساس طويل جدا 16 6 فوطه,MOLPED SOFT DREAM SOFTNESS SANITARYVERY LONG PADS 6 PAD,2668957
مولبيد ماكس حمايه موف طويل 12 24 فوطه,MOLBED ANTI BACTERIAL LONG 16 PICESES,2668963
مولبيد ماكس حمايه موف طويل 16 7 فوطه,MOLBED ANTI BACTERIAL LONG 16 PICESES,2668958
مولبيد ماكس حمايه موف طويل جدا 16 14 فوطه,MOLBED ANTI BACTERIAL EXTRA LONG 14 PICESES,2668962
مولبيد ماكسي حمايه متكامله 22 قطعه طويل جدا,MOLPED PADS MAXI TOTAL PROTECT 22 PIECES EXTRA LONG,2160406
مولبيد ماكسي مسك طويل جدا 16 16 فوطه,MOLPED PADS MAXI WITH MUSK 16 PIECES EXTRA LONG,2668966
مولبيد ماكسي مسك طويل جدا 6 40 فوطه,MOLPED SOFT DREAM SOFTNESS SANITARYVERY LONG PADS 6 PAD,2625741
مولبيد ماكسي مضاده للبكتريا 16 قطعه طويل جدا,MOLPED PADS MAXI ANTIBACTERIAL 16 PIECES EXTRA LONG,2130938
مولبيد ماكسي مضاده للبكتريا 24 قطعه طويل جدا,MOLPED PADS MAXI ANTIBACTERIAL 24 PIECES EXTRA LONG,2131220
مولبيد ماكسي مضاده للبكتريا 7 قطعه طويل جدا,MOLPED PADS MAXI ANTIBACTERIAL 7 PIECES EXTRA LONG,1401506
مولبيد ماكسي مضاده للبكتريا 8 قطعه طويل,MOLPED PADS MAXI ANTIBACTERIAL 8 PIECES LONG,1686330
مولفكس حفاضات اطفال بانتس مصري جامبو 48 قطعه مقاس 6,MOLFIX BABY DIAPER PANTS JUMBO 48 PIECES SIZE 6,1401172
مولفكس حفاضات اطفال بانتس مصري جامبو 58 قطعه مقاس 3,MOLFIX BABY DIAPER PANTS JUMBO 58 PIECES SIZE 3,1779454
مولفكس حفاضات اطفال بانتس مصري جامبو 58 قطعه مقاس 4,MOLFIX BABY DIAPER PANTS JUMBO 58 PIECES SIZE 4,1401138
مولفكس حفاضات اطفال بانتس مصري جامبو 58 قطعه مقاس 5,MOLFIX BABY DIAPER PANTS JUMBO 58 PIECES SIZE 5,1401139
مولفكس حفاضات اطفال بانتس مصري جامبو 76 قطعه مقاس 4,MOLFIX BABY DIAPER PANTS JUMBO 76 PIECES SIZE 4,2205806
مولفكس حفاضات اطفال مصري 10 قطعه مقاس 2,MOLFIX BABY DIAPER 10 PIECES SIZE 2,2439074
مولفكس حفاضات اطفال مصري 11 قطعه مقاس 1,MOLFIX BABY DIAPER 11 PIECES SIZE 1,1400583
مولفكس حفاضات اطفال مصري 8 قطعه مقاس 4,MOLFIX BABY DIAPER 8 PIECES SIZE 4,1400318
مولفكس حفاضات اطفال مصري 9 قطعه مقاس 3,MOLFIX BABY DIAPER 9 PIECES SIZE 3,1400317
مولفكس حفاضات اطفال مصري جامبو 48 قطعه مقاس 6,MOLFIX BABY DIAPER JUMBO 48 PIECES SIZE 6,1400585
مولفكس حفاضات اطفال مصري جامبو 58 قطعه مقاس 3,MOLFIX BABY DIAPER JUMBO 58 PIECES SIZE 3,1779459
مولفكس حفاضات اطفال مصري جامبو 58 قطعه مقاس 5,MOLFIX BABY DIAPER JUMBO 58 PIECES SIZE 5,1400294
مولفكس حفاضات اطفال مصري جامبو 60 قطعه مقاس 1,MOLFIX BABY DIAPER JUMBO 60 PIECES SIZE 1,1400503
مولفكس حفاضات اطفال مصري جامبو 60 قطعه مقاس 2,MOLFIX BABY DIAPER JUMBO 60 PIECES SIZE 2,1401219
مولفيكس كلوت م 4 76 ق,MOLFIX BABY DIAPER PANTS JUMBO 76 PIECES SIZE 4,2625907
مولفيكس كلوت م 6 60 ح,MOLFIX BABY DIAPER 50 PIECES SIZE 6,2626249
موليكو دي 3 قطره,MOLECU D 3 DROPS,1918602
مولينوبرافير ايفا 200 مجم 40 كبسول,MOLNUPIRAVIR EVA 200 MG 40 CAPS,2601367
مومينتا كريم 30 جم,MOMENTA CREAM 30 GM (N / A),1740946
مون شاين غسول للوجه 250 مل,MOON SHINE FACIAL CLEANSER 250 ML,2157599
مون شاين كريم تفتيح 100 مل,MOON SHINE WHITENING CREAM 100 ML,2225044
مون شاين لوشن قطره تفتيح 30 مل,MOON SHINE WHITENING LOTION DROPS 30 ML,2143030
مون لايت كريم 30 جم,MOON LIGHT CREAM 30 GM,2495730
مون لايت كريم 50 جم,MOON LIGHT CREAM 50 GM,2559631
مون لايت كريم 50 جم كبير جديد,MOON LIGHT CREAM 50 GM,2680870
مون لايت لوشن 100 مل,MOON LIGHT LOTION 100 ML,2524326
مونتا فيس منظف 250 مل,MONTA FACE CLEANSER 250 ML,2499710
مونتانا غسول وجه,MONTANA MOUTH WASH 200 ML,2315475
مونتكال 5 مجم اقراص,MONTEKAL 10 MG 10 TAB.,2682643
مونتو اكياس 300 جم,MONTO SACHET 300 GM,2113385
مونتو بروتين لزياده الوزن,MONOTO TAB,2675060
مونتو بودر 1 اكياس,MONTO SACHET 300 GM,2682563
مونتيراب 10 مجم 20 اقراص,MONTEARAB 10 MG 20 F.C. TABS.,2538258
مونتيكال 4 مجم 10 اقراص,MONTEKAL 4 MG 10 TABS,2146631
مونتيكال 5 مجم 10 اقراص,MONTEKAL 5 MG 10 CHEW. TAB.,905154
مونتيلوراما 10 مجم 20 اقراص,MONTELURAMA 10 MG 20 F.C. TABS.,2143294
مونتيلوساب 10 مجم 14 اقراص,MONTELOSAB 10 MG 14 F.C. TABS.,2499985
مونتيلير 5 مجم 20 اقراص,MONTELAIR 5 MG 20 CHEWABLE TAB.,1740948
موندو كريم 50 جم,MONDO CREAM 50 GM,2313656
مونفليكس 15 اقراص,MOONFLEX 15 TAB,2513156
مونفليكس 30 اقراص,MOONFLEX 30 TAB,2491928
مونوشو 500 مجم 5 اقراص,MONOSHO 500 MG 5 F.C. TABS.,1775842
مونوكريست 20 اقراص,MONOQREST 20 TAB,1427791
مونوماك 20 مجم 20 اقراص,MONOMAK 20 MG 20 TAB.,1406432
مونوماك 40 مجم 20 اقراص,MONOMAK 40 MG 20 TAB.,2341874
مونوماك ديبوت 100 مجم 10 اقراص,MONOMAK DEPOT 100 MG 10 F.C.TAB.,905160
مونوهكسال شراب 120 مل,MONOHEXAL SYRUP 120 ML,2492370
مونوهيسكال شرب,,2060586
مونوهيكسال استحلاب,MONOHEXAL SYRUP 120 ML,2653339
مونوهيكسال شراب للكحه,MONOHEXAL SYRUP 120 ML,2681900
مونوهيكسال شراب للكحه,MONOHEXAL SYRUP 120 ML,2683238
موني حفاضات اطفال 40 حفاضه مقاس 4,MOONY BABY DIAPER 40 PIECES SIZE 4,2131536
مونيكيور 400 مجم 3 لبوس مهبلي,MONICURE 400 MG 3 VAGINAL SUPP.,1571198
مونيوريل 3 جم 1 اكياس,MONURIL 3 GM 1 SACHET,2144863
موهافان شراب 120 مل,MOHAPHAN SYRUP 120 ML,2535845
موهير زيت بخاخ 120 مل,MOHAIR OIL SPRAY 120 ML,2500554
موود بادي سبلاش 175 مل نايت,MOOD BODY SPLASH 175 ML NIGHT,2130074
موود بادي لوسيون 150 مل تاهيتي,MOOD BODY LOTION 150 ML TAHITI,1861107
موود بادي لوسيون 150 مل سانتوريني,MOOD BODY LOTION 150 ML SANTORINA,1779410
موود بادي لوسيون 150 مل كايرو,MOOD BODY LOTION 150 ML CARIO,2562643
موود بادي لوسيون 150 مل لاتينو,MOOD BODY LOTION 150 ML LATINO,2130085
موود بادي ميلك خليجي 200 مل بني,MOOD KHALJI BODY MILK 200 ML,1845723
موود بادي ميلك سانتوريني 200 مل موف,MOOD SANTORINI BODY MILK 200 ML,2131059
موود بادي ميلك كايرو 200 مل اصفر,MOOD CAIRO BODY MILK 200 ML,2169518
موود شاور جل 750 مل وايلد روز,MOOD SHOWER GEL WILD ROSE 750 ML,2131056
موود شاور جل انتنس 750 مل جولد,MOOD INTENSE SHOWER GEL 750 GM,1779418
موود شاور جل بالي 750 مل تركواز,MOOD BALI SHOWER GEL 750 GM,1845716
موود شاور جل بولد 750 مل ازرق,MOOD BOLD SHOWER GEL 750 GM,1779420
موود شاور جل خليجي 750 مل بني,MOOD SHOWER GEL KHALIG 750 ML,1779419
موود شاور جل دارك 750 مل موف,MOOD DARK SHOWER GEL 750 GM,2131410
موود شاور جل سانتوريني 750 مل لافندر,MOOD SANTORINI SHOWER GEL 750 GM,2131055
موود شاور جل كايرو 750 مل اصفر,MOOD SHOWER GEL CAIRO 750 ML,2131075
موود شاور جل لاتينو 750 مل احمر,MOOD SHOWER GEL LATINA 750 ML,2131076
موود شاور جل نايت 750 مل رصاصي,MOOD NIGHT SHOWER GEL 750 GM,2131411
موود كريم مرطب لليدين 50 مل سانتوريني,MOOD HAND CREAM 50 ML SANTORINA,1779435
موود هاند ووش بالي 500 مل تركواز,MOOD HAND WASH BALI 500 ML,2169772
موود هاند ووش سانتوريني 500 مل موف,MOOD HAND WASH SANTORINI 500 ML,2131227
مووداماش 10 مجم 14 اقراص,MOODAMASH 10 MG 14 TABS,1775802
مووداماش 20 مجم 14 اقراص,MOODAMASH 20 MG 14 TABS,2628714
مووف بخاخ روتامووف 75 مل,EMAFRESH SPRAY 75 ML,2670515
مووف مساج روتكس 35,ROTMOOV MASSAGE CREAM 40 GM,2265345
مويست 1 بودي ميلك 300 مل,MOIST 1 BODY MILK 300 ML,2562796
مويست 1 تونر 200 مل,MOIST 1 TONER 200 ML,2058520
مويست 1 سنتيلا سيرم 30 مل,MOIST 1 CENTELLA SERUM 30 ML,2587665
مويست 1 سيكا كريم 50 جم,MOIST 1 CICA CREAM 50 GM,2562018
مويست 1 صن سكرين لوسيون بخاخ 200 مل,MOIST 1 SUNSCREEN LOTION SPRAY 200 ML,2587664
مويست 1 غسول منظف 200 مل,MOIST 1 MILKY CLEANSER 200 ML,2634702
مويست 1 كريم 100 مل,MOIST 1 CREAM 100 ML,905164
مويست 1 كريم يوريا 100 مل,MOIST 1 WITH UREA CREAM 100 ML,2466865
مويست 1 نابي كير كريم لمنطقه الحفاضه 150 جم,MOIST 1 NAPPY CARE CREAM 150 GM,2609203
مويست 1 هيالورونيك اسيد سيروم 30 مل,MOIST 1 HYALURONIC ACID SERUM 30 ML,2632613
مويست تونر 200 مل,MOIST 1 TONER 200 ML,2632611
مويست كود اتش ايه بخاخ للفم,MOIST CODE H.A SPRAY,2499988
مويست كود بخاخ للانف,MOIST CODE NASAL SPRAY,2523678
مويست وان ليب بالم 15 جم,MOIST 1 LIP MOISTURIZER 15 G,2637577
مويست وان يوريا كريم 100 جم جديد,UNI MOIST CREAM 100 GM,2640530
مويستريزا كريم مرطب 50 جم,MOISTREZA MOISTURIZING CREAM 50 GM,1760874
مويسنب كريم 50 جم,MOISNIP 50 G CREAM,1548626
ميباروز 20 كبسول,MEPAROSE 20 CAPS.,2474880
ميباسيل 160 مجم 20 اقراص,MEPASIL 160 MG 20 TABS,1866380
ميبافاج 500 مجم 30 اقراص,MEPAPHAGE 500 MG 30 TAB.,2161464
ميبافاج اكس ار 1000 مجم 30 اقراص,MEPAPHAGE XR 1000 MG 30 F.C.TAB.,2471785
ميبافاج اكس ار 850 مجم 30 اقراص,MEPAPHAGE XR 850 MG 30 F.C.TAB.,2500983
ميبافلوكسين 750 مجم 5 اقراص,MEPAFLOXIN 750 MG 5 F.C. TAB.,1438499
ميبافوران 100 مجم 20 كبسول,MEPAFURAN 100 MG 20 CAPS.,1685986
ميبافوران 50 مجم 20 كبسول,MEPAFURAN 50 MG 20 CAPS.,1757349
ميباكليند 150 مجم 16 كبسول,MEPACLIND 150 MG 16 CAPS.,2474883
ميباكليند 300 مجم 8 كبسول,MEPACLIND 300 MG 8 CAPS.,1489182
ميباكو خميره 500 مجم 60 اقراص,YEAST MEPACO 500 MG 60 TABS.,2469468
ميباكو سليم 20 اقراص,MEPACO SLIM 20 TABLETS,2128333
ميباكوفينت 2 مجم / 5 مل / شراب 125 مل,MEPACOVENT 2 MG / 5 ML SYRUP 125 ML,2500991
ميباكولون 135 مجم 20 اقراص,MEPACOLON 135 MG 20 F.C.TAB.,2500992
ميباكولون 200 مجم اس ار 20 اقراص,MEPACOLON 200 MG SR 20 F.C.TAB.,2141114
ميبرو كريم 15 جم مستورد بديل ميبو,MEPRO CREAM 30 GM,2535217
ميبرو كريم 30 جم,MEPRO CREAM 30 GM,2548925
ميبو سي كريم 25 جم,MEBO SEA CREAM 25 GM,2471278
ميبو مرهم 15 جم,MEBO 0.25 % HERBAL AND NATURAL OINT. 15 GM,1535943
ميبو مرهم 30 جم,MEBO 0.25 % HERBAL AND NATURAL OINT. 30 GM,2474457
ميبوليفيا كريم 20 جم,MEBOLEVIA CREAM 20 GM,2501104
ميتابسين 10 اقراص,METAPSIN 10 TABS,2146216
ميتابسين بلس 10 اقراص,METAPSIN PLUS 10 TABS,2509277
ميتاكارديا 20 مجم 30 اقراص,METACARDIA 20 MG 30 F.C. TAB.,2521463
ميتاكارديا ام ار 35 مجم 30 اقراص,METACARDIA MR 35 MG 30 F.C. TAB.,905176
ميتروجبتون 500 مجم 20 اقراص,METROGYPTON 500 MG 20 F.C. TABS,1565252
ميتفورمين 1000 مجم اكس ار 30 اقراص ايفا,METFORMIN EVA XR 1000 MG 30 TABS,2264515
ميتفورمين 500 جم اقرص,METFORMIN 500 MG 200 TAB.,2651085
ميتفورمين 500 مجم اكس ار 30 اقراص ايفا,METFORMIN EVA XR 500 MG 30 TABS,1516061
ميتفورمين 750 مجم اكس ار 30 اقراص ايفا,METFORMIN EVA XR 750 MG 30 TABS,2263221
ميتفيلدازون 50 / 1000 مجم 30 اقراص,METVILDAZON 50 / 1000 MG 30 TAB,1998202
ميثابيوجين 8 مجم 30 اقراص,METHABIOGEN 8 MG 30 SCORED TABS.,2145978
ميثايلتكنو 1000 ب 12 مكجم 30 فيلم,METHYLTECHNO 1000 MCG 30 ORODISSOLVABLE FILMS,905182
ميثوبامول 20 اقراص,METHOBAMOL 20 F.C. TABS.,2421442
ميثوريلاكس 3 شريط,METHORELAX 30 TAB.,2682613
ميثوريلاكس 30 اقراص,METHORELAX 30 TAB.,2625651
ميثوكويك 50 / 500 مجم 30 اقراص,METHOQUICK 50 / 500 MG 30 TABS,2471287
ميثيترال سوفت جل 50 جم,METHYTRAL SOFT GEL 50 GM,2610718
ميثيترال نانو بخاخ 100 مل,METHYTRAL NANO SPRAY 100 ML,2610720
ميثيترال هيالو جل 50 جم,METHYTRAL HYALU GEL 50 GM,2610717
ميثيل تيكنو 30 فيلم قديم 135,METHYLTECHNO 1000 MCG 30 ORODISSOLVABLE FILMS,2629527
ميثيل فولات,FOLTAMETHYL 30 CAPS,2358790
ميثيل فولات اورا 30 كبسول,METHYL FOLATE ORA 30 CAPS,1602002
ميثيل فولات اورا 30 كبسول,METHYL FOLATE ORA 30 CAPS,2627798
ميثيل فولات اوركيديا 30 كبسول,METHYL FOLATE (ORCHIDIA) 30 CAPS,1117292
ميثيل فولات كبسول جار,FOLTAMETHYL 30 CAPS,2386294
ميجابرازول 40 مجم امبول وريد,MEGAPRAZOLE 40 MG POWDER FOR I.V. INF. VIAL,2491869
ميجابيو 500 مجم 5 اقراص,MEGABIO 500 MG 5 F.C. TABS.,2146828
ميجابيو 750 مجم 5 اقراص,MEGABIO 750 MG 5 F.C. TABS.,1563392
ميجار 10 كيس,MEGAR 10 SACHETS,2500556
ميجافين 20 اقراص,MEGAFEN 20 TABS,2603717
ميجافين 30 اقراص,MEGAFEN 30 TABS.,905185
ميجافين ان 100 مجم / 5 مل شراب 120 مل,MEGAFEN N 100 MG / 5 ML SUSP. 120 ML,1479498
ميجافين س 60 اقراص,MEGAFEN 20 TABS,2643187
ميجاليز 30 اقراص,MEGALASE 30 F.C.TABS.,2437463
ميجاليز شراب 125 مل,MEGALASE SYRUP 125 ML,1612466
ميجاموكس 1 جم 14 اقراص,MEGAMOX 1 GM 14 F.C. TAB.,1479489
ميجاموكس 228 مجم شراب 70 مل,MEGAMOX 228 MG SUSP. 70 ML,1613792
ميجاموكس 457 مجم / 5 مل شراب 70 مل,MEGAMOX 457 MG / 5 ML SUSP. 70 ML,2164420
ميجاموكس 625 مجم 14 اقراص,MEGAMOX 625 MG 14 F.C. TABS.,2099615
ميجاموكس اي اس 642.9 مجم شراب 100 مل,MEGAMOX ES 642.9 MG SUSP. 100 ML,2437467
ميجروستوب 12.5 مجم 2 اقراص,MIGROSTOP 12.5 MG 2 TAB.,1740979
ميدالجيسك محلول وريدي,MEDALGESIC 1 GM VIAL I.V. INF. 100 ML,2673533
ميدالجيسيك 1 جم امبول,MEDALGESIC 1 GM VIAL I.V. INF. 100 ML,1788469
ميدرابيد 0.5 % قطره للعين 10 مل,MYDRAPID 0.5 % EYE DROPS 10 ML,2369432
ميدرابيد 1 % قطره للعين 10 مل,MYDRAPID 1 % EYE DROPS 10 ML,2165797
ميدرياسيل 1 % قطره للعين 15 مل,MYDRIACYL 1 % EYE DROPS 15 ML,2223161
ميدريثالم 0.5 % قطره للعين 20 * 0.5 مل يوني دوز,MYDRITHALM 0.5 % EYE DROPS 20 * 0.5 ML SDU,1659638
ميدريثالم 1 % قطره للعين 20 * 0.5 مل يوني دوز,MYDRITHALM 1 % EYE DROPS 20 * 0.5 ML SDU,1548643
ميدريثالم محلول للعين,MYDRITHALM 0.5 % EYE DROPS 20 * 0.5 ML SDU,1740980
ميدكلاود لوشن 100 مل 85,,2675804
ميدمايلزين شراب 100 مل,MEDMYLEZEN SYRUP 100 ML,2542557
ميدودرين 2.5 مجم 20 اقراص,MIDODRINE 2.5 MG 20 TAB.,1515511
ميدودرين 2.5 مجم 20 اقراص 50,MIDODRINE 2.5 MG 20 TAB.,2530689
ميدودرين قطره للفم 10 مل,MIDODRINE 1 % ORAL DROPS 10 ML,1740981
ميدوميد 20 اقراص,MIDOMED 20 TABS,1868166
ميدي رباط ضغط 6 سم,MEDI SOFT CREAM 100 GM,2603724
ميدي رباط ضغط 8 سم,MEDI SOFT CREAM 100 GM,2603725
ميدي كورفال 100 / 6 بخاخ,MEDI SOFT CREAM 100 GM,2646812
ميدي ميكس وايتنج فرشه اسنان للكبار هارد 12 قطعه,MEDIMIX WHITENING TOOTHBRUSH HARD FOR ADULT 12 PCS,2130840
ميديفا دي 3 قطره بالفم 15 مل,MEDIPHA D 3 ORAL DROP 15 ML,1769292
ميديفا زيم 10 مجم 20 اقراص,MEDIPHA ZYME 10 MG 20 E.C TABS,2501049
ميديهيالو كريم 30 جم,MEDIHYALO CREAM 30 GM,2487774
ميرابرانتكيو 60 مل,,2334176
ميرابرونتك بخاخ للفم,,2169788
ميراج 1000 مجم امبول وريد,MIRAGE 1000 MG I.V.VIAL,2157228
ميراج كريم 50 جم,MIRAGE CREAM 50 GM,2144367
ميرالجو 20 اقراص,MERALGO 20 CAPS,1663429
ميرتوفوتال 30 مجم 20 اقراص,MIRTOFUTAL 30 MG 20 F.C. TABS.,2127212
ميرتيماش 30 مجم 30 اقراص,MIRTIMASH 30 MG 30 SCORED F.C. TABS.,2474753
ميرفا د 3 30 اقراص,MERVA D 3 30 TAB,2625617
ميرفيناسين ام ار 5 / 25 مجم 30 اقراص,MIRFENACIN MR 5 / 25 MG 30 F.C. TABS,2588563
ميرفيناسين ام ار 5 / 50 مجم 30 اقراص,MIRFENACIN MR 5 / 50 MG 30 F.C. TABS,2595834
ميركافا 30 اكياس,MERCAVA 30 SACHET,2250532
ميركراش كريم 50 جم,MERCRASH CREAM 50 GM,2498193
ميركفول اقراص,MERCFOL TAB,2501061
ميرم 10 اكياس,MERM 10 SACHETS,1548650
ميرنا لولب هرموني 20 مكجم / 24 ساعه,MIRENA INTRAUTERINE DELIVERY SYSTEM 20 MCG / 24 HRS,1991436
ميروماس مساج كريم 50 جم,MIROMASS MASSAGE CREAM 50 GM,1659642
ميرونيم 1000 مجم امبول وريد,MERONEM 1000 MG I.V.VIAL,2437476
ميري كول 20 كبسوله,FIVE FIVES COLONGE 200 ML SPRAY MARIE ROUGE,2181537
ميزان جرانزيا مؤشر 130 كجم,DIGITAL SCALE 150 KG NEO RABITA GRANZIA,2130446
ميزان حمام ديجيتال الترا لايف 180 كجم,ULTRA LIFE DIGITAL SCALE 180 KG,2603726
ميزان حمام ديجيتال بلوتوث,PRONTO DIGITAL SCALE 180 KG,2603728
ميزان حمام ديجيتال لايكا 180 كجم,LEICA SCALE 180 KG INDICATOR,2603730
ميزان حمام ديجيتال لايكا بلاستيك 150 كجم,LEICA SCALE 180 KG INDICATOR,2603729
ميزان حمام صيني مؤشر 120 كجم,PRONTO DIGITAL SCALE 180 KG,2603731
ميزان ديجيتال جرانزيا 180 كيلو,GRANZIA SPLASH DIGITAL SCALE 180 KG MULTICOLOR,1779465
ميسيتيك 30 اقراص,MECITEC 30 CAPS,1563401
ميفان اون كريم 100 جم,MEPHAN ON CREAM 100 GM,2044031
ميفوكسين 500 مجم 10 اقراص,MIFOXIN 500 MG 10 F.C. TAB.,2321194
ميكارديس بلس 80 / 12.5 مجم 28 اقراص,MICARDIS PLUS 80 / 12.5 MG 28 TAB.,2644855
ميكارو كبسول,BONE CARE 1 MCG 30 CAPS.,2632614
ميكروجينيست 30 / 150 مكجم 21 اقراص,MICROGENEST 30 / 150 MCG 21 TABS.(MOH ONLY),2605987
ميكروسيرك 24 مجم 20 اقراص,MICROSERC 24 MG 20 TAB.,2437480
ميكروكروم 12 ق,AHRAM MICROCHROME SPRAY 12 PCS,2130002
ميكروكروم بالدسته,AHRAM MECROCHROME 40 ML GENERAL DISINFECTANT 12 PCS,2603732
ميكروكروم بديل بالدسته,AHRAM MECROCHROME 40 ML GENERAL DISINFECTANT 12 PCS,1399936
ميكسترا 30 قطعه,MEXTRA 30 PIECES,2545463
ميكسترا اقراص,MEXTRA 30 PIECES,2645882
ميكسدرم كريم 15 جم,MIXDERM CREAM 15 GM,1655186
ميكسدرم كريم 30 جم,MIXDERM CREAM 30 GM,905098
ميكسو تترا 20 كبسول,CEMIXO LIVE 30 CAPS.,2681488
ميكسو مرهم 25 جم,MEXO OINTMENT 25 GM,2499990
ميكسوتترا كبسول,MIXOTETRA CAP,2274124
ميكسوتترااقراص,,2640531
ميكسورا 20 اقراص,MIXORA 20 PIECES,2471317
ميكسونيك شراب 120 مل,MIXONIC SYRUP 120 ML,2499991
ميكسيكام 15 مجم 20 اقراص,MEXICAM 15 MG 20 F.C.TAB.,2207974
ميكسيكام 15 مجم 5 لبوس,MEXICAM 15 MG 5 RECTAL SUPP.,1361091
ميكلوبرام 5 امبول,MECLOPRAM 10 MG / 2 ML 5 I.M. / I.V.AMP.,2587740
ميكليزيجو 25 مجم 20 فيلم,MECLIZIGO 25 MG 20 ORODISPERSIBLE FILMS,905217
ميكورت كريم 20 جم,MICORT 1 % CREAM 20 GM,2549355
ميكوناز اورال جل 20 جم,MICONAZ 2 % ORAL GEL 20 GM,1733864
ميكوناز كريم,MICONAZ 2 % CREAM 20 GM,2537189
ميكوناز كريم 20 جم,MICONAZ 2 % CREAM 20 GM,905221
ميلا اكني كريم 30 جم,SMALAMAPA CREAM 30 GM,2515261
ميلاتايم صن سكرين بخاخ 150 مل,MELATIME SUNSCREEN SPRAY SPF 50 + 150 ML,2562661
ميلاتركس لوشن تفتيح 200 مل,,2159935
ميلاتكس رول اون تفتيح فرووتي,MELATEX LIGHTENING ROLL ON ROSE 40 ML + MELATEX LIGHTENING ROLL ON 40 ML,2606710
ميلاتونين 3 مجم 20 اقراص,MELATONIN HELIAN 3 MG 20 CAPS,2160753
ميلاتونين 3 مجم 30 ق شهد,AXIOM MELATONIN 3 MG 30 TAB,2645954
ميلاتونين 30 ك,MELATONIN COPAD 30 TAB,2299755
ميلاتونين 5 م 30 اقراص,AXIOM MELATONIN 5 MG 30 TAB,2574959
ميلاتونين رافادا 5 مجم 20 فيلم,MELATONIN RAFADA 5 MG 20 ODF,2129359
ميلاتونين شهد فارما 30 كبسول,MELATONIN SHAHD PHARMA 30 CAPS,2100568
ميلاتونين قطره بالفم,MELATONIN ORAL DROPS,2455260
ميلاتونين كوباد 30 اقراص,MELATONIN COPAD 30 TAB,1744849
ميلاتونين هيليان 3 مجم 30 اقراص,MELATONIN HELIAN 3 MG 30 CAPS,1948945
ميلاتيكس SPF 50 كريم 50 مل,MELATEX CREAM SPF 50 + 50 ML,1863985
ميلاتيكس رول اون 40 مل,MELATEX LIGHTENING ROLL ON ROSE 40 ML,2609042
ميلاتيكس رول اون روز 40 مل,MELATEX LIGHTENING ROLL ON ROSE 40 ML,2646813
ميلاتيكس رول اون عود 40 مل,MELATEX LIGHTENING ROLL ON OUD 40 ML,1548673
ميلاتيكس رول اون فواكه 40 مل,MELATEX LIGHTENING ROLL ON FRUITY 40 ML,2140514
ميلاتيكس رول اون للتفتيح 40 مل اوريجينال,MELATEX LIGHTENING ROLL ON 40 ML,2594519
ميلاتيكس غسول تفتيح 200 مل,MELATEX LIGHTENING CLEANSER 200 ML,1771803
ميلاتيكس غسول فوم للسيدات للتفتيح 200 مل,MELATEX LIGHTENING INTIMATE FOAM 200 ML,1730027
ميلاتيكس فيتامين سي سيرم للجلد 30 مل,MELATEX VITAMIN C 10 % SKIN SERUM 30 ML,2140518
ميلاتيكس كريم لتفتيح البشره 50 مل,MELATEX LIGHTENING CREAM 50 ML,2421449
ميلاتيكس ماسك تفتيح 50 مل,MELATEX LIGHTENING MASK 50 ML,1361100
ميلازيما شراب 120 مل,MYLAZYMA SYRUP 120 ML,2179482
ميلاسنوز شراب 60 مل,MELASNOZ 60 ML SYRP,2500265
ميلاكريست 1.5 مجم 20 فيلم,MELACRYST 1.5 MG 20 ORO DISPERSIBLE FILMS,2471322
ميلاكريست 3 مجم 20 فيلم,MELACRYST 3 MG 20 ORO DISPERSIBLE FILMS,1063777
ميلاكني سيرم للبشره لحب الشباب 50 جم,MELAAKNE CNE SERUM 50 GM,2515263
ميلاكني صابون,MELAAKNE SOAP,1741001
ميلانثينول بيبي كريم 30 جم,MELANTHENOL BABY CREAM 30 GM,1911814
ميلانثينول جل 40 جم,MELANTHENOL GEL 40 GM,1744859
ميلانثينول كريم 40 جم,MELANTHENOL CREAM 40 GM,1958821
ميلانثينول كريم للبشره الحساسه 30 جم,MELANTHENOL CREAM FOR SENSITIVE SKIN 30 GM,1756426
ميلانثينول لوسيون 250 مل,MELANTHENOL LOTION 250 ML,1738340
ميلانو الفا اكسترا كريم 30 جم,MELANO ALPHA EXTRA CREAM 30 GM,2607162
ميلانو فري صابونه 100 جم,MELANOFREE SOAP 100 GM,1744874
ميلانو فري كريم 30 جم,MELANOFREE CREAM 30 GM,2144692
ميلانو فري لوشن 200 مل,MELANO FREE LOTION 200 ML,2471332
ميلانو كريم مساج بلس 40 جم,MELANO MASSAGE CREAM PLUS 40 GM,2535493
ميلانوكسيديل 5 % بخاخ للشعر 60 مل,MELANOXIDIL 5 % HAIR SPRAY 60 ML,1738341
ميلانوكوول كريم 60 جم,MELANOCOOL CREAM 60 GM,1741005
ميلجا 40 اقراص,MILGA 40 F.C.TABS.,905100
ميلجا ادفانس 30 اقراص,MILGA ADVANCE 30 F.C.TABS.,2164266
ميلكوهيرب 30 اقراص,MILKOHERB 30 CAP,2623855
ميلنافيلا 12.5 مجم 30 اقراص,MILNAVELLA 12.5 MG 30 F.C. TABS.,2160480
ميلنافيلا 50 مجم 30 اقراص,MILNAVELLA 50 MG 30 F.C. TABS.,2500833
ميلو بلاي توت بديل افتريكس / ميلو,AMILO PLUS 10 / 160 MG 10 TAB,2265353
ميلو بلاي شكولاته بديل افتريكس / ميلو,AMYLOMEDEX SYRUP 120 ML,2265354
ميلو بلاي فروله بديل افتريكس / ميلو,AMILO PLUS 10 / 160 MG 10 TAB,2265355
ميلو بلاي موز بديل افتريكس / ميلو,AMILO PLUS 10 / 160 MG 10 TAB,2265357
ميلو مرهم 30 جم,MELO 0.25 % OINT . 30 GM,1741014
ميلوباك 10 مجم 20 اقراص,MYLOBAC 10 MG 20 TAB.,2489274
ميلوباك 25 مجم 20 اقراص,MYLOBAC 25 MG 20 TABS.,905227
ميلوفلام 15 مجم 30 اقراص,MELOFLAM 15 MG 30 F.C. TAB.,2343717
ميلوكام 15 مجم 30 اقراص,MELOCAM 15 MG 30 TAB.,905235
ميلوكام 7.5 مجم 20 اقراص,MELOCAM 7.5 MG 20 TAB.,2369296
ميلوكسيكام 15 مجم / 2 مل 3 امبول العامريه,MELOXICAM AMRIYA 15 MG / 2 ML 3 AMP.,2145764
ميلوكسيكام 15 مجم 10 اقراص,MELOXICAM 15 MG 10 TAB.,2345500
ميلوكين 4 % كريم 20 جم,MELOQUIN 4 % CREAM 20 GM,905239
ميليتوفكس 10 مجم 30 اقراص,MELLITOFIX 10 MG 30 F.C. TABS.,2455274
ميليتوفكس 25 مجم 30 اقراص,MELLITOFIX 25 MG 30 F.C. TABS.,905232
ميليتوفكس تريو 10 / 5 / 1000 مجم 30 اقراص,MELLITOFIX TRIO 10 / 5 / 1000 MG 30 F.C. TABS,1833426
ميليتوفكس تريو 25 / 5 / 1000 مجم 30 اقراص,MELLITOFIX TRIO 25 / 5 / 1000 MG 30 F.C. TABS,1060894
ميليتوفكس كومب 10 / 5 مجم 30 اقراص,MELLITOFIX COMB 10 / 5 MG 30 TAB,2129797
ميليتوفكس ميت 12.5 / 1000 مجم 30 اقراص,MELLITOFIX MET 12.5 / 1000 MG 30 F.C. TABS.,2471345
ميليتوفكس ميت 12.5 / 500 مجم 30 اقراص,MELLITOFIX MET 12.5 / 500 MG 30 F.C. TABS.,2355071
ميليتوفكس ميت 5 / 1000 مجم 30 اقراص,MELLITOFIX MET 5 / 1000 MG 30 F.C. TABS.,2625652
ميليوم غسول للوجه فوم 150 مل,MILIUM FACIAL FOAMING WASH 150 ML,2498659
ميمانتكير 10 مجم 20 اقراص,MEMANTCARE 10 MG 20 TAB,2652404
ميمكسا 10 مجم / مل قطره فم 15 مل,MEMEXA 10 MG / ML ORAL DROPS 15 ML,2144634
ميمكسا 10 مجم 30 اقراص,MEMEXA 10 MG 30 F.C.TABS.,1601313
ميمو بيورا شراب 120 مل,MEMO PURA SYRUP 120 ML,2499579
ميمو سيتو اكياس,CITIMEMO 20 CAPS,2643029
ميموا بادي سبلاش 75 مل,MEMUMA BODY SPLASH 75 ML,2130251
ميمورال 1 جم / 5 مل 5 امبول امبول,MEMORAL 1 GM / 5 ML 5 AMP,2475706
ميموزون 250 مجم 30 كبسوله 270,,2644404
ميموزون 500 مجم 30 كبسوله 495,,2644403
ميموسيتو بلس 30 كبسول,MEMOCITO PLUS 30 CAP,2533024
ميموسيتو شراب 120 مل,MEMOCITO SYRUP 120 ML,2171357
ميموسيتو كالم 30 اكياس,MEMOCITO CALM 30 SAHET,2625715
ميمونتكس 30 اكياس,MEMONTIX 30 SACHET,2651974
ميمونتكس 60 كبسول,MEMONTIX 60 CAPS.,1445171
ميمونتكس 60 كبسوله,MEMONTIX 60 CAPS.,2680566
ميموندو شراب 150 مل,MEMONDO SYRUP 150 ML,2582700
مينت فريش بخاخ,MENT FRESH SPRAY,1261806
مينت فريش بخاخ مهدئ 30 مل 80,ROTA MENTFRESH SPRAY 30 ML,2499297
مينتو قطره 60 مل,MENTO DROBS 60 ML,1775784
مينتوجست 30 كبسول,MENTOGEST 30 CAP,2471203
مينتوفاج كريم مساج 50 جم,MENTOVAGE 50 GM MASSAGE CREAM,2200851
مينتوفور كريم مساج 100 جم,MENTOPHOR MASSAGE CREAM 100 GM,1867809
مينثوباتش بارد 5 قطع,MENTHO PATCH COOL 5 PIECE,2150463
مينثوباتش حار 5 قطع,MENTHO PATCH HOT 5 PIECE,1634331
مينزوفيلك 30 اقراص,MENZOFLIC 30 TABS,2530620
مينسترو 20 كبسول,MENESTRO 20 CAP,2501380
مينفيتروس 30 اقراص,MINVITROS 30 TAB,2544587
مينك بلسم للشعر 400 مل بالثوم والروزماري وزيت الخروع,MINK HAIR CONDITIONER GARLIC ROSE MARY CASTOR OIL 400 ML,1779374
مينك بلسم للشعر 400 مل بالعسل والقمح وزيت الارجان,MINK HAIR CONDITIONER HONEY ARGAN OIL WHEAT GREM OLI 400 ML,2169974
مينك بلسم للشعر 400 مل بجوز الهند,MINK HAIR CONDITIONER COCONUT 400 ML,1401234
مينك بلسم للشعر 700 مل بالافوكادو,MINK HAIR CONDITIONER AVOCADO 700 ML,2472208
مينك بلسم للشعر 700 مل بالثوم,MINK HAIR CONDITIONER GARLIC 700 ML,2472209
مينك بلسم للشعر 700 مل بالعسل,MINK HAIR CONDITIONER HONEY 700 ML,2353794
مينك بلسم للشعر 700 مل بجوز الهند,MINK HAIR CONDITIONER COCONUT 700 ML,1401236
مينك بلسم للشعر 700 مل بزيت الزيتون,MINK HAIR CONDITIONER OLIVE OIL 700 ML,1401246
مينك حمام كريم 1000 مل بالافوكادو بني,MINK CONDITIONING CREAM GARLIC 1000 ML,1844586
مينك حمام كريم 1000 مل بزيت جوز الهند لبني,MINK CONDITIONING CREAM COCONUT 1000 ML,1844585
مينك حمام كريم 400 مل بالافوكادو بني,MINK CONDITIONING CREAM AVOCADO 400 ML,2169976
مينك حمام كريم 400 مل بزيت الزيتون اخضر,MINK CONDITIONING CREAM OLIVE OIL 400 ML,2169978
مينك حمام كريم 400 مل بزيت جوز الهند لبني,MINK CONDITIONING CREAM COCONUT 400 ML,1779380
مينك حمام كريم 500 مل بالثوم فوشيا,MINK CONDITIONING CREAM GARLIC 500 ML,1852085
مينك حمام كريم 500 مل بالعسل والارجان اسود,MINK CONDITIONING CREAM HONEY 500 ML,1401084
مينك حمام كريم 500 مل بزيت جوز الهند لبني,MINK CONDITIONING CREAM COCONUT 500 ML,1852078
مينك حمام كريم 800 جم بالعسل والارجان اسود,MINK CONDITIONING CREAM HONEY 800 ML,1779386
مينك حمام كريم 800 مل بالافوكادو بني,MINK CONDITIONING CREAM AVOCADO 800 ML,2130513
مينك حمام كريم 800 مل بالثوم موف,MINK CONDITIONING CREAM GARLIC 800 ML,2037263
مينك حمام كريم 800 مل بزيت الزيتون,MINK CONDITIONING CREAM OLIVE OIL 800 ML,2130201
مينك حمام كريم 800 مل بزيت جوز الهند لبني,MINK CONDITIONING CREAM COCONUT 800 ML,2543626
مينك شامبو 400 مل بخلاصه الثوم وزيت الروزماري,MINK HAIR SHAMPOO WITH GARLIC 400 ML,1401243
مينك شامبو 400 مل بزيت الافوكادو والجوجوبا,MINK HAIR SHAMPOO WITH AVOCADO 400 ML,1858367
مينك شامبو 400 مل بزيت جوز الهند والمكاداميا,MINK HAIR SHAMPOO WITH COCONUT 400 ML,1401242
مينك شامبو 700 مل بخلاصه الثوم وزيت الروزماري موف,MINK HAIR SHAMPOO WITH GARLIC 700 ML,2472199
مينك شامبو 700 مل بخلاصه العسل وزيت الارجان اسود,MINK HAIR SHAMPOO WITH HONEY 700 ML,2472210
مينك شامبو 700 مل بخلاصه زيت الزيتون واللوز والصبار اخضر,MINK HAIR SHAMPOO WITH OLIVE OIL 700 ML,2041963
مينك شامبو 700 مل بزيت جوز الهند والمكاداميا ازرق,MINK HAIR SHAMPOO WITH COCONUT 700 ML,2131009
مينك كريم 200 مل بالبلسم و الثوم,MINK HAIR CREAM WITH BALSAM 200 ML GARLIC,2638237
مينك كريم شعر بالبلسم 125 مل بالعسل اصفر,MINK HAIR CREAM WITH BALSAM 125 ML HONEY,2130039
مينك كريم شعر بالبلسم 125 مل بجوز الهند ابيض,MINK HAIR CREAM WITH BALSAM 125 ML COCONUT,2129831
مينك كريم شعر بالبلسم 150 مل بالعسل اصفر,MINK HAIR CREAM WITH BALSAM 150 ML HONEY,1401112
مينك كريم شعر بالبلسم 200 مل بالثوم فوشيا,MINK HAIR CREAM WITH BALSAM 200 ML GARLIC,2037261
مينك كريم شعر بالبلسم 200 مل بالعسل اصفر,MINK HAIR CREAM WITH BALSAM 200 ML HONEY,1935417
مينك كريم شعر بالبلسم 200 مل بزيت الزيتون اخضر,MINK HAIR CREAM WITH BALSAM 200 ML OLIVE OIL,1449221
مينك كريم شعر بالبلسم 200 مل جوز هند ابيض,MINK HAIR CREAM WITH BALSAM 200 ML COCONUT,2169984
مينك كريم هير واكس 100 مل بالعسل,MINK HAIR WAX CREAM HONEY 100 ML,2353788
مينك كريم هير واكس 150 مل بالعسل,MINK CREAM HAIR WAX HONEY 150 ML,2330890
مينك كريم هير واكس 150 مل بجوز الهند,MINK CREAM HAIR WAX COCONUT 150 ML,2130279
مينك كريم هير واكس 150 مل بزيت الزيتون,MINK CREAM HAIR WAX OLIVE OIL 150 ML,2185859
مينك كريم هيرفود 125 مل بزيت الزيتون,MINK HAIR FOOD CREAM OLIVE OIL 125 ML,1978859
مينك كريم هيرفود 125 مل بزيت المينك ابيض,MINK HAIR FOOD CREAM MINK OIL 125 ML,2472202
مينك كريم هيرفود 250 مل بجوز الهند,MINK HAIR FOOD CREAM COCONUT 250 ML,2037494
مينك هير بلسم 400 مل بالزيتون والصبار واللوز,MINK HAIR CONDITIONER OLIVE OIL ALMOND OIL ALOE 400 ML,1400432
مينك هير كريم واكس 150 مل بالبلسم وزيت الزيتون واللوز والصبار,MINK HAIR CREAM WITH BALSAM OLIVE ALMOND OILS AND ALOE VERA 150 ML,1935448
مينك هير واكس كريم 150 جم بالبلسم والثوم والروزماري والخروع,MINK HAIR CREAM WITH BALSAM GARLIC ROSEMARY AND CASTOR OIL 150 ML,1401168
مينوبرافا قطره بالفم 30 مل,MINOPRAVA DROP 30 ML,1904457
مينوفيللين اس ار 300 مجم 30 اقراص,MINOPHYLLINE 300 MG 30 S.R.TAB.,2233201
مينوكسيديل فورت 5 % جل 60 جم,MINOXIDIL FORTE 5 % TOPICAL GEL 60 GM,956227
مينوكسيلوك 5 % بخاخ للشعر 100 مل,MINOXILOOK 5 % HAIR SPRAY 100 ML,955305
ميني جوافه قطره فم 15 مل,MINI GUAVA ORAL DROPS 15 ML(N / A),2475476
مينيرين ميلت 120 مكجم 30 اقراص,MINIRIN MELT 120 MCG 30 SUBLINGUAL TAB.,1833351
مينيرين ميلت 60 مكجم 30 اقراص,MINIRIN MELT 60 MCG 30 SUBLINGUAL TAB.,1543579
مينينجور 20 كبسول,MEANINGORE 20 CAP,2499993
ميو اينوزيتول 30 اقراص,MYO INOSITOL 30 TABS,2632618
ميوبان 10.8 جم / 100 مل شراب,MIOPAN 10.8 GM / 100 ML 100 ML SUSP.,2471791
ميوجريل 75 مجم 30 اقراص,MYOGREL 75 MG 30 F.C. TAB.,2343345
ميوجريل بلس 75 / 75 مجم 30 اقراص,MYOGREL PLUS 75 / 75 MG 30 F.C. TAB.,1491221
ميوريل بخاخ 60 مل,MYOREL SPRAY 60 ML,945735
ميوفليكس 10 اقراص,MYOFLEX 10 TAB.,2621642
ميوفين 30 كبسول,MYOFEN 30 CAPS.,1775944
ميوكو 15 مجم / 5 مل شراب 100 مل,MUCO 15 MG / 5 ML SYRUP 100 ML,1397752
ميوكوبراف 600 مجم 10 اكياس,MUCOBRAVE 600 MG 10 SACHETS,905255
ميوكوبرافوفوار,,2603749
ميوكوبيكت 15 مجم / 5 مل شراب 120 مل,MUCOPECT 15 MG / 5 ML SYRUP 120 ML,905256
ميوكوتك 300 مجم 20 كبسول,MUCOTEC 300 MG 20 CAPS.,2319800
ميوكوجل شراب 180 مل,MUCOGEL SUSP. 180 ML,2312092
ميوكوستا 100 مجم 20 اقراص,MUCOSTA 100 MG 20 F.C. TAB.,2313693
ميوكوسول 375 مجم 20 كبسول,MUCOSOL 375 MG 20 CAPS.,1467187
ميوكوسول للاطفال 125 مجم / 5 مل شراب 120 مل,MUCOSOL PED. 125 MG / 5 ML SYRUP 120 ML,1482214
ميوكوسول للكبار 250 مجم / 5 مل شراب 120 مل,MUCOSOL ADULT 250 MG / 5 ML SYRUP 120 ML,1445035
ميوكوفيللين شراب 125 مل,MUCOPHYLLINE SYRUP 125 ML,2145668
ميوكول مساج بخاخ 200 مل,MYOCOOL MASSAGE SPRAY 200 ML,2172493
ميوكول مساج جل 60 جم,MYOCOOL MASSAGE GEL 60 GM,2610460
ميوكوليبر 120 م بديل ايفيروسبان,MECLOPRAM 5 MG / 5 ML SYP. 120 ML,2346643
ميونيل 10 اكياس,MYONIL 10 SACHET,1760989
نابوزيثرون 500 مجم 3 اقراص,NAPOZITHRON 500 MG 3 TAB,2616573
نابي فيت 100 مجم 8 اقراص,NAPIFIT 100 MG 8 TAB,2144631
نابيبرادين 5 مجم 30 اقراص,NAPIBRADINE 5 MG 30 F.C. TABS.,2462374
نابيبرادين 7.5 مجم 30 اقراص,NAPIBRADINE 7.5 MG 30 F.C. TABS.,2370503
نابيزول 20 مجم 14 كبسول,NAPIZOLE 20 MG 14 CAPS.,2471377
نابيزول 40 مجم / مل امبول وريد,NAPIZOLE 40 MG / ML POWDER FOR I.V. INF. VIAL,2653511
نابيزول 40 مجم 14 كبسول,NAPIZOLE 40 MG 14 CAPS.,2437536
نات جيكس لوشن 60 مل,NATALO BABY LOTION 60 ML,2498777
نات شيل لوشن الجسم برائحه الفستق والماغنوليا 465 مل,NATCHEL PISTACHIO MAGNOLIA BODY LOTION 465 ML,1945277
ناتاريا كريم 50 جم,NATARIA CREAM 50 GM,2489700
ناتالو بيبي لوشن 60 مل,NATALO BABY LOTION 60 ML,2497020
ناتالو كريم 60 مل,NATALO CREAM 60 ML,2381335
ناتامايسين 5 % قطره للعين,NATAMYCIN 5 % EYE DROPS 10 ML,2651737
ناتري صابون 100 جم,NATRY SOAP 100 GM,2472084
ناتري غسول للوجه 250 مل,NATRY FACIAL WASH 250 ML,2144850
ناتريكسام ام ار 1.5 / 10 مجم 28 اقراص,NATRIXAM M.R. 1.5 / 10 MG 28 F.C. TABS.,2145688
ناتريكسام ام ار 1.5 / 5 مجم 28 اقراص,NATRIXAM M.R. 1.5 / 5 MG 28 F.C. TABS.,2640859
ناتريلكس اس ار 1.5 مجم 30 اقراص,NATRILIX SR 1.5 MG 30 COATED TAB.,905272
ناجابيا 30 كبسول,NAGAPEA 30 CAPS,2552711
ناجابيا مكمل غذائي 30 اقراص 220,NAGAPEA 30 CAPS,2634641
ناجلوفيك 750 مجم 10 اقراص,NAGLOVIC 750 MG 10 F.C. TABS.,1548758
نارجي لوشن,NARGI LOTION,1427890
ناركلين 30 اقراص,NARKLEEN 30 TABLETS,1917569
ناركلين كبسول,NARKLEEN 30 TABLETS,2646807
ناريدريكس 2.5 مجم 6 اقراص,NAREDRIX 2.5 MG 6 F.C. TABS.,2171893
نازوبكترا بخاخه,NASOPECTRA 125 / 50 MCG NASAL SPRAY 120 ACTUATIONS,2680724
نازوبيكترا 125 / 50 مكجم بخاخ للانف 120 جرعه,NASOPECTRA 125 / 50 MCG NASAL SPRAY 120 ACTUATIONS,1112048
نازوستوب 0.05 % قطره للانف للاطفال 15 مل,NASOSTOP 0.05 % PAED NASAL DROPS 15 ML,2437540
نازوستوب 0.1 % قطره للانف للكبار 15 مل,NASOSTOP 0.1 % ADULT NASAL DROPS 15 ML,2144065
نازوفلوتين بخاخ للانف 120 جرعه,NASOFLUTIN NASAL SPRAY 120 DOSES,1397769
نازوكورت ايه كيو 55 مكجم بخاخ 120 جرعه,NASACORT AQ 55 MCG NASAL SPRAY 120 DOSES,2325852
نازونكس 0.05 % بخاخ للانف 120 جرعه,NASONEX 0.05 % NASAL SPRAY 120 DOSES,1108377
نازوويل 150 مجم 3 كبسول,NAZOWELL 150 MG 3 CAPS.,1853783
ناسابون 30 اقراص,NASABONE 30 TABS,2384647
ناسيت ماكينه حلاقه 24 قطعه,NASET RAZOR BLADES 1 PIECES,2619105
ناش نوكت 30 اقراص,NASH NOCT 30 TAP,2636399
نافكوزول قطره 14,NAPHCOZOLE EYE DROPS 10 ML,2680573
نافكوزول قطره للعين 10 مل,NAPHCOZOLE EYE DROPS 10 ML,2041901
نافوبروكسين 50 مجم 5 لبوس,NAVOPROXIN 50 MG 5 SUPP.,1161625
نافوبروكسين بلس 20 اقراص,NAVOPROXIN PLUS 20 F.C. TAB.,2455307
نافيل بخاخ مطهر 100 مل,NAVEL ANTISEPTIC SPRAY 100 ML,2245697
نافيلوكا 200 مجم 7 كبسول,NAVILUCA 200 MG 7 CAPS.,1566164
ناميكس 20 اقراص,NAMIX 20 TAB,2621862
نان ال اف لبن 400 جم,NAN LF MILK 400 GM,2586023
نان اوبتي برو 1 لبن 400 جم,NAN OPTIPRO 1 MILK 400 GM,2144377
نان اوبتي برو 2 لبن 400 جم,NAN OPTIPRO STAGE 2 MILK 400 GM,2156987
نان اوبتي برو 3 لبن 400 جم,NAN OPTIPRO STAGE 3 MILK 400 GM,2156988
نان بري لبن 400 جم,NAN PRE MILK 400 GM,2594763
نان كومفورت لبن 380 جم,NAN COMFORT MILK 380 GM,2487719
نانا سويت لازاله الشعر 100 جم 3 قطع,NANA SWEET FOR LADY 100 GM 3 PICESES,1401726
نانازوكسيد 100 مجم / 5 مل شراب 60 مل,NANAZOXID 100 MG / 5 ML PD. FOR ORAL SUSP. 60 ML,2471392
نانازوكسيد 500 مجم 18 اقراص,NANAZOXID 500 MG 18 F.C. TABS.,2365466
نانو تريت غسول وجه 200 م,NUNU BABY OIL 200 ML,2638281
نانو شيست شراب 100 مل,NANO CHEST SYRUP 100 ML,2500000
نانو مويست لوسيون مرطب,NANO MOIST SOOTHING LOTION,2500001
نانوايرو 30 كبسول,NANOIRO 30 CAP,1828894
نانودام ايزوتونيك بخاخ 75 مل,NANODAM ISOTONIC NASAL SPRAY 75 ML,1741050
نانودام كريم لمنطقه الحفاضه,NANODAM NAPPY RASH CREAM,2315176
نانودام ميني قطره 15 مل,NANODAM MINI DROPS 15 ML,1903038
نانودام هيبرتونيك بخاخ 75 مل,NANODAM HYPERTONIC SPRAY 75 ML,1476516
نانوسات لوسيون,NANOSAT LOTION,2499998
ناو ادم 90 كبسوله,NOW ADAM MALE 90 CAPS,2353459
ناو ادما رجال 90 كبسول,NOW ADAM MALE 90 CAPS,2674770
ناو ارجينين 500 مجم سيترولين 250 مجم 120 كبسول,NOW ARGININE 500 MG CITRULLINE 250 MG 120 CAPS,2194752
ناو ال تريبتوفان 500 مجم 60 اقراص,NOW L TRYPTOPHAN 500 MG 60 TAB,2636191
ناو ال كارنتين 1000 مجم 50 اقراص,NOW L CARNITINE 1000 MG 50 TAB,2674761
ناو ال ليسين 500 مجم 100 اقراص,NOW L LYSINE 500 MG 100 TAB,2456234
ناو ام اس ام 1000 مجم 120 اقراص,NOW MSM 1000 MG 120 CAPS,2295975
ناو اوميجا 3 30 كبسول,NOW OMEGA 3 30 CAPS,2628429
ناو اوميجا ثري 30 اقراص,NOW OMEGA 3 30 CAPS,2682851
ناو ايفا سيدات 120 كبسول,AVOBEANO 10 CAP,2674769
ناو ايفي سيدات 120 اقراص,NOW EVE WOMANS 120 TAB,2523107
ناو بايوسيل كولاجين 200 اقراص,NOW BIOCELL COLLAGEN 200 TAB,2378254
ناو ببتيدات الكولاجين مسحوق 8 اونصات 227 جم,NOW COLLAGEN PEPTIDES POWDER 8 OZ 227 GM,2146830
ناو بروبيوتيك 10 25 بليون 50 كبسول,NOW PROBIOTIC 10 25 BILLION 50 CAP,2674764
ناو بيوتين 10000 مجم 120 كبسوله,NOW BIOTIN 10000 MG 120 CAP,2652423
ناو بيوتين 5000 مجم 60 كبسوله,NOW BIOTIN 5000 MG 60 CAP,2372799
ناو تريامريك كوركومين,NOW TURMERIC CURCUMIN 60 VEG CAPSULES,2681395
ناو تورمريك كركيومين 60 كبسول,NOW TURMERIC CURCUMIN 60 VEG CAPSULES,2378255
ناو جلوكومانان 575 مجم 180 كبسوله,NOW GLUCMANNAN 575 MG 180 CAPSULE,2674760
ناو دايلي فيت 30 اقراص,NOW DAILY VITS 30 TAB,2523108
ناو دي اتش اي 500 مجم 90 كبسول,NOW DHA 500 MG 90 CAP,2199427
ناو دي اتش ايه كيدز,NOW KIDS DHA FISH OIL 60 CHEWABLE SOFTGELS,2681400
ناو رويال جيلي 1500 مجم 60 كبسول,NOW ROYAL JELLY 1500 MG 60 CAPS.,2674771
ناو زاما 800 مجم 90 كبسول,NOW ZMA 800 MG 90 CAP,2674759
ناو زنك بيكولينات 50 مجم 120 كبسول,NOW ZINC PICOLINATE 50 MG 120 CAPS.,2295976
ناو زنك بيكولينات 50 مجم 60 اقراص,NOW ZINC PICOLINATE 50 MG 60 CAPS,2674763
ناو سبيرولينا 1000 مجم 120 اقراص,NOW SPIRULINA 1000 MG 120 TAB,2523109
ناو سي 1000 مجم 100 كبسول,NOW C 1000 MG 100 CAPS.,2521464
ناو سي 1000 مجم 30 كبسول,NOW C 1000 MG 30 CAPS,2471398
ناو سي ال ايه 800 مجم 90 كبسول,NOW CLA 800 MG 90 CAP,2292173
ناو سيلينيوم 200 مجم,NOW SELENIUM 200 MCG 90 TAB,2681396
ناو سيلينيوم 200 مكجم 90 اقراص,NOW SELENIUM 200 MCG 90 TAB,2271852
ناو فيتامين د 3 10000 وحده 120 اقراص,NOW VITAMIN D 3 10000 IU 120 CAPS,2353501
ناو قشور سيليوم 500 مجم 200 كبسوله,NOW PSYLLIUM HUSK 500 MG 200 VEG CAPSULES,2295978
ناو كرياتين مونوهيدرات 500 جم بودره,NOW CREATINE MONOHYDRAE MICRONIZED 500 GM,2146851
ناو كو كيو 10 200 مجم 60 كبسوله نباتيه,NOW COQ 10 200 MG 60 VEG CAPSULES,2372798
ناو كيدز دي اتش ايه فيش اويل 60 كبسول,NOW KIDS DHA FISH OIL 60 CHEWABLE SOFTGELS,2295977
ناو ماغنسيوم 120 اقراص,NOW MAGNESIUM GLYCINATE 120 TABS,2674768
ناو ماغنسيوم جلايسينات 120 اقراص,NOW MAGNESIUM GLYCINATE 120 TABS,2512099
ناو ماغنسيوم سيترات 120 كبسول,NOW MAGNESIUM CITRATE 120 CAP,2398979
ناو ماكا 750 مجم 90 كبسول,NOW MACA 750 MG 90 CAP,2674767
ناو ميثيل فولات 1000 مجم 90 اقراص,NOW METHYL FOLATE 1000 MG 90 CAPS,2353504
ناو ميلاتونين 3 مجم 60 كبسول,NOW MELATONIN 3 MG 60 CAPS.,2674765
ناو ه 400 ميكسيد 100 كبسوله,NOW E 400 100 SOFTGELS,2674766
نايت كالم 1 مجم 20 اقراص,NIGHT CALM 1 MG 20 F.C. TABS.,2158890
نايت كالم 1 مجم 30 اقراص,NIGHT CALM 1 MG 30 F.C. TABS,1775974
نايت كالم 2 مجم 30 اقراص,NIGHT CALM 2 MG 30 F.C. TABS,2328030
نايت كالم 3 مجم 30 اقراص,NIGHT CALM 3 MG 30 F.C. TABS,2144635
نايس بيبي قاعده تواليت اطفال,NICE BABY TOILET POTTY,2389650
نايسفيل كريم,ADVANCEVELA MAX MASSAGE CREAM,2646916
نايسفيل كريم للحروق,ADVANCEVELA MAX MASSAGE CREAM,2370885
ناين تايم فيتامين سي سيرم 30 مل,NINETIMES VITAMIN C SERUM 30 ML,1474658
ناين تايم هيالورونيك اسيد سيرم 30 مل,NINETIMES HYALURONIC ACID SERUM 30 ML,1474659
نباسكو 5 مجم 30 اقراص,NEBASCO 5 MG 30 TABS.,1752441
نت كلين 100 مجم / 5 مل للاطفال شراب 60 مل,NIT CLEAN 100 MG / 5 ML PD. FOR ORAL SUSP. 60 ML,2625629
نت كلين 500 مجم 12 اقراص,NIT CLEAN 500 MG 12 F.C. TABS.,1109951
نت كلين 500 مجم 5 * 6 اقراص,NIT CLEAN 500 MG 5 * 6 F.C. TABS.,2386373
نت لوك 20 مجم 20 كبسول,NETLOOK 20 MG 20 SOFT GELATIN CAPS.,1460188
نت لوك 20 مجم 20 كبسول,NETLOOK 20 MG 20 SOFT GELATIN CAPS.,2683236
نتائج الطبيعه بديل الزيت 35 جم اكياس افوكادو,NATURAL RESULT OIL REPLACEMENT 35 GM AVOCADO,2131435
نتائج الطبيعه بديل الزيت 35 جم اكياس اوميجا 3 زيت السمك,NATURAL RESULT OIL REPLACEMENT 35 GM OMEGA,2131434
نتائج الطبيعه بديل الزيت 35 جم اكياس بالخلطه الملكيه,NATURAL RESULT OIL REPLACEMENT 35 GM ROYAL MIXTURE,1779476
نتائج الطبيعه بديل الزيت 35 جم اكياس بزيت الحيه,NATURAL RESULT OIL REPLACEMENT 35 GM SNACK OIL,2131437
نتائج الطبيعه بديل الزيت 35 جم اكياس جوجوبا,NATURAL RESULT OIL REPLACEMENT 35 GM JOJOPA,1779474
نتائج الطبيعه بديل الزيت 35 جم اكياس جوز الهند,NATURAL RESULT OIL REPLACEMENT 35 GM COCONUT,2131433
نتائج الطبيعه بديل الزيت 35 جم اكياس روزماري,NATURAL RESULT OIL REPLACEMENT 35 GM ROSEMARY,2131438
نتائج الطبيعه بديل الزيت شعر جاف اكياس,NATURAL RESULT OIL REPLACEMENT 35 GM SNACK OIL,1779479
نتائج الطبيعه حمام كريم 35 جم اكياس بزبده الشيا,NATURAL RESULT HAIR MASK 35 GM SHEA,1779477
نتائج الطبيعه كريم تفتيح للجسم اكياس 35 جم,NATURE RESULTS BODY WHITENING CREAM 35 GM,1779481
نتالوبالم 30 اقراص,NETALOPALM 30 CAP,2472306
نتالوبالم للرجال كبسول,NETALOPALM 30 CAP,2651805
نرفاديكسين 20 كبسول,NERVADIXIN 20 HARD GELATIN CAP,1667052
نرفيكسال 30 اقراص,NERVIXAL 30 F.C.TABS.,2673310
نرفيكسال 30 اقراص جديد,NERVIXAL 30 F.C.TABS.,2681367
نركادو 2.5 ق,,2437553
نركاردو 10 مجم 30 فيلم,NERKARDOU 10 MG 30 ORODISPERSIBLE FILMS,2640979
نركاردو 2.5 مجم 30 فيلم,NERKARDOU 2.5 MG 30 ORODISPERSIBLE FILMS,2161087
نركاردو 5 مجم 30 فيلم,NERKARDOU 5 MG 30 ORODISPERSIBLE FILMS,2437554
نستاكوران 2 مجم 20 اقراص,NESTACORAN 2 MG 20 F.C. TABS.,2288532
نستوجين 1 لبن 400 جم,NESTOGEN 1 MILK 400 GM,2628236
نستوجين 2 لبن 400 جم,NESTOGEN 2 MILK 400 GM,2623984
نستوجين 3 لبن 200 جم,NESTOGEN 3 MILK 200 GM,2470994
نسيم شراب 120 مل,NASEEM SYRUP 120 ML,2474396
نصار 12 * 8 اقراص,NASSAR 12 * 8 F.C. TAB.,2607679
نصار اقراص,NASSAR 12 * 8 F.C. TAB.,2680354
نصار اقراص,NASSAR 12 * 8 F.C. TAB.,2670667
نظارات قراءه طبيه استاند 20 قطعه,MEDICAL SUNGLASSES FOR READING STAND 20 PCS,2130927
نظاره قراءه اشكال مختلفه 20 قطعه,READING GLASSESS 20 PICESES,1401309
نكسيبرونش 200 مل شراب بدون عسل,NEXIBRONCH 200 ML WITHOUT HONEY,2670653
نكسيبرونش 200 مل شراب مع العسل,NEXIBRONCH 200 ML WITH HONEY,2515734
نو اكني صابون 100 جم,NO ACNE SOAP 100 GM,904185
نو بي 12 اكياس,NO B 12 SACHET,2472727
نو ديبرين 50 مجم 30 اقراص,NO DEPRINE 50 MG 30 TAB,2557161
نو راش وايت 15 اكياس جديد / يوني سواب,NO RASH WHITE CREAM 20 SACHETS,2625668
نو راش وايت كريم 100 مل,NO RASH WHITE CREAM 100 ML,2240745
نو راش وايت كريم 20 اكياس,NO RASH WHITE CREAM 20 SACHETS,1799777
نو راش وايت كريم 50 مل,NO RASH WHITE CREAM 50 ML,2161091
نو سبازم 10 مجم 20 اقراص,NU SPASM 10 MG 20 TAB,2588206
نو كال 100 اكياس 1 معلقه,NO CAL 100 SACH 1 TSB,2521519
نو كال 100 اكياس 2 معلقه,NO CAL 100 SACH 2 TSB,2144866
نو كال 25 اكياس,NO CAL 25 SACHETS,2260597
نو كال 300 اكياس 2 معلقه,NO CAL 300 SACHET 2 TSB,2145018
نو كال 50 اكياس,NO CAL 50 SACHET,2328445
نو كال بودر 250 جم,NO CAL 250 GM,2501478
نو مور اكني غسول 250 مل,NO MORE ACNE CLEANSER 250 ML,2367793
نو هير لوشن 250 مل,NO HAIR LOTION 250 ML,1776024
نو يوريك 100 مجم 50 اقراص,NO URIC 100 MG 50 TAB,2437590
نواكني بكسيل صابونه 100 جم 55,,2628157
نواه بديل الزيت 250 مل,NAWAH HAIR OIL REPLACEMENT 250 ML,1554277
نواه بلسم للشعر 250 مل,NAWAH HAIR CONDITIONER 250 ML,2184771
نواه سيرم للشعر 100 مل,NAWAH HAIR SERUM 100 ML,2184783
نواه شامبو للشعر 100 مل,NAWAH SHAMPOO 100 ML,2184785
نواه صابون تفتيح 110 جم,NAWAH WHITENING SOAP 110 GM,2500002
نواه صابون كولاجين 110 جم,NAWAH COLLAGEN SOAP 110 GM,2500003
نواه صن سكرين كريم 75 مل,NAWAH SUNSCREEN SPF 50 CREAM 75 ML,2184788
نواه غسول للوجه 200 مل,NAWAH FACIAL WASH 200 ML,1554281
نواه كريم تفتيح 50 جم,NAWAH WHITENING CREAM 50 GM,2184790
نواه كريم للشعر 200 مل,NAWAH HAIR CREEM 200 ML,2377415
نواه لوسيون للشعر 200 مل,NAWAH HAIR LOTION 200 ML,2184778
نوبايريترون 125 مجم 20 فيلم,NOPYRETRON 125 MG 20 ORAL FILM,2565445
نوبلاك ديليكا غسول للفم 250 مل,NO PLAC DELICA MOUTH WASH 250 ML,2099701
نوبلاك غسول للفم 250 مل,NO PLAC MOUTH WASH 250 ML,2156663
نوبلاك غسول للفم 250 مل قرنفل,NO PLAC MOUTH WASH 250 ML CLOVE,2544425
نوبلاك غسول للفم 250 مل نعناع,NO PLAC MOUTH WASH 250 ML MINT,2194777
نوبلاك مضمضه قرنفل,NO PLAC MOUTH WASH 250 ML CLOVE,2675562
نوبلاك مضمضه قرنفل,NO PLAC MOUTH WASH 250 ML CLOVE,2651209
نوبلاك مضمضه نعناع,NO PLAC MOUTH WASH 250 ML MINT,2675564
نوبير كريم 50 جم,NOBUR CREAM 50 GM,2501366
نوبيشيا 1 مجم 30 اقراص,NOPECIA 1 MG 30 CAPS,2652405
نوبيشيا ق,NOPECIA 1 MG 30 CAPS,2653454
نوبيشيا ق جديد,NOPECIA 1 MG 30 CAPS,2651262
نوبيشيا ق جديد,NOPECIA 1 MG 30 CAPS,2681241
نوبيشيا كبسول جديد,NOPECIA 1 MG 30 CAPS,2645843
نوتريبروكس 0.77 % كريم 15 جم,NOTRIPROX 0.77 % CREAM 15 GM,2289757
نوتريكس جل 50 جم,NUTRIX GEL 50 GM,2260204
نوتوسيل 4 مجم / مل شراب 120 مل,NOTUSSIL 4 MG / ML SUSP. 120 ML,2114007
نوجيستريل 1.5 مجم 1 اقراص,NOGESTRIL 1.5 MG 1 TAB,1862625
نودب 10 مجم 30 اقراص,NODEP 10 MG 30 F.C. TAB.,2382398
نودي اسبري 30 مل,NODY NASAL SPRAY 30 ML,2640503
نودي بخاخ للانف 30 مل,NODY NASAL SPRAY 30 ML,2448998
نودي كير سيرم للشعر 100 مل,NODY CARE SERUM 100 ML,2500008
نودي كير شامبو 250 مل,NODY CARE SHAMPOO 250 ML,2500009
نوديليز 30 اقراص,NODILASE 30 TABS,1811340
نورارين 20 قطعه,NORAREEN 20 PICES,2638874
نوراش اكياس بون كيدي 20 اكياس,G DOUX HAIR SAMPOO 200 ML NOURSHING,2645894
نوراش وايت اكياس,AXE STICK ANARCHY FOR MEN DEODORANT 85 G,2640612
نورجيسيك 20 اقراص,NORGESIC 20 TAB,905310
نوردوجا شراب,NORDOGA SYRUP,2571398
نورس لوسيون 125 مل,NAWRAS LOTION 125 GM,2233696
نورسيديس غسول للفم 250 مل,NOORCEDES MOUTH WASH 250 ML,2140408
نورفاسك 10 مجم 10 اقراص,NORVASC 10 MG 10 TAB,2260247
نورفاسك 10 مجم 15 اقراص,NORVASC 10 MG 15 TAB.,905311
نورفاسك 5 مجم 10 اقراص,NORVASC 5 MG 10 TAB.,905313
نورفاسك 5 مجم 30 اقراص,NORVASC 5 MG 30 TAB.,905315
نورفاسك فال 10 / 160 مجم 30 اقراص,NORVASC VAL 10 / 160 MG 30 TABS,2254919
نورفاسك فال 5 / 160 مجم 30 اقراص,NORVASC VAL 5 / 160 MG 30 TAB,2603767
نورفاسك فال 5 / 80 مجم 30 اقراص,NORVASC VAL 5 / 80 MG 30 TAB,1690269
نورفلكس 100 مجم 20 اقراص,NORFLEX 100 MG 20 TABS.,2437566
نوركسول دي ثري قطره,NORKISOL D 3 ORAL DROPS,1131277
نوركي بونز 30 اقراص,NORKI BONES 30 TABLET,1809153
نوركي بونز شراب 120 مل,NORKI BONES SUSP 120 ML,1131276
نوركي ميل شراب 120 مل,NORKI MEL 120 ML SYRUP,2161629
نوركيبونيس 30 كبسول,,2551643
نوركيليز شراب 120 مل,NORKI LASE SYRUP 120 ML,2558127
نورمو تيرز قطره للعين 15 مل,NORMO TEARS EYE DROPS 15 ML,2313709
نورموكارد 10 مجم 30 اقراص,NORMOCARD 10 MG 30 TAB.,2320081
نورموكارد 2.5 مجم 30 اقراص,NORMOCARD 2.5 MG 30 TAB.,2431595
نورموكارد 5 مجم 30 اقراص,NORMOCARD 5 MG 30 TAB.,1922582
نورموكارد 7.5 مجم 30 اقراص,NORMOCARD 7.5 MG 30 TAB,2523412
نورميجلوب 20 كبسول,NORMIGLOB 20 CAP,2500011
نورميراما 0.4 مجم 30 اقراص,NORMIRAMA . 04 MG MR 30 CAPS,1790870
نورميفيرين (اوكسيميتازولين قديما) 0.5 مجم / مل بخاخ للانف 20 مل,NORMIFRIN (OXYMETAZOLINE MUP) 0.5 MG / ML NASAL SPRAY 20 ML,1050171
نوريجينسن 50 / 5 مجم 1 امبول,NORIGYNCIN 50 / 5 MG I.M. AMP,2640533
نورينوز 50 مكجم / جرعه بخاخ للانف 120 جرعه,NORHINOSE 50 MCG / DOSE NASAL SPRAY 120 DOSES,1474759
نوزيلكس 50 مجم / 2 مل 3 امبول,NAUSILEX 50 MG / 2 ML I.V / I.M 3 AMPS.,2099764
نوستامين قطره للانف والعين 15 مل,NOSTAMINE EYE / NOSE DROPS 15 ML,905319
نوستيفكس 0.5 مجم 2 اقراص,NOSTIFIX 0.5 MG 2 TAB.,2471422
نوفابانتوليكس 20 مجم 14 اقراص,NOVAPANTOLIX 20 MG 14 TAB,2255097
نوفابانتوليكس 40 مجم 14 اقراص,NOVAPANTOLIX 40 MG 14 TAB,2201014
نوفاكتام 1500 مجم امبول,NOVACTAM 1500 MG VIAL I.M / I.V,2498178
نوفاكتام 250 مجم / 5 مل شراب 60 مل,NOVACTAM 250 MG / 5 ML SUSP. 60 ML,2128400
نوفاكتام 375 مجم 12 اقراص,NOVACTAM 375 MG 12 F.C. TAB.,2146626
نوفاكتام 750 مجم امبول,NOVACTAM 750 MG VIAL I.M / I.V,2157134
نوفراكت 70 مجم شراب 75 مل,NOFRACT 70 MG ORAL SOLN. 75 ML,2313714
نوفلو 20 اقراص,NOFLU 20 TAB.,2509454
نوفلو ق / القاهره,NOFLU 20 TAB.,2493744
نوفو ميكس امبول 30 مجم ازرق جديد,ERNOVO 100 MG 10 SACHETS,2616803
نوفو ميكس امبول جديد 252,NOVOFERR 20 SACHETS,2671798
نوفورابيد 100 وحده / مل 1 فليكس بين,NOVORAPID 100 I.U. / ML 1 FLEXPEN,1661299
نوفورابيد 100 وحده / مل 5 بنفل,NOVORAPID 100 I.U. / ML 5 PENFILL,2616804
نوفورابيد 100 وحده / مل 5 فليكس بين,NOVORAPID 100 I.U. / ML 5 FLEXPEN,1769426
نوفوكوبال 1 جم 30 اقراص,NOVOCOBAL 1 GM 30 SUBLINGUAL TAB,1477759
نوفوكوبال 1000 اقراص,NOVOCOBAL 1 GM 30 SUBLINGUAL TAB,2681753
نوفوميكس 30 100 وحده / مل 1 فليكس بين,NOVOMIX 30 100 I.U. / ML 1 FLEXPEN,2097429
نوفوميكس 30 100 وحده / مل 5 فليكس بين,NOVOMIX 30 100 I.U. / ML 5 FLEXPEN,2435292
نوفوميكس 50 100 وحده / مل 5 فليكس بين,NOVOMIX 50 100 I.U. / ML 5 FLEXPEN,1803872
نوفونورم 0.5 مجم 30 اقراص,NOVONORM 0.5 MG 30 TAB,1741080
نوفونورم 1 مجم 30 اقراص,NOVONORM 1 MG 30 TAB.,2674742
نوفونورم 1 مجم 30 ق س. قديم,NOVONORM 1 MG 30 TAB.,2682916
نوفونورم 2 مجم 30 اقراص,NOVONORM 2 MG 30 TAB,2674159
نوفونورم 2 مجم 30 ق س. قديم,NOVONORM 2 MG 30 TAB,2682917
نوفونيز 5 مجم 30 اقراص,NOUVONASE 5 MG 30 TAB,2128857
نوفيستوريك 10 مجم 14 اقراص,NOVISTORIC 10 MG 14 F.C. TAB.,905326
نوفيستوريك 20 مجم 14 اقراص,NOVISTORIC 20 MG 14 F.C. TAB.,2382081
نوفيستوريك بلس 10 / 10 مجم 30 اقراص,NOVISTORIC PLUS 10 / 10 MG 30 TAB,1977534
نوفيستوريك بلس 10 / 5 مجم 30 اقراص,NOVISTORIC PLUS 5 / 10 MG 30 TABS,2455334
نوفيكس بانثينول شامبو 250 مل,NOVEX PANTHENOL SHAMPOO 250 ML,2190392
نوفيكس بانثينول كريم 30 جم,NOVEX PANTHENOL CREAM 30 GM,2143656
نوفيكس بانثينول كريم 50 جم,NOVEX PANTHENOL CREAM 50 GM,2523424
نوكال 100 اكياس 1 معلقه,NO CAL 100 SACH 2 TSB,2558792
نوكتيبلون 2 مجم 20 اقراص,NOCTIPLON 2 MG 20 F.C.TABS.,1427941
نوكتيبلون 2 مجم 30 اقراص,NOCTIPLON 2 MG 30 F.C.TABS,2362692
نوكسيلورن 8 مجم 30 اقراص,NOXILORN 8 MG 30 F.C.TAB,2642432
نولافير 30 كبسول,NOLAVER 30 CAPS,2316842
نولافير ترياك مرهم 40 جم,NOLAVER TRIAC OINT 40 GM,2639031
نولافير جل مضاد للندبات 25 جم,NOLAVER ANTI SCAR GEL 25 GM,2254412
نولافير جل مضاد للندبات 50 جم,NOLAVER ANTI SCAR GEL 50 GM,2194804
نولافير كريم 50 جم,NOLAVER CREAM 50 GM,1063882
نولفادكس 10 مجم 30 اقراص,NOLVADEX 10 MG 30 TABS.,1448294
نوماسيست 5 مجم 20 اقراص,NOMASSIST 5 MG 20 TAB,1655295
نوميجران 30 اقراص,NO MIGRAIN 30 F.C. TAB,2011808
نوميجران زد 5 مجم 2 اقراص,NO MIGRAIN Z 5 MG 2 F.C.TAB,2194805
نوناتو بيبي صابون 100 جم,NONATO BABY SOAP 100 GM,2474296
نونميا 20 اقراص,NONEMIA 20 TAB,2542952
نونو بودره للاطفال ابيض 100 مل,NUNU BABY POWDER WHITE 100 ML,2630363
نونو بودره للاطفال اولادي ازرق 100 مل,NUNU BABY POWDER BLUE 100 ML,2393219
نونو بودره للاطفال اولادي ازرق 50 مل,NUNU BABY POWDER BLUE 50 ML,2131297
نونو بودره للاطفال بناتي روز 200 مل,NUNU BABY POWDER ROSE 200 ML,2439082
نونو بودره للاطفال بناتي روز 50 مل,NUNU BABY POWDER ROSE 50 ML,2439083
نونو زيت للاطفال 100 مل,NUNU BABY OIL 100 ML,2037266
نونو زيت للاطفال 100 مل باللافندر,NUNU BABY OIL 100 ML LAVANDER,2562647
نونو زيت للاطفال 200 مل,NUNU BABY OIL 200 ML,1779487
نونو زيت للاطفال 200 مل بالفانيليا,NUNU BABY OIL 200 ML WITH VANILLA,2130517
نونو زيت للاطفال 200 مل باللافندر,NUNU BABY OIL 200 ML LAVANDER,1779489
نونو شامبو اطفال 500 مل + نونو زيت اطفال 50 مل,NUNU BABY SHAMPOO 500 ML + NUNU BABY OIL 50 ML,2189803
نونو شامبو اطفال 500 مل + نونو شامبو اطفال 50 مل,NUNU BABY SHAMPOO 800 ML + 50 ML TRAVEL SIZE,2313928
نونو شامبو للاطفال 1 لتر + نونو بلسم اطفال 200 مل,NUNU BABY SHAMPOO 1 LITRE + NUNU BABY CONDITIONER 200 ML,1779498
نونو شامبو للاطفال 1 لتر + نونو سائل استحمام اطفال 200 مل,NUNU BABY SHAMPOO 1 LITRE + NUNU BABY SHOWER 200 ML,2270335
نونو شامبو للاطفال 1 لتر اصفر + شامبو 200 مل اصفر,NUNU BABY SHAMPOO 1 LITRE + NUNU BABY SHAMPOO 200 ML,2131221
نونو شامبو للاطفال 1 لتر اصفر + نونو زيت للاطفال 200 مل,NUNU BABY SHAMPOO 1 LITRE + NUNU BABY OIL 200 ML,2169768
نونو شامبو للاطفال 1 لتر اصفر عرض,NUNU BABY SHAMPOO 1 LITRE OFFER,2131697
نونو شامبو للاطفال 100 مل اصفر,NUNU BABY SHAMPOO 100 ML,2531361
نونو شامبو للاطفال 500 مل + شامبو بلس 50 مل احمر,NUNU BABY SHAMPOO 500 ML + NUNU SHAMPOO PLUS 50 ML,1935466
نونو شامبو للاطفال 500 مل اصفر عرض,NUNU BABY SHAMPOO 500 ML OFFER,2131226
نونو شامبو للاطفال 750 مل اصفر + بلسم 100 مل,NUNU BABY SHAMPOO 750 ML + NUNU BABY BALSAM 100 ML,2131222
نونو شامبو للاطفال 750 مل اصفر + شامبو 100 مل اصفر,NUNU BABY SHAMPOO 750 ML + NUNU BABY SHAMPOO 100 ML,2131225
نونو شامبو للاطفال 800 مل اصفر + شامبو 100 مل اصفر,NUNU BABY SHAMPOO 800 ML + NUNU BABY SHAMPOO 100 ML,2131224
نونو شامبو للاطفال 800 مل اصفر + نونو زيت للاطفال 100 مل,NUNU BABY SHAMPOO 800 ML + NUNU BABY OIL 100 ML,2131223
نونو كولونيا عطر للاطفال بعطر العبير 100 مل,NUNU BABY FRAGRANCE COLOGNE ABEER 100 ML,2270331
نونو كولونيا عطر للاطفال بعطر النسيم 100 مل احمر,NUNU BABY FRAGRANCE COLOGNE BREEZE 100 ML,2270333
نونو مجموعه العنايه بالطفل 50 مل 5 قطع,NUNU GIFT SET BABY CARE PRODUCTS 50 ML SET OF 5,2037268
نويا بخاخ 200 مل اندلسي,NOYA ANDALUSI PERFUME SPRAY 200 ML,2267274
نويا بخاخ 200 مل بريستيج اديشن,NOYA PRESTIGE EDITION PERFUME SPRAY 200 ML,2267277
نويا بخاخ 200 مل عود اذ ريت,NOYA OUD IS GREAT PERFUME SPRAY 200 ML,1776270
نويا بخاخ 200 مل فلاور سينت,NOYA FLORAL SCENT PERFUME SPRAY 200 ML,2267276
نويا بخاخ 200 مل وودي موود,NOYA WOODY MOOD PERFUME SPRAY 200 ML,1776272
نيبو جهاز نابوليزر صغير,NEBULIZER MACHINE NEBU SMALL,2602539
نيبوجين 1 سرنجه مستورد,NEUPOGEN 30 MIU / 0.5 ML PREF. SYRINGE,2643123
نيبوجين 30 وحده امبول,NEUPOGEN 30 MIU / 0.5 ML PREF. SYRINGE,1688808
نيبولا اكس واي ال ماسك للشعر 250 مل,NEBULA XYL HAIR MASK 250 ML,2146685
نيبولا بادي لوشن جديد,DERMALAKE BANBELA SOFT LOTION 50 ML,2652911
نيبولا تونر للوجه 200 مل,NEBULA FACE TONER 200 ML,2145926
نيبولا جل غسول,NEBULA EMOLLIENT GEL 75 ML,2652925
نيبولا جل لحب الشباب 50 مل,NEBULA ACNE TREATING GEL 50 ML,1770420
نيبولا جل مرطب 75 مل,NEBULA EMOLLIENT GEL 75 ML,2271196
نيبولا رول اون 50 مل,NEBULA ROLL ON 50 ML,1175659
نيبولا رول اون رجالي,NEBULA ROLL ON 50 ML,2652924
نيبولا رول اون علكه,NEBULA ROLL ON 50 ML,2652917
نيبولا رول اون لافاندر,NEBULA ROLL ON 50 ML,2652914
نيبولا ريتينول سيرم 30 مل,NEBULA RETINOL SERUM 30 ML,2627401
نيبولا سيروم للشعر 100 مل,NEBULA HAIR SERUM 100 ML,2146560
نيبولا شامبو ضد القشره 200 مل,NEBULA ANTI DANDRUFF SHAMPOO 200 ML,1655248
نيبولا شامبو ضد تساقط الشعر 200 مل,NEBULA ANTI HAIR LOSS SHAMPOO 200 ML,1655249
نيبولا شامبو قشره جديد,NEBULA ANTI DANDRUFF SHAMPOO 200 ML,2680713
نيبولا صن سكرين جل 75 مل,NEBULA SUNSCREEN GEL 75 ML,2146684
نيبولا صن سكرين كريم 75 مل,NEBULA SUNSCREEN CREAM 75 ML,1655251
نيبولا غسول تفتيح 200 مل,NEBULA WHITENING CLEANSER 200 ML,1527539
نيبولا غسول لحب الشباب 200 مل,NEBULA ACNE FACIAL CLEANSER 200 ML,1655252
نيبولا فايلز للشعر ج,NEBULA HAIR SERUM 100 ML,2652922
نيبولا فيتامين سي سيرم 30 مل,NEBULA VITAMIN C SERUM 30 ML,1655246
نيبولا كريم تفتيح 100 مل,NEBULA LIGHTENING CREAM 100 ML,1586801
نيبولا كريم للعين 30 مل,NEBULA EYE CONTOUR CREAM 30 ML,2445650
نيبولا كريم مرطب للبشره 100 مل,NEBULA LEAVE ON EMOLLIENT CREAM 100 ML,1590695
نيبولا لوسيون للجسم 250 مل,NEBULA BODY LOTION 250 ML,2147006
نيبولا ليف ان بلسم للشعر 150 مل,NEBULA LEAVE IN CONDITIONER 150 ML,2652915
نيبولا ليف ان بلسم للشعر 200 مل,NEBULA LEAVE IN CONDITIONER 200 ML,2208533
نيبولا هير تونيك لوسيون 125 مل,NEBULA HAIR TONIC LOTION 125 ML,2199227
نيبولا هير سيرم,NEBULA HAIR SERUM 100 ML,2652918
نيبولا هير كومبلكس 8 امبول 10 مل,NEBULA HAIR COMPLEX VIALS 8 VIALS × 10 ML,2146995
نيبولا هير كوندشينر,NEBULA HAIR COMPLEX VIALS 8 VIALS × 10 ML,1961877
نيبولا هير ماسك,NEBULA HAIR TONIC LOTION 125 ML,2652921
نيبيليت 5 مجم 14 اقراص,NEBILET 5 MG 14 TAB.,2452778
نيبيليت بلس 5 / 25 مجم 14 اقراص,NEBILET PLUS 5 / 25 MG 14 TAB.,1828663
نيتازود 100 مجم / 5 مل 60 مل شراب,NITAZODE 100 MG / 5 ML 60 ML SUSP.,905335
نيتازود 500 مجم 18 اقراص,NITAZODE 500 MG 18 F.C. TABS.,2370978
نيتروتارد كبسول / المهن,NITROTARD 2.5 MG 60 CAPS.,2603774
نيتروجينا غسول للوجه جل ديب كلين 200 مل,NEUTROGENA FACIAL WASH GEL DEEP CLEAN 200 ML,2160773
نيتروجينا غسول وقناع نقاء وحمايه 150 مل,NEUTROGENA FACIAL WASH AND MASK CLEAR PROTECT 150 ML,2542535
نيتروجينا مقشر لازاله الرؤوس السوداء 150 مل,NEUTROGENA BLACKHEAD CLEARING SCRUB 150 ML,2625903
نيتروجينا مقشر للوجه ديب كلين 150 مل,NEUTROGENA FACIAL SCRUB DEEP CLEAN 150 ML,2625906
نيتروجينا هيدرو بوست ووتر جل غسول للوجه 200 مل,NEUTROGENA HYDRO BOOST WATER GEL FACIAL CLEANSER 200 ML,2431176
نيتروماك ريتارد 2.5 مجم 60 كبسول,NITROMAK RETARD 2.5 MG 60 CAPS.,2437592
نيتروماك ريتارد 5 مجم 30 كبسول,NITROMAK RETARD 5 MG 30 CAPS.,1677553
نيداتك لوسيون 60 مل,NYDATIC LOTION 60 ML,2339016
نيداتيك لوشن بديل ايفريزين جديد,NYDATIC LOTION 60 ML,2652127
نيدو 1 بلس 288 جم جديد,NIDO 1 PLUS MILK 288 GM,2682919
نيدو وان بلس 190,NIDO 1 PLUS MILK 145 GM,2636826
نيرامار غسول للنساء 120 مل,NIRAMAR FEMININE INTIMATE WASH 120 ML,2194816
نيرباي يو كلامين لوسيون 120 مل,NEARBY YOU CALAMINE 120 ML LOTION,2194817
نيرسيفاكسون 1 جم امبول وريد,NERCEFAXON 1 GM I.V. VIAL,2316250
نيرسيفاكسون 1000 مجم امبول جديد / بدر فارما,NERCEFAXON 500 MG I.M. VIAL,2166310
نيرفاباتكس 30 اقراص,,2633675
نيرفاكتوري 30 اقراص,NERFACTORY 30 CAPS,2595897
نيرفالتا 60 مجم 10 كبسول,NERVALTA 60 MG 10 DEL. REL. CAPS.,1776032
نيرفاليتا 30 مجم 28 كبسوله,NERVALTA 30 MG 30 DEL. REL. CAPS,2490190
نيرفوتير 30 كبسول,NERVOTER 30 CAP,1811343
نيرفوسيتيك 30 اقراص,NERVOCITIC 30 TAB,2296916
نيرفيزام 30 اقراص,NERVIZAM 30 CAP,2607399
نيركافكس 40 مجم 30 فيلم,NERCAFIX 40 MG 30 ORO DISPERSIBLE FILMS,1674364
نيرموستار شامبو 120 مل,NERMOSTAR SHAMPOO 120 ML,1738352
نيرها اوميجا 3 30 كبسول,NERHA OMEGA 3 30 CAPS,2368043
نيرها دي 3 4000 وحده 30 اقراص,NERHA D 3 4000 IU 30 TABS,2500014
نيرهاسيلدا 50 مجم 16 فيلم,NERHASILDA 50 MG 16 ORODISPERSIBLE FILMS,2475119
نيرهاسيلدا 75 مجم 8 فيلم,NERHASILDA 75 MG 8 ORODISPERSIBLE FILMS,2313721
نيرهافليكس 20 مجم 20 فيلم,NERHAFLUKS 20 MG 20 FILM,2181540
نيرهافليكس 40 مجم 20 فيلم,NERHAFLUKS 40 MG 20 FILM,2583807
نيروتونيكس 20 اقراص,NEROTONEX 20 CAP,2352823
نيزابيكس 20 مجم / جم شامبو 80 مل,NIZAPEX 20 MG / GM SHAMPOO 80 ML,2455345
نيزورال 2 % شامبو 60 مل,NIZORAL 2 % SHAMPOO 60 ML,2359892
نيستاتين قطره 30 مل,NYSTATIN 100000 I.U. / ML 30 ML SUSP.,2369318
نيفروميد 100 اقراص,NEPHROMED 100 TABS.,2535859
نيفروميد ادفانس 14 اكياس,NEPHROMED ADVANCE 14 SACHETS,2129297
نيفروميد اطفال 14 اكياس,NEPHROMED KIDS 14 SACHETS,2500116
نيفكسال 0.1 % قطره للعين 5 مل,NEVXAL 0.1 % EYE DPS. 5 ML,2144823
نيفكسال فورت 0.3 % قطره للعين 5 مل,NEVXAL FORTE 0.3 % EYE DPOPS 5 ML,1769457
نيفوروكس 200 مجم / 5 مل شراب 100 مل,NIFUROX 200 MG / 5 ML 100 ML SUSP.,2455356
نيفيا بخاخ 150 مل ديرما كنترول هايلورن برو فيتامين,NIVEA MEN DERMA CONTROL 72 H DEFEND ANTI PERSPIRANT SPRAY 150 ML,2646956
نيفيا بخاخ حريمي 150 مل ناتشورالز راديانس,NIVEA NATURAL RADIANCE DEODORANT SPRAY FOR WOMEN 150 ML,2630367
نيفيا بخاخ حريمي انفزبيل بلاك اند وايت اوريجينال 150 مل,NIVEA SPRAY INVISIBLE BLACK AND WHITE ORIGINAL 150 ML,2382635
نيفيا بخاخ حريمي انفزبيل سيلكي سموث 150 مل,NIVEA SPRAY INVISIBLE SILKY SMOOTH 150 ML,1934575
نيفيا بخاخ حريمي انفزبيل سيلكي سموث 150 مل عرض,NIVEA SPRAY INVISIBLE SILKY SMOOTH 150 ML OFFER,2130909
نيفيا بخاخ حريمي بيرل بيوتي 150 مل 20 % خصم,NIVEA SPRAY PEARL BEAUTY 150 ML 20 % OFF,2537454
نيفيا بخاخ حريمي بيرل بيوتي 150 مل عرض,NIVEA SPRAY PEARL BEAUTY 150 ML OFFER,2382636
نيفيا بخاخ حريمي فريش ناتشورال 150 م,NIVEA SPRAY FRESH NATURAL 150 ML,2683289
نيفيا بخاخ حريمي فريش ناتشورال 150 مل,NIVEA SPRAY FRESH NATURAL 150 ML,2129937
نيفيا بخاخ رجالي 150 مل ديب اكستريم,NIVEA SPRAY DEEP EXTREME FOR MEN 150 ML,1400845
نيفيا بخاخ رجالي 150 مل ديب بلاك كاربون دارك وود,NIVEA SPRAY DEEP BLACK CARBON DARK WOOD 150 ML,2172732
نيفيا بخاخ رجالي 150 مل سيلفر,NIVEA SPRAY FOR MEN SILVER PROTECT 150 ML,2672700
نيفيا بخاخ رجالي انفزبيل بلاك اند وايت اوريجينال 150 مل,NIVEA SPRAY FOR MEN INVISIBLE BLACK AND WHITE 150 ML,1779517
نيفيا بخاخ رجالي ديب بلاك كاربون اسبريسو 150 مل,NIVEA SPRAY FOR MEN DEEP ESPRESSO 150 ML,2130862
نيفيا بخاخ رجالي ديب بلاك كاربون اسبريسو 150 مل عرض,NIVEA SPRAY FOR MEN DEEP ESPRESSO 150 ML OFFER,2379062
نيفيا بخاخ رجالي سيلفر بروتيكت 150 مل,NIVEA SPRAY FOR MEN SILVER PROTECT 150 ML,2507209
نيفيا بخاخ رجالي فريش اكتيف 150 مل,NIVEA SPRAY FOR MEN FRESH ACTIVE 150 ML,2494479
نيفيا بخاخ رجالي فريش اكتيف 150 مل عرض,NIVEA SPRAY FOR MEN FRESH ACTIVE 150 ML OFFER,1944023
نيفيا بليه 50 مل اكسترا برايت اند فيرم 8 سوبر فود عرض,NIVEA EXTRA BRIGHT FIRM 8 SUPER FOOD ROLL ON 50 ML OFFER,2129810
نيفيا بليه حريمي 50 مل بلاك اند وايت اوريجينال,NIVEA ANTI PERSPIRANT INVISIBLE BLACK WHITE SILKY ORIGINAL ROLL ON 50 ML,2542463
نيفيا بليه حريمي انفيزابول كلير,NIVEA SPRAY INVISIBLE BLACK AND WHITE CLEAR 150 ML,2628188
نيفيا بليه حريمي انفيسبل بلاك اند وايت سيلكي سموث جولد 50 مل,NIVEA ANTI PERSPIRANT INVISIBLE BLACK WHITE SILKY SMOOTH ROLL ON 50 ML,2270775
نيفيا بليه حريمي بيرل اند بيوتي,NIVEA ANTI PERSPIRANT PEARL BEAUTY ROLL ON 50 ML,2628191
نيفيا بليه حريمي بيرل اند بيوتي 50 مل,NIVEA ANTI PERSPIRANT PEARL BEAUTY ROLL ON 50 ML,1400036
نيفيا بليه حريمي بيرل اند بيوتي بلاك,NIVEA PEARL BEAUTY BLACK PEARL ANTI PERSPIRANT ROLL ON 50 ML,2628287
نيفيا بليه حريمي بيرل اند بيوتي بلاك,NIVEA PEARL BEAUTY BLACK PEARL ANTI PERSPIRANT ROLL ON 50 ML,2628247
نيفيا بليه حريمي فريش ناتشورال,NIVEA SPRAY FRESH NATURAL 150 ML,2628192
نيفيا بليه حريمي فريش ناتشورال 50 مل,NIVEA FRESH NATURAL ANTI PERSPIRANT ROLL ON 50 ML,1399992
نيفيا بليه حريمي موحد اللون,NIVEA ANTI PERSPIRANT PEARL BEAUTY ROLL ON 50 ML,2628194
نيفيا بليه رجالي 50 مل ديب بلاك كاربون دارك وود,NIVEA ROLL ON FOR MEN DEEP BLACK CARBON DARK WOOD SCENT 50 ML,2209673
نيفيا بليه رجالي 50 مل كوول كيك,NIVEA ROLL ON FOR MEN COOL KICK 50 ML,2330858
نيفيا بليه رجالي انفيزابول اورجينال بلاك,NIVEA SPRAY FOR MEN INVISIBLE BLACK AND WHITE 150 ML,2628193
نيفيا بليه رجالي ديب بلاك كاربون اسبريسو 50 مل,NIVEA MEN DEEP BLACK ESPRESSO ANTI PERSPIRANT ROLL ON 50 ML,2248813
نيفيا بليه رجالي ديب دارك وود,NIVEA ROLL ON FOR MEN DARK WOOD SCENT 50 ML OFFER,2628195
نيفيا بليه رجالي ديب سبيرسو,NIVEA SPRAY FOR MEN DEEP ESPRESSO 150 ML,2628189
نيفيا بليه رجالي سيلفر بروتيكت 50 مل,NIVEA MEN ANTI BACTERIAL SILVER PROTECT ANTI PERSPIRANT ROLL ON 50 ML,1779533
نيفيا بليه رجالي فريش اكتيف,NIVEA MEN FRESH ACTIVE ANTI PERSPIRANT ROLL ON 50 ML,2628190
نيفيا رغوه حلاقه للرجال بروتيكت كير 200 مل,NIVEA SHAVING FOAM FOR MEN PROTECT CARE 200 ML,2044837
نيفيا رغوه حلاقه للرجال ديب 200 مل,NIVEA SHAVING FOAM FOR MEN DEEP 200 ML,2251216
نيفيا رغوه حلاقه للرجال للبشره الحساسه 200 مل,NIVEA SHAVING FOAM FOR MEN FOR SENSETIVE SKIN 200 ML,2439075
نيفيا ستيك رجالي 40 مل ديب بلاك كاربون دارك وود,NIVEA DEEP BLACK CARBON DARK WOOD DEODORANT STICK FOR MEN 3 IN 1 40 ML,2513034
نيفيا ستيك رجالي 50 مل فريش اكتيف,NIVEA STICK FOR MEN FRESH ACTIVE 50 ML,1400715
نيفيا ستيك رجالي دراي امبكت 50 مل,NIVEA STICK FOR MEN DRY IMPACT 50 ML,2018526
نيفيا سوفت كريم 100 مل 30 % خصم,NIVEA SOFT CREAM 100 ML 30 % OFF,2176774
نيفيا سوفت كريم 100 مل عرض,NIVEA SOFT CREAM 100 ML OFFER,1662120
نيفيا سوفت كريم 20 مل,NIVEA SOFT CREAM 20 ML,1400734
نيفيا سوفت كريم 200 مل 30 % خصم,NIVEA SOFT CREAM 200 ML 30 % OFF,2131029
نيفيا سوفت كريم 200 مل خصم,NIVEA SOFT CREAM 200 ML OFFER,1686099
نيفيا سوفت كريم 300 جم,NIVEA MOISTURISING CREAM SOFT REFRESHING JAR 300 ML,2382622
نيفيا سوفت كريم 50 مل,NIVEA SOFT CREAM 50 ML,1401050
نيفيا سوفت كريم 50 مل 30 % خصم,NIVEA SOFT CREAM 50 ML 30 % OFF,2170487
نيفيا سوفت كريم مرطب بزبده الكاكاو 50 مل عرض,NIVEA COCOA BUTTER CREAM 50 ML OFFER,1462154
نيفيا كريم 250 مل,NIVEA CREAM 250 ML,1679284
نيفيا كريم 30 مل,NIVEA CREAM 30 ML,2311484
نيفيا كريم 60 مل,NIVEA CREAM 60 ML,2337545
نيفيا كريم 60 مل 30 % خصم,NIVEA CREAM 60 ML 30 % OFF,2603779
نيفيا كريم 60 مل عرض,NIVEA CREAM 60 ML OFFER,1494146
نيفيا كريم بشره ازرق 30 مل,NIVEA CREAM 30 ML,2603780
نيفيا كريم حلاقه عادي ازرق 100 مل,NIVEA SHAVING CREAM 100 ML,2130170
نيفيا كريم مرطب بزبده الكاكاو 200 مل,NIVEA COCOA BUTTER CREAM 200 ML,2625736
نيفيا كريم مرطب ناتشورال فيرنس 100 مل,NIVEA NATURAL FAIRNESS CREAM 100 ML,2367611
نيفيا كريم مرطب ناتشورال فيرنس 200 مل,NIVEA NATURAL FAIRNESS CREAM 200 ML,2562137
نيفيا لوسيون للجسم شيا سموث بامب 400 مل,NIVEA BODY LOTION SHEA SMOOTH PUMP 400 ML,2630365
نيفيا لوسيون للجسم ناتشورال جلو بامب 400 مل,NIVEA BODY LOTION NATURAL GLOW PUMP 400 ML,2630362
نيفيا لوشن الجسم المغذي بذبده الكاكاو وفيتامين ه 400 مل للبشره الجافه,NIVEA NOURISHING BODY LOTION WITH COCCA BUTTER AND VITAMIN E 400 ML,2562141
نيفيلوب 2.5 مجم 14 اقراص,NEVILOB 2.5 MG 14 TAB.,2369312
نيفيلوب 5 مجم 21 اقراص,NEVILOB 5 MG 21 TAB.,905353
نيفيلوب املو 5 / 10 مجم 30 اقراص,NEVILOB AMLO 5 / 10 MG 30 TABS,1813133
نيفيلوب املو 5 / 5 مجم 30 اقراص,NEVILOB AMLO 5 / 5 MG 30 TABS,1219448
نيفيلوب بلس 5 / 12.5 مجم 20 اقراص,NEVILOB PLUS 5 / 12.5 MG 20 TAB.,905355
نيفيلوب بلس 5 / 25 مجم 20 اقراص,NEVILOB PLUS 5 / 25 MG 20 TAB.,2471461
نيفيلوب فالسارتان 80 / 5 مجم 30 اقراص,NEVILOB VALSARTAN 5 / 80 MG 30 TABLETS,2625682
نيفيونال 200 مجم 14 كبسول,NIFUNAL 200 MG 14 CAPS,2562010
نيكساتيك 6 كيس,NEXATIC 6 SACHET,2512077
نيكساتيك قطره بالفم 8.5 مل,NEXATIC ORAL DROPS 8.5 ML,2487466
نيكسبرازول 40 مجم 14 كبسول,NIXPRAZOLE 40 MG 14 DELAYED REL. CAPS.,2262361
نيكسليكو 7 اكياس,NIXELECO 7 SACHETS,2291966
نيكسيبرو 20 م ق,NEXIPRO 20 / 1680 MG 7 SACHETS,2321254
نيكسيروزوفا 10 مجم 28 اقراص,NEXIROZOVA 10 MG 28 F.C. TABS,2409245
نيكسيروزوفا 10 مجم 28 اقراص,NEXIROZOVA 10 MG 28 F.C. TABS,2682144
نيكسيروزوفا 20 مجم 28 اقراص,NEXIROZOVA 20 MG 28 F.C TABS,905359
نيكسيروزوفا 5 مجم 14 اقراص,NEXIROZOVA 5 MG 14 F.C TABS,2262359
نيكسيكيور 10 مجم 14 اكياس,NEXICURE 10 MG 14 SACHETS,1488924
نيكسيكيور 2.5 مجم 28 اكياس,NEXICURE 2.5 MG 28 SACHET,1505769
نيكسيكيور 20 مجم 14 اقراص,NEXICURE 20 MG 14 F.C.TABS,905358
نيكسيكيور 40 مجم 20 اقراص,NEXICURE 40 MG 20 F.C.TABS.,905360
نيكسيكيور 40 مجم 30 اقراص,NEXICURE 40 MG 30 TABS,2455359
نيكسيكيور 5 مجم 28 اكياس,NEXICURE 5 MG 28 SACHETS,1488925
نيكسيكيور بلس 20 / 1680 مجم 14 اكياس,NEXICURE PLUS 20 MG / 1680 MG 14 SACHETS,2356690
نيكسيكيور بلس 40 / 1100 مجم 14 كبسول,NEXICURE PLUS 40 MG / 1680 MG 14 SACHETS,2630849
نيكسيكيور بلس 40 / 1680 مجم 14 اكياس,NEXICURE PLUS 40 MG / 1680 MG 14 SACHETS,2321253
نيكسيليكو 10 اكياس,NIXELECO 10 SACHETS,1030567
نيكسيماش 40 مجم 28 اقراص,NEXIMASH 40 MG 28 CAPS,1998362
نيكسيميريكان 20 مجم 14 كبسول,NEXIMERICAN 20 MG 14 CAPS,1361241
نيكسيميريكان 40 مجم 14 كبسول,NEXIMERICAN 40 MG 14 CAPS,2158019
نيكسيوم 20 مجم 28 اقراص,NEXIUM 20 MG 28 F.C. TAB.,949642
نيكسيوم 40 مجم 28 اقراص,NEXIUM 40 MG 28 F.C.TABS.,1752133
نيكوريت بخاخ للفم 150 مل,NICORETTE MOUTH SPRAY 150 ML,2367394
نيل 15 لوشن 15 مل,NAIL 15 TOPICAL LOTION 15 ML,905362
نيل د 3 2800 وحده دوليه قطره للفم 30 مل,NEL D 3 2800 IU / ML ORAL DROPS 30 ML,2129563
نيل لوسيون هيلثي ماكس,NOLY CARE LOTION 120 MG,2319352
نيل محلول اظافر,NAIL CETA NAIL LOTION 10 ML,2603789
نيليكس 5000 وحده 30 اقراص,NELEX D 3 5000 IU 30 TABS,2588013
نيليكس 50000 وحده 4 اقراص,NELEX 50000 IU 4 TABS,2642918
نيليكس كبار 10000 وحده 30 قرص,NELEX ADULT 10000 IU 30 TAB,2500015
نيليكس كيدز 1000 وحده 30 اقراص,NELEX KIDS 1000 IU 30 TAB,2173495
نيموفيت اوميجا 3 + فيتامين 50 قطعه,NEMOVIT GUM YUM EXTRA 50 PIECE,2180005
نينو سيرينو بخاخ ماء بحر 60 مل,NINO SERENO SPRAY SEA WATER 60 ML,2466307
نيو اكيم بخاخ 120 مل,NEW AKIM SPRAY 120 ML,2099749
نيو اكيم زيت للشعر 60 مل,NEW AKIM HAIR OIL 60 ML,2157075
نيو اكيم زيت للشعر 60 مل,NEW AKIM HAIR OIL 60 ML,2681858
نيو باور اكت 8 اكياس 15 جم,NEW POWER ACT 8 SACHETS 15 GM,1423392
نيو جولي زيت للشعر 120 مل,NEW JOLLY HAIR OIL 120 ML,1658353
نيو جولي سيرم 120 مل,NEW JOLLY SERUM 120 ML,2633917
نيو كاربون 30 اقراص جديد,NO CAL 300 TAB,2680997
نيو مكسدين قطره للعين والاذن 5 مل,NEO MYXIDINE EYE / EAR DROPS 5 ML,2396805
نيو موف اون 200 م جل,NEO MOVE ON SPRAY 200 ML,2631657
نيو موف اون بخاخ 200 مل,NEO MOVE ON SPRAY 200 ML,2146040
نيو موف اون فريز بخاخ 200 مل,NEO MOVE ON FREEZE SPRAY 200 ML,2588569
نيو موف اون فريز جل 100 جم,NEO MOVE ON FREEZE GEL 100 GM,2589539
نيو موف اون فريز جل 50 جم,NEO MOVE ON FREEZE GEL 50 GM,2510135
نيو موف اون كريم 100 جم,NEO MOVE ON CREAM 100 GM,2172765
نيو موف اون كريم 50 جم,NEO MOVE ON CREAM 50 GM,2674511
نيو ميدانين اف ار 10 مجم 50 اقراص,NEO MEDANINE F.R. 10 MG 50 TAB.,2629581
نيوبريشن 1 جم 10 اقراص,NEOPRESSION 1 MG 10 F.C.TABS,2538956
نيوبريشن 2 مجم 20 اقراص,NEOPRESSION 2 MG 20 F.C.TABS,1230990
نيوبريشن 4 مجم 20 اقراص,NEOPRESSION 4 MG 20 F.C.TABS,2673274
نيوبول قطره للعين 10 مل,NEOPOL EYE / EAR DROPS 10 ML,1589093
نيوبيزيم 20 اقراص,NEWBEZIM 20 TAB.,2594418
نيوترا بارك 20 اقراص,NEUTRA BARK 20 CAP,2008091
نيوترا تريبسن 20 اقراص,NEUTRA TRYPSIN 20 TABS,2471482
نيوترا جار 10 اكياس,NUTRA GAR 10 SACHETS,2145834
نيوترا جار 7 اكياس,NEUTRA GAR 7 SACHET,2160483
نيوترا جار قطره 15 مل,NUTRA GAR DROPS 15 ML,2564488
نيوترا فيريتن 30 اقراص,NUTRA FERRITIN 30 TAB,2181543
نيوتراماكس اوميجا 3 للكبار 10 اكياس,NUTRIMAX OMEGA 3 ADULTS 10 SACHETS,2675009
نيوتري فيل اشجواندا 30 اقراص,NUTRI MERO CALCIUM 30 TABS,2633671
نيوتريترو اف اي 14 كبسول,NUTRITRU FE 14 CAPS,2521514
نيوتريشن بروبيوتكس 360 مجم 14 اقراص,NUTRITION 360 PROBIOTICS 14 CAPS,2406836
نيوتريفام بخاخ للفم لالتهابات الحلق 20 مل,NUTRIVAM ORGANIC PROPOLIS FOR SORE THROAT WITH ORANGE FLAVOUR SPRAY 20 ML,2161417
نيوتريفيل اشواجندا 30 اقراص,NUTRIVILLE ASHWAGANDHA 30 TAB,2607908
نيوتريفيل اميليز شراب 120 مل,NUTRIVILLE AMYLASE SYRUP 120 ML,2234301
نيوتريفيل سليم 30 كبسول,NUTRIVILLE SLIMMING 30 TAB,2234312
نيوتريفيل كالسيوم 500 مجم 30 اقراص,NUTRIVILLE CALCIUM 500 MG 30 FILM COATED TABLETS,2642753
نيوتريكس كريم شعر 150 مل,NUTREX CREAM 150 GM,2383007
نيوترينورش بانثينول كريم 30 جم,NUTRINOURISH PANTHENOL CREAM 30 GM,2472179
نيوترينورش بانثينول لوسيون 75 مل,NUTRINOURISH PANTHENOL LOTION 75 ML,2500005
نيوترينورش كارباميد كريم 30 جم,NUTRINOURISH CARBAMIDE CREAM 30 GM,2500006
نيوترينورش كارباميد لوسيون 75 مل,NUTRINOURISH CARBAMIDE LOTION 75 GM,2500007
نيوجار 8 اكياس,NEOGAR 8 SACHETS,1548832
نيوراب كريم,NEORUB CREAM 50 GM,2603788
نيوراوايت 30 اقراص,NEURAWHITE 30 TABS,1612415
نيوروجلوبنتين 100 مجم 30 كبسول,NEUROGLOPENTIN 100 MG 30 CAPS.,2368417
نيوروجلوبنتين 300 مجم 30 كبسول,NEUROGLOPENTIN 300 MG 30 CAPS.,1750497
نيوروجلوبنتين 400 مجم 30 كبسول,NEUROGLOPENTIN 400 MG 30 CAPS.,1536102
نيوروريماونت 30 اقراص,NEURORIMOUNT 30 TABS,2500017
نيوروسترنج 30 اقراص,NEUROSTRNG 30 TAB,2126650
نيوروفيت 30 اقراص,NEUROVIT 30 SUGAR C.TABS.,905389
نيوروفيت 6 امبول,NEUROVIT 6 I.M. AMPS.,2455371
نيوروفيت باور 30 اقراص,NEUROVIT POWER 30 TABS,2619333
نيوروفيت باور فيتامين ب كومبلكس 180,NEUROVIT POWER 30 TABS,2680368
نيوروفيت باور كبسول,NERVOTER 30 CAP,2680810
نيورونتين 300 مجم 20 كبسول,NEURONTIN 300 MG 20 CAPS.,905390
نيوريد 30 كبسول,NEURED 30 TAB,2633701
نيوستجمين ميثيل سالفيت 0.5 مجم / مل 5 امبول,NEOSTIGMINE METHYL SULPHATE 0.5 MG / ML 5 AMP.,1769472
نيوكاربون 30 اقراص مارنيز جديد,MARNYS NEOCARBON 30 CAPS,2670732
نيوكاربون 30 كبسوله 200,MARNYS NEOCARBON 30 CAPS,2653474
نيوكلاف 457 مجم / 5 مل شراب 80 مل,NEW CLAV 457 MG / 5 ML SUSP. 80 ML,2156871
نيوكلاف 642.9 مجم / 5 مل شراب 100 مل,NEW CLAV EXTRA STRENGTH 642.9 MG / 5 ML SUSP. 100 ML,2127051
نيوكلاف 642.9 مجم / 5 مل شراب 50 مل,NEW CLAV EXTRA STRENGTH 642.9 MG / 5 ML SUSP. 50 ML,905368
نيوليبوفيم 20 كبسول,NEULIPOVIM 20 CAPS,1548851
نيوليبوفيم ادفانس 10 اكياس,NEULIPOVIM ADVANCE 10 SACHET,2173810
هابينيس بخاخ لفك التشابك 150 مل,HAPPINESS DETANGLING SPRAY 150 ML,2130425
هابينيس كريم للاطفال لمنطقه الحفاضه 120 مل,HAPPINESS BABY CREAM FOR DIAPERS 120 ML,2130433
هابينيس كيدز زيت للشعر 120 مل,HAPPINESS KIDS HAIR OIL 120 ML,2130494
هابينيس كيدز زيت للشعر 200 مل,HAPPINESS KIDS HAIR OIL 200 ML,2521532
هابينيس كيدز شامبو 200 مل,HAPPINESS KIDS SHAMPOO 200 ML,2130429
هابينيس كيدز شامبو 400 مل,HAPPINESS KIDS SHAMPOO 400 ML,2130491
هابينيس كيدز كريم للشعر 150 مل,HAPPINESS KIDS HAIR CREAM 150 ML,1779565
هابينيس لوسيون مرطب للجلد 150 مل,HAPPINESS SKIN MOISTURIZER LOTION 150 ML,2130492
هارفي بخاخ لوسيون للمنطاق الحساسه 120 مل,HARVY SENSITIVE AREA LOTION SPRAY 120 ML,2145591
هارفي صابون 80 جم,HARVY SOAP 80 GM,904186
هارفي كريم 60 جم,HARVY CREAM 60 GM,2532719
هارفي منظف ​​للوجه 150 مل,HARVY FACIAL CLEANSER 150 ML,2499322
هاكاسي بلس 30 قرص,HACACI PLUS 30 TAB,2563695
هاكاسي كالسيوم شراب 120 مل,HACACI SYRUP 120 ML,2500018
هالامو قطره بالفم 15 مل,HALAMO ORAL DROPS 15 ML,2500019
هالنيد 400 مكجم 60 اقراص + جهاز استنشاق,HALNIDE 400 MCG 60 INHALATION CAPS. + INHALER,2537220
هالنيد بديل ميفلونيد,HALOND MOISTURIZING CREAM 30 GM,2644741
هالوبرول 5 مجم / مل 3 امبول,HALOPROL 5 MG / ML I.M. 3 AMP.,2272662
هالوبيريدول 5 مجم / مل 5 امبول,HALOPERIDOL 5 MG / ML I.M. / I.V. 5 AMP.,2675607
هالورانج شراب 120 مل,HALORANGE SYRUP 120 ML,2471492
هالوسوفت لوسيون 120 مل,HALOSOFT 120 ML LOTION,1548861
هانتر كريم 50 جم,HUNTER CREAM 50 GM,1992800
هاند جل اوبال 70 مل,OPAL HAND GEL 70 ML,2632644
هاند جل ماجيستك 125 مل,REBOSS HAND GEL 60 ML,2174626
هانزو 10 اكياس,HANZO 10 SACHETS,905404
هانسفيرو 30 كبسول,HANCEFERO 30 CAPSULES,2558971
هانسي كير بخاخ ايزوتونيك 70 مل,HANCI CARE SPRAY ISOTONIC 70 ML,2552127
هانسي كير بخاخ ملطف للانف 30 مل,HANCI CARE SOOTHING SPRAY 30 ML,2500559
هانوتريم 20 اقراص,HANOTRIM 20 TAB,2627390
هانيا مور كريم 60 جم,HANIA MORE CREAM 60 GM,1228133
هاي بان شراب 100 مل,HI PAN SYRUP 100 ML,990183
هاي بانتين بلس 120 مل لوسيون,HIPANTHEN PLUS TOPICAL LOTION 120 ML,2670144
هاي بانتين بلس كريم 60 جم,HIPANTHEN PLUS CREAM 60 GM,1477826
هاي بانتين بلس لوسيون 120 مل,HIPANTHEN PLUS TOPICAL LOTION 120 ML,2616617
هاي بوتنسي فورميولا 30 اقراص,HI POTENCY FORMULA 30 TABS.,2173453
هاي بيوتك 1 جم 16 اقراص,HIBIOTIC 1 GM 16 TAB.,1009892
هاي بيوتك 312 مجم / 5 مل 60 مل شراب,HIBIOTIC 312 MG / 5 ML 60 ML SUSP.,2422669
هاي بيوتك 375 مجم 20 اقراص,HIBIOTIC 375 MG 20 TABS.,1941853
هاي بيوتك 625 مجم 16 اقراص,HIBIOTIC 625 MG 16 TAB.,2455376
هاي بيوتك ان 228 مجم / 5 مل شراب 60 مل,HIBIOTIC N 228 MG / 5 ML SUSP. 60 ML,1946493
هاي بيوتك ان 457 مجم / 5 مل شراب 60 مل,HIBIOTIC N 457 MG / 5 ML SUSP. 60 ML,905410
هاي بيوتك ان 600 مجم شراب 80 مل,HIBIOTIC N 600 MG SUSP. 80 ML,2471503
هاي جليتازون 15 مجم 30 اقراص,HI GLITAZONE 15 MG 30 TAB.,2603802
هاي جليتازون 30 مجم 30 اقراص,HI GLITAZONE 30 MG 30 TAB.,2636577
هاي ديرم صابون شفاف 75 جم,HIDERM TRANSPARENT SOAP 75 GM,2156322
هاي ديرم صابون مرطب 80 جم,HIDERM MOISTURIZING SOAP 80 GM,1536120
هاي ديرم كريم 50 جم,HIDERM CREAM 50 GM,2128091
هاي ديرم لوسيون 100 مل,HIDERM TOPICAL LOTION 100 ML,1744799
هاي فريش 0.2 % قطره 10 مل,HYFRESH 0.2 % EYE DROPS 10 ML,1407451
هاي فورت جيل 60 جم,HI FORTE GEL 60 GM,2194875
هاي فيس منظف للوجه 120 مل,HI FACE FACIAL CLEANSER 120 ML,2558500
هاي كال 1200 مجم / 5 مل شراب 100 مل,HI CAL 1200 MG / 5 ML SYRUP 100 ML,949724
هاي كول كريم مساج 100 جم,HI COOL MASSAGE CREAM 100 GM,1655360
هاي ماكس بخاخ موضعي 100 مل,HIMAX TOPICAL SPRAY 100 ML,2112917
هاي ماكس فيت شراب 120 مل,HIMAX VIT SYRUP 120 ML,1880309
هاي ماكس كريم 30 جم,HIMAX CREAM 30 GM,945856
هاي ماكس كريم 60 جم,HIMAX CREAM 60 GM,2329403
هاي ماكس كريم جديد,HIMAX CREAM 30 GM,2680560
هاي ماكس مساج جل 30 جم,HIMAX MASSAGE GEL 30 GM,1427999
هاي ميديك انكل شراب مقاس L,HI MEDIC ANCKLE SIZE L,2385916
هاي ميديك انكل شراب مقاس XL,HI MEDIC ANCKLE SIZE XL,2130072
هاي ميديك انكل شراب مقاس XXL,HI MEDIC ANCKLE SIZE XXL,2130416
هاي ميديك انكل عادي مقاس M,HI MEDIC NORMAL ANCKLE SIZE M,2130255
هاي ميديك انكل عادي مقاس XL,HI MEDIC NORMAL ANCKLE SIZE XL,1779574
هاي ميديك حامل ذراع اسفنجي مقاس XL,HIMEDIC ARM SLING POUCH FOAM XL,2130906
هاي ميديك حامل ذراع اطفال اسفنجي مقاس L,HIMEDIC FOR KIDS ARM SLING POUCH FOAM L,1821653
هاي ميديك حامل ذراع اطفال مقاس L,HIMEDIC FOR KIDS ARM SLING POUCH L,2130493
هاي ميديك حامل ذراع اطفال مقاس S,HIMEDIC FOR KIDS ARM SLING POUCH S,2224367
هاي ميديك حامل ذراع اطفال مقاس XL,HIMEDIC FOR KIDS ARM SLING POUCH XL,1779578
هاي ميديك حامل ذراع اطفال مقاس XXL,HIMEDIC FOR KIDS ARM SLING POUCH XXL,2130532
هاي ميديك حامل ذراع كبار مقاس XXL,HIMEDIC FOR ADULT ARM SLING POUCH XXL,2130275
هاي ميديك حزام بطن مقاس L,HIMEDIC ABDOMINAL BELT SIZE L,2130622
هاي ميديك حزام بطن مقاس M,HIMEDIC ABDOMINAL BELT SIZE M,1779588
هاي ميديك حزام بطن مقاس XL,HIMEDIC ABDOMINAL BELT SIZE XL,2130559
هاي ميديك حزام ساند بفقرات الظهر مقاس L,HI MEDIC LUMBO SACRAL SUPPORT L,2130166
هاي ميديك حزام ساند بفقرات الظهر مقاس XL,HI MEDIC LUMBO SACRAL SUPPORT XL,2472476
هاي ميديك حزام سره اطفال L,HI MEDIC NATAL BANDAGES L,2130976
هاي ميديك حزام سره اطفال M,HI MEDIC NATAL BANDAGES M,1868391
هاي ميديك حزام سره اطفال XL,HI MEDIC NATAL BANDAGES XL,2130977
هاي ميديك حزام سره للاطفال مقاس XXL,HI MEDIC UMBILICAL HERNIA BELT FOR NEWBORNS XXL,1779628
هاي ميديك حزام صدر رجالي مقاس L,HIMEDIC CHEST BELT FOR MEN L,2130974
هاي ميديك حزام صدر رجالي مقاس M,HIMEDIC CHEST BELT FOR MEN M,1779592
هاي ميديك حزام صدر رجالي مقاس XXL,HIMEDIC CHEST BELT FOR MEN XXL,1779589
هاي ميديك رافع خصيه مقاس M,HI MEDIC TESTICLE LIFTER SIZE M,2130222
هاي ميديك رافع خصيه مقاس XXL,HI MEDIC TESTICLE LIFTER SIZE XXL,2130810
هاي ميديك رباط ضاغط 12 سم,HI MEDIC ELASTIC BANDAGE 12 CM,2472477
هاي ميديك رباط ضاغط 8 سم,HI MEDIC ELASTIC BANDAGE 8 CM,2129962
هاي ميديك رست بدعامه ابهام شمال مقاس L,HI MEDIC WRIST THUMP BRACE LEFT L,2130330
هاي ميديك رست بدعامه ابهام يمين مقاس XXL,HI MEDIC WRIST THUMP BRACE RIGHT XXL,1821679
هاي ميديك رست بصباع مقاس XXL,HI MEDIC WRIST THUMP SUPPORT SIZE XXL,1821717
هاي ميديك رست شراب 2 اكس لارج,HI MIDIC WRIST PALM SUPPORT SIZE M,2625737
هاي ميديك رست معصم مقاس L,HI MEDIC WRIST SUPPORT SIZE L,1821668
هاي ميديك رست معصم مقاس M,HI MEDIC WRIST SUPPORT SIZE M,1779607
هاي ميديك رست معصم مقاس XL,HI MEDIC WRIST SUPPORT SIZE XL,2130408
هاي ميديك رست معصم مقاس XXL,HI MEDIC WRIST SUPPORT SIZE XXL,2130979
هاي ميديك رقبه اسفنجيه مقاس L,HI MEDIC FOAM COLLAR L,2129969
هاي ميديك رقبه هارد مقاس L,HIMEDIC PLASTIC COLLAR SIZE L,1779610
هاي ميديك رقبه هارد مقاس M,HIMEDIC PLASTIC COLLAR SIZE M,2129832
هاي ميديك رقبه هارد مقاس XL,HIMEDIC PLASTIC COLLAR SIZE XL,2130390
هاي ميديك رقبه هارد مقاس XXL,HIMEDIC PLASTIC COLLAR SIZE XXL,2130295
هاي ميديك ركبه شراب مقاس XL,HI MEDIC KNEE BRACE SUPPORT SIZE XL,2130694
هاي ميديك ركبه شراب مقاس XXL,HI MEDIC KNEE BRACE SUPPORT SIZE XXL,2385915
هاي ميديك ركبه مقاس L,HI MEDIC KNEE SUPPORT SIZE L,1779621
هاي ميديك ركبه مقاس M,HI MEDIC KNEE SUPPORT SIZE M,2130753
هاي ميديك ركبه مقاس XL,HI MEDIC KNEE SUPPORT XL,2130708
هاي ميديك ركبه مقاس XXL,HI MEDIC KNEE SUPPORT SIZE XXL,2130415
هاي ميديك ركبه مقاس XXXL,HI MEDIC KNEE SUPPORT SIZE XXXL,1821741
هاي ميديك صندل جبس مقاس L,HI MEDIC CAST SHOE L,2472478
هاي ميديك صندل جبس مقاس M,HI MEDIC CAST SHOE M,2472479
هاي ميديك صندل جبس مقاس XXL,HI MEDIC CAST SHOE XXL,2671049
هاي ميديك كوع مقاس L,HI MEDIC ELBOW SIZE L,2130307
هاي ميديك كوع مقاس M,HI MEDIC ELBOW SIZE M,2130580
هاي ميديك كوع مقاس XL,HI MEDIC ELBOW SIZE XL,1779634
هاي ميديك كوع مقاس XXL,HI MEDIC ELBOW SIZE XXL,2130763
هاي هوب مساج جل 60 جم,HI HOP MASSAGE GEL 60 GM,1895974
هاي هيت كريم 45 جم,HI HEAT CREAM 45 GM,2327309
هايبولاكت 0.5 مجم 2 اقراص,HYPOLACT 0.5 MG 2 TAB.,1776117
هايجي تادين 0.5 مجم / مل شراب 120 مل,HYGI TADINE 0.5 MG / ML SYRUP 120 ML,2316781
هايجي تادين 5 مجم 20 اقراص,HYGI TADINE 5 MG 20 F.C. TABS.,2644704
هايجيماز غسول نسائي,HYGIMAZ FEMININE WASH,1868250
هايكوكسيا 120 مجم 7 اقراص,HICOXIA 120 MG 7 TAB,2644397
هايكوكسيا 60 مجم 30 اقراص,HICOXIA 60 MG 30 TAB,2644391
هايماكتين 30 كبسول,HAEMACTIN 30 CAPS,2437675
هايوسينيل 20 مجم / مل 6 امبول,HYOSENIL 20 MG / ML 6 AMP,2143444
هكسيتول 1.25 مجم / مل غسول للفم 100 مل,HEXITOL 1.25 MG / ML MOUTH WASH 100 ML,1159032
هليكسبروم شراب 120 مل,HELIXBROM SYRUP 120 ML,2498542
هوفسليم 30 كبسول,HOFFSLIM 30 CAPS.,1977275
هوفكارتي بلس 20 اقراص,HOFFCARTI PLUS 20 TABLETS,1548872
هوفليدي اكياس,HOFFLADY SACHET,2566332
هوفليز قطره بالفم 30 مل,HOFFLASE ORAL DROP 30 ML,2634006
هوفمان اكياس,HOFFMAN SACHET,2599157
هوفي دوكس شراب 60 مل 200,HOFFY MAX MASSAGE GEL 60 GM,2653523
هوفيدال 400 وحده / 0.2 مل قطره فمويه 15 مل,HOFFIDAL 400 I.U. / 0.2 ML ORAL DROPS 15 ML,2471509
هوفيدوكس شراب 60 مل,HOFFIDUX SYRUP 60 ML,2421451
هولست شامبو جديد / ايفوري كير,HOLLEST HAIR SHAMPOO 200 ML,2670532
هوليست شامبو للشعر 200 مل,HOLLEST HAIR SHAMPOO 200 ML,2140660
هوليست لوسيون 120 مل,HOLLEST LOTION 120 ML,2383008
هوني فيل كريم 30 جم,HONEY FEEL CREAM 30 GM,2496227
هي ايه تو زد غسول نسائي 250 مل,HEYA A 2 Z FEMININE WASH WASH 250 ML,2500176
هي نيو مام غسول نسائي 250 مل,HEYA NEO MUM FEMININE WASH 250 ML,1738369
هياكيرينول قطره عين 10 مل,HYACARENOL EYE DROPS 10 ML,2044331
هيالجان 20 مجم / 2 مل سرنجه,HYALGAN 20 MG / 2 ML INTRA ARTICULAR PREFILLED SYRINGE,1705882
هيالو 4 ستارت مرهم 30 جم,HYALO 4 START OINT. 30 GM,2633537
هيالو 4 سكين جل 30 جم,HYALO 4 SKIN GEL 30 GM,2474039
هيالو 4 سكين كريم 25 جم,HYALO 4 SKIN CREAM 25 GM,2086859
هيالو 4 كونترول كريم 100 جم,HYALO 4 CONTROL CREAM 100 GM,2181811
هيالو 4 كونترول كريم 25 جم,HYALO 4 CONTROL CREAM 25 GM,2471512
هيالو 4 كونترول كريم 25 جم جديد / فونيكس,HYALO 4 CONTROL CREAM 25 GM,2638441
هيالو بوند 30 كبسوله,HYALO VIKE 30 GM GEL,2300060
هيالو فور سكين كريم,HYALO 4 SKIN CREAM 25 GM,2644210
هيالو فور كونترول كريم ج,HYALO 4 CONTROL CREAM 25 GM,2681324
هيالو فيم غسول نسائي 250 مل,HYALO FEM FEMININE WASH 250 ML,2246671
هيالوفور سكين كريم 25 جم جديد,,2637344
هيالوكونكس سيرم للجلد 40 مل,HYALOKONEX SKIN SERUM 40 ML,2586198
هيالوكونكس غسول للوجه 200 مل,HYALOKONEX FACIAL WASH 200 ML,2595654
هيالوكونكس غسول وجه,HYALOKONEX FACIAL WASH 200 ML,2674502
هيالوكونكس غسول وجه 200 مل 350,HYALOKONEX FACIAL WASH 200 ML,2681515
هيالومارك كريم 50 جم,HYALOMARK CREAM 50 GM,2500639
هيباتشين 30 اقراص,HEPACHAIN 30 F.C.TABS.,1693873
هيباتو فورت 30 كبسول,HEPATO FORTE 30 CAPS,2386384
هيباتيكم 10 مجم / مل شراب 120 مل,HEPATICUM 10 MG / ML SUSP. 120 ML,2559014
هيبارين امبول,CAL HEPARINE 5000 I.U. 3 AMPS.,2628718
هيبارين صوديوم النيل 5000 وحده / مل 3 امبول,HEPARIN SODIUM NILE 5000 I.U. / ML 3 AMPS. USP 27,2291356
هيبارين صوديوم سيد 5000 وحده / مل 6 امبول,HEPARIN SODIUM CID 5000 I.U. / ML 6 S.C. AMP.,1659793
هيبامارين 140 مجم 30 كبسول,HEPAMARIN 140 MG 30 CAPS.,2343084
هيباماكس 20 كبسول,HIPAMAX 20 CAPSULES,2552692
هيباماكس بلس 20 كبسول,HIPAMAX PLUS 20 CAPS.,2367848
هيبانوكس 20 كبسول,HEPANOX 20 CAPS.,1803473
هيبانوكس امبول,HEPANOX 20 CAPS.,2530204
هيبتا بانثينول بلس كارباميد كريم 50 جم,HEPTA PANTHENOL PLUS CARBAMIDE CREAM 50 GM,2515417
هيبتا بانثينول بلس كارباميد لوسيون للجسم 120 مل,HEPTA PANTHENOL PLUS CARBAMIDE BODY LOTION 120 ML,2437651
هيبتا بانثينول بلس كارباميد لوشن,HEPTA PANTHENOL PLUS CARBAMIDE CREAM 50 GM,2595295
هيبتا بانثينول بلسم للشعر 300 مل,HEPTA PANTHENOL CONDITIONER 300 ML,2177613
هيبتا بانثينول بينك كريم 50 جم,HEPTA PANTHENOL PINK CREAM 50 GM,2513361
هيبتا بانثينول ريتش لوسيون للجسم 100 مل,HEPTA PANTHENOL BODY LOTION RICH 100 ML,2474227
هيبتا بانثينول ريتش لوسيون للجسم 250 مل,HEPTA PANTHENOL BODY LOTION RICH 250 ML,1766702
هيبتا بانثينول زيت للشعر 120 مل,HEPTA PANTHENOL HAIR OIL 120 ML,2476293
هيبتا بانثينول سيرم للشعر 100 مل,HEPTA PANTHENOL HAIR CREAM 100 GM,2587282
هيبتا بانثينول سيرم للشعر 100 مل,HEPTA PANTHENOL HAIR CREAM 100 GM,2532897
هيبتا بانثينول سيرم للوجه 40 مل,HEPTA PANTHENOL FACE SERUM 40 ML,2605306
هيبتا بانثينول شامبو للشعر 300 مل,HEPTA PANTHENOL SHAMPOO 300 ML,1990042
هيبتا بانثينول غسول للجسم 4 في 1 300 مل,شركه العلا للمHEPTA PANTHENOL BODY WASH 4 IN 1 300 ML,2605305
هيبتا بانثينول غسول للوجه 200 مل,HEPTA PANTHENOL FACE CLEANSER 200 ML,2513269
هيبتا بانثينول كريم 100 جم,HEPTA PANTHENOL CREAM 100 GM,2595296
هيبتا بانثينول كريم جلد 50 جم,HEPTA PANTHENOL CREAM 50 GM,2157597
هيبتا بانثينول كريم للشعر 100 جم,HEPTA PANTHENOL HAIR CREAM 100 GM,2097691
هيبتا بانثينول كيدز كريم شعر 100 جم,HEPTA PANTHENOL KIDS HAIR CREAM 100 GM,1657870
هيبتا بانثينول لايت لوسيون للجسم 100 مل,HEPTA PANTHENOL BODY LOTION LIGHT 100 ML,2114062
هيبتا بانثينول لايت لوسيون للجسم 250 مل,HEPTA PANTHENOL BODY LOTION LIGHT 250 ML,2097694
هيبتا بانثينول ماسك للشعر 300 جم,HEPTA PANTHENOL HAIR MASK 300 GM,1991768
هيبتا بانثينول ماكس كريم 50 جم,HEPTA PANTHENOL MAX CREAM 50 GM,2140483
هيبتا بانثينول ماكس لوشن 200 مل,HEPTA PANTHENOL FACE CLEANSER 200 ML,2675472
هيبتا بانثيول بينك كريم,HEPTA PANTHENOL PINK CREAM 50 GM,2673056
هيبتا بيتا بانثينول كريم 50 جم,HEPTA BETA PANTHENOL CREAM 50 GM,2513268
هيبتا زيليا 30 كبسول,HEPTA ZELIA 30 CAP,2680478
هيبتا زيليا 30 كبسوله,HEPTA ZELIA 30 CAP,2675471
هيبتا زيليا زنك 30 كبسول ستار,HEPTA ZELIA 30 CAP,2682992
هيبتا كارباميد 10 % يوريا كريم 50 جرام,HEPTA CARBAMIDE TWENTY WITH 10 % UREA CREAM 50 GM,1397221
هيبتا كارباميد 4 1 غسول للجسم 300 مل,HEPTA CARBAMIDE BODY WASH – 300 ML,2422988
هيبتا كارباميد توينتي 20 % يوريا كريم 50 جرام,HEPTA CARBAMIDE TWENTY WITH 20 % UREA CREAM 50 GM,2644824
هيبتا كارباميد كريم 50 جم 75,HEPTA PANTHENOL PLUS CARBAMIDE CREAM 50 GM,2668341
هيبتا كارباميد كريم جديد 75,HEPTA PANTHENOL PLUS CARBAMIDE CREAM 50 GM,2586105
هيبتا كارباميد لوسيون للجسم 120 مل,HEPTA CARBAMIDE BODY LOTION 120 ML,2474230
هيبيتاكسيم 1 جم امبول,HEBITAXIME 1 GM VIAL,2421459
هيد اند شامبو 600 مل انسيابي وحريري بمبي,HEAD SHOULDERS SHAMPOO SMOOTH SILKY 600 ML,2293775
هيد اند شولدرز شامبو 200 مل نظافه واناقه ازرق,HEAD SHOULDERS CLASSIC CLEAN SHAMPOO 200 ML,2131546
هيد اند شولدرز شامبو 400 مل الفحم,HEAD SHOULDERS CHARCOAL DETOX ANTI DANDRUFF SHAMPOO 400 ML,2233489
هيد اند شولدرز شامبو 400 مل النعناع المنعش,HEAD SHOULDERS AND MENTHOL REFRESH SHAMPOO 400 ML,2382624
هيد اند شولدرز شامبو 400 مل انسيابي وحريري,HEAD SHOULDERS SMOOTH AND SILKY ANTI DANDRUFF SHAMPOO 400 ML,1400301
هيد اند شولدرز شامبو 400 مل نظافه واناقه ازرق,HEAD SHOULDERS CLASSIC CLEAN SHAMPOO 400 ML,2382629
هيد اند شولدرز شامبو 600 مل ضد القشره نظيف وانيق,HEAD SHOULDERS CLASSIC CLEAN SHAMPOO 600 ML,2131603
هيدراباك محلول 4 اكياس الكريز,HYDRABACK ELECTROLYTE SOLUTION 4 SACHETS CHERRY,1783177
هيدراباك محلول 4 اكياس فراوله,HYDRABACK ELECTROLYTE SOLUTION 4 SACHETS STRAWBERRY,1548886
هيدراتيرز قطره للعين 10 مل,HYDRATEARS EYE DROPS 10 ML,2065395
هيدراسيك 100 مجم 10 كبسول,HIDRASEC 100 MG 10 CAPS.,1754281
هيدرافيت كريم 60 جم,HYDRAFEET CREAM 60 GM,2465368
هيدراويل محلول 240 مل,HYDRAWELL SOLUTION 240 ML,2498543
هيدرو زد كريم 40 جم,HYDRO Z CREAM 40 GM,2498811
هيدرو صابون 80 جم,HYDRO SOAP 80 GM,1741156
هيدروسيف 10 اكياس,HYDRO SAFE 10 SACHET,2127038
هيدروفيت ب 12 ديبوت 500 مكجم / مل 3 امبول,HYDROVIT B 12 DEPOT 500 MCG / ML 3 AMP.,2487525
هيدروفيرا 100 جم كريم,HYDROVERA 100 GM CREAM,2255443
هيدروفيكس جل 50 جم,HYDROFIX GEL 50 GM,2500021
هيدروفيوسيديك كريم 20 جم,HYDROFUSIDIC CREAM 20 GM,2157996
هيدروكورت 0.1 % كريم موضعي 20 جم,HYDROCORT 0.1 % TOPICAL CREAM 20 GM,2500849
هيدروكورتيزون 1 % مرهم 20 جم,HYDROCORTISONE 1 % OINT. 20 GM,1895177
هيدروكورتيزون 100 مجم امبول وريد,HYDROCORTISONE SODIUM SUCCINATE 100 MG I.V. / I.M.VIAL,2184887
هيدروكين 200 مجم 20 اقراص,HYDROQUINE 200 MG 20 TABS.,2437663
هيديرافي شراب 120 مل,HEDERAVY SYRUP 120 ML,2498384
هير اكت امبول لتساقط الشعر 10 مل 7 امبول 1 + 1,HAIR ACT CARE AMPOULES 7 VIALS 10 ML 1 + 1,2411248
هير اكت بخاخ لوشن لتساقط الشعر 120 مل 1 + 1,HAIR ACT LOTION SPRAY FOR HAIR LOSS 120 ML 1 + 1,2411250
هير اكت كير بلسم 200 مل 1 + 1,HAIR ACT CARE CONDITIONER 200 ML 1 + 1,2411249
هير اكت كير شامبو لتساقط الشعر 200 مل 1 + 1,HAIR ACT CARE SHAMPOO ANTI HAIR LOSS 200 ML 1 + 1,2411251
هير اكت كير ماسك للشعر 200 مل 1 + 1,HAIR ACT CARE MASK 200 ML 1 + 1,2411252
هير دايلي جو لونج سيرم بخاخ 120 مل,HAIR DAILY GO LONG SERUM SPRAY 120 ML,1474650
هير دايلي شامبو للرجال 400 مل,HAIR DAILY GO THICK SHAMPOO FOR MEN 400 ML,1474653
هير دايلي شامبو للسيدات 400 مل,HAIR DAILY GO THICK SHAMPOO FOR WOMEN 400 ML,1474654
هير دايلي ليف ان بلسم للشعر 250 مل,HAIR DAILY GO THICK LEAVE IN CONDITIONER 250 ML,1474651
هير دايلي ماسك للشعر 300 جم,HAIR DAILY GO THICK HAIR MASK 300 GM,1474655
هيرباك بلس 2 % لوسيون 100 مل احمر,HAIR PLUS BACK 2 % SCALP LOTION 100 ML,2160715
هيرباك بلس 5 % فوم 100 مل,HAIR PLUS BACK 5 % FOAM 100 ML,2561023
هيرباك بلس 5 % لوسيون 100 مل اخضر,HAIR PLUS BACK 5 % SCALP LOTION 100 ML,2387114
هيربال ايسينس بلسم 400 مل بزيت جوزهند بني,4.2 HERBAL ESSENCES COCONUT MILK CONDITIONER 400 ML,1867560
هيربال ايسينس بلسم بالزنجبيل الازرق 400 مل,HERBAL ESSENCES MICELLAR WATER GINGER CONDITIONER 400 ML,2131601
هيربال ايسينس بلسم بزيت المورينجا الذهبي 400 مل,HERBAL ESSENCES GOLDEN MORINGA OIL CONDITIONER 400 ML,2131602
هيربال ايسينس شامبو 400 مل بالزنجبيل الازرق,HERBAL ESSENCES MICELLAR WATER GINGER SHAMPOO 400 ML,2562172
هيربال ايسينس شامبو 400 مل بزيت المورينجا ذهبي,HERBAL ESSENCES BIO RENEW SHAMPOO 400 WITH GOLDEN MORINGA OIL,1934693
هيربال ايسينس شامبو بخلاصه فاكهه ارابيكا والقهوه 400 مل,HERBAL ESSENCES BIO RENEW VOLUME ARABICA COFFEE FRUIT SHAMPOO 400 ML,2562192
هيربال بلسم 400 مل ثمره القهوه مستورد,HERBAL ESSENCES ARIBICA COFFEE CONDITIONER 400 ML,2672593
هيربال بلسم 400 مل جوزالهند مستورد,4.2 HERBAL ESSENCES COCONUT MILK CONDITIONER 400 ML,2672594
هيربال بلسم مورينجا 400 م / جديد,HERBAL ESSENCES GOLDEN MORINGA OIL CONDITIONER 400 ML,2643834
هيربال سينسيشن حمام كريم بالارجان لبني 600 مل,BLENDS HERBAL SENSATION HAIR MASK ARGAN 600 ML,2276298
هيربال سينسيشن حمام كريم بالحبه السوداء 600 مل,BLENDS HERBAL SENSATION HAIR MASK BLACK SEED 600 ML,2131613
هيربال سينسيشن كريم للشعر بالارجان لبني 180 مل,BLENDS HERBAL SENSATION HAIR CREAM ARGAN OIL 180 ML,1945518
هيربال سينسيشن كريم للشعر بالجوجوبا بمبي 180 مل,BLENDS HERBAL SENSATION HAIR CREAM JOJOBA 180 ML,1945517
هيربال سينسيشن كريم للشعر بالحبه السوداء 180 مل,BLENDS HERBAL SENSATION HAIR CREAM BLACK SEED 180 ML,2560740
هيربال سينسيشن كريم للشعر بالشيا اصفر 180 مل,BLENDS HERBAL SENSATION HAIR CREAM SHEA BUTTER 180 ML,2560739
هيربال شامبو 400 مل ارجان مستورد,HERBAL ESSENCES MANGO SHAMPOO 400 ML,2672638
هيربالاند الكالسيوم فيتامين د 3 للاطفال 60 قطعه,HERBALAND KIDS CALCIUM D 3 60 GUMMIES,2004355
هيربالاند اوميجا 3 للاطفال 60 قطعه,HERBALAND OMEGA 3 FOR KIDS 60 GUMMIES,2267692
هيربالاند جامي اوميجا 60 اقراص,HERBALAND OMEGA 3 FOR KIDS 60 GUMMIES,2585398
هيربالاند فيجين دي 3 و ب 12 للكبار 60 قطعه,HERBALAND VEGAN D 3 AND B 12 FOR ADULT 60 GUMMIES,2507684
هيربالاند مالتي فيتامين للكبار 60 قطعه,HERBALAND MULTIVITAMINS 60 ADULTS GUMMIES,1973156
هيربالاند مالتي فيتامين ومعادن للاطفال 60 قطعه,HERBALAND MULTIVITAMINS MINERALS 60 KIDS GUMMIES,2507686
هيرباميكس بلس سيروم للشعر 120 مل,HERBAMIX PLUS HAIR SERUM 120 ML,1655392
هيرباميكس زيت شعر 120 مل,HERBAMIX HAIR OIL 120 ML,1428014
هيرباميكس زيت شعر 60 مل,HERBAMIX HAIR OIL 60 ML,2359853
هيرباميكس شامبو 200 تساقط / روفنتس,HERBAMIX HAIR SHAMPOO 200 ML,2487107
هيرباميكس شامبو ضد القشره 200 مل,HERBAMIX ANTI DANDRUFF SHAMPOO 200 ML,2536031
هيرباميكس شامبو للشعر 180 مل,HERBAMIX HAIR SHAMPOO 180 ML,2099797
هيرباميكس شامبو للشعر 200 مل خالي من السلفات,HERBAMIX HAIR SHAMPOO 200 ML,2551397
هيربانا 30 كبسول,HERBANA 30 CAPS,2333553
هيربولين 10 اكياس,HERBOLIN 10 SACHETS,2145724
هيرتونيك 60 كبسول,HAIRTONIC 60 CAPS.,2145929
هيردوكس شامبو 110,HAIRODEX HAIR SHAMPOO 250 ML,1769532
هيردوكسي سيرم للشعر,,2669013
هيرفال اكياس,HERVAL SACHETS,2157942
هيرفوجين 30 اقراص,HAIRVOGINE 30 TABS,2398932
هيرفوجين بلسم لتكثيف الشعر 200 مل,HAIRVOGINE THICKENING CONDITIONER 200 ML,1946793
هيرفوجين شامبو لتكثيف الشعر 200 مل,HAIRVOGINE THICKENING SHAMPOO 200 ML,1447952
هيركود الترا هولد جل برطمان موف 160 مل + 30 %,HAIR CODE ULTRA HOLD GEL JAR 160 ML + 30 %,2439076
هيركود جل ازرق 160 مل + 25 مل انبوبه,HAIR CODE WET LOOK GEL 185 ML 160 + 25,2603811
هيركود جل اكياس 7 جم 12 ق,HAIR CODE GEL SACHET 7 GM 12 PS,2184050
هيركود جل اكياس ازرق 10 جم 12 اكياس,HAIR CODE GEL SACHET 10 GM 12 PS,2601917
هيركود جل اكياس ازرق 20 جم 12 اكياس,HAIR CODE GEL SACHET 20 GM 12 PS,1400021
هيركود جل اكياس ازرق 32 جم 12 اكياس,HAIR CODE GEL SACHET 32 GM 12 PS,1400615
هيركود جل انبوبه ازرق 100 مل,HAIR CODE WET LOOK GEL 100 ML,1400083
هيركود جل انبوبه ازرق 160 مل,HAIR CODE WET LOOK GEL 160 ML,2130076
هيركود جل انبوبه ازرق 185 مل 160 + 25,HAIR CODE WET LOOK GEL 185 ML 160 + 25,1400497
هيركود جل انبوبه ازرق 250 مل,HAIR CODE WET LOOK GEL 250 ML,1400610
هيركود جل انبوبه ازرق 60 مل,HAIR CODE WET LOOK GEL 160 ML,2562153
هيركود جل انبوبه فايبر 175 مل,HAIR CODE WET LOOK GEL 160 ML,2562143
هيركود جل برطمان 275 مل,HAIR CODE WET LOOK GEL JAR 275 ML,1400100
هيركود جل برطمان 475 مل كيرلي,HAIR CODE CURLY GEL JAR 475 ML,2631284
هيركود جل برطمان 500 جم,HAIR CODE WET LOOK GEL JAR 300 ML,1729630
هيركود جل برطمان ازرق 100 مل,HAIR CODE WET LOOK GEL JAR 100 ML,1400499
هيركود جل برطمان ازرق 160 مل + 30 % زياده,HAIR CODE WET LOOK GEL JAR 160 ML + 30 %,2646360
هيركود جل برطمان ازرق 275 مل,HAIR CODE WET LOOK GEL JAR 275 ML,2168579
هيركود شامبو للرجال ضد القشره تنظيف عميق ازرق 340 مل,HAIR CODE ANTI DANDRUFF SHAMPOO FOR MEN 340 ML,1779668
هيركود كريم 140 جم احمر,HAIR CODE CREAM 140 ML RED,1625653
هيركود كريم برطمان احمر 125 مل,HAIR CODE CREAM 125 ML,2130042
هيركود كريم ضد القشره بالبوتين 140 مللي اخضر,HAIRCODE ANTI DANDRUFF CREAM WITH BUTYLENE 140 ML,2521933
هيرم برو 10 مجم اقراص جديد,HERMPRO 10 MG 20 F.C. TAB.,2670789
هيرمبرو 10 مجم 20 اقراص,HERMPRO 10 MG 20 F.C. TAB.,1492657
هيرمبرو 10 مجم 20 ق جديد / سبا,HERMPRO 10 MG 20 F.C. TAB.,2682854
هيرو او ار اس محلول للجفاف 1 اكياس 200 مل,HERO ORS ORAL REHYDRATION SOLUTION 200 ML,1896063
هيرو برو 7.5 مل قطره,HERO PRO 7.5 ML DROPS,2158046
هيرو بيبي 1 لبن 400 جم,HERO BABY 1 MILK 400 GM,2626768
هيرو بيبي 2 لبن 400 جم,HERO BABY 2 MILK 400 GM,2157047
هيرو بيبي 8 انواع حبوب وخضار مع الحليب 150 جم,HERO BABY 8 CEREAL VEGETABLE WITH MILK 150 GM,1400311
هيرو بيبي 8 حبوب مع لبن,HERO BABY 8 CEREAL WITH MILK,2535550
هيرو بيبي 8 حبوب مع لبن وفواكه 150 جم,HERO BABY 8 CEREAL FRUIT WITH MILK 150 GM,2535549
هيرو بيبي اتش ايه لبن 400 جم,HERO BABY HA MILK 400 GM,2382564
هيرو بيبي ارز ساده 300 جم,HERO BABY RICE 300 GM,2535555
هيرو بيبي اف اي اتش لبن 400 جم,HERO BABY FEH MILK 400 GM,2263832
هيرو بيبي ال اف لبن 400 جم,HERO BABY LF MILK 400 GM,1670502
هيرو بيبي دايجست لبن 400 جم,HERO BABY DIGEST MILK 400 GM,2492048
هيرو بيبي فواكه مشكله 190 جرام,HERO BABY MIXED FRUITS 190 GM,1917044
هيرو بيبي مهروس 3 فواكهه 125 جم برطمان,HERO BABY JAR 3 FRUITS 125 GM,1404482
هيرو بيبي مهروس ارز وفراخ 120 جم,HERO BABY RICE AND CHICKEN 120 GM,1668435
هيرو بيبي مهروس تفاح 125 جم برطمان,HERO BABY JAR APPLE 125 GM,1404478
هيرو بيبي مهروس خوخ وموز 125 جم برطمان,HERO BABY JAR PEACH BANANA 125 GM,2072142
هيرو بيبي مهروس كمثري 125 جم,BUY HERO BABY PEAR PUREE JAR 125 GM,2340691
هيرو بيبي مهروس كمثري و خوخ و موز 125 جرام,HERO BABY PEAR PEACH BANANA PUREE 125 GM,2609068
هيرو بيبي مهروس كمثري وزبادي 120 جم,HERO BABY YOGHURT PEAR JAR 120 GM,2073351
هيرو بيبي مهروس مشكل خضروات 120 جم,HERO BABY MIXED VEGETABLES 120 GM,2537099
هيرو بيبي مهروس موز يوسفي كمثري 125 جم برطمان,HERO BABY JAR BANANA MANDARIN BEAR 125 GM,1400041
هيرو بيبي نيوتراديفنس بلس 1 لبن 400 جم,HERO BABY NUTRADEFENSE 1 MILK 400 GM,1654950
هيرو بيبي نيوتراديفنس بلس 2 لبن 400 جم,HERO BABY NUTRADEFENSE 2 MILK 400 GM,2144527
هيرو بيبي نيوتراديفنس بلس 3 لبن 400 جم,HERO BABY NUTRADEFENSE 3 MILK 400 GM,2558478
هيرو بيبي نيوتراسنس 1 لبن 400 جم,HERO BABY NUTRASENSE 1 MILK 400 GM,2604288
هيرو بيبي نيوتراسنس 2 لبن 400 جم,HERO BABY NUTRASENSE 2 MILK 400 GM,2575530
هيرو بيبي نيوتراسنس 3 لبن 400 جم,HERO BABY NUTRASENSE 3 MILK 400 GM,2455097
هيرو دي 3 + كيه 2 قطره 10 مل 120,HERO V D 3 DROPS 15 ML,2634377
هيرو دي 3 ك 2 قطره بالفم,HERO D 3 + K 2 ORAL DROPS,2532949
هيرو سيريال ارز وذره,HERO BABY RICE 300 GM,2674698
هيرو في دي 3 قطره 15 مل,HERO V D 3 DROPS 15 ML,2584962
هيروديكس سيروم للشعر 120 مل,HAIRODEX HAIR SERUM 120 ML,1769531
هيروديكس شامبو ضد القشره 100 مل,HAIRODEX ANTI DANDRUFF SHAMPOO 100 ML,2194909
هيروديكس شامبو ضد القشره 250 مل,HAIRODEX ANTI DANDRUFF SHAMPOO 250 ML,2194912
هيروديكس شامبو للشعر 250 مل,HAIRODEX HAIR SHAMPOO 250 ML,1337555
هيروديكس كريم شعر 100 جم,HAIRODEX HAIR CREAM 100 GM,2501223
هيروكساسين 500 مجم 10 اقراص,HEROXACIN 500 MG 10 SCORED F.C. TAB.,2500023
هيساتروب 10 مجم 30 اقراص,HISATRUP 10 MG 30 F.C. TABS.,2399489
هيسارتان 10 ق,HYSARTAN 50 / 12.5 MG 10 TAB.,2334061
هيستازين 1 0.1 % شراب 100 مل,HISTAZINE 1 0.1 % SYRUP 100 ML,2358518
هيستازين 1 10 مجم 20 اقراص,HISTAZINE 1 10 MG 20 TABS,905461
هيستازين 1 10 مجم 3 امبول,HISTAZINE 1 10 MG 3 AMP,1662241
هيستافري 120 مجم 10 اقراص,HISTAFREE 120 MG 10 TAB.,2471548
هيستاميدزين شراب,HISTAMEDIZEN 30 MG / 5 ML SUSP,2427473
هيستروجست 200 مجم 30 كبسول,HYSTROGEST 200 MG 30 S.G.CAPS.,2471549
هيستوتك 16 مجم 20 اقراص,HISTOTEC 16 MG 20 F.C. TAB.,2036773
هيستوتك 24 مجم 20 اقراص,HISTOTEC 24 MG 20 F.C.TABS,2642182
هيستوتك 8 مجم 30 اقراص,HISTOTEC 8 MG 30 F.C. TAB.,2330041
هيستونيك شراب 120 مل,HISTONIC 120 ML SYRUP,2173603
هيكسا بخاخ زيت 100 مل,HEXA OIL TOPICAL SPRAY 100 ML,2142810
هيلاريم كريم 15 جم,HELARIUM CREAM 15 GM,2668508
هيلاريم كريم 30 جم,HELARIUM CREAM 30 GM,2233086
هيلان كريم مساج 50 جم,HILLAN MASSAGE CREAM 50 GM,2509015
هيلثر انكل مفتوح مقاس L,HEALTHIER OPENED ANKLE SUPPORT L,2131106
هيلثر انكل مفتوح مقاس XL,HEALTHIER OPENED ANKLE SUPPORT XL,1779676
هيلثر انكل مقاس L,HEALTHIER ANKLE SUPPORT L,1779675
هيلثر انكل مقاس XL,HEALTHIER ANKLE SUPPORT XL,1779674
هيلثر حامل ذراع بمثبت مقاس L,HEALTHIER ARM SLING WITH HOLD L,1779681
هيلثر حامل ذراع بمثبت مقاس XL,HEALTHIER ARM SLING WITH HOLD XL,1779680
هيلثر حامل زراع اسفنجي مقاس L,HEALTHIER FOAM ARM SLING L,1779679
هيلثر حامل زراع اسفنجي مقاس XL,HEALTHIER FOAM ARM SLING XL,1779678
هيلثر حزام بطن وان سايز,HEALTHIER ABDOMINAL BELT ONE SIZE,2131102
هيلثر رباط ضاغط 10 سم,HEALTHIER COMPRESSION BANDAGES 10 CM,1779685
هيلثر رست سبورت مقاس L,HEALTHIER WRIST SPORT L,1779693
هيلثر رست سبورت مقاس XL,HEALTHIER WRIST SPORT XL,1779692
هيلثر رست عادي مقاس L,HEALTHIER WRIST L,2131104
هيلثر رست عادي مقاس XL,HEALTHIER WRIST XL,2131103
هيلثفيرول دي 3 ك 2 30 اقراص,HEALTHFEROL D 3 + K 2 30 TABS,2353980
هيلثي بي سي 30 اقراص,HEALTHY BC 30 TAB,2645883
هيلثي حزام بطن مقاس XL,HEALTHY ABDOMINAL BELT XL,2131097
هيلثي حزام فقرات الظهر مقاس L,HEALTHY LUMBOSACRAL BELT L,2131101
هيلثي حزام فقرات الظهر مقاس XL,HEALTHY LUMBOSACRAL BELT XL,1779698
هيلثي دعامه ركبه مقاس L,HEALTHY KNEE SUPPORT L,1779695
هيلثي رباط ضاغط 12 سم,HEALTHY ELASTIC BANDAGE 12 CM,1779686
هيلثي رباط ضاغط 6 سم,HEALTHY ELASTIC BANDAGE 6 CM,1779688
هيلثي رباط ضاغط 8 سم,HEALTHY ELASTIC BANDAGE 8 CM,2131100
هيلثي هالو شامبو للفشره,HEALTHY WAVE HAIR SHAMPOO WITH CAFFEIN 250 ML,1548910
هيلثيباكت 400 مجم 10 اقراص,HEALTHIBACT 400 MG 10 SCORED F.C.TAB,1741168
هيلثيليز شراب 90 مل,HEALTHYLASE SYRUP 90 ML,2646918
هيلرتكس كريم 30 جم,HELERTEX CREAM 30 GM,1428033
هيلرتكس كريم 50 جم,HELERTEX CREAM 50 GM,1857140
هيلوزين كريم 30 جم,HELOZIN TOPICAL CREAM 30 GM,1140018
هيلوزين لوسيون 120 مل,HELOZIN TOPICAL LOTION 120 ML,2474339
هيلوسول 2 % بخاخ موضعي 150 مل,HEALOSOL 2 % TOPICAL SPRAY 150 ML,1471562
هيلوفيتا كريم 50 جم,HEALOVITA CREAM 50 GM,2181545
هيليكيور 500 / 20 / 500 مجم 14 اقراص,HELI CURE 500 / 20 / 500 MG 14 ENTERIC COATED TAB,905477
هيليوريبتك 100 مجم 20 اقراص,HEALIOREPTIC 100 MG 20 F.C. TAB.,2600334
هيم هيلثي 20 كبسول,HEAM HEALTH 20 CAPS,2536376
هيماكتين 20 كبسول,HAEMACTIN 30 CAPS,2646917
هيمالايا غسول تنقيه الوجه بالنيم 100 مل,HIMALAYA PURIFYING NEEM FACE WASH 100 ML,2562125
هيمالايا غسول تنقيه الوجه بالنيم 50 مل,HIMALAYA PURIFYING NEEM FACE WASH 50 ML,2632648
هيمالايا غسول للوجه بالصبار 100 مل,HIMALAYA MOISTURIZING ALOE VERA FACE WASH 100 ML,2562129
هيمالايا غسول للوجه بالصبار 50 مل,HIMALAYA MOISTURIZING ALOE VERA FACE WASH 50 ML,2562182
هيمالايا غسول للوجه بالفحم 150 مل,HIMALAYA FACE WASH WITH CHARCOAL GREEN TEA 150 ML,2542471
هيمالايا غسول للوجه بالفحم 50 مل,HIMALAYA FACE WASH WITH CHARCOAL GREEN TEA 50 ML,2562124
هيمالايا كريم شعر نعومه ولمعان 210 مل,HIMALAYA SOFTNESS SHINE HAIR CREAM 210 ML,2542464
هيمريمارت جل 25 جم,HEMRIMART GEL 25 GM,2099813
هيمريمارت جل 40 جم,HEMRIMART GEL 40 GM,2568404
هيمسمارت شراب 120 مل,HEAMSMART SYRUP 120 ML,2319632
هيموجلوب 30 كبسول,HAEMOGLOB 30 CAPS.,1935597
هيموجيت 100 مجم / 2 مل 6 امبول,HAEMOJET 100 MG / 2 ML 6 AMPS.,2313748
هيموجيت 50 مجم / 5 مل شراب 100 مل,HAEMOJET 50 MG / 5 ML SYRUP 100 ML,990249
هيموجين قطره بالفم 10 مل,HAEMOGAIN ORAL DROPS 10 ML,2344028
هيموكلار 0.5 % كريم 30 جم,HEMOCLAR 0.5 % CREAM 30 GM,2539553
هيموكلار كريم,HEMOCLAR 0.5 % CREAM 30 GM,2680607
هيموكلار كريم,HEMOCLAR 0.5 % CREAM 30 GM,2545104
هيموكلار كريم 40 جرام + 1,HEMOCLAR 0.5 % CREAM 30 GM,2644920
هينوتون 10 كيس,HYNOTON 10 SACHETS,1741181
هينوتون قطره بالفم,HYNOTON ORAL DROPS,2501278
هيومالوج ميكس 25 كويك بن 100 وحده / مل 1 قلم,HUMALOG MIX 25 KWIKPEN 100 I.U. / ML ( 1 PENS),2223262
هيومالوج ميكس 25 كويك بن 100 وحده / مل 5 قلم,HUMALOG MIX 25 KWIKPEN 100 I.U. / ML 5 PENS,2472796
هيومالوج ميكس 50 كويك بن 100 وحده / مل 5 قلم,HUMALOG MIX 50 KWIKPEN 100 I.U. / ML ( 5 PENS),1667469
هيومان البومين 50 مل,ALBUNORM 20 % I.V.INFUSION,2629487
هيومان البيومين امبول,HUMAN ALBUMIN TAKEDA 20 % I.V. INF. VIAL 50 ML,2076420
هيومولين 70 / 30 100 وحده 10 مل,HUMULIN 70 / 30 100 I.U. 10 ML,1548920
واديلوكستين 30 مجم 28 كبسول,WADILOXETIN 30 MG 28 CAPS,1876079
وارنكس دي 3 قطره 15 مل,WARNEX D 3 15 ML DROPS,2126759
وان الفا 0.5 مكجم 30 كبسول,ONE ALPHA 0.5 MCG 30 CAPS.,2571211
وان الفا 2 مكجم / مل 10 امبول,ONE ALPHA 2 MCG / ML 10 AMPS,2194935
وان اند هاف 30 اقراص,ONE HALF 30 TABS,1131281
وان تاتش سيلكت بلس شرايط سكر 50 شريط,ONE TOUCH SELECT PLUS 50 STRIPS PACK,1401171
وان تاتش سيليكت شرايط سكر 50 شريط,ONE TOUCH SELECT 50 STRIPS PACK,1405803
وان تاتش واقي ذكري فضي,ONETOUCH COBDOM SILVER,2130815
وان سيوتك مساج جل 50 جم,ONECEUTIK MASSAGE GEL 50 GM,2499387
وان فيرول قطره بالفم,ONEFEROL BONE 2800 I.U. / ML ORAL DROPS 30 ML,2645972
وان كريم ازاله الشعر للبشره الجافه بالعسل والجلسرين 140 مل,ONE HAIR REMOVAL CREAM FOR DRY SKIN WITH HONEY AND GLYCERIN 140 GM,1399838
وان كريم ازاله الشعر للبشره الجافه بالعسل والجلسرين 40 مل,ONE HAIR REMOVAL CREAM IN THE SHOWER LANOLIN FOR DRY SKIN HONNY 40 GM,1399847
وان كريم ازاله الشعر للبشره الجافه بالعسل والجلسرين 90 مل,ONE HAIR REMOVAL CREAM FOR DRY SKIN WITH HONEY AND GLYCERIN 90 GM,2187395
وان كريم ازاله الشعر للبشره الحساسه 125 مل,ONE HAIR REMOVAL CREAM WITH CHAMOMILE FOR SENSITIVE SKIN 125 GM,2129916
وان كريم ازاله الشعر للبشره الحساسه بالكاموميل 140 مل,EVA ONE SENSETIVE CREEM 140 GM,1729631
وان كريم ازاله الشعر للبشره الحساسه بالكاموميل 40 مل,ONE HAIR REMOVAL CREAM WITH CHAMOMILE FOR SENSITIVE SKIN 40 GM,1401119
وان كريم ازاله الشعر للبشره العاديه 140 مل,ONE HAIR REMOVAL CREAM IN THE SHOWER LANOLIN FOR NORMAL SKIN 140 GM,1400380
وان كريم ازاله الشعر للبشره العاديه 40 مل,ONE HAIR REMOVAL CREAM IN THE SHOWER LANOLIN FOR NORMAL SKIN 40 GM,1400440
وان كريم ازاله الشعر للبشره العاديه 90 مل,ONE HAIR REMOVAL CREAM IN SHOWER FOR NORMAL SKIN 90 ML,2603475
وانسد 10 مجم 30 اقراص,ONCED 10 MG 30 TAB,2038372
وانسد 20 مجم 30 اقراص,ONCED 20 MG 30 TAB,1741188
وانسد 5 مجم 10 اقراص,ONCED 5 MG 10 TAB,2161256
وانفيرول بلس 20 كبسول,ONEFEROL PLUS 20 CAPS,1937962
وانفيرول بون 2800 وحده / مل قطره للفم 30 مل,ONEFEROL BONE 2800 I.U. / ML ORAL DROPS 30 ML,1548923
وانيتا سيروم 120 مل,WANITA SERUM 120 ML,2493897
وانيتا شامبو 200 مل,WANITA SHAMPOO 200 ML,2493887
وايت شادو كريم,WHITE SHADOW CREAM 40 GM,2411553
وايت شادو كريم 25 جم,WHITE SHADOW CREAM 25 GM,1296199
وايت مناديل جيب مبلله,WHITE SHOE WIPES 10 WIPES,2626242
وايت مناديل علبه كرتون 300 منديل,WHITE TISSUE CARTON 300 PIECES,2381834
وايت مناديل للوجه 500 منديل,WHITE FACIAL TISSUE 500 TISSUES,1400640
وايت مناديل للوجه 600 منديل ماجيك,WHITE MAGICTISSUES 600 TISSUES,2381832
وايت مناديل مبلله 72 منديل,WHITE BABY WIPES 72 TISSUES,2551551
وايت مينز وايت سكن سيرم 40 مل,WHITE MEANS WHITE SKIN SERUM 40 ML,2476180
وايت مينز وايت غسول للوجه 200 مل,WHITE MEANS WHITE FACIAL WASH 200 ML,1738383
وصايا زيت للشعر 200 مل,WESAYA HAIR OIL 200 ML,2173089
وصايا سيرم للشعر 100 مل,WESAYA HAIR SERUM 100 ML,2621875
وصايه زيت ج,,2670815
ولفايف امبروسيتول 1 3.6 30 اقراص,WELLVIVE EMBROSITOL 3.6 1 30 TAB,2267282
ولفايف امبروسيتول 1 40 30 اقراص,WELLVIVE EMBROSITOL 1 40 30 TAB,2466606
ولفايف امبروسيتول 1 40 60 اقراص,WELLVIVE EMBROSITOL 1 40 60 TAB,2370356
ونسيف 1 جم امبول,WINCEF 1 GM VIAL I.M I.V INJ.,2337075
ونسيف 2 جم امبول,WINCEF 2 GM VIAL I.M / I.V INJ.,2496916
ونسيف 500 مجم امبول,WINCEF 500 MG I.M. / I.V. VIAL,2652752
وي جل 25 جم,WE GEL 25 GM,2367033
وي جل 75 جم,WE GEL 75 GM,2471564
وي كير جهاز نابولايزر تنفس,WE CARE NEBULISER,2131153
ويتنينو قطره بالفم 120 مل,WHITNINO ORAL DROPS 120 ML,2140591
ويديبريكس 100 مجم شراب 60 مل,WIDEPREX 100 MG / 5 ML POWDER FOR ORAL SUSPENTION 60 ML,2471565
ويديبريكس 400 مجم 5 اقراص,WIDEPREX 400 MG 5 CAPS,2549259
ويست اير 4 مجم 14 اكياس,WESTAIR 4 MG 14 SACHETS.,905494
ويستابريث 500 مكجم 20 اقراص,WESTABREATH 500 MCG 20 F.C. TABS,2184791
ويستجريلور 90 مجم 10 اقراص,WESTGRELOR 90 MG 10 F.C.TABS.,2438842
ويستسليب 3 مجم 30 اقراص,WESTSLEEP 3 MG 30 TABS,2146401
ويل بيبي بخاخ 30 مل,WELL BABY SPRAY 30 ML,1699739
ويل بيبي شراب 120 مل,WELL BABY SYRUP 120 ML,2141726
ويل ديرم كريم 50 جم,WELL DERM CREAM 50 GM,1397898
ويل مان اوريجينال 30 اقراص ازرق,WELLMAN ORIGINAL 30 TABLETS,2145856
ويل ومان اوريجينال 60 اقراص احمر,WELLWOMAN ORIGINAL 60 TABLETS,2145857
ويلثي لوشن 120 مل,WEALTHY TOPICAL LOTION 120 ML,2500027
ويلدرم كريم,,2595113
ويلميتازون 0.1 % كريم 40 جم,WELLMETAZONE 0.1 % CREAM 40 GM,2113028
ويلنيرف 20 اقراص,WELLNERV 20 TABS,2635993
ويلوفنج 2 % كريم 40 جم,WELLOFUNG 2 % TOPICAL CREAM 40 GM,919550
ويلي حمام كريم 1000 مل اصفر,WILLY HAIR CREAM BATH 1000 ML,2189808
ويلي دي 3 قطره بالفم 15 مل,WILLI D 3 ORAL DROPS 15 ML,2452489
وينترست كريم 100 جم,WINTEREST CREAM 100 GM,1800916
وينجين كولاجين 10 اكياس,WINGEN COLLAGEN 10 SACHET,2500458
ويندي 200 مجم 10 اكياس,WINDY 200 MG 10 SACHET,2368040
ويندي 600 مجم 10 اكياس,WINDY 600 MG 10 SACHETS,2475427
وينديبين 10 مجم 30 اقراص,WINDIPINE 10 MG 30 TAB.,905499
وينديبين 5 مجم 30 اقراص,WINDIPINE 5 MG 30 TAB.,2369391
وينزوكسيب 120 مجم 7 اقراص,WINZOXIB 120 MG 7 TAB,2157556
وينزوكسيب 60 مجم 30 اقراص,WINZOXIB 60 MG 30 F.C.TABS,905502
وينزوكسيب 90 مجم 30 اقراص,WINZOXIB 90 MG 30 F.C. TABS,2313754
وينماج 20 كبسول,WINMAG 20 CAP,2074780
وينيلاك 1 لبن 400 جم,WINILAC 1 MILK,2651982
وينيلاك 2 لبن 400 جم,WINILAC 2 MILK,2652191
ياجو غسول للفم 250 مل,YAGO MOUTH WASH 250 ML,2443417
ياجو غسول للفم 250 مل (نعناع),YAGO MOUTH WASH 250 ML (MINT),2442639
ياديال شراب 120 مل,YADIEL SYRUP 120 ML,2443134
ياز 0.02 / 3 مجم 28 اقراص,YAZ 0.02 / 3 MG 28 TABLETS,2437694
ياسمين 0.03 / 3 مجم 21 اقراص,YASMIN 0.03 / 3 MG 21 TABS.,2442240
ياليفين كبسول,YALIVIN CAP,2442651
يتروكير 100 مجم 30 كبسول,UTROCARE 100 MG 30 SOFT GELATIN CAPS,2442227
يتروكير 200 مجم 30 اقراص,UTROCARE 200 MG 30 TABS,2443737
يتروكير 200 مجم 30 كبسول,UTROCARE 200 MG 30 TABS,2680583
يست بكس (اقراص خميره) 60 قرص,YEAST PEX 60 TABS,2447236
يسفت بلكس شراب 120 مل,YESVT PLEX SYRUP 120 ML,2550664
يلو جيل 85 جم,YULE JELLY 85 GM,2441935
يو بي ام امينو كبسول س 350,UBM IMMUNE 30 CAPS,2680911
يو بي ام اميون 30 كبسوله,UBM IMMUNE 30 CAPS,2680701
يو ريتشي بانثينول ادفانس كريم جل 50 جم,U RICHI PANTHENOL ADVANCE CREAM GEL 50 GM,2172818
يو ريتشي بانثينول كريم 20 جم,U RICHI PANTHENOL CREAM 20 GM,2443745
يو ريتشي بانثينول كريم 50 جم,U RICHI PANTHENOL CREAM 50 GM,2442364
يو ريتشي بانثينول كريم جل 50 جم,U RICHI PANTHENOL CREAM GEL 50 GM,2443748
يو ريتشي بانثينول كريم وجيل خالي بالك,U RICHI PANTHENOL CREAM 50 GM,2670885
يو ريتشي غسول للوجه للبشره الدهنيه 150 مل,U RICHI FACIAL WASH FOR OILY SKIN 150 ML,2189587
يو ريتشي غسول للوجه للبشره الدهنيه 50 مل,U RICHI FACIAL WASH FOR OILY SKIN 50 ML,2342768
يو ريتشي غسول للوجه للبشره العاديه 150 مل,U RICHI FACIAL WASH FOR NORMAL SKIN 150 ML,2624906
يو ريتشي غسول للوجه للبشره العاديه 50 مل,U RICHI FACIAL WASH FOR NORMAL SKIN 50 ML,2541329
يو ريتشي كارباميد كريم 50 جم,U RICHI CARBAMIDE CREAM 50 GM,2443755
يو كيراتو كريم 50 جم,U KERATO CREAM 50 GM,2499562
يوتاليز 20 اقراص,YOTALASE 20 TABS,2625865
يوتوبياكولد 6 اكياس,UTOPIACOLD 6 SACHETS,2424575
يوثي نيرفي مكمل غذائي,YOUTHAIR LIQUID CREME LEAD HAIR DYE 106 G,2603827
يوجي ميكس اقراص عبوتين,YOGI PLUS 30 TAB,2603829
يور ايد ان فوار 12 اكياس,UR AID N EFF. GRANUL. 12 SACHETS,2442234
يوراليت يو فوار 280 مجم,URALYT U EFF. GRANULES 280 MG,2437699
يوروزول 500 مجم 4 اقراص,EUROZOLE 500 MG 4 TAB.,2523322
يوروسولفين فوار 12 اكياس,UROSOLVINE EFF. GRAN. 12 SACHETS,2473854
يوروكوكس 200 مجم 10 اقراص,EUROCOX 200 MG 10 TAB.,2644861
يورونيميا 100 مجم / 5 مل 5 امبول وريد,EURONEMIA 100 MG / 5 ML 5 AMP FOR I.V. OR INF.,2471585
يوريبار فووت كريم 75 مل,UREPAR FOOT CREAM 75 ML,2443201
يوريبار كريم للجسم 200 مل,UREPAR BODY CREAM 200 ML,2455423
يوريبان 0.1 % شراب 120 مل,URIPAN 0.1 % SYRUP 120 ML,2651570
يوريبان 5 مجم 30 اقراص,URIPAN 5 MG 30 TABS.,2623845
يوريبان اكس ار 10 مجم 30 اقراص,URIPAN X.R. 10 MG 30 TABS.,2313761
يوريتشي غسول بشره عاديه,U RICHI PANTHENOL CREAM 20 GM,2630240
يوريفين فوار 10 اكياس,URIVIN 10 EFF. SACHETS,2442215
يوريكنترول 2 مجم 10 اقراص,URICONTROL 2 MG 10 TAB.,2443418
يوريكودروب 120 مجم 10 اقراص,URICODROP 120 MG 10 F.C. TABS.,2443293
يوريكودروب 40 مجم 20 اقراص,URICODROP 40 MG 20 F.C. TABS.,2442267
يوريكودروب 80 مجم 30 اقراص,URICODROP 80 MG 30 F.C. TABS.,2443427
يوريكول 6 اكياس فواره,URICOL 6 EFF. GR. IN SACHETS,2437708
يوريكول بلس 12 اكياس,URICOL PLUS 12 SACHETS,2669233
يوريكول بلس فوار 12 اكياس,URICOL PLUS 12 SACHETS,2683097
يوريكول بلس فوار 12 اكياس,URICOL PLUS 12 SACHETS,2683155
يوريكول بلس فوار 12 اكياس,URICOL PLUS 12 SACHETS,2682564
يوريكول بلس فوار 12 اكياس / فاركو,URICOL PLUS 12 SACHETS,2680577
يوريكير 10 % كريم 30 جم,URECARE 10 % CREAM 30 GM,2442208
يوريميل يوريا 10 % كريم 100 مل,UREMEL UREA 10 % CREAM 100 ML,2424566
يوريميل يوريا 20 % كريم 100 مل,UREMEL UREA 20 % CREAM 100 ML,2442640
يورينيكس 24 كبسول,URINEX 24 CAPS,2441922
يورينيكس 36 كبسول,URINEX 36 CAP,2442638
يوفاسكرين لوشن للحمايه من الشمس 60 جم,UVASCREEN SUN BLOCK LOTION 50 + SPF 60 GM,2442789
يوفي بلوك 50 اس بي اف 200 جم عرض,UV SHIELD GEL SPF+ 50 50 ML,1659854
يوفي بلوك صن سكرين كريم 75 جم,U.V BLOCK SUN SCREEN CREAM 75 GM,2442790
يوفي ديرم صن سكرين كريم 50 مل,UVEDERM SUNSCREEN CREAM 50 ML,2254855
يوفي كريم,UVEDERM SUNSCREEN CREAM 50 ML,2428683
يوفيبرو بوكس ميلك + كيدز,UVEPRO KIDS SUNSCREEN SPRAY 200 ML + UVEPRO MILK 200 ML,2428684
يوفيبرو كريم تفتيح,UVEPRO BB CREAM SPF 20 30 ML,2443130
يوفيبرو كيدز للحمايه من الشمس SPF 50 بخاخ 200 مل,UVEPRO SPF 50 + KIDS SUNSCREEN SPRAY 200 ML,2443131
يوكال جل 30 جم,EUCAL GEL 30 GM,1976372
يوكال جل 50 جم,EUCAL GEL 50 GM,2189214
يوكال كريم 30 جم,EUCAL CREAM 30 GM,1657825
يوكال كريم 50 جم,EUCAL CREAM 50 GM,902472
يوماتون 30 كيس,UMATON 30 SAHCHETS,2471593
يوميجا دي 20 كبسول,UMEGA D 20 CAPS,2495422
يوميجا كيدز قطره 30 مل,UMEGA KIDS DROPS 30 ML,2471595
يونايتد سوزا بخاخ 30 مل,UNITED SOOTHA SPRAY 30 ML,2498645
يونايتد سوزا بخاخ 60 مل,UNITED SOOTHA NASAL SPRAY 60 ML,2500030
يونايتد فيت 30 اقراص,UNITED VIT 30 TAB,2442360
يونترين 25 مجم 30 كبسول,UNITRIN 25 MG 30 CAPS.,2442730
يونديليج اوميجا 60 اقراص,UENDELIG OMEGA 60 TAB,2381336
يوني فركتوز بودر 450 جم,UNI FRUCTOSE POWDER 450 GM,2442222
يوني مويست كريم 100 جم,UNI MOIST CREAM 100 GM,2443775
يونيبريدول 5 مجم / 5 مل شراب 100 مل,UNIPRIDOL 5 MG / 5 ML SYP. 100 ML,2424332
يونيبريدول فورت 15 مجم / 5 مل شراب 100 مل,UNIPRIDOL FORTE 15 MG / 5 ML SYP. 100 ML,2510546
يونيبيوتك 500 مجم 5 اقراص,UNIBIOTIC 500 MG 5 F.C. TAB,2455431
يونيتريكسات 50 مجم / 2 مل 5 امبول,UNITREXATE 50 MG / 2 ML 50 MG 5 VIALS I.M. I.V,2653512
يونيترين 10 مل 30 ك جديد,UNITRIN 10 MG 30 CAPS.,2682735
يونيترين 25 مجم 30 كبسول,UNITRIN 25 MG 30 CAPS.,2683098
يونيزيثرين 100 مجم / 5 مل شراب 30 مل,UNIZITHRIN 100 MG / 5 ML SUSP. 30 ML,2443724
يونيزيثرين 200 مجم / 5 مل شراب 30 مل,UNIZITHRIN 200 MG / 5 ML SUSP. 30 ML,2443725
يونيزيثرين 500 مجم 3 كبسول,UNIZITHRIN 500 MG 3 CAPS,2442785
يونيستافيوزين 2 % كريم 15 جم,UNISTAFUSIN 2 % CREAM 15 GM,2642452
يونيسيتامول 100 مجم / مل قطره للفم 15 مل,UNICETAMOL 100 MG / ML ORAL DROPS 15 ML,2442579
يونيسيتامول 15 مل قطره للاطفال,UNICETAMOL 100 MG / ML ORAL DROPS 15 ML,2683242
يونيفرسال بخاخ 100 مل,UNIVERSAL MASSAGE SPRAY 100 ML,2443773
يونيفرسال جل مساج 50 جم,UNIVERSAL MASSAGE GEL 50 GM,2442649
يونيفرسال كريم 100 جم,UNIVERSAL CREAM 100 GM,2442800
يونيفرسال كريم 50 جم,UNIVERSAL CREAM 50 GM,2514911
يونيفنجاي 150 مجم 2 كبسول,UNIFUNGI 150 MG 2 CAPS,2442229
يونيك ان بخاخ 30 مل,UNIK IN SPRAY 30 ML,2633913
يونيك ان هيدروجيل اناناس 75 مل,UNIK IN HYDROGEL PINEAPPLE 75 ML,2627797
يونيك ان هيدروجيل جوز هند 75 مل,UNIK IN EMOLLIENT GEL COCONUT 75 ML,2627799
يونيك ان هيدروجيل خوخ 75 مل,UNIK IN EMOLLIENT GEL PEACH 75 ML,2627800
يونيك ان هيدروجيل شيكولاته 75 مل,UNIK IN HYDROGEL CHECOLATE 75 ML,2627801
يونيك ان هيدروجيل كراميل 75 مل,UNIK IN HYDROGEL CARAMEL 75 ML,2627803
يونيك ان هيدروجيل مانجو 75 مل,UNIK IN EMOLLIENT GEL MANGO 75 ML,2627804
يونيكتام 1.5 جم امبول,UNICTAM 1.5 GM I.M / I.V. VIAL,2442786
يونيكتام 250 مجم / 5 مل شراب 60 مل,UNICTAM 250 MG / 5 ML SUSP. 60 ML,2564364
يونيكتام 375 مجم 12 اقراص,UNICTAM 375 MG 12 TABS.,2300528
يونيكتام 375 مجم امبول,UNICTAM 375 MG I.M / I.V. VIAL,2337073
يونيكتام 750 مجم امبول,UNICTAM 750 MG I.M / I.V. VIAL,2442355
يونيلوكسام 500 مجم 10 اقراص,UNILOXAM 500 MG 10 F.C. TABS,2609182
يونيلوكسام 750 مجم 10 اقراص,UNILOXAM 750 MG 10 F.C. TABS,2456203
